# 
# Wavefront OBJ file
# Created in RealityCapture
# Engine version v1.0.3.6310
# 2502 vertices, 5000 faces
# 
mtllib Magnetite.mtl

g default
usemtl Magnetite_u1_v1
v -1.0587703704833984e+001 6.6410408020019531e+000 -4.5382161140441895e+000
v -1.0697922706604004e+001 6.3107490539550781e+000 -5.5891809463500977e+000
v -1.0262325286865234e+001 5.8777923583984375e+000 -6.2796344757080078e+000
v -1.0053529739379883e+001 6.5229415893554687e+000 -4.6985111236572266e+000
v -9.0874414443969727e+000 5.8585243225097656e+000 -4.9006586074829102e+000
v -9.6575613021850586e+000 5.7790298461914062e+000 -4.2697944641113281e+000
v -9.6346721649169922e+000 6.3657112121582031e+000 -5.0649447441101074e+000
v -9.4800386428833008e+000 6.3048019409179687e+000 -6.1725692749023437e+000
v -9.7903566360473633e+000 6.1302757263183594e+000 -5.6860847473144531e+000
v -8.9228782653808594e+000 6.0882148742675781e+000 -5.3772621154785156e+000
v -8.6300754547119141e+000 6.5760955810546875e+000 -5.5549364089965820e+000
v -8.6269102096557617e+000 6.6436576843261719e+000 -6.1543712615966797e+000
v -8.9374666213989258e+000 6.3323249816894531e+000 -6.0116653442382813e+000
v -8.3235445022583008e+000 6.1272850036621094e+000 -5.5630359649658203e+000
v -8.5338401794433594e+000 5.3049888610839844e+000 -3.7986822128295898e+000
v -8.3049173355102539e+000 5.5550003051757813e+000 -4.8525004386901855e+000
v -7.4464731216430664e+000 4.6806755065917969e+000 -4.4390001296997070e+000
v -6.3751926422119141e+000 4.6887855529785156e+000 -4.7554593086242676e+000
v -6.9606418609619141e+000 4.8028106689453125e+000 -4.6342716217041016e+000
v -6.3104724884033203e+000 4.6393051147460938e+000 -4.0568628311157227e+000
v -6.4798049926757813e+000 5.9685211181640625e+000 -6.1245737075805664e+000
v -7.8685054779052734e+000 5.7490921020507813e+000 -5.5501661300659180e+000
v -7.6586608886718750e+000 5.5785331726074219e+000 -5.0927000045776367e+000
v -8.1832523345947266e+000 5.3030433654785156e+000 -4.3395118713378906e+000
v -5.8010263442993164e+000 4.3016281127929687e+000 -5.6480293273925781e+000
v -7.1248693466186523e+000 5.1433181762695313e+000 -5.3848295211791992e+000
v -6.2918567657470703e+000 5.3152732849121094e+000 -5.6725406646728516e+000
v -6.0461759567260742e+000 4.0915985107421875e+000 -5.5782175064086914e+000
v -6.3400926589965820e+000 4.7190361022949219e+000 -5.5741100311279297e+000
v -7.0487499237060547e+000 5.3975944519042969e+000 -5.6430292129516602e+000
v -7.1757888793945313e+000 5.7881317138671875e+000 -5.9193992614746094e+000
v -3.4654343128204346e+000 5.1652336120605469e+000 -6.2124958038330078e+000
v -4.5005359649658203e+000 5.4620246887207031e+000 -6.2432279586791992e+000
v -5.5561208724975586e+000 5.1892318725585937e+000 -6.0378417968750000e+000
v -4.9585866928100586e+000 5.6562919616699219e+000 -6.1245746612548828e+000
v -5.5185470581054687e+000 6.1853904724121094e+000 -5.8898983001708984e+000
v -4.8477525711059570e+000 5.1127052307128906e+000 -6.1178913116455078e+000
v -4.0180644989013672e+000 4.5512008666992188e+000 -6.2255020141601562e+000
v -4.5098943710327148e+000 4.2877807617187500e+000 -5.9525461196899414e+000
v -5.7793350219726562e+000 6.3867225646972656e+000 -6.0226421356201172e+000
v -1.0865029335021973e+001 6.1246337890625000e+000 -6.4821557998657227e+000
v -1.1183342933654785e+001 6.7689781188964844e+000 -6.6251535415649414e+000
v -1.0472903251647949e+001 6.2816963195800781e+000 -7.0281381607055664e+000
v -9.5827598571777344e+000 6.1270828247070312e+000 -6.5230817794799805e+000
v -8.7977743148803711e+000 6.5560951232910156e+000 -7.6367368698120117e+000
v -8.5935401916503906e+000 6.5251770019531250e+000 -6.8226804733276367e+000
v -3.7232110500335693e+000 5.7751579284667969e+000 -6.4828910827636719e+000
v -4.4134101867675781e+000 5.9643440246582031e+000 -6.4479837417602539e+000
v -3.0524404048919678e+000 4.7178153991699219e+000 -6.6820259094238281e+000
v -2.2670242786407471e+000 5.2435188293457031e+000 -6.9654092788696289e+000
v -1.5155844688415527e+000 6.4915580749511719e+000 -6.8290748596191406e+000
v -6.9151258468627930e-001 5.2408294677734375e+000 -7.1630287170410156e+000
v -2.7336647510528564e+000 5.8004989624023437e+000 -6.7836627960205078e+000
v -2.5189249515533447e+000 6.3923339843750000e+000 -6.6674814224243164e+000
v -2.5513002872467041e+000 4.1769332885742187e+000 -6.9829416275024414e+000
v -1.6097948551177979e+000 5.0624618530273437e+000 -7.1997776031494141e+000
v -9.3311548233032227e-001 6.5297813415527344e+000 -7.2883977890014648e+000
v 1.3432621955871582e-001 6.0134773254394531e+000 -7.6701240539550781e+000
v -5.6262850761413574e-001 5.8638191223144531e+000 -7.4326772689819336e+000
v 1.9412517547607422e-001 5.3795242309570313e+000 -7.5241565704345703e+000
v -6.1822724342346191e-001 4.4064064025878906e+000 -7.3794727325439453e+000
v -1.2403312683105469e+001 7.8040390014648437e+000 -5.6288928985595703e+000
v -1.1068685531616211e+001 7.1786842346191406e+000 -4.0192317962646484e+000
v -1.1866836547851563e+001 7.1924591064453125e+000 -5.7406206130981445e+000
v -1.1929377555847168e+001 8.2581138610839844e+000 -4.0461387634277344e+000
v -1.1507764816284180e+001 6.6893234252929687e+000 -4.8961038589477539e+000
v -1.2172978401184082e+001 8.0702972412109375e+000 -6.2023687362670898e+000
v -1.2050679206848145e+001 8.0366668701171875e+000 -4.8326854705810547e+000
v -1.1352203369140625e+001 7.5081329345703125e+000 -3.7984941005706787e+000
v -1.2293611526489258e+001 7.7119636535644531e+000 -4.8683481216430664e+000
v -1.2505070686340332e+001 8.5993232727050781e+000 -5.7076129913330078e+000
v -1.2583589553833008e+001 8.5212898254394531e+000 -5.0361862182617187e+000
v -1.0860673904418945e+001 7.1220245361328125e+000 -4.6020965576171875e+000
v -1.2464838027954102e+001 9.3591804504394531e+000 -5.6942119598388672e+000
v -1.1371918678283691e+001 6.7112617492675781e+000 -5.4833307266235352e+000
v -1.1122192382812500e+001 7.0895576477050781e+000 -5.0155878067016602e+000
v -1.1962238311767578e+001 7.1455421447753906e+000 -5.0298185348510742e+000
v -5.7008914947509766e+000 7.2141876220703125e+000 -6.1277933120727539e+000
v -6.5718374252319336e+000 6.6535301208496094e+000 -6.2253465652465820e+000
v -7.6505088806152344e+000 6.9703063964843750e+000 -6.1420850753784180e+000
v -1.1874377250671387e+001 8.0032272338867187e+000 -6.3711709976196289e+000
v -1.1746830940246582e+001 8.0472564697265625e+000 -6.9131879806518555e+000
v -1.1543501853942871e+001 7.3293533325195313e+000 -6.5010108947753906e+000
v -1.2007549285888672e+001 8.8751373291015625e+000 -6.7579088211059570e+000
v -1.1065188407897949e+001 8.0707931518554687e+000 -6.9516687393188477e+000
v -1.2081505775451660e+001 8.7644081115722656e+000 -6.0277032852172852e+000
v -1.0356013298034668e+001 7.6620521545410156e+000 -7.1271724700927734e+000
v -1.1024006843566895e+001 7.2646331787109375e+000 -7.1230010986328125e+000
v -8.1619186401367187e+000 6.7085037231445313e+000 -7.3880500793457031e+000
v -1.0120438575744629e+001 6.7624511718750000e+000 -7.4232788085937500e+000
v -9.6288671493530273e+000 6.7329330444335937e+000 -7.4400625228881836e+000
v -9.6331691741943359e+000 7.9152755737304687e+000 -7.1517877578735352e+000
v -9.0247592926025391e+000 8.2827301025390625e+000 -7.3541412353515625e+000
v -8.8670387268066406e+000 7.6520729064941406e+000 -7.7387285232543945e+000
v -7.9241638183593750e+000 6.9842758178710937e+000 -7.7370328903198242e+000
v -8.6101217269897461e+000 8.7434806823730469e+000 -7.5661773681640625e+000
v -9.7196588516235352e+000 9.0978431701660156e+000 -7.1114740371704102e+000
v -7.8594799041748047e+000 6.8117942810058594e+000 -6.6284904479980469e+000
v -7.2349729537963867e+000 8.7243843078613281e+000 -7.9572467803955078e+000
v -7.9699316024780273e+000 8.8385658264160156e+000 -7.8370933532714844e+000
v -8.3190011978149414e+000 7.7802429199218750e+000 -7.9090700149536133e+000
v -7.5661211013793945e+000 7.7010040283203125e+000 -8.0244512557983398e+000
v -6.3209514617919922e+000 7.7901115417480469e+000 -6.1942682266235352e+000
v -7.0917682647705078e+000 7.4634056091308594e+000 -7.2179679870605469e+000
v -7.0225105285644531e+000 8.1738204956054687e+000 -7.4077215194702148e+000
v -7.2707099914550781e+000 7.0456199645996094e+000 -6.7512464523315430e+000
v -6.4644584655761719e+000 9.0808029174804687e+000 -8.1430435180664062e+000
v -5.7942199707031250e+000 7.8344116210937500e+000 -6.2299146652221680e+000
v -7.3789463043212891e+000 8.2763366699218750e+000 -8.0731449127197266e+000
v -6.4594449996948242e+000 8.0965309143066406e+000 -6.9480791091918945e+000
v -5.7423543930053711e+000 8.3485488891601562e+000 -6.6208877563476562e+000
v -6.1665248870849609e+000 9.0205230712890625e+000 -7.9119262695312500e+000
v -5.8056039810180664e+000 8.8838653564453125e+000 -7.2657918930053711e+000
v -6.8758153915405273e+000 7.3856430053710938e+000 -6.1649036407470703e+000
v -3.2075264453887939e+000 8.9731216430664062e+000 -7.7781515121459961e+000
v -4.5027828216552734e+000 7.3136444091796875e+000 -6.4523353576660156e+000
v -3.4901435375213623e+000 8.1900024414062500e+000 -7.1879491806030273e+000
v -3.9316689968109131e+000 8.8306083679199219e+000 -7.1736011505126953e+000
v -4.7952375411987305e+000 6.8000869750976563e+000 -6.2261762619018555e+000
v -4.9657077789306641e+000 8.1897506713867187e+000 -6.9308853149414063e+000
v -5.1949768066406250e+000 8.9068984985351562e+000 -7.0582475662231445e+000
v -3.8444688320159912e+000 7.4591293334960937e+000 -6.8200159072875977e+000
v -4.5211248397827148e+000 8.0964164733886719e+000 -6.8795375823974609e+000
v -9.8605608940124512e-001 7.7175254821777344e+000 -7.9808683395385742e+000
v -1.4712951183319092e+000 7.2450065612792969e+000 -6.9677553176879883e+000
v -2.7676336765289307e+000 8.9351501464843750e+000 -8.2345399856567383e+000
v -2.3884451389312744e+000 7.3513069152832031e+000 -6.9858446121215820e+000
v -1.2318565845489502e+000 8.3818206787109375e+000 -8.4870090484619141e+000
v -2.1587340831756592e+000 8.5342597961425781e+000 -8.0594310760498047e+000
v -1.5550625324249268e+000 8.1279258728027344e+000 -8.1461210250854492e+000
v -1.7566773891448975e+000 8.7811622619628906e+000 -8.4551448822021484e+000
v -3.2082235813140869e+000 7.6274070739746094e+000 -6.8855218887329102e+000
v -1.5330560207366943e+000 7.9886512756347656e+000 -7.6539335250854492e+000
v -2.3925445079803467e+000 8.4648094177246094e+000 -7.5399179458618164e+000
v -3.6649057865142822e+000 6.8410758972167969e+000 -6.3932523727416992e+000
v -4.4579672813415527e-001 7.5571517944335938e+000 -8.2367019653320312e+000
v -3.3965873718261719e-001 8.1090621948242187e+000 -8.5207767486572266e+000
v 4.3637239933013916e-001 7.0619735717773437e+000 -7.6835985183715820e+000
v -2.1401882171630859e-001 7.0726852416992188e+000 -7.5761785507202148e+000
v 1.5000653266906738e-001 8.7389221191406250e+000 -9.4446077346801758e+000
v -1.2874364852905273e-001 8.2006988525390625e+000 -9.0337886810302734e+000
v -5.0630140304565430e-001 9.1428222656250000e+000 -9.0294981002807617e+000
v -1.2534633636474609e+001 9.9172286987304687e+000 -5.2856044769287109e+000
v -1.2506891250610352e+001 1.0676328659057617e+001 -5.3553476333618164e+000
v -1.2206949234008789e+001 1.1304668426513672e+001 -6.2720384597778320e+000
v -1.2196454048156738e+001 1.1037410736083984e+001 -5.6639423370361328e+000
v -1.2358538627624512e+001 9.4815254211425781e+000 -6.4961767196655273e+000
v -1.2465508460998535e+001 1.1316888809204102e+001 -4.9262671470642090e+000
v -1.1736074447631836e+001 9.8000183105468750e+000 -7.0743732452392578e+000
v -1.1467457771301270e+001 1.0240257263183594e+001 -6.9714622497558594e+000
v -1.1614840507507324e+001 1.1499546051025391e+001 -6.9073057174682617e+000
v -1.0380997657775879e+001 9.6776084899902344e+000 -7.0408401489257812e+000
v -1.2353622436523438e+001 1.1143707275390625e+001 -6.8328981399536133e+000
v -1.2235987663269043e+001 1.0425075531005859e+001 -6.9085159301757812e+000
v -1.1548109054565430e+001 1.0838714599609375e+001 -7.0558500289916992e+000
v -1.0936538696289063e+001 1.1230707168579102e+001 -7.0146732330322266e+000
v -1.1084571838378906e+001 9.7988433837890625e+000 -7.0305118560791016e+000
v -1.0759127616882324e+001 1.0432210922241211e+001 -7.0198087692260742e+000
v -1.1304909706115723e+001 9.0101509094238281e+000 -7.1607713699340820e+000
v -1.0619229316711426e+001 9.8101081848144531e+000 -7.2373895645141602e+000
v -1.0415574073791504e+001 8.9959564208984375e+000 -6.9985065460205078e+000
v -1.0948756217956543e+001 8.8885498046875000e+000 -7.0460901260375977e+000
v -9.7842550277709961e+000 1.0472805023193359e+001 -7.1166181564331055e+000
v -8.7266397476196289e+000 1.1322525024414063e+001 -7.7887153625488281e+000
v -8.1445045471191406e+000 1.0580379486083984e+001 -7.7145118713378906e+000
v -8.4446945190429687e+000 1.0595914840698242e+001 -7.4047679901123047e+000
v -9.2175941467285156e+000 9.5142860412597656e+000 -7.3036766052246094e+000
v -8.9803800582885742e+000 1.0699298858642578e+001 -7.3255844116210937e+000
v -1.0186550140380859e+001 1.1133096694946289e+001 -7.2080650329589844e+000
v -8.5034265518188477e+000 9.5624046325683594e+000 -7.6025390625000000e+000
v -7.2362823486328125e+000 1.0908813476562500e+001 -7.6706027984619141e+000
v -5.3523635864257813e+000 9.3237762451171875e+000 -7.9421586990356445e+000
v -6.5077486038208008e+000 1.0399436950683594e+001 -8.1151819229125977e+000
v -5.8538770675659180e+000 1.0088943481445312e+001 -8.3555746078491211e+000
v -7.2177438735961914e+000 1.0315288543701172e+001 -8.0707950592041016e+000
v -7.1150207519531250e+000 9.5608825683593750e+000 -7.8819160461425781e+000
v -6.4678668975830078e+000 9.4601211547851562e+000 -8.0183973312377930e+000
v -6.0392351150512695e+000 1.1289537429809570e+001 -7.8765468597412109e+000
v -5.6148433685302734e+000 9.5353202819824219e+000 -8.5022163391113281e+000
v -8.0453300476074219e+000 9.7964553833007813e+000 -7.8740024566650391e+000
v -4.4086122512817383e+000 1.0052070617675781e+001 -8.4424448013305664e+000
v -5.5825557708740234e+000 1.0778566360473633e+001 -8.2998685836791992e+000
v -4.1292915344238281e+000 9.3076438903808594e+000 -7.3069858551025391e+000
v -4.6983880996704102e+000 9.2316474914550781e+000 -7.0563478469848633e+000
v -4.2761411666870117e+000 9.7000732421875000e+000 -7.9263257980346680e+000
v -4.7911500930786133e+000 9.4214248657226563e+000 -7.6697387695312500e+000
v -3.4441993236541748e+000 9.4070854187011719e+000 -8.2166585922241211e+000
v -2.8259427547454834e+000 1.0420991897583008e+001 -9.0156230926513672e+000
v -4.7635717391967773e+000 1.0433801651000977e+001 -8.9059066772460937e+000
v -4.1961088180541992e+000 1.1030828475952148e+001 -8.8311815261840820e+000
v -4.0492057800292969e+000 1.0342657089233398e+001 -8.8765258789062500e+000
v -2.7117631435394287e+000 1.0858905792236328e+001 -9.4879961013793945e+000
v -1.8757359981536865e+000 1.0541675567626953e+001 -9.4956874847412109e+000
v -1.6744031906127930e+000 1.0225147247314453e+001 -9.1184253692626953e+000
v -1.2924795150756836e+000 9.8216934204101562e+000 -9.2052345275878906e+000
v -2.0705349445343018e+000 9.2165336608886719e+000 -8.8466243743896484e+000
v -1.0011494159698486e+000 9.3248634338378906e+000 -8.6515102386474609e+000
v -2.3126060962677002e+000 1.0043071746826172e+001 -8.8313283920288086e+000
v -3.1861188411712646e+000 1.0138168334960937e+001 -8.4496440887451172e+000
v -9.3161320686340332e-001 1.0258258819580078e+001 -9.5267591476440430e+000
v -1.3099882602691650e+000 1.0913356781005859e+001 -9.5915918350219727e+000
v -5.0235676765441895e-001 9.8992881774902344e+000 -9.2528514862060547e+000
v -2.6379776000976563e-001 9.4114837646484375e+000 -9.3409538269042969e+000
v -5.6322193145751953e-001 1.1127832412719727e+001 -9.7933883666992187e+000
v -3.2224988937377930e-001 1.0666942596435547e+001 -9.4701509475708008e+000
v -1.1362684249877930e+001 1.1304443359375000e+001 -5.6918430328369141e+000
v -1.1673801422119141e+001 1.1879461288452148e+001 -4.2534446716308594e+000
v -1.0758688926696777e+001 1.2684955596923828e+001 -4.5084896087646484e+000
v -1.1900844573974609e+001 1.1535091400146484e+001 -5.1088495254516602e+000
v -1.1335760116577148e+001 1.2336935043334961e+001 -4.4243559837341309e+000
v -1.1324805259704590e+001 1.1674667358398437e+001 -5.1750946044921875e+000
v -1.0763182640075684e+001 1.1493188858032227e+001 -5.5398006439208984e+000
v -1.0283395767211914e+001 1.2505495071411133e+001 -5.5901403427124023e+000
v -1.0809565544128418e+001 1.2073888778686523e+001 -4.9839715957641602e+000
v -9.9525127410888672e+000 1.2557411193847656e+001 -6.0871982574462891e+000
v -9.4634304046630859e+000 1.2742265701293945e+001 -6.3525772094726563e+000
v -9.3903436660766602e+000 1.2792188644409180e+001 -5.5433387756347656e+000
v -8.1091794967651367e+000 1.3536201477050781e+001 -6.3136730194091797e+000
v -9.5351200103759766e+000 1.2562982559204102e+001 -4.8726835250854492e+000
v -9.4988393783569336e+000 1.3207427978515625e+001 -4.1472873687744141e+000
v -1.0293990135192871e+001 1.2563138961791992e+001 -4.9523935317993164e+000
v -8.7460823059082031e+000 1.3495994567871094e+001 -4.1813745498657227e+000
v -8.8721055984497070e+000 1.3052137374877930e+001 -4.9369659423828125e+000
v -1.0029932975769043e+001 1.2604782104492188e+001 -4.5537147521972656e+000
v -8.3278713226318359e+000 1.3256044387817383e+001 -4.7985706329345703e+000
v -1.0076135635375977e+001 1.2873676300048828e+001 -3.9488573074340820e+000
v -8.3988142013549805e+000 1.3371631622314453e+001 -5.6613912582397461e+000
v -9.1133766174316406e+000 1.3273502349853516e+001 -6.5601253509521484e+000
v -7.8309144973754883e+000 1.3540849685668945e+001 -4.6221179962158203e+000
v -7.4982910156250000e+000 1.3628963470458984e+001 -5.1405591964721680e+000
v -7.2061462402343750e+000 1.4015008926391602e+001 -6.3189401626586914e+000
v -1.1161450386047363e+001 1.1392496109008789e+001 -6.3482351303100586e+000
v -1.0421554565429687e+001 1.1829208374023438e+001 -7.1867485046386719e+000
v -8.2154922485351562e+000 1.2874725341796875e+001 -8.3294191360473633e+000
v -8.6558723449707031e+000 1.4069543838500977e+001 -8.0798025131225586e+000
v -1.0094344139099121e+001 1.2176980972290039e+001 -7.3455009460449219e+000
v -9.5613946914672852e+000 1.2194431304931641e+001 -7.7812929153442383e+000
v -9.4205083847045898e+000 1.2424167633056641e+001 -6.9492139816284180e+000
v -1.0287102699279785e+001 1.1557390213012695e+001 -6.3614034652709961e+000
v -9.9551782608032227e+000 1.1970218658447266e+001 -6.7824201583862305e+000
v -9.5827350616455078e+000 1.1420904159545898e+001 -7.6912050247192383e+000
v -9.0741004943847656e+000 1.2990495681762695e+001 -7.8828535079956055e+000
v -8.8076763153076172e+000 1.2412874221801758e+001 -7.7697114944458008e+000
v -8.2022638320922852e+000 1.2316761016845703e+001 -7.8516330718994141e+000
v -6.7479219436645508e+000 1.2924365997314453e+001 -8.3631401062011719e+000
v -7.2272090911865234e+000 1.2715253829956055e+001 -8.2960796356201172e+000
v -6.9413967132568359e+000 1.1715990066528320e+001 -7.7610034942626953e+000
v -7.6302080154418945e+000 1.2568790435791016e+001 -7.9967737197875977e+000
v -7.8359336853027344e+000 1.1332429885864258e+001 -7.8693561553955078e+000
v -5.9527683258056641e+000 1.3383623123168945e+001 -8.5544061660766602e+000
v -6.8089103698730469e+000 1.2401918411254883e+001 -8.0887765884399414e+000
v -5.9417304992675781e+000 1.2724790573120117e+001 -8.5558462142944336e+000
v -6.1043272018432617e+000 1.2453573226928711e+001 -8.2646732330322266e+000
v -6.2434959411621094e+000 1.1977710723876953e+001 -8.2762994766235352e+000
v -4.5047464370727539e+000 1.3575122833251953e+001 -8.6298923492431641e+000
v -5.4883756637573242e+000 1.2342821121215820e+001 -8.5143022537231445e+000
v -5.2675466537475586e+000 1.3066507339477539e+001 -8.8499937057495117e+000
v -3.6544177532196045e+000 1.3347873687744141e+001 -8.7278089523315430e+000
v -4.7011022567749023e+000 1.2530704498291016e+001 -8.7871847152709961e+000
v -5.3451385498046875e+000 1.1523748397827148e+001 -8.4323463439941406e+000
v -3.8014118671417236e+000 1.2453243255615234e+001 -8.7694807052612305e+000
v -4.5058851242065430e+000 1.1703786849975586e+001 -8.8521032333374023e+000
v -3.4604852199554443e+000 1.0798440933227539e+001 -9.2047052383422852e+000
v -1.6923048496246338e+000 1.1587467193603516e+001 -9.2870130538940430e+000
v -3.0707266330718994e+000 1.2912847518920898e+001 -9.1316642761230469e+000
v -1.6639256477355957e+000 1.3570787429809570e+001 -9.3088560104370117e+000
v -3.6951601505279541e+000 1.1832983016967773e+001 -8.7797193527221680e+000
v -2.9624078273773193e+000 1.1562362670898438e+001 -8.9399967193603516e+000
v -2.4758503437042236e+000 1.1765474319458008e+001 -9.2165422439575195e+000
v -2.2699778079986572e+000 1.3012840270996094e+001 -9.1375484466552734e+000
v -1.8019006252288818e+000 1.2448907852172852e+001 -9.3082809448242187e+000
v -1.3179748058319092e+000 1.1839950561523437e+001 -9.4563856124877930e+000
v -3.3245849609375000e-001 1.2214031219482422e+001 -9.7056884765625000e+000
v 2.9666185379028320e-002 1.3295827865600586e+001 -9.4906129837036133e+000
v 1.2521457672119141e-001 1.2165870666503906e+001 -9.7196502685546875e+000
v -4.9462366104125977e-001 1.3166885375976562e+001 -9.2381534576416016e+000
v -7.6081752777099609e-001 1.1903860092163086e+001 -9.4679841995239258e+000
v -9.0269422531127930e-001 1.3061637878417969e+001 -9.2973270416259766e+000
v -5.5966873168945312e+000 1.4769828796386719e+001 -4.0516271591186523e+000
v -6.4921150207519531e+000 1.4302154541015625e+001 -4.5199837684631348e+000
v -6.5477046966552734e+000 1.4226497650146484e+001 -5.1955509185791016e+000
v -6.7319974899291992e+000 1.4518217086791992e+001 -6.1109848022460937e+000
v -7.3353509902954102e+000 1.3866014480590820e+001 -3.5652418136596680e+000
v -5.5550861358642578e+000 1.5299507141113281e+001 -6.3143520355224609e+000
v -3.8083703517913818e+000 1.5787658691406250e+001 -5.8580579757690430e+000
v -4.1824741363525391e+000 1.5567773818969727e+001 -5.8666601181030273e+000
v -6.0204191207885742e+000 1.4803884506225586e+001 -4.6034440994262695e+000
v -5.4535198211669922e+000 1.5299175262451172e+001 -5.2886676788330078e+000
v -5.1242055892944336e+000 1.5214550018310547e+001 -4.7136411666870117e+000
v -4.9913825988769531e+000 1.5708417892456055e+001 -5.1573929786682129e+000
v -4.6073207855224609e+000 1.5682079315185547e+001 -4.8181076049804687e+000
v -4.0833282470703125e+000 1.5761821746826172e+001 -5.3981771469116211e+000
v -3.4710090160369873e+000 1.6154460906982422e+001 -4.8572750091552734e+000
v -5.0504112243652344e+000 1.5509346008300781e+001 -5.9585790634155273e+000
v -5.7927265167236328e+000 1.5282289505004883e+001 -5.9103078842163086e+000
v -3.0305540561676025e+000 1.6163421630859375e+001 -4.0620164871215820e+000
v -3.2022321224212646e+000 1.5835277557373047e+001 -5.9683732986450195e+000
v -7.9684820175170898e+000 1.4351589202880859e+001 -8.0924940109252930e+000
v -8.1109075546264648e+000 1.3959568023681641e+001 -7.2061786651611328e+000
v -8.6852931976318359e+000 1.3883163452148437e+001 -7.0645446777343750e+000
v -6.3373584747314453e+000 1.4987462997436523e+001 -8.1284961700439453e+000
v -7.2401247024536133e+000 1.4461256027221680e+001 -8.2302322387695313e+000
v -6.4104585647583008e+000 1.4976551055908203e+001 -6.5333232879638672e+000
v -5.5251159667968750e+000 1.5431665420532227e+001 -6.9010648727416992e+000
v -6.5272426605224609e+000 1.4815940856933594e+001 -7.2808103561401367e+000
v -6.0812015533447266e+000 1.4862411499023438e+001 -8.4276990890502930e+000
v -6.8909521102905273e+000 1.3938327789306641e+001 -8.2535591125488281e+000
v -8.0689525604248047e+000 1.4364965438842773e+001 -7.5964260101318359e+000
v -7.1293716430664062e+000 1.4557147979736328e+001 -7.3411502838134766e+000
v -7.5555372238159180e+000 1.4089151382446289e+001 -6.6249809265136719e+000
v -5.1698493957519531e+000 1.5347826004028320e+001 -8.3570985794067383e+000
v -4.3817234039306641e+000 1.5587686538696289e+001 -8.0893802642822266e+000
v -3.5828211307525635e+000 1.5762598037719727e+001 -7.3433170318603516e+000
v -4.0824069976806641e+000 1.5825475692749023e+001 -6.9983758926391602e+000
v -4.1294956207275391e+000 1.5918380737304687e+001 -6.5242319107055664e+000
v -4.8761386871337891e+000 1.5779283523559570e+001 -7.1213779449462891e+000
v -3.9384319782257080e+000 1.5815862655639648e+001 -8.0605764389038086e+000
v -5.0910234451293945e+000 1.3798284530639648e+001 -8.5007133483886719e+000
v -4.3797454833984375e+000 1.4519279479980469e+001 -8.3269481658935547e+000
v -5.5088176727294922e+000 1.4514217376708984e+001 -8.6171178817749023e+000
v -3.8978302478790283e+000 1.4388221740722656e+001 -8.4036903381347656e+000
v -4.9618959426879883e+000 1.5735633850097656e+001 -8.0590133666992187e+000
v -3.1410791873931885e+000 1.5967510223388672e+001 -8.0728216171264648e+000
v -2.6140763759613037e+000 1.6045265197753906e+001 -7.8683099746704102e+000
v -2.7800042629241943e+000 1.5780382156372070e+001 -6.4526367187500000e+000
v -3.4642198085784912e+000 1.5426626205444336e+001 -8.6392984390258789e+000
v -7.3986697196960449e-001 1.4199420928955078e+001 -8.9952678680419922e+000
v -2.3401734828948975e+000 1.5714572906494141e+001 -8.8784704208374023e+000
v -1.4711842536926270e+000 1.5839920043945313e+001 -8.8291530609130859e+000
v -2.2503783702850342e+000 1.5020574569702148e+001 -9.2377538681030273e+000
v -3.3615887165069580e+000 1.3604618072509766e+001 -8.9928579330444336e+000
v -3.1524178981781006e+000 1.4230844497680664e+001 -9.0613574981689453e+000
v -2.9346048831939697e+000 1.4751146316528320e+001 -8.9936389923095703e+000
v -1.1914651393890381e+000 1.4231592178344727e+001 -9.1648187637329102e+000
v -2.7015650272369385e+000 1.4042255401611328e+001 -9.3273954391479492e+000
v -2.9295680522918701e+000 1.5629808425903320e+001 -8.4837121963500977e+000
v -1.0989227294921875e+000 1.5171375274658203e+001 -9.2084665298461914e+000
v -1.9043834209442139e+000 1.4390014648437500e+001 -9.0604715347290039e+000
v 5.7083523273468018e-001 1.3761867523193359e+001 -9.3764495849609375e+000
v 5.1780438423156738e-001 1.5371822357177734e+001 -9.1588945388793945e+000
v -5.4901504516601563e-001 1.5846969604492187e+001 -9.2553491592407227e+000
v -4.6835851669311523e-001 1.4944355010986328e+001 -9.1176624298095703e+000
v 2.2928094863891602e-001 1.5888017654418945e+001 -9.0499954223632812e+000
v -1.7540233135223389e+000 1.6469659805297852e+001 -5.9211540222167969e+000
v -1.9577138423919678e+000 1.6270265579223633e+001 -5.2552103996276855e+000
v -1.1615452766418457e+000 1.6679897308349609e+001 -6.3350830078125000e+000
v -1.0857431888580322e+000 1.6575057983398437e+001 -5.6170873641967773e+000
v -1.8002083301544189e+000 1.6465465545654297e+001 -4.9535760879516602e+000
v -3.0426328182220459e+000 1.6159626007080078e+001 -5.2055716514587402e+000
v -2.7350137233734131e+000 1.6209043502807617e+001 -5.8580608367919922e+000
v -1.0083091259002686e+000 1.6854980468750000e+001 -4.2675981521606445e+000
v 1.9097399711608887e-001 1.6954740524291992e+001 -4.6478519439697266e+000
v -9.0425038337707520e-001 1.6581924438476562e+001 -4.9789185523986816e+000
v -6.3733792304992676e-001 1.6638618469238281e+001 -5.9786195755004883e+000
v -4.4031286239624023e-001 1.6860862731933594e+001 -5.3311271667480469e+000
v -2.0766441822052002e+000 1.6258934020996094e+001 -6.9833841323852539e+000
v -1.4529244899749756e+000 1.6463058471679688e+001 -7.7457427978515625e+000
v -1.6825501918792725e+000 1.6440557479858398e+001 -8.5456056594848633e+000
v -2.2523486614227295e+000 1.6313030242919922e+001 -7.7640161514282227e+000
v -6.0258984565734863e-001 1.7001424789428711e+001 -6.5799293518066406e+000
v -4.3815374374389648e-001 1.6876770019531250e+001 -8.0321617126464844e+000
v -8.0150222778320313e-001 1.6386379241943359e+001 -8.4075927734375000e+000
v -1.0549116134643555e+000 1.6678430557250977e+001 -6.8950185775756836e+000
v -1.8856358528137207e-001 1.6768291473388672e+001 -8.7810440063476562e+000
v -9.7723388671875000e-001 1.6037248611450195e+001 -8.9953660964965820e+000
v -3.8946115970611572e+000 3.9710884094238281e+000 -6.1429824829101562e+000
v -8.5968341827392578e+000 5.3414611816406250e+000 -4.3759217262268066e+000
v -6.5832853317260742e-002 1.6646381378173828e+001 -3.9960753917694092e+000
v 3.8951945304870605e-001 1.6756582260131836e+001 -4.3033194541931152e+000
v -3.1700134277343750e-003 1.6913671493530273e+001 -7.6343803405761719e+000
v -1.5186812877655029e+000 4.3395652770996094e+000 -7.4748125076293945e+000
v -4.3635778427124023e+000 1.5829175949096680e+001 -4.1820516586303711e+000
v -7.3788805007934570e+000 3.3064193725585937e+000 6.5832605361938477e+000
v -7.3998851776123047e+000 3.5145645141601562e+000 7.9038257598876953e+000
v -5.7200870513916016e+000 2.5769157409667969e+000 8.0153188705444336e+000
v -6.2252130508422852e+000 3.3709793090820313e+000 8.2742233276367187e+000
v -6.2326145172119141e+000 2.4690513610839844e+000 7.8326272964477539e+000
v -5.6619338989257812e+000 3.3827323913574219e+000 8.1247205734252930e+000
v -3.6789624691009521e+000 2.5586700439453125e+000 8.6172523498535156e+000
v -4.1008081436157227e+000 2.9148712158203125e+000 8.3932180404663086e+000
v -5.2602376937866211e+000 2.0770530700683594e+000 7.7234687805175781e+000
v -4.3765087127685547e+000 2.3697395324707031e+000 8.2206134796142578e+000
v -2.3466174602508545e+000 1.6873779296875000e+000 8.2974443435668945e+000
v -5.8412389755249023e+000 1.4475975036621094e+000 7.5655813217163086e+000
v -3.6484258174896240e+000 3.4697723388671875e-001 7.6513795852661133e+000
v -7.0554981231689453e+000 2.8887481689453125e+000 6.5059452056884766e+000
v -5.1784172058105469e+000 1.0263061523437500e-001 6.7113733291625977e+000
v -6.1695241928100586e+000 4.8046493530273438e-001 7.0182733535766602e+000
v -5.6070890426635742e+000 5.0591278076171875e-001 6.2627553939819336e+000
v -3.2131617069244385e+000 1.1111640930175781e+000 7.7868041992187500e+000
v -6.2607574462890625e+000 6.1346054077148438e-001 6.4377317428588867e+000
v -2.0513226985931396e+000 2.4452209472656250e-002 8.0210075378417969e+000
v -7.1105623245239258e+000 3.1152687072753906e+000 7.6094884872436523e+000
v -3.0055801868438721e+000 3.1175994873046875e-001 7.6740570068359375e+000
v -3.2350490093231201e+000 1.9841384887695313e-001 7.0522584915161133e+000
v -2.6857240200042725e+000 4.3228149414062500e-001 6.8009157180786133e+000
v -3.9345185756683350e+000 3.6809043884277344e+000 8.8242282867431641e+000
v -5.7321701049804687e+000 3.8395957946777344e+000 8.3857126235961914e+000
v -4.4357080459594727e+000 6.0836029052734375e-001 7.7040433883666992e+000
v -5.1797399520874023e+000 4.9717330932617188e-001 7.5583677291870117e+000
v -3.6095917224884033e+000 4.4919967651367188e-001 6.4984798431396484e+000
v -5.2184629440307617e+000 5.8939743041992188e-001 5.6212015151977539e+000
v -4.4883069992065430e+000 3.9778137207031250e-001 6.7758417129516602e+000
v -6.7492647171020508e+000 2.0582962036132813e+000 7.1412582397460937e+000
v -4.7106742858886719e+000 3.9419174194335938e-001 6.2329139709472656e+000
v -4.2708320617675781e+000 4.9608230590820313e-001 6.1639442443847656e+000
v -4.2187309265136719e+000 1.0315017700195312e+000 7.9942588806152344e+000
v -4.4354486465454102e+000 1.6596832275390625e+000 8.1071348190307617e+000
v -5.1865797042846680e+000 1.3435249328613281e+000 7.7087068557739258e+000
v -5.1815347671508789e+000 3.8113517761230469e+000 8.3524532318115234e+000
v -4.4904613494873047e+000 3.4799118041992187e+000 8.2647933959960937e+000
v -5.0062599182128906e+000 2.8190956115722656e+000 8.0058031082153320e+000
v -2.8260648250579834e+000 1.9985580444335938e+000 8.3829641342163086e+000
v -3.1837589740753174e+000 1.7639732360839844e+000 8.2779874801635742e+000
v -6.6392107009887695e+000 1.3623123168945312e+000 7.1041393280029297e+000
v -6.6064548492431641e+000 1.4237670898437500e+000 6.3618574142456055e+000
v -6.8254051208496094e+000 2.2331619262695313e+000 6.1500282287597656e+000
v -2.9140765666961670e+000 2.8663444519042969e+000 8.4580907821655273e+000
v -6.9768810272216797e+000 1.6126823425292969e+000 5.5707521438598633e+000
v -3.6127474308013916e+000 3.2781753540039062e+000 8.6974744796752930e+000
v -2.0617496967315674e+000 8.2823944091796875e-001 8.0922470092773437e+000
v -1.8103849887847900e+000 1.3645973205566406e+000 8.3724822998046875e+000
v -2.0860016345977783e+000 2.4347000122070312e+000 8.4292564392089844e+000
v -1.3191802501678467e+000 2.3622627258300781e+000 8.5304975509643555e+000
v -2.5144078731536865e+000 4.0845489501953125e-001 7.7367124557495117e+000
v 5.6204807758331299e-001 1.2067871093750000e+000 8.5815057754516602e+000
v -2.6272609233856201e+000 3.4043731689453125e+000 8.7984180450439453e+000
v -1.4753341674804688e+000 2.6027183532714844e+000 8.7798357009887695e+000
v -5.6173944473266602e-001 2.0604934692382813e+000 8.8389616012573242e+000
v -1.9226891994476318e+000 3.0890998840332031e+000 8.6927051544189453e+000
v -1.1300971508026123e+000 1.6740303039550781e+000 8.5816335678100586e+000
v 1.4087891578674316e-001 3.2537879943847656e+000 8.7457580566406250e+000
v -1.1791062355041504e+000 1.4188003540039063e-001 7.4826993942260742e+000
v -2.3173067569732666e+000 3.8404083251953125e-001 6.3527622222900391e+000
v -1.5700457096099854e+000 1.7666244506835938e-001 6.9954633712768555e+000
v -1.9090011119842529e+000 1.4122009277343750e-001 6.1589431762695313e+000
v -3.5919380187988281e-001 6.2141418457031250e-002 7.0769844055175781e+000
v -2.4062514305114746e-001 1.6824340820312500e-001 6.3889760971069336e+000
v -1.2288315296173096e+000 3.4608764648437500e+000 8.8022613525390625e+000
v -1.9212377071380615e+000 3.9378433227539062e+000 8.8142938613891602e+000
v -6.8884682655334473e-001 2.7705612182617187e+000 8.8006734848022461e+000
v -4.5310235023498535e-001 3.5389404296875000e+000 8.8901872634887695e+000
v -2.5263452529907227e-001 1.4920425415039063e+000 8.6387462615966797e+000
v -3.7126636505126953e-001 -3.7586212158203125e-002 7.9956102371215820e+000
v 3.0906462669372559e-001 5.4532241821289063e-001 8.1480979919433594e+000
v -1.3154213428497314e+000 2.4096298217773438e-001 8.3747043609619141e+000
v -6.0000014305114746e-001 7.2783660888671875e-001 8.4840164184570312e+000
v -7.8095989227294922e+000 3.6859436035156250e+000 5.3427762985229492e+000
v -7.2606077194213867e+000 2.4346733093261719e+000 5.9391403198242188e+000
v -7.3562059402465820e+000 2.7649536132812500e+000 5.8027734756469727e+000
v -6.5923643112182617e+000 9.4229888916015625e-001 5.7573614120483398e+000
v -6.3954906463623047e+000 4.2789840698242188e-001 5.8169822692871094e+000
v -5.5606145858764648e+000 9.1990661621093750e-001 5.3361234664916992e+000
v -3.0321385860443115e+000 5.1507186889648438e-001 5.6890602111816406e+000
v -3.6161100864410400e+000 2.7449798583984375e-001 5.9245624542236328e+000
v -3.6551344394683838e+000 3.9418029785156250e-001 5.1918239593505859e+000
v -6.7097206115722656e+000 7.1286392211914063e-001 5.3178758621215820e+000
v -4.8144073486328125e+000 4.6231842041015625e-001 5.4626693725585937e+000
v -3.3317625522613525e+000 6.0153579711914063e-001 4.7298326492309570e+000
v -1.8870067596435547e-001 4.3075561523437500e-002 5.1024236679077148e+000
v -9.1931748390197754e-001 9.5500946044921875e-002 5.8826913833618164e+000
v -7.4331693649291992e+000 4.2818489074707031e+000 8.3455705642700195e+000
v -7.8529281616210937e+000 6.4034881591796875e+000 7.8469877243041992e+000
v -8.3995304107666016e+000 5.6929092407226563e+000 6.9124994277954102e+000
v -8.5470638275146484e+000 6.6491012573242188e+000 7.0980834960937500e+000
v -8.4848251342773437e+000 6.0802688598632812e+000 7.3976612091064453e+000
v -7.0387172698974609e+000 7.4117774963378906e+000 8.6954088211059570e+000
v -7.3874025344848633e+000 7.1838722229003906e+000 7.7135152816772461e+000
v -9.6491746902465820e+000 8.0636215209960937e+000 6.0712814331054687e+000
v -9.0564994812011719e+000 7.0835037231445312e+000 6.6981897354125977e+000
v -7.9787931442260742e+000 8.1273918151855469e+000 7.1628370285034180e+000
v -8.7633275985717773e+000 7.9740486145019531e+000 6.5307531356811523e+000
v -8.6228160858154297e+000 7.6094131469726563e+000 7.0991315841674805e+000
v -7.8145751953125000e+000 6.0973091125488281e+000 7.8429117202758789e+000
v -7.0181608200073242e+000 5.7297286987304687e+000 8.4397754669189453e+000
v -7.7745504379272461e+000 5.2258033752441406e+000 8.0666236877441406e+000
v -8.0314817428588867e+000 3.9888496398925781e+000 6.1918592453002930e+000
v -7.7679319381713867e+000 4.4107437133789062e+000 7.2328844070434570e+000
v -8.1186666488647461e+000 4.9342956542968750e+000 7.0141420364379883e+000
v -9.6549434661865234e+000 6.9282951354980469e+000 6.4796781539916992e+000
v -8.7324666976928711e+000 6.0218887329101563e+000 5.7879390716552734e+000
v -9.7396697998046875e+000 6.4109458923339844e+000 5.6900644302368164e+000
v -1.0171611785888672e+001 7.5963058471679687e+000 5.7051963806152344e+000
v -8.2303037643432617e+000 7.5195732116699219e+000 7.4250745773315430e+000
v -8.6951389312744141e+000 6.8932991027832031e+000 6.4118452072143555e+000
v -8.9477491378784180e+000 7.1610832214355469e+000 7.0576839447021484e+000
v -7.1873569488525391e+000 6.6677207946777344e+000 8.4487314224243164e+000
v -5.7882871627807617e+000 7.6987380981445312e+000 8.9399538040161133e+000
v -5.4301834106445313e+000 7.3976325988769531e+000 9.0363035202026367e+000
v -6.9122352600097656e+000 7.9787788391113281e+000 7.9250392913818359e+000
v -4.6508474349975586e+000 8.4856071472167969e+000 9.2446184158325195e+000
v -6.8980045318603516e+000 8.2275466918945313e+000 8.6287107467651367e+000
v -6.9486236572265625e+000 4.9597396850585938e+000 8.2703294754028320e+000
v -2.0348289012908936e+000 8.5595359802246094e+000 9.3481435775756836e+000
v -5.2911424636840820e+000 6.2852401733398437e+000 8.7560214996337891e+000
v -3.2205150127410889e+000 7.7882156372070313e+000 9.3502893447875977e+000
v -3.5003497600555420e+000 7.2278976440429687e+000 9.2231979370117187e+000
v -6.5623788833618164e+000 5.0937271118164062e+000 8.2147388458251953e+000
v -2.6610982418060303e+000 6.9100990295410156e+000 9.2094631195068359e+000
v -6.0229864120483398e+000 5.3276977539062500e+000 8.5095634460449219e+000
v -5.6791000366210938e+000 5.8382530212402344e+000 8.7923574447631836e+000
v -5.0233764648437500e+000 6.7848091125488281e+000 8.9681539535522461e+000
v -4.0991773605346680e+000 6.5570411682128906e+000 9.0234994888305664e+000
v -6.1558599472045898e+000 4.2539405822753906e+000 8.2253742218017578e+000
v -6.4303283691406250e+000 7.3827705383300781e+000 8.9225673675537109e+000
v -6.8701839447021484e+000 3.9707756042480469e+000 8.3920812606811523e+000
v -4.8283615112304687e+000 5.4059371948242187e+000 8.8340396881103516e+000
v -4.0513019561767578e+000 7.4377708435058594e+000 9.1289758682250977e+000
v -3.3258268833160400e+000 4.7887763977050781e+000 9.0897674560546875e+000
v -4.7237968444824219e+000 7.5488433837890625e+000 9.2605400085449219e+000
v -2.7469518184661865e+000 4.3323974609375000e+000 8.8323907852172852e+000
v -3.9876372814178467e+000 4.6264572143554687e+000 8.9067087173461914e+000
v -3.4232184886932373e+000 4.1662445068359375e+000 8.7906570434570312e+000
v -4.5552186965942383e+000 6.5659561157226562e+000 9.1338853836059570e+000
v -6.3593320846557617e+000 6.4984931945800781e+000 8.9189510345458984e+000
v -3.5856516361236572e+000 6.0066642761230469e+000 9.1750326156616211e+000
v -2.7407958507537842e+000 5.2299423217773437e+000 9.1569070816040039e+000
v -3.4852540493011475e+000 5.4994812011718750e+000 9.0940341949462891e+000
v -4.2293720245361328e+000 5.4848632812500000e+000 8.9839839935302734e+000
v -5.2120409011840820e+000 5.0754432678222656e+000 8.9523296356201172e+000
v -4.5484733581542969e+000 4.3696098327636719e+000 8.7780876159667969e+000
v -5.2056932449340820e+000 4.2446708679199219e+000 8.6855106353759766e+000
v -1.0854582786560059e+000 5.9462966918945312e+000 9.1505012512207031e+000
v -2.2309052944183350e+000 5.1079330444335938e+000 8.8547534942626953e+000
v -1.8075034618377686e+000 6.1506958007812500e+000 9.2643299102783203e+000
v -1.9368216991424561e+000 6.6418151855468750e+000 9.2054147720336914e+000
v -1.6611602306365967e+000 5.0704040527343750e+000 8.8896856307983398e+000
v -2.3218271732330322e+000 6.2791290283203125e+000 8.9216470718383789e+000
v -8.7798190116882324e-001 4.4422149658203125e+000 8.8560104370117188e+000
v -1.1309950351715088e+000 6.4971237182617188e+000 9.4600191116333008e+000
v -1.0574228763580322e+000 5.0914878845214844e+000 9.1738643646240234e+000
v -4.7149491310119629e-001 5.1940574645996094e+000 9.0710926055908203e+000
v -5.2532625198364258e-001 6.0284957885742187e+000 9.3602428436279297e+000
v -1.4674923419952393e+000 7.8913688659667969e+000 9.5807142257690430e+000
v 2.6077008247375488e-001 5.4189605712890625e+000 9.1653137207031250e+000
v -2.0546152591705322e+000 7.4310951232910156e+000 9.3093786239624023e+000
v 1.2061810493469238e-001 4.8743057250976563e+000 8.8678560256958008e+000
v -5.8986210823059082e-001 8.2997474670410156e+000 9.5172500610351562e+000
v -6.9177913665771484e-001 7.1034507751464844e+000 9.5958194732666016e+000
v -1.4530203342437744e+000 4.5735702514648437e+000 8.9280948638916016e+000
v -9.9141788482666016e+000 6.9971466064453125e+000 5.3525514602661133e+000
v -8.6476764678955078e+000 5.6730804443359375e+000 5.4639291763305664e+000
v -9.2467250823974609e+000 6.0487976074218750e+000 5.6281490325927734e+000
v -9.9904489517211914e+000 8.3439369201660156e+000 5.5921745300292969e+000
v -8.4820442199707031e+000 4.6894531250000000e+000 5.6475429534912109e+000
v -9.0266141891479492e+000 6.1839408874511719e+000 4.7660360336303711e+000
v -8.8363046646118164e+000 6.6346359252929687e+000 5.8213882446289062e+000
v -7.9772453308105469e+000 1.3345701217651367e+001 5.7216043472290039e+000
v -7.3988456726074219e+000 1.3054344177246094e+001 6.3640518188476562e+000
v -8.3488359451293945e+000 9.2770385742187500e+000 6.6871852874755859e+000
v -8.6483173370361328e+000 1.0180774688720703e+001 6.2787466049194336e+000
v -7.7280368804931641e+000 9.4559440612792969e+000 7.1217117309570313e+000
v -8.1699447631835938e+000 1.0344940185546875e+001 6.6983785629272461e+000
v -7.1790437698364258e+000 7.9127044677734375e+000 7.6444883346557617e+000
v -7.3274707794189453e+000 1.2633766174316406e+001 6.7406959533691406e+000
v -9.0486402511596680e+000 1.1334802627563477e+001 5.9569253921508789e+000
v -7.5331745147705078e+000 1.0293916702270508e+001 7.1284618377685547e+000
v -7.1668758392333984e+000 1.1447725296020508e+001 7.1045541763305664e+000
v -8.2046184539794922e+000 1.2644691467285156e+001 6.0151214599609375e+000
v -6.9596328735351562e+000 1.0307317733764648e+001 7.5555315017700195e+000
v -8.3295841217041016e+000 8.7296867370605469e+000 6.6458845138549805e+000
v -8.8147020339965820e+000 9.3585472106933594e+000 6.2242479324340820e+000
v -7.5001335144042969e+000 8.7528076171875000e+000 7.1943817138671875e+000
v -8.2844028472900391e+000 1.1712673187255859e+001 6.2501058578491211e+000
v -8.0303001403808594e+000 1.0912317276000977e+001 6.5600824356079102e+000
v -8.8930416107177734e+000 1.0619287490844727e+001 5.8490877151489258e+000
v -7.5331888198852539e+000 1.1608037948608398e+001 6.6345100402832031e+000
v -3.4628655910491943e+000 1.1623781204223633e+001 7.2950592041015625e+000
v -4.5919075012207031e+000 1.1826654434204102e+001 6.7314405441284180e+000
v -3.4266140460968018e+000 1.1243511199951172e+001 7.9800291061401367e+000
v -3.8243501186370850e+000 1.1775669097900391e+001 6.7316989898681641e+000
v -4.5261735916137695e+000 1.2074457168579102e+001 5.9030399322509766e+000
v -2.9609472751617432e+000 1.0616189956665039e+001 9.4269447326660156e+000
v -4.9112663269042969e+000 1.0235599517822266e+001 8.3846197128295898e+000
v -2.7234699726104736e+000 1.1468490600585938e+001 7.6227884292602539e+000
v -2.1498363018035889e+000 1.0996728897094727e+001 9.3572187423706055e+000
v -5.1548948287963867e+000 1.1546056747436523e+001 7.4508762359619141e+000
v -2.5065710544586182e+000 1.1202161788940430e+001 8.6446285247802734e+000
v -2.1869242191314697e+000 1.1456146240234375e+001 7.8422155380249023e+000
v -2.9721448421478271e+000 1.1479040145874023e+001 6.6323728561401367e+000
v -3.4126784801483154e+000 1.0971639633178711e+001 9.0116615295410156e+000
v -3.6196639537811279e+000 1.1017168045043945e+001 8.5854244232177734e+000
v -3.5966851711273193e+000 9.9098091125488281e+000 9.2414884567260742e+000
v -4.2503414154052734e+000 1.1421339035034180e+001 7.6668634414672852e+000
v -4.2729949951171875e+000 1.1234893798828125e+001 8.1465148925781250e+000
v -3.5988733768463135e+000 9.4137496948242187e+000 9.3387479782104492e+000
v -5.3712873458862305e+000 9.6779212951660156e+000 8.8886337280273437e+000
v -5.5879974365234375e+000 8.8213310241699219e+000 9.1467542648315430e+000
v -6.2590169906616211e+000 9.1258811950683594e+000 8.8221721649169922e+000
v -6.0635166168212891e+000 9.3685569763183594e+000 7.9667358398437500e+000
v -3.1080152988433838e+000 1.1258684158325195e+001 8.5771808624267578e+000
v -5.6417160034179687e+000 1.1359998703002930e+001 7.8184108734130859e+000
v -6.7521343231201172e+000 1.2577632904052734e+001 6.9189224243164062e+000
v -6.6605949401855469e+000 8.8609199523925781e+000 8.5071105957031250e+000
v -6.1577892303466797e+000 1.2753816604614258e+001 6.1049757003784180e+000
v -6.1118688583374023e+000 1.2325664520263672e+001 6.6560382843017578e+000
v -3.5168693065643311e+000 1.1677690505981445e+001 6.1413707733154297e+000
v -6.2944154739379883e+000 1.1801362991333008e+001 7.5652227401733398e+000
v -5.9562368392944336e+000 1.1999740600585937e+001 6.7737894058227539e+000
v -6.7474851608276367e+000 8.7354621887207031e+000 7.8880128860473633e+000
v -4.4878129959106445e+000 9.3046493530273437e+000 9.2231225967407227e+000
v -5.2728757858276367e+000 1.2056306838989258e+001 6.7199811935424805e+000
v -6.9582166671752930e+000 9.7606086730957031e+000 7.5671873092651367e+000
v -2.4297902584075928e+000 9.3626174926757812e+000 9.3126049041748047e+000
v -4.7518739700317383e+000 1.1313774108886719e+001 8.2254428863525391e+000
v -3.3721010684967041e+000 8.9325752258300781e+000 9.1579389572143555e+000
v -5.6027145385742187e+000 9.2964859008789062e+000 8.5873908996582031e+000
v -3.1995790004730225e+000 8.4101219177246094e+000 9.3685245513916016e+000
v -5.4309444427490234e+000 1.0920370101928711e+001 8.0859022140502930e+000
v -4.6010799407958984e+000 9.9935874938964844e+000 9.1450605392456055e+000
v -3.8816888332366943e+000 1.0491449356079102e+001 8.5141429901123047e+000
v -5.3435554504394531e+000 9.6559143066406250e+000 8.3297967910766602e+000
v -6.4158287048339844e+000 1.0806079864501953e+001 7.5194396972656250e+000
v -5.5470848083496094e+000 1.2937000274658203e+001 5.8803796768188477e+000
v -1.4733324050903320e+000 1.0725023269653320e+001 9.1475591659545898e+000
v 1.6508722305297852e-001 1.0949171066284180e+001 8.8499279022216797e+000
v -3.8186788558959961e-001 1.1294898986816406e+001 7.2360620498657227e+000
v -4.0988850593566895e-001 1.0034046173095703e+001 9.5461587905883789e+000
v -9.9923062324523926e-001 9.4955329895019531e+000 9.3211374282836914e+000
v 2.2731924057006836e-001 1.1615894317626953e+001 6.6759471893310547e+000
v -1.0238099098205566e-001 9.5253639221191406e+000 9.5089941024780273e+000
v -1.1906170845031738e-001 1.0857124328613281e+001 8.1358499526977539e+000
v -1.1306674480438232e+000 1.0805376052856445e+001 8.7034425735473633e+000
v -8.2461500167846680e-001 1.1267391204833984e+001 8.1873950958251953e+000
v -1.6519134044647217e+000 1.1204860687255859e+001 8.1599636077880859e+000
v -2.1750042438507080e+000 1.1588544845581055e+001 6.7340173721313477e+000
v -1.9552409648895264e+000 1.1761146545410156e+001 5.7861080169677734e+000
v -1.1289696693420410e+000 1.1745241165161133e+001 6.5959577560424805e+000
v -1.6405384540557861e+000 1.1645835876464844e+001 6.9303951263427734e+000
v -1.2465479373931885e+000 1.1330593109130859e+001 7.5760774612426758e+000
v -4.3161988258361816e-001 1.0820463180541992e+001 9.0323543548583984e+000
v -1.5906665325164795e+000 9.7443923950195313e+000 9.3721179962158203e+000
v -4.7521018981933594e-001 1.1597463607788086e+001 6.2215175628662109e+000
v -2.0794885158538818e+000 1.0121601104736328e+001 9.3408937454223633e+000
v -8.5106506347656250e+000 1.2738718032836914e+001 5.5594120025634766e+000
v -9.7036781311035156e+000 1.1042652130126953e+001 5.3008260726928711e+000
v -8.5160322189331055e+000 1.2101869583129883e+001 5.6538400650024414e+000
v -1.0295198440551758e+001 9.1661109924316406e+000 5.4519739151000977e+000
v -9.9201793670654297e+000 8.9788551330566406e+000 5.6120929718017578e+000
v -9.4384574890136719e+000 1.0223331451416016e+001 5.5718355178833008e+000
v -9.8489303588867187e+000 1.0546543121337891e+001 5.0720472335815430e+000
v -9.1630029678344727e+000 1.2152448654174805e+001 5.1928987503051758e+000
v -1.0248793601989746e+001 8.8767776489257812e+000 4.9447259902954102e+000
v -9.2786340713500977e+000 1.1356485366821289e+001 5.4597721099853516e+000
v -6.3968143463134766e+000 1.3050445556640625e+001 5.6958723068237305e+000
v -3.2260820865631104e+000 1.2443700790405273e+001 5.1680974960327148e+000
v -3.9605376720428467e+000 1.2273481369018555e+001 5.5322513580322266e+000
v -2.4642283916473389e+000 1.2391450881958008e+001 5.3700647354125977e+000
v -2.9219977855682373e+000 1.1819635391235352e+001 5.9951467514038086e+000
v -4.8518190383911133e+000 1.2588588714599609e+001 5.2912597656250000e+000
v -5.2367410659790039e+000 1.2380550384521484e+001 6.1057882308959961e+000
v -5.3132171630859375e+000 1.2916961669921875e+001 5.0736141204833984e+000
v -4.3622455596923828e+000 1.2561309814453125e+001 5.3950366973876953e+000
v -1.8365223407745361e+000 1.2222080230712891e+001 5.1404199600219727e+000
v -3.7936425209045410e-001 1.1865890502929687e+001 5.6969232559204102e+000
v -1.1860809326171875e+000 1.1993156433105469e+001 5.6478719711303711e+000
v -1.4289441108703613e+000 1.1532939910888672e+001 6.2116308212280273e+000
v -3.4827971458435059e-001 1.1966993331909180e+001 5.1714200973510742e+000
v -7.1752748489379883e+000 1.3445657730102539e+001 5.4939460754394531e+000
v -7.8205242156982422e+000 1.3591907501220703e+001 5.1417694091796875e+000
v -8.6123762130737305e+000 1.3684558868408203e+001 5.0597867965698242e+000
v -6.9137668609619141e+000 1.3887180328369141e+001 4.9661026000976562e+000
v -5.5211133956909180e+000 1.3359683990478516e+001 5.1502695083618164e+000
v -8.2209777832031250e+000 4.0457687377929687e+000 4.5879440307617187e+000
v -1.2718644142150879e+001 1.1003831863403320e+001 -4.5068974494934082e+000
v -1.3294440269470215e+001 1.0859432220458984e+001 -1.2648475170135498e-001
v -1.2979962348937988e+001 8.8997192382812500e+000 -4.8755340576171875e+000
v -1.2841538429260254e+001 1.0727470397949219e+001 -1.7240214347839355e-001
v -1.3202859878540039e+001 9.3545188903808594e+000 -1.6541550159454346e+000
v -1.2618521690368652e+001 8.3333969116210937e+000 -2.1801919937133789e+000
v -1.3052564620971680e+001 1.1499221801757813e+001 -8.6241012811660767e-001
v -1.3417575836181641e+001 1.0533498764038086e+001 -1.4910674095153809e+000
v -1.3337286949157715e+001 1.1540237426757812e+001 -1.3917951583862305e+000
v -1.3576327323913574e+001 9.7678375244140625e+000 -4.4759998321533203e+000
v -1.3127316474914551e+001 1.1261905670166016e+001 -2.1988682746887207e+000
v -1.2739606857299805e+001 9.8751983642578125e+000 -4.6503877639770508e+000
v -1.2674783706665039e+001 1.1731653213500977e+001 -1.4248037338256836e+000
v -1.4212279319763184e+001 9.4674987792968750e+000 -2.6569638252258301e+000
v -1.3791789054870605e+001 9.9790611267089844e+000 -1.5853042602539063e+000
v -1.3945904731750488e+001 1.0025718688964844e+001 -2.2004747390747070e+000
v -1.3662250518798828e+001 1.0656589508056641e+001 -1.0465226173400879e+000
v -1.3682965278625488e+001 1.0697185516357422e+001 -2.7453746795654297e+000
v -1.3414433479309082e+001 1.0633665084838867e+001 -3.2178530693054199e+000
v -1.3684287071228027e+001 9.2210540771484375e+000 -2.7100446224212646e+000
v -1.3302376747131348e+001 8.5531120300292969e+000 -2.6739149093627930e+000
v -1.4296450614929199e+001 8.9268417358398437e+000 -3.5534024238586426e+000
v -1.3978573799133301e+001 9.2625389099121094e+000 -4.0081157684326172e+000
v -1.3950640678405762e+001 9.9926300048828125e+000 -3.2573046684265137e+000
v -1.3157913208007813e+001 8.2981948852539062e+000 -4.0342068672180176e+000
v -1.3062831878662109e+001 1.0909669876098633e+001 -2.8481330871582031e+000
v -1.3986081123352051e+001 8.1438713073730469e+000 -3.5299913883209229e+000
v -1.3390782356262207e+001 9.0700607299804687e+000 -4.6940116882324219e+000
v -1.3368816375732422e+001 1.0030220031738281e+001 -8.1632423400878906e-001
v 4.7403640747070313e+000 2.2950630187988281e+000 -5.0831508636474609e+000
v 3.8576114177703857e-001 2.1385192871093750e-001 -3.5821585655212402e+000
v 4.3488264083862305e+000 2.0031814575195312e+000 -4.7127676010131836e+000
v 2.3068079948425293e+000 1.2232856750488281e+000 -5.2291965484619141e+000
v 1.5505862236022949e+000 3.6519622802734375e-001 -2.8300576210021973e+000
v 2.4816451072692871e+000 4.7234344482421875e-001 -2.3535265922546387e+000
v 7.2549152374267578e-001 2.4714660644531250e-001 -3.0821723937988281e+000
v 1.5604310035705566e+000 2.3690032958984375e-001 -1.9745585918426514e+000
v 2.8802168369293213e+000 8.0849456787109375e-001 -3.0689530372619629e+000
v 1.8121919631958008e+000 8.0349731445312500e-001 -3.8637375831604004e+000
v 1.4539030790328979e+000 8.5949325561523438e-001 -4.5421357154846191e+000
v 5.5104517936706543e-001 6.5202331542968750e-001 -4.0946092605590820e+000
v 1.1140147447586060e+000 5.5043029785156250e-001 -3.7553570270538330e+000
v 7.3549103736877441e-001 3.9554595947265625e-001 -2.0845115184783936e+000
v 2.4306614398956299e+000 9.2880249023437500e-001 -3.7277233600616455e+000
v 1.9066059589385986e+000 7.6964950561523438e-001 -3.2484445571899414e+000
v 3.4236285686492920e+000 1.3177680969238281e+000 -4.2368917465209961e+000
v 3.3128800392150879e+000 8.8883972167968750e-001 -3.5160014629364014e+000
v 5.0092220306396484e+000 1.8790321350097656e+000 -4.5180144309997559e+000
v 2.5995309352874756e+000 1.0327682495117187e+000 -4.2787055969238281e+000
v 4.3174695968627930e+000 1.7824325561523437e+000 -3.8006823062896729e+000
v 3.9816188812255859e+000 1.6671943664550781e+000 -4.2079334259033203e+000
v 3.7894895076751709e+000 9.9188995361328125e-001 -3.0549492835998535e+000
v 3.9996953010559082e+000 9.2086791992187500e-001 -2.7685008049011230e+000
v 3.5371105670928955e+000 6.0842514038085938e-001 -9.5658296346664429e-001
v 2.5445411205291748e+000 3.2520294189453125e-001 -9.9030148983001709e-001
v 2.8701510429382324e+000 7.0235443115234375e-001 -2.2814149856567383e+000
v 5.0538868904113770e+000 1.5243797302246094e+000 -2.4641098976135254e+000
v 4.3876929283142090e+000 1.4857254028320312e+000 -2.8657612800598145e+000
v 2.9097530841827393e+000 4.5421981811523438e-001 -1.7061243057250977e+000
v 3.9941463470458984e+000 1.0460662841796875e+000 -7.7690196037292480e-001
v 4.1807737350463867e+000 1.0200119018554687e+000 -1.8301258087158203e+000
v 3.9248435497283936e+000 1.0884590148925781e+000 -2.4064109325408936e+000
v 3.6380212306976318e+000 7.2852325439453125e-001 -2.0435183048248291e+000
v 1.3002332448959351e+000 3.5160064697265625e-001 -1.5202529430389404e+000
v 2.2511172294616699e+000 4.5191192626953125e-001 -1.4998565912246704e+000
v 1.6208037137985229e+000 3.9923858642578125e-001 -7.3485374450683594e-001
v 9.9601817131042480e-001 2.4617767333984375e-001 -9.9414038658142090e-001
v 2.1494863033294678e+000 4.5109176635742188e-001 -1.7799949645996094e-001
v 8.6956729888916016e+000 3.3535499572753906e+000 -1.0213737487792969e+000
v 7.9601163864135742e+000 3.3606262207031250e+000 -2.6667399406433105e+000
v 5.9497575759887695e+000 2.0564613342285156e+000 -1.5966767072677612e+000
v 6.8274564743041992e+000 2.5469589233398438e+000 -1.4087121486663818e+000
v 6.5421752929687500e+000 2.0135955810546875e+000 -1.0356571674346924e+000
v 6.2729821205139160e+000 1.9362716674804687e+000 -5.0805610418319702e-001
v 5.0984802246093750e+000 1.1606597900390625e+000 -1.3434121608734131e+000
v 5.5352101325988770e+000 1.9276504516601562e+000 -7.6286429166793823e-001
v 8.2595872879028320e+000 3.0148544311523438e+000 -1.8667265176773071e+000
v 7.3513479232788086e+000 3.2458381652832031e+000 -4.1000967025756836e+000
v 7.4687824249267578e+000 2.9154205322265625e+000 -1.6904494762420654e+000
v 6.2573838233947754e+000 2.8747444152832031e+000 -4.0655889511108398e+000
v 6.3319025039672852e+000 2.7398643493652344e+000 -3.1333479881286621e+000
v 8.0571813583374023e+000 2.8976135253906250e+000 -9.3484896421432495e-001
v 6.6639957427978516e+000 2.9474563598632812e+000 -3.8247835636138916e+000
v 7.3513517379760742e+000 3.0994453430175781e+000 -3.2502937316894531e+000
v 6.8054094314575195e+000 2.9918594360351562e+000 -2.4711337089538574e+000
v 6.1425094604492188e+000 2.3962707519531250e+000 -4.8679523468017578e+000
v 5.5507087707519531e+000 2.1622734069824219e+000 -2.8984198570251465e+000
v 6.4356079101562500e+000 2.5988540649414062e+000 -2.1309328079223633e+000
v 5.2630624771118164e+000 2.1222114562988281e+000 -4.8600721359252930e+000
v 5.8646817207336426e+000 2.3308753967285156e+000 -4.5326352119445801e+000
v 5.2570018768310547e+000 1.4409103393554687e+000 -1.9567803144454956e+000
v 5.5914049148559570e+000 2.2409019470214844e+000 -3.8577725887298584e+000
v 4.7813234329223633e+000 1.8371353149414062e+000 -3.7801792621612549e+000
v 6.0157089233398437e+000 2.4020805358886719e+000 -3.2517423629760742e+000
v 1.7987055778503418e+000 1.3942565917968750e+000 -7.9589405059814453e+000
v 1.6389322280883789e+000 1.2935218811035156e+000 -7.6601142883300781e+000
v 7.8613805770874023e-001 1.1678390502929687e+000 -7.6368875503540039e+000
v 2.5704002380371094e-001 1.5689888000488281e+000 -7.4026679992675781e+000
v 3.8486688137054443e+000 1.9447975158691406e+000 -7.3711814880371094e+000
v 3.0359158515930176e+000 1.5789947509765625e+000 -6.6174221038818359e+000
v 9.2323660850524902e-001 3.4428825378417969e+000 -7.8860149383544922e+000
v 1.7678039073944092e+000 3.2846641540527344e+000 -8.0807199478149414e+000
v 3.6313767433166504e+000 1.9349670410156250e+000 -8.4243764877319336e+000
v 3.1085314750671387e+000 1.4118804931640625e+000 -7.2328548431396484e+000
v 3.8262007236480713e+000 1.7031631469726562e+000 -7.8377227783203125e+000
v 1.4601292610168457e+000 2.1196060180664062e+000 -8.0915288925170898e+000
v 4.1260254383087158e-001 2.4297676086425781e+000 -7.8030424118041992e+000
v 1.2926183938980103e+000 2.6678962707519531e+000 -7.8882999420166016e+000
v 4.6420783996582031e+000 2.3882141113281250e+000 -7.3143558502197266e+000
v 4.7032299041748047e+000 3.0798912048339844e+000 -8.7458772659301758e+000
v 4.1473164558410645e+000 2.2889595031738281e+000 -7.5363044738769531e+000
v 2.8426446914672852e+000 1.1566925048828125e+000 -8.3335933685302734e+000
v 2.6938166618347168e+000 1.0777626037597656e+000 -7.9394760131835937e+000
v 2.4727706909179687e+000 1.3149604797363281e+000 -8.2721595764160156e+000
v 4.4986505508422852e+000 2.2894859313964844e+000 -6.3468866348266602e+000
v 4.1356968879699707e+000 2.3456230163574219e+000 -6.5994892120361328e+000
v 3.2162785530090332e+000 1.6679039001464844e+000 -5.3829374313354492e+000
v 1.9571198225021362e+000 2.2584152221679687e+000 -8.3023386001586914e+000
v 4.7770304679870605e+000 3.4860725402832031e+000 -9.0850553512573242e+000
v 4.0095806121826172e+000 1.7313346862792969e+000 -5.2503952980041504e+000
v 1.9501395225524902e+000 1.4047889709472656e+000 -7.1664962768554687e+000
v 3.6000456809997559e+000 1.9207496643066406e+000 -5.8150892257690430e+000
v 7.7440619468688965e-001 1.0442276000976562e+000 -5.0647006034851074e+000
v 2.5724983215332031e+000 1.3657836914062500e+000 -5.9559803009033203e+000
v 2.1717128753662109e+000 1.3836021423339844e+000 -6.0532464981079102e+000
v 4.4555830955505371e+000 1.8909530639648437e+000 -5.7587366104125977e+000
v 1.3013656139373779e+000 1.0014381408691406e+000 -5.8805875778198242e+000
v 1.4119042158126831e+000 1.1741294860839844e+000 -5.0538654327392578e+000
v 3.9548346996307373e+000 2.8086090087890625e+000 -8.5422115325927734e+000
v 4.9639768600463867e+000 2.7121047973632813e+000 -8.0535917282104492e+000
v 3.0226168632507324e+000 1.2035865783691406e+000 -7.0518598556518555e+000
v 3.1690530776977539e+000 2.2143020629882813e+000 -8.2386102676391602e+000
v 4.2714347839355469e+000 2.6254539489746094e+000 -7.9128875732421875e+000
v 3.8461346626281738e+000 3.2046241760253906e+000 -8.2869291305541992e+000
v 2.4871459007263184e+000 1.2136764526367187e+000 -7.0072889328002930e+000
v 2.9359371662139893e+000 3.0214195251464844e+000 -8.4606571197509766e+000
v 1.3183521032333374e+000 1.0847434997558594e+000 -7.1853113174438477e+000
v 1.2185425758361816e+000 1.1997070312500000e+000 -6.6384716033935547e+000
v 3.2174587249755859e-001 1.1667442321777344e+000 -6.0429897308349609e+000
v 5.4490456581115723e+000 3.2130279541015625e+000 -8.6088628768920898e+000
v 6.5549154281616211e+000 3.3953933715820313e+000 -9.5892028808593750e+000
v 6.1615047454833984e+000 2.8489265441894531e+000 -8.8814868927001953e+000
v 5.6005210876464844e+000 2.6932220458984375e+000 -8.2342195510864258e+000
v 5.5003356933593750e+000 2.6337585449218750e+000 -7.0113468170166016e+000
v 6.0984077453613281e+000 2.5956535339355469e+000 -6.6305551528930664e+000
v 6.0828795433044434e+000 3.1487960815429687e+000 -9.5117845535278320e+000
v 7.4447202682495117e+000 3.3208885192871094e+000 -4.8082809448242187e+000
v 6.8983163833618164e+000 2.9590492248535156e+000 -4.9382276535034180e+000
v 7.8423595428466797e+000 3.7920875549316406e+000 -5.0731997489929199e+000
v 7.0140638351440430e+000 3.3109130859375000e+000 -8.7631902694702148e+000
v 6.3881464004516602e+000 2.7118072509765625e+000 -5.8344736099243164e+000
v 6.1191854476928711e+000 2.8897438049316406e+000 -7.7930316925048828e+000
v 6.6990623474121094e+000 3.0226860046386719e+000 -7.7663545608520508e+000
v 5.1194000244140625e+000 2.4679870605468750e+000 -5.5577154159545898e+000
v 6.5932054519653320e+000 3.0075874328613281e+000 -6.4890270233154297e+000
v 6.9838914871215820e+000 3.0667648315429687e+000 -5.7081012725830078e+000
v 5.7162814140319824e+000 2.8320350646972656e+000 -7.3110351562500000e+000
v 7.1574182510375977e+000 3.8143844604492187e+000 -6.3874177932739258e+000
v 6.8901262283325195e+000 3.3399009704589844e+000 -6.8465328216552734e+000
v 9.4756708145141602e+000 3.9933853149414062e+000 -1.0619523525238037e+000
v 8.8470201492309570e+000 3.7159881591796875e+000 -1.2021037340164185e+000
v 9.0688047409057617e+000 3.8306312561035156e+000 -1.7561743259429932e+000
v 8.6048879623413086e+000 3.7126922607421875e+000 -3.7612025737762451e+000
v 8.7174816131591797e+000 4.4618835449218750e+000 -4.6692986488342285e+000
v 8.0850811004638672e+000 3.6766738891601562e+000 -4.3566446304321289e+000
v 9.2767133712768555e+000 4.0127372741699219e+000 -2.5661590099334717e+000
v 7.9282598495483398e+000 3.2605819702148437e+000 -3.5940675735473633e+000
v 9.5334005355834961e+000 4.6636695861816406e+000 -3.3534541130065918e+000
v 9.7315559387207031e+000 5.2266769409179687e+000 -2.5577840805053711e+000
v 9.6480760574340820e+000 6.2603340148925781e+000 -4.1695327758789062e+000
v 9.6949968338012695e+000 7.1083526611328125e+000 -4.0009307861328125e+000
v 9.3062868118286133e+000 4.0879478454589844e+000 -3.0595951080322266e+000
v 8.4139366149902344e+000 3.6062660217285156e+000 -3.0734958648681641e+000
v 8.6308374404907227e+000 3.7568206787109375e+000 -2.3162529468536377e+000
v 9.6899833679199219e+000 4.7369804382324219e+000 -1.0595811605453491e+000
v 9.4757413864135742e+000 5.7609252929687500e+000 -1.8186717033386230e+000
v 9.6102056503295898e+000 5.3488807678222656e+000 -1.3661756515502930e+000
v 9.6350393295288086e+000 4.4470024108886719e+000 -1.9673454761505127e+000
v 9.6651296615600586e+000 5.1746597290039062e+000 -1.1639237403869629e-002
v 8.9018888473510742e+000 5.2341575622558594e+000 -5.0658273696899414e+000
v 8.7855577468872070e+000 4.7108612060546875e+000 -4.4398212432861328e+000
v 8.9724473953247070e+000 4.4331359863281250e+000 -3.6702265739440918e+000
v 8.5712471008300781e+000 4.5748138427734375e+000 -4.1125831604003906e+000
v 9.7450819015502930e+000 6.0046730041503906e+000 -5.0250086784362793e+000
v 9.7551488876342773e+000 6.1577224731445313e+000 -3.3549952507019043e+000
v 9.5793561935424805e+000 5.4864883422851563e+000 -4.4637231826782227e+000
v 9.3618011474609375e+000 5.1895446777343750e+000 -4.0492272377014160e+000
v 9.4749794006347656e+000 5.4534683227539062e+000 -3.3924717903137207e+000
v 9.8917541503906250e+000 7.5263023376464844e+000 -4.8305530548095703e+000
v 9.9944877624511719e+000 8.3334808349609375e+000 -1.6050888299942017e+000
v 1.0005770683288574e+001 7.8939476013183594e+000 -3.8199024200439453e+000
v 1.0230757713317871e+001 6.5940284729003906e+000 -2.4270057678222656e-001
v 9.8765497207641602e+000 8.0591278076171875e+000 -4.4904451370239258e+000
v 9.8675889968872070e+000 7.1895599365234375e+000 -3.5087110996246338e+000
v 9.8509082794189453e+000 6.9685211181640625e+000 -2.2021975517272949e+000
v 9.8331966400146484e+000 6.1479797363281250e+000 -2.7920269966125488e+000
v 1.0092273712158203e+001 7.4623222351074219e+000 -2.7896609306335449e+000
v 9.8075876235961914e+000 7.3179550170898437e+000 -8.4607923030853271e-001
v 1.0423185348510742e+001 6.2385635375976563e+000 -4.4505453109741211e-001
v 1.0118477821350098e+001 5.7695465087890625e+000 -1.9030189514160156e-001
v 9.8727703094482422e+000 5.9174728393554687e+000 -7.9389953613281250e-001
v 9.8454980850219727e+000 6.2664375305175781e+000 -1.6705231666564941e+000
v 9.8848934173583984e+000 7.3114013671875000e+000 -1.5747019052505493e+000
v 9.7820272445678711e+000 6.4044761657714844e+000 -1.0771341323852539e+000
v 3.9232478141784668e+000 8.5056610107421875e+000 -9.4138631820678711e+000
v 4.1212463378906250e+000 8.0304069519042969e+000 -9.4172363281250000e+000
v 4.4671144485473633e+000 7.4520454406738281e+000 -9.6787528991699219e+000
v 3.2766976356506348e+000 5.9140663146972656e+000 -9.1470918655395508e+000
v 2.6296396255493164e+000 6.6351203918457031e+000 -9.6450967788696289e+000
v 4.8277502059936523e+000 4.3750572204589844e+000 -9.0642576217651367e+000
v 2.5549333095550537e+000 3.3529129028320313e+000 -8.2629528045654297e+000
v 8.6960971355438232e-001 3.7686767578125000e+000 -7.9887943267822266e+000
v 1.3513076305389404e+000 8.5072212219238281e+000 -9.6908035278320312e+000
v 2.5734663009643555e-001 4.6018257141113281e+000 -7.7551479339599609e+000
v 9.5322275161743164e-001 4.2133750915527344e+000 -7.7170753479003906e+000
v 2.3047547340393066e+000 4.4620094299316406e+000 -8.3316183090209961e+000
v 3.1866953372955322e+000 3.7177009582519531e+000 -8.1188478469848633e+000
v 5.6705415248870850e-001 7.9790573120117188e+000 -9.1228713989257812e+000
v 1.5631096363067627e+000 4.9324150085449219e+000 -7.9761075973510742e+000
v 3.2056992053985596e+000 7.5329360961914062e+000 -9.7069730758666992e+000
v 2.1414387226104736e+000 6.6585655212402344e+000 -8.9126796722412109e+000
v 2.9842419624328613e+000 8.0936660766601562e+000 -9.5549507141113281e+000
v 1.5212757587432861e+000 7.3311271667480469e+000 -9.2177467346191406e+000
v 1.2045602798461914e+000 5.0040855407714844e+000 -7.7299337387084961e+000
v 2.0278728008270264e+000 5.7412338256835938e+000 -7.9853420257568359e+000
v 2.7712752819061279e+000 6.3117904663085937e+000 -8.8167514801025391e+000
v 1.2352803945541382e+000 6.2496528625488281e+000 -7.6645746231079102e+000
v 2.6071269512176514e+000 5.5963287353515625e+000 -8.4764852523803711e+000
v 1.2844926118850708e+000 6.7891845703125000e+000 -8.5162849426269531e+000
v 3.0751895904541016e+000 5.2633438110351562e+000 -8.5085287094116211e+000
v 4.8715519905090332e-001 7.7357330322265625e+000 -8.6824741363525391e+000
v 3.6509051322937012e+000 5.8048400878906250e+000 -9.5204782485961914e+000
v 4.3339056968688965e+000 4.8201065063476562e+000 -9.0163602828979492e+000
v 1.8287370204925537e+000 6.2236900329589844e+000 -8.0932970046997070e+000
v 1.0100399255752563e+000 6.5281028747558594e+000 -8.0659418106079102e+000
v 3.7622518539428711e+000 4.8453903198242188e+000 -8.7237148284912109e+000
v 3.4058032035827637e+000 4.3784866333007812e+000 -8.3871583938598633e+000
v 4.4639596939086914e+000 4.3208389282226562e+000 -8.5695152282714844e+000
v 1.6881734132766724e+000 7.4686050415039063e+000 -9.6240482330322266e+000
v 2.1307420730590820e+000 7.3940124511718750e+000 -1.0017800331115723e+001
v 4.5752029418945313e+000 5.3466720581054687e+000 -9.9423017501831055e+000
v 6.2732827663421631e-001 6.1582260131835938e+000 -7.5524702072143555e+000
v 3.6791043281555176e+000 6.9709167480468750e+000 -9.6812381744384766e+000
v 2.6898968219757080e+000 3.9848327636718750e+000 -8.5021295547485352e+000
v 8.1769170761108398e+000 6.8706283569335938e+000 -9.4288883209228516e+000
v 7.8932294845581055e+000 5.8389816284179687e+000 -9.2098522186279297e+000
v 8.2467517852783203e+000 6.8507614135742187e+000 -8.9054698944091797e+000
v 7.5328102111816406e+000 6.2006340026855469e+000 -9.8807516098022461e+000
v 5.9116845130920410e+000 7.7745475769042969e+000 -9.8226766586303711e+000
v 8.8052988052368164e+000 7.3881492614746094e+000 -7.8735361099243164e+000
v 9.1724624633789062e+000 7.9079551696777344e+000 -7.2431087493896484e+000
v 8.4922246932983398e+000 8.0198593139648437e+000 -8.9713497161865234e+000
v 8.9480991363525391e+000 8.4926948547363281e+000 -7.4236888885498047e+000
v 8.6168165206909180e+000 8.0714569091796875e+000 -8.2295083999633789e+000
v 4.8869824409484863e+000 7.0867500305175781e+000 -9.6738891601562500e+000
v 9.0614604949951172e+000 7.1799468994140625e+000 -7.6855268478393555e+000
v 8.5908622741699219e+000 7.4434623718261719e+000 -8.4009084701538086e+000
v 5.5356178283691406e+000 4.4559822082519531e+000 -9.4915094375610352e+000
v 5.1453409194946289e+000 4.9430046081542969e+000 -9.5412378311157227e+000
v 8.3573427200317383e+000 5.0298500061035156e+000 -5.8665208816528320e+000
v 7.6897277832031250e+000 4.3006401062011719e+000 -5.8330564498901367e+000
v 7.1304264068603516e+000 4.1261482238769531e+000 -9.6253471374511719e+000
v 6.0695295333862305e+000 4.7122917175292969e+000 -9.7547502517700195e+000
v 7.0326309204101563e+000 5.2010993957519531e+000 -9.3460292816162109e+000
v 7.2854871749877930e+000 4.4009132385253906e+000 -8.9311561584472656e+000
v 6.3778934478759766e+000 4.3070945739746094e+000 -9.5855455398559570e+000
v 5.2551336288452148e+000 3.4654045104980469e+000 -9.4366645812988281e+000
v 7.1710109710693359e+000 3.9562950134277344e+000 -9.0372114181518555e+000
v 7.4871902465820313e+000 4.9115104675292969e+000 -9.3124771118164062e+000
v 8.1750230789184570e+000 6.1446342468261719e+000 -8.7292823791503906e+000
v 9.4748325347900391e+000 8.0475883483886719e+000 -6.5360307693481445e+000
v 9.0417070388793945e+000 7.1668472290039062e+000 -6.6580390930175781e+000
v 9.7303161621093750e+000 8.0394401550292969e+000 -5.5452661514282227e+000
v 9.2276248931884766e+000 6.7080574035644531e+000 -5.8630876541137695e+000
v 6.8954248428344727e+000 3.3678588867187500e+000 -8.2731037139892578e+000
v 8.4488334655761719e+000 6.6797790527343750e+000 -8.4125795364379883e+000
v 7.0969343185424805e+000 3.7592086791992187e+000 -7.6436796188354492e+000
v 8.2902402877807617e+000 6.4014472961425781e+000 -7.7508630752563477e+000
v 7.8867321014404297e+000 5.5215950012207031e+000 -8.0200824737548828e+000
v 7.5030736923217773e+000 4.4445495605468750e+000 -7.9816064834594727e+000
v 8.5344638824462891e+000 5.6442985534667969e+000 -6.5429143905639648e+000
v 7.8626670837402344e+000 5.0043029785156250e+000 -8.4723806381225586e+000
v 8.3518953323364258e+000 6.0058059692382812e+000 -7.5725660324096680e+000
v 8.2908763885498047e+000 5.4443740844726563e+000 -6.7251634597778320e+000
v 8.8714494705200195e+000 6.6107864379882812e+000 -6.6060409545898437e+000
v 8.7297306060791016e+000 6.7613563537597656e+000 -7.5797948837280273e+000
v 6.8733777999877930e+000 7.2567710876464844e+000 -9.7435636520385742e+000
v 7.2803192138671875e+000 7.7914581298828125e+000 -9.2903242111206055e+000
v 7.5591468811035156e+000 7.4332199096679687e+000 -9.3648910522460937e+000
v 9.3653078079223633e+000 6.1080513000488281e+000 -5.2700405120849609e+000
v 8.4483652114868164e+000 6.1763153076171875e+000 -6.0155696868896484e+000
v 7.7647857666015625e+000 4.5843238830566406e+000 -6.4989805221557617e+000
v 7.6635770797729492e+000 4.8418045043945313e+000 -7.7083196640014648e+000
v 7.3287477493286133e+000 4.5249671936035156e+000 -7.1258325576782227e+000
v 8.1988239288330078e+000 4.6856422424316406e+000 -6.0716676712036133e+000
v 9.8013582229614258e+000 7.1658287048339844e+000 -5.3044366836547852e+000
v 4.2023491859436035e+000 6.0901489257812500e+000 -1.0274677276611328e+001
v 4.1015691757202148e+000 6.7160797119140625e+000 -9.9517679214477539e+000
v 3.4964029788970947e+000 6.2891616821289062e+000 -1.0089692115783691e+001
v 3.1836013793945313e+000 6.1563110351562500e+000 -1.0093761444091797e+001
v 1.9797084331512451e+000 8.0129776000976563e+000 -9.9323177337646484e+000
v 2.5624878406524658e+000 6.8234062194824219e+000 -1.0010061264038086e+001
v 6.2336702346801758e+000 5.9012565612792969e+000 -1.0401888847351074e+001
v 5.2825894355773926e+000 6.2017402648925781e+000 -1.0297637939453125e+001
v 5.9261054992675781e+000 5.4718589782714844e+000 -9.9767208099365234e+000
v 7.1610631942749023e+000 5.9216690063476563e+000 -9.8500795364379883e+000
v 6.7263698577880859e+000 6.5549392700195312e+000 -9.8351001739501953e+000
v 5.7636752128601074e+000 6.9116401672363281e+000 -1.0048209190368652e+001
v 6.7029209136962891e+000 5.4892387390136719e+000 -1.0105024337768555e+001
v 4.7380762100219727e+000 5.6671142578125000e+000 -1.0231121063232422e+001
v 5.4854860305786133e+000 5.2896804809570312e+000 -9.7049837112426758e+000
v 4.6218490600585938e+000 1.2781616210937500e+001 -2.6629452705383301e+000
v 3.5492079257965088e+000 1.2973484039306641e+001 -8.3717894554138184e-001
v 4.5931878089904785e+000 1.2663841247558594e+001 -6.4538335800170898e-001
v 4.1453042030334473e+000 1.2816389083862305e+001 -1.2001202106475830e+000
v 9.2155036926269531e+000 8.9904861450195313e+000 -3.0454041957855225e+000
v 8.4760980606079102e+000 9.5070075988769531e+000 -1.9765641689300537e+000
v 9.4366960525512695e+000 9.0795860290527344e+000 -2.3332619667053223e+000
v 8.6416749954223633e+000 9.8163719177246094e+000 -2.4754774570465088e+000
v 8.8897180557250977e+000 9.2389030456542969e+000 -2.4348993301391602e+000
v 7.4495668411254883e+000 1.0880119323730469e+001 -2.3863239288330078e+000
v 7.3805589675903320e+000 1.1519109725952148e+001 -2.4229762554168701e+000
v 8.0039091110229492e+000 9.9242362976074219e+000 -2.0589833259582520e+000
v 9.6194858551025391e+000 8.6412582397460937e+000 -4.1820063591003418e+000
v 6.9657325744628906e+000 1.2413728713989258e+001 -4.6133937835693359e+000
v 7.2647886276245117e+000 1.1097879409790039e+001 -1.7511003017425537e+000
v 6.2826652526855469e+000 1.2205957412719727e+001 -2.5396928787231445e+000
v 9.0796003341674805e+000 8.8056144714355469e+000 -3.5363492965698242e+000
v 8.5558805465698242e+000 9.0788574218750000e+000 -3.1116843223571777e+000
v 7.5461025238037109e+000 1.1604185104370117e+001 -5.0467081069946289e+000
v 7.2282838821411133e+000 1.1001689910888672e+001 -4.1129083633422852e+000
v 7.6856250762939453e+000 1.0481214523315430e+001 -3.3959865570068359e+000
v 8.9924316406250000e+000 9.3336448669433594e+000 -4.3427413702011108e-001
v 7.1925258636474609e+000 1.1699537277221680e+001 -3.1049447059631348e+000
v 7.2378644943237305e+000 1.1785070419311523e+001 -3.6848707199096680e+000
v 9.0653457641601562e+000 9.2148818969726562e+000 -1.4222978353500366e+000
v 8.4244508743286133e+000 1.0156482696533203e+001 -5.3066139221191406e+000
v 7.8347635269165039e+000 1.0316371917724609e+001 -1.9513645172119141e+000
v 8.2663583755493164e+000 9.7922058105468750e+000 -3.4525825977325439e+000
v 7.2156295776367187e+000 1.0674991607666016e+001 -1.3183965682983398e+000
v 6.9184112548828125e+000 1.1078029632568359e+001 -6.9146013259887695e-001
v 7.3184223175048828e+000 1.0078941345214844e+001 -7.7734243869781494e-001
v 6.6695652008056641e+000 1.2250585556030273e+001 -2.3522558212280273e+000
v 9.2120532989501953e+000 8.9715652465820312e+000 -4.7609009742736816e+000
v 9.3121118545532227e+000 8.5560073852539062e+000 -5.0016765594482422e+000
v 8.7185297012329102e+000 9.2847175598144531e+000 -4.0780324935913086e+000
v 6.0142993927001953e+000 1.2004278182983398e+001 -3.9055794477462769e-001
v 8.7224655151367188e+000 9.4337425231933594e+000 -4.8592844009399414e+000
v 8.0628385543823242e+000 1.0355186462402344e+001 -4.4852867126464844e+000
v 4.7498488426208496e+000 1.2032377243041992e+001 -7.4905788898468018e-001
v 4.7727355957031250e+000 1.2624935150146484e+001 -1.5259118080139160e+000
v 8.5401477813720703e+000 9.7710533142089844e+000 -4.2560539245605469e+000
v 5.5036649703979492e+000 1.2330921173095703e+001 -1.8988380432128906e+000
v 9.0300731658935547e+000 8.6855316162109375e+000 -4.2216515541076660e+000
v 6.8529167175292969e+000 1.1741119384765625e+001 -4.4056930541992187e+000
v 7.3518657684326172e+000 1.2176473617553711e+001 -4.8839011192321777e+000
v 8.0775594711303711e+000 1.0217498779296875e+001 -2.9656710624694824e+000
v 7.9530754089355469e+000 1.0221225738525391e+001 -4.0932617187500000e+000
v 7.7318944931030273e+000 1.0852220535278320e+001 -2.8165373802185059e+000
v 5.1546802520751953e+000 1.1949563980102539e+001 -1.2287212610244751e+000
v 6.0855221748352051e+000 1.1830272674560547e+001 -1.4474073648452759e+000
v 5.6475586891174316e+000 1.2049455642700195e+001 -1.6083924770355225e+000
v 5.7539291381835937e+000 1.2870803833007813e+001 -3.2539920806884766e+000
v 6.3777151107788086e+000 1.2490457534790039e+001 -3.4683392047882080e+000
v 6.7044229507446289e+000 1.1946048736572266e+001 -1.5071513652801514e+000
v 6.4602022171020508e+000 1.1636634826660156e+001 -5.5091392993927002e-001
v 6.7965106964111328e+000 1.1492929458618164e+001 -1.3251974582672119e+000
v 5.6395788192749023e+000 1.1704246520996094e+001 -9.0081495046615601e-001
v 8.2752313613891602e+000 1.0483003616333008e+001 -5.6613731384277344e+000
v 8.7819118499755859e+000 9.9543838500976563e+000 -4.6799392700195313e+000
v 7.6729879379272461e+000 1.0984693527221680e+001 -4.9043006896972656e+000
v 9.4240417480468750e+000 8.7074470520019531e+000 -2.5219523906707764e+000
v 5.3812098503112793e+000 1.2944015502929687e+001 -3.7103021144866943e+000
v 6.9357509613037109e+000 1.2565431594848633e+001 -3.4593710899353027e+000
v 5.7225046157836914e+000 1.2457441329956055e+001 -2.7941498756408691e+000
v 7.4740819931030273e+000 9.9046325683593750e+000 -1.5004801750183105e+000
v 7.7264738082885742e+000 9.7297554016113281e+000 -4.5630800724029541e-001
v 8.0236797332763672e+000 9.6499290466308594e+000 -1.5186933279037476e+000
v 6.6506071090698242e+000 1.2816888809204102e+001 -4.6959018707275391e+000
v 6.6507778167724609e+000 1.2579259872436523e+001 -4.0279707908630371e+000
v 1.0032568931579590e+001 8.5527915954589844e+000 -2.3111104965209961e+000
v 9.9721460342407227e+000 8.5586700439453125e+000 -1.2786700725555420e+000
v 9.9207468032836914e+000 8.4037818908691406e+000 -7.5333464145660400e-001
v 1.0087395668029785e+001 8.3382415771484375e+000 -3.1538491249084473e+000
v 2.4273319244384766e+000 1.1361431121826172e+001 -9.4473371505737305e+000
v 9.7156667709350586e-001 1.0517562866210937e+001 -9.4885091781616211e+000
v 5.6197130680084229e-001 9.6394309997558594e+000 -9.4314517974853516e+000
v 1.0913776159286499e+000 1.1508169174194336e+001 -9.4196968078613281e+000
v 2.5251741409301758e+000 1.0750272750854492e+001 -9.6626043319702148e+000
v 1.7472698688507080e+000 1.1182407379150391e+001 -9.5191812515258789e+000
v 2.9805879592895508e+000 1.0065731048583984e+001 -9.5801658630371094e+000
v 3.5734562873840332e+000 1.0760860443115234e+001 -9.3657035827636719e+000
v 2.0349836349487305e-001 1.0017883300781250e+001 -9.3775596618652344e+000
v 4.6487748622894287e-001 1.1193208694458008e+001 -9.6920356750488281e+000
v 2.1364235877990723e+000 9.8573760986328125e+000 -9.7530946731567383e+000
v 1.7599227428436279e+000 1.0294866561889648e+001 -9.5041427612304687e+000
v 4.2403697967529297e+000 1.0249858856201172e+001 -9.2438383102416992e+000
v 3.6197886466979980e+000 8.3624649047851562e+000 -9.6512985229492187e+000
v 3.5737957954406738e+000 9.3666915893554687e+000 -9.3328485488891602e+000
v 4.8888492584228516e+000 8.6188507080078125e+000 -9.6303234100341797e+000
v 2.8208518028259277e+000 9.3783226013183594e+000 -9.4153127670288086e+000
v -7.1583271026611328e-002 1.1566450119018555e+001 -9.7663116455078125e+000
v 3.4312763214111328e+000 1.1371477127075195e+001 -9.2652683258056641e+000
v 7.9275119304656982e-001 1.2362957000732422e+001 -9.2908630371093750e+000
v 3.7951459884643555e+000 1.1235839843750000e+001 -9.1037387847900391e+000
v 4.8481206893920898e+000 1.0502267837524414e+001 -9.2534780502319336e+000
v 4.9113354682922363e+000 1.1648506164550781e+001 -9.0258159637451172e+000
v 3.0751881599426270e+000 1.2612966537475586e+001 -9.0358943939208984e+000
v 3.4445846080780029e+000 1.2058408737182617e+001 -9.1338138580322266e+000
v 1.6659369468688965e+000 1.2289411544799805e+001 -9.1144084930419922e+000
v 3.4735727310180664e+000 1.2606159210205078e+001 -8.7733144760131836e+000
v 1.0497251749038696e+000 8.9970016479492187e+000 -9.7667474746704102e+000
v 4.7291173934936523e+000 1.2366327285766602e+001 -8.7720823287963867e+000
v 2.1754996776580811e+000 9.1459960937500000e+000 -9.6174173355102539e+000
v 4.0820589065551758e+000 1.2478055953979492e+001 -8.7591352462768555e+000
v 3.9013683795928955e+000 9.9789276123046875e+000 -9.3184194564819336e+000
v 4.5925912857055664e+000 9.1201477050781250e+000 -9.3401365280151367e+000
v 4.6712765693664551e+000 1.1100162506103516e+001 -9.4405088424682617e+000
v 4.2710270881652832e+000 1.1910192489624023e+001 -9.0585460662841797e+000
v 8.6369190216064453e+000 1.0523666381835937e+001 -6.8193616867065430e+000
v 8.1609344482421875e+000 1.1142791748046875e+001 -8.0539674758911133e+000
v 8.2503862380981445e+000 1.1415620803833008e+001 -7.6599760055541992e+000
v 7.6644659042358398e+000 1.1784652709960937e+001 -8.0893764495849609e+000
v 8.1127815246582031e+000 1.2118570327758789e+001 -7.2711057662963867e+000
v 7.4171047210693359e+000 1.0012222290039062e+001 -8.7895612716674805e+000
v 6.7285137176513672e+000 1.0325387954711914e+001 -9.1671972274780273e+000
v 6.8711099624633789e+000 9.8418655395507812e+000 -8.8367700576782227e+000
v 7.5441436767578125e+000 9.3364791870117188e+000 -9.2051134109497070e+000
v 6.7118701934814453e+000 9.3009567260742187e+000 -9.1467800140380859e+000
v 8.3601655960083008e+000 1.0617418289184570e+001 -8.0717840194702148e+000
v 5.4366331100463867e+000 8.1972923278808594e+000 -9.6812009811401367e+000
v 5.3333435058593750e+000 9.3803215026855469e+000 -9.4246406555175781e+000
v 7.5101518630981445e+000 1.1795980453491211e+001 -7.5591249465942383e+000
v 8.6446247100830078e+000 8.4325027465820312e+000 -8.4196376800537109e+000
v 6.3256959915161133e+000 8.4419937133789062e+000 -9.3831920623779297e+000
v 6.9747076034545898e+000 8.3251113891601562e+000 -9.3363094329833984e+000
v 7.6616935729980469e+000 8.7466621398925781e+000 -9.0284786224365234e+000
v 8.3580284118652344e+000 1.0958015441894531e+001 -6.8892946243286133e+000
v 9.1119298934936523e+000 8.9962539672851562e+000 -6.5812072753906250e+000
v 8.1944580078125000e+000 8.9317131042480469e+000 -8.6883525848388672e+000
v 7.7190208435058594e+000 1.2423107147216797e+001 -5.5355844497680664e+000
v 8.6057004928588867e+000 1.0382520675659180e+001 -6.1698246002197266e+000
v 7.2228059768676758e+000 1.2824626922607422e+001 -6.3496093750000000e+000
v 8.8607997894287109e+000 1.0054573059082031e+001 -6.7977914810180664e+000
v 7.9048738479614258e+000 1.1420219421386719e+001 -5.3318281173706055e+000
v 8.9766311645507813e+000 9.2916641235351562e+000 -7.0523824691772461e+000
v 8.7675180435180664e+000 9.1934356689453125e+000 -7.7383403778076172e+000
v 7.3022956848144531e+000 1.2183620452880859e+001 -8.6312398910522461e+000
v 6.5901556015014648e+000 1.2632690429687500e+001 -8.5683622360229492e+000
v 8.4213695526123047e+000 1.0037746429443359e+001 -7.9254751205444336e+000
v 5.6055364608764648e+000 1.1554073333740234e+001 -9.1412487030029297e+000
v 5.4027996063232422e+000 1.0227405548095703e+001 -9.3789482116699219e+000
v 5.7563800811767578e+000 1.0834331512451172e+001 -9.2299976348876953e+000
v 5.9951295852661133e+000 9.8241767883300781e+000 -9.3059720993041992e+000
v 8.7341766357421875e+000 1.0596828460693359e+001 -7.4655246734619141e+000
v 6.9917345046997070e+000 1.1342802047729492e+001 -8.8790769577026367e+000
v 6.3609361648559570e+000 1.1364877700805664e+001 -9.2014474868774414e+000
v 7.7196855545043945e+000 1.0089767456054687e+001 -8.3939409255981445e+000
v 7.6175479888916016e+000 1.1503128051757812e+001 -8.6663112640380859e+000
v 7.6908884048461914e+000 1.2442533493041992e+001 -6.7808170318603516e+000
v 6.4651746749877930e+000 1.1973766326904297e+001 -9.0179691314697266e+000
v 7.2510023117065430e+000 1.2609537124633789e+001 -7.0510358810424805e+000
v 6.9097633361816406e+000 1.2327182769775391e+001 -7.2460556030273438e+000
v 6.7958383560180664e+000 1.3141792297363281e+001 -6.2691164016723633e+000
v 7.0257902145385742e+000 1.2939441680908203e+001 -5.5213012695312500e+000
v 9.4235391616821289e+000 9.2565002441406250e+000 -6.0664358139038086e+000
v 6.3330402374267578e+000 1.3078845977783203e+001 -6.3708429336547852e+000
v 9.0509586334228516e+000 9.4600982666015625e+000 -5.5915384292602539e+000
v 9.0983047485351562e+000 9.7719116210937500e+000 -6.2726640701293945e+000
v 6.3413515090942383e+000 1.2760087966918945e+001 -7.7421073913574219e+000
v 5.3894319534301758e+000 1.2544538497924805e+001 -8.6902494430541992e+000
v 8.5406017303466797e+000 9.7617073059082031e+000 -5.6724605560302734e+000
v 6.0416765213012695e+000 1.3307773590087891e+001 -7.0835151672363281e+000
v 9.4884634017944336e+000 8.8427810668945313e+000 -6.3320903778076172e+000
v 9.2439699172973633e+000 8.7598304748535156e+000 -5.7779941558837891e+000
v 9.0172328948974609e+000 8.9562339782714844e+000 -5.6454887390136719e+000
v 6.7524862289428711e+000 1.2700336456298828e+001 -7.0005350112915039e+000
v 8.2917394638061523e+000 9.2502708435058594e+000 -8.0694456100463867e+000
v 8.2088403701782227e+000 1.1788051605224609e+001 -6.2532720565795898e+000
v 8.1855220794677734e+000 1.1620992660522461e+001 -5.8570213317871094e+000
v 1.9197939634323120e+000 1.5787380218505859e+001 -5.0980396270751953e+000
v 3.3363451957702637e+000 1.4631423950195313e+001 -4.4160575866699219e+000
v 7.6488566398620605e-001 1.5772001266479492e+001 -1.1125254631042480e+000
v 2.7103276252746582e+000 1.5144792556762695e+001 -4.7883467674255371e+000
v 3.4759702682495117e+000 1.4082715988159180e+001 -4.0899286270141602e+000
v 5.6863379478454590e-001 1.6427394866943359e+001 -3.8952817916870117e+000
v 2.2204933166503906e+000 1.5283670425415039e+001 -5.0038480758666992e+000
v 3.3969345092773438e+000 1.3841392517089844e+001 -3.3304264545440674e+000
v 2.5664522647857666e+000 1.3918584823608398e+001 -3.8445742130279541e+000
v 7.3085486888885498e-001 1.5308290481567383e+001 -3.9947146177291870e-001
v 2.3393657207489014e+000 1.4705690383911133e+001 -4.2603273391723633e+000
v 1.9610469341278076e+000 1.4923131942749023e+001 -3.9550266265869141e+000
v 1.6842280626296997e+000 1.5241678237915039e+001 -1.7552176713943481e+000
v 2.3874642848968506e+000 1.3998680114746094e+001 -6.3170158863067627e-001
v 2.0487010478973389e+000 1.4519308090209961e+001 -1.2290190458297729e+000
v 6.2551665306091309e-001 1.6765205383300781e+001 -5.8227205276489258e+000
v 4.7496776580810547e+000 1.3797557830810547e+001 -5.0643787384033203e+000
v 7.5216388702392578e-001 1.6552457809448242e+001 -5.1793899536132812e+000
v 1.1489361524581909e+000 1.6290979385375977e+001 -4.1525030136108398e+000
v 1.5884829759597778e+000 1.5984973907470703e+001 -3.7878985404968262e+000
v 1.2910473346710205e+000 1.5706895828247070e+001 -2.7917888164520264e+000
v 1.5782458782196045e+000 1.5440761566162109e+001 -4.7901263236999512e+000
v 4.2247834205627441e+000 1.4211341857910156e+001 -4.8323345184326172e+000
v 4.8538775444030762e+000 1.3660282135009766e+001 -4.2447977066040039e+000
v 2.2377901077270508e+000 1.5432609558105469e+001 -2.5772573947906494e+000
v 5.6048345565795898e+000 1.3542505264282227e+001 -4.4260377883911133e+000
v 1.6661636829376221e+000 1.5286445617675781e+001 -3.6855115890502930e+000
v 1.6458392143249512e+000 1.5653045654296875e+001 -3.2143602371215820e+000
v 1.8770097494125366e+000 1.5050001144409180e+001 -3.1642112731933594e+000
v 2.9108479022979736e+000 1.3909587860107422e+001 -1.5980688333511353e+000
v 2.6612806320190430e+000 1.3608224868774414e+001 -1.0179700851440430e+000
v 1.7154049873352051e-001 1.5535285949707031e+001 -2.4618179798126221e+000
v 2.1166794300079346e+000 1.4544967651367187e+001 -2.4268989562988281e+000
v 4.7145872116088867e+000 1.3112073898315430e+001 -2.9860792160034180e+000
v 2.8620836734771729e+000 1.4114858627319336e+001 -2.3845207691192627e+000
v 2.0129373073577881e+000 1.4303028106689453e+001 -3.4640638828277588e+000
v 3.3111817836761475e+000 1.3909925460815430e+001 -2.1786522865295410e+000
v 3.1775546073913574e+000 1.3320444107055664e+001 -1.5664606094360352e+000
v 2.7818570137023926e+000 1.3969949722290039e+001 -3.4785387516021729e+000
v 3.0244879722595215e+000 1.3353368759155273e+001 -8.3692348003387451e-001
v 1.7187433242797852e+000 1.5578290939331055e+001 -2.1147189140319824e+000
v 1.2825850248336792e+000 1.4795522689819336e+001 -9.8465514183044434e-001
v 1.1958442926406860e+000 1.5598257064819336e+001 -1.5924975872039795e+000
v 4.2329430580139160e+000 1.3100582122802734e+001 -2.0573966503143311e+000
v 8.5827338695526123e-001 1.5826539993286133e+001 -3.0561034679412842e+000
v 9.0921306610107422e-001 1.5813226699829102e+001 -2.0469274520874023e+000
v 1.1548683643341064e+000 1.5889719009399414e+001 -3.4836151599884033e+000
v 3.9981613159179687e+000 1.3487436294555664e+001 -3.6547861099243164e+000
v 4.1210594177246094e+000 1.3511070251464844e+001 -2.9711241722106934e+000
v 4.7994184494018555e+000 1.3328088760375977e+001 -3.6963872909545898e+000
v 1.9908053874969482e+000 1.4427509307861328e+001 -1.9182313680648804e+000
v 5.9951677322387695e+000 1.3785739898681641e+001 -4.9382219314575195e+000
v 6.0641460418701172e+000 1.3193975448608398e+001 -4.5983691215515137e+000
v 6.3781614303588867e+000 1.3231698989868164e+001 -5.5175189971923828e+000
v 6.0904157161712646e-001 1.6255174636840820e+001 -8.9738969802856445e+000
v 3.1156041622161865e+000 1.5602399826049805e+001 -5.8886537551879883e+000
v 2.4906578063964844e+000 1.5431474685668945e+001 -5.6424722671508789e+000
v 2.4175720214843750e+000 1.6324157714843750e+001 -7.0650672912597656e+000
v 3.4233891963958740e+000 1.5608968734741211e+001 -6.3029079437255859e+000
v 1.4576959609985352e-001 1.6663211822509766e+001 -8.4861030578613281e+000
v 6.4702463150024414e-001 1.4792440414428711e+001 -9.2674636840820312e+000
v 8.0378818511962891e-001 1.6768291473388672e+001 -7.9147405624389648e+000
v 4.4833073616027832e+000 1.4552284240722656e+001 -6.1860704421997070e+000
v 1.9383018016815186e+000 1.4254014968872070e+001 -9.1968793869018555e+000
v 9.6727538108825684e-001 1.6190040588378906e+001 -8.4082965850830078e+000
v 5.0955109596252441e+000 1.3973848342895508e+001 -6.5678386688232422e+000
v 1.3890771865844727e+000 1.6604942321777344e+001 -7.6906261444091797e+000
v 5.1355304718017578e+000 1.3976898193359375e+001 -5.9890327453613281e+000
v 4.4925465583801270e+000 1.4168296813964844e+001 -5.4446392059326172e+000
v 4.2005853652954102e+000 1.4643541336059570e+001 -5.4177198410034180e+000
v 3.7038712501525879e+000 1.5225252151489258e+001 -7.5762901306152344e+000
v 3.2209181785583496e-001 1.6946992874145508e+001 -6.6341161727905273e+000
v 2.6841015815734863e+000 1.5894746780395508e+001 -6.7313671112060547e+000
v 2.4854152202606201e+000 1.4924940109252930e+001 -7.7861642837524414e+000
v 1.6923758983612061e+000 1.6811885833740234e+001 -7.2499246597290039e+000
v 1.5028985738754272e+000 1.6649717330932617e+001 -6.4881439208984375e+000
v 3.2944679260253906e+000 1.5395246505737305e+001 -7.0587062835693359e+000
v 2.2172269821166992e+000 1.6339267730712891e+001 -6.3467407226562500e+000
v 4.1001186370849609e+000 1.4036960601806641e+001 -8.2846441268920898e+000
v 4.2393460273742676e+000 1.4094976425170898e+001 -8.0462083816528320e+000
v 1.3309053182601929e+000 1.5842367172241211e+001 -5.1884412765502930e+000
v 4.9802179336547852e+000 1.4464090347290039e+001 -7.1428947448730469e+000
v 4.2481632232666016e+000 1.4798530578613281e+001 -7.2642383575439453e+000
v 3.3018333911895752e+000 1.4868959426879883e+001 -5.1053051948547363e+000
v 1.6765305995941162e+000 1.6027803421020508e+001 -7.4880084991455078e+000
v 3.1839144229888916e+000 1.4151895523071289e+001 -8.3136272430419922e+000
v 1.4136977195739746e+000 1.6229249954223633e+001 -6.2247552871704102e+000
v 2.3878130912780762e+000 1.4218393325805664e+001 -8.9764900207519531e+000
v 2.2441322803497314e+000 1.4783046722412109e+001 -8.1764364242553711e+000
v 4.1239440441131592e-001 1.7104587554931641e+001 -5.7694749832153320e+000
v 2.2526602745056152e+000 1.5534275054931641e+001 -7.5978860855102539e+000
v 3.0153610706329346e+000 1.5562658309936523e+001 -7.3624429702758789e+000
v 2.7357316017150879e+000 1.4209623336791992e+001 -8.2403993606567383e+000
v 3.6385822296142578e+000 1.5072715759277344e+001 -5.5632820129394531e+000
v 1.2951408624649048e+000 1.5678108215332031e+001 -8.4413213729858398e+000
v 3.8583879470825195e+000 1.4717676162719727e+001 -7.8454122543334961e+000
v 4.0108990669250488e-001 1.6964353561401367e+001 -7.0229978561401367e+000
v 1.5576208829879761e+000 1.5090131759643555e+001 -8.7417364120483398e+000
v 2.6355791091918945e+000 1.3408960342407227e+001 -8.9806699752807617e+000
v 1.2473932504653931e+000 1.4390653610229492e+001 -9.2797365188598633e+000
v 4.9407525062561035e+000 1.3552804946899414e+001 -8.4747581481933594e+000
v 3.7203240394592285e+000 1.3484682083129883e+001 -8.4559307098388672e+000
v 1.1721500158309937e+000 1.3543836593627930e+001 -9.1560916900634766e+000
v 2.5380032062530518e+000 1.5970268249511719e+001 -6.0691862106323242e+000
v 3.9180686473846436e+000 1.4950592041015625e+001 -6.3262691497802734e+000
v 1.2050533294677734e+000 1.6407852172851562e+001 -5.9021558761596680e+000
v 1.6812664270401001e+000 1.3288959503173828e+001 -9.1037635803222656e+000
v 2.2298669815063477e+000 1.2917665481567383e+001 -8.7917318344116211e+000
v 5.7090563774108887e+000 1.3155431747436523e+001 -8.4886159896850586e+000
v 5.4270467758178711e+000 1.3736190795898438e+001 -7.5718221664428711e+000
v 5.6584715843200684e+000 1.3559436798095703e+001 -5.8982725143432617e+000
v 5.2856311798095703e+000 1.3583761215209961e+001 -6.4424715042114258e+000
v 5.3830680847167969e+000 1.3947746276855469e+001 -5.2214508056640625e+000
v 5.7482385635375977e+000 1.3670127868652344e+001 -8.0237617492675781e+000
v 5.0115184783935547e+000 1.4078788757324219e+001 -7.6672973632812500e+000
v 1.0247476577758789e+001 7.9900970458984375e+000 -9.7015023231506348e-001
v 2.6562058925628662e+000 5.4464721679687500e-001 -5.2714061737060547e-001
v 7.4355726242065430e+000 2.5845870971679687e+000 -6.1719369888305664e-001
v 7.6600658893585205e-001 4.2791099548339844e+000 8.7114744186401367e+000
v 7.8877282142639160e-001 4.8540534973144531e+000 8.9363880157470703e+000
v 2.6463055610656738e+000 2.7663955688476562e+000 8.3279275894165039e+000
v 1.2816028594970703e+000 3.1094245910644531e+000 8.5746097564697266e+000
v 8.3072304725646973e-001 3.4954681396484375e+000 8.6047906875610352e+000
v 2.1011466979980469e+000 4.1526336669921875e+000 8.4494295120239258e+000
v 1.6765272617340088e+000 3.7208061218261719e+000 8.5144872665405273e+000
v 1.4318441152572632e+000 4.4161453247070313e+000 8.7685089111328125e+000
v 2.1479604244232178e+000 4.6941986083984375e+000 9.0068855285644531e+000
v 2.6066930294036865e+000 3.5748939514160156e+000 8.3599081039428711e+000
v 1.8090305328369141e+000 2.8842811584472656e+000 8.4192752838134766e+000
v 3.4578547477722168e+000 5.0169334411621094e+000 9.1187744140625000e+000
v 3.0553972721099854e+000 3.0475234985351563e+000 8.6321763992309570e+000
v 3.3956136703491211e+000 3.5379486083984375e+000 8.7226228713989258e+000
v 3.5553495883941650e+000 4.1887969970703125e+000 9.0498647689819336e+000
v 3.1063814163208008e+000 4.0395355224609375e+000 8.7621088027954102e+000
v 4.2187318801879883e+000 4.7431411743164062e+000 9.1960706710815430e+000
v 2.8561897277832031e+000 4.5069198608398437e+000 8.8613815307617187e+000
v 4.4792127609252930e+000 3.7770652770996094e+000 9.0798072814941406e+000
v 7.1166696548461914e+000 3.6238670349121094e+000 9.5232858657836914e+000
v 5.0520133972167969e+000 4.8755569458007812e+000 9.4337978363037109e+000
v 5.7157964706420898e+000 4.1420249938964844e+000 9.5306148529052734e+000
v 6.2770843505859375e+000 3.4526519775390625e+000 9.4960947036743164e+000
v 5.6333074569702148e+000 3.2188911437988281e+000 9.2466154098510742e+000
v 6.3156204223632813e+000 4.6798591613769531e+000 9.6599531173706055e+000
v 9.4313402175903320e+000 3.4005584716796875e+000 8.7488756179809570e+000
v 9.7327985763549805e+000 4.5840797424316406e+000 9.1447563171386719e+000
v 7.3860073089599609e+000 2.9567909240722656e+000 9.6015405654907227e+000
v 7.9996738433837891e+000 4.0893669128417969e+000 9.5896196365356445e+000
v 8.7129411697387695e+000 4.5007553100585938e+000 9.8484697341918945e+000
v 9.7695522308349609e+000 3.8864974975585937e+000 8.9639835357666016e+000
v 9.4150075912475586e+000 3.9694747924804687e+000 9.6609420776367187e+000
v 9.1408023834228516e+000 3.7306365966796875e+000 9.7336740493774414e+000
v 8.1010408401489258e+000 3.5899314880371094e+000 9.6455335617065430e+000
v 9.1895895004272461e+000 3.1791458129882812e+000 9.1318645477294922e+000
v 9.6283063888549805e+000 4.5747337341308594e+000 8.7308855056762695e+000
v 1.0410878181457520e+001 5.2853813171386719e+000 7.3991775512695313e+000
v 9.9523000717163086e+000 3.5569572448730469e+000 7.7625589370727539e+000
v 1.0796510696411133e+001 3.9788017272949219e+000 6.1704702377319336e+000
v 1.0442073822021484e+001 2.8081893920898438e+000 5.9608173370361328e+000
v 1.0183595657348633e+001 3.6006317138671875e+000 6.9822254180908203e+000
v 1.0553029060363770e+001 3.4648857116699219e+000 6.0524168014526367e+000
v 1.0660758972167969e+001 4.3909721374511719e+000 6.9217824935913086e+000
v 1.0939127922058105e+001 5.1763114929199219e+000 6.2705430984497070e+000
v 1.0244439125061035e+001 4.0091209411621094e+000 7.1035394668579102e+000
v 9.9808549880981445e+000 4.0053138732910156e+000 8.2489099502563477e+000
v 9.6996841430664062e+000 3.6993408203125000e+000 3.9286615848541260e+000
v 9.5586376190185547e+000 3.1027069091796875e+000 4.5621328353881836e+000
v 9.4761753082275391e+000 2.6017341613769531e+000 4.5053005218505859e+000
v 1.1283219337463379e+001 4.8193664550781250e+000 4.5517168045043945e+000
v 1.0573287963867188e+001 3.7842826843261719e+000 5.5895347595214844e+000
v 1.1315561294555664e+001 3.9088058471679687e+000 4.2128362655639648e+000
v 1.0087589263916016e+001 3.9654350280761719e+000 3.8298847675323486e+000
v 1.0900798797607422e+001 4.6971092224121094e+000 5.8941411972045898e+000
v 1.0536129951477051e+001 3.3388252258300781e+000 5.3451118469238281e+000
v 1.1005610466003418e+001 4.2467269897460937e+000 5.0456686019897461e+000
v 1.0523857116699219e+001 3.5824012756347656e+000 4.6953897476196289e+000
v 1.0010969161987305e+001 3.1036300659179687e+000 5.2960214614868164e+000
v 1.0052229881286621e+001 3.5320816040039062e+000 4.3101501464843750e+000
v 1.1380098342895508e+001 4.3711662292480469e+000 3.8886582851409912e+000
v 1.0697174072265625e+001 4.3003692626953125e+000 3.7230041027069092e+000
v 9.7172040939331055e+000 3.1564674377441406e+000 2.5683712959289551e+000
v 9.6956176757812500e+000 2.9891242980957031e+000 3.4393556118011475e+000
v 1.0320961952209473e+001 4.5808372497558594e+000 2.5865368843078613e+000
v 1.1077413558959961e+001 5.1350097656250000e+000 3.1378066539764404e+000
v 1.0320342063903809e+001 4.6050834655761719e+000 3.1095139980316162e+000
v 1.0134653091430664e+001 4.8717880249023437e+000 1.9143707752227783e+000
v 1.0527624130249023e+001 4.9638710021972656e+000 2.2417690753936768e+000
v 1.0236239433288574e+001 4.1437072753906250e+000 3.3270785808563232e+000
v 9.9852256774902344e+000 3.9124908447265625e+000 1.7569525241851807e+000
v 9.7356519699096680e+000 3.3900871276855469e+000 1.5714559555053711e+000
v 9.8226871490478516e+000 4.2446670532226562e+000 2.1770126819610596e+000
v 9.7044248580932617e+000 3.9466438293457031e+000 3.2911660671234131e+000
v 9.9441165924072266e+000 4.7047271728515625e+000 4.6673107147216797e-001
v 9.0185689926147461e+000 3.5415611267089844e+000 -6.0064846277236938e-001
v 9.2824325561523437e+000 3.7668113708496094e+000 -1.0224401950836182e-001
v 8.8601951599121094e+000 3.4183349609375000e+000 1.1148738861083984e-001
v 9.1638050079345703e+000 3.3940086364746094e+000 5.0207626819610596e-001
v 9.4567728042602539e+000 3.4444122314453125e+000 1.1678924560546875e+000
v 9.9027776718139648e+000 3.9839096069335937e+000 1.1246638298034668e+000
v 1.0256236076354980e+001 4.5083389282226562e+000 9.3124437332153320e-001
v 2.4171528816223145e+000 7.5921249389648438e+000 9.3258113861083984e+000
v 1.6459127664566040e+000 5.8900833129882813e+000 9.2420120239257812e+000
v 1.9933304786682129e+000 5.4160614013671875e+000 9.1077785491943359e+000
v 9.2690813541412354e-001 5.2255973815917969e+000 9.1922140121459961e+000
v 1.3916420936584473e-001 6.4418373107910156e+000 9.5481281280517578e+000
v 8.2256889343261719e-001 6.3547096252441406e+000 9.4307508468627930e+000
v 1.7417185306549072e+000 6.7068824768066406e+000 9.4151191711425781e+000
v 7.6686108112335205e-001 7.0891571044921875e+000 9.6388359069824219e+000
v 2.6726002693176270e+000 4.9735107421875000e+000 9.3179445266723633e+000
v 3.2217803001403809e+000 5.5935668945312500e+000 9.3795671463012695e+000
v 3.4909486770629883e+000 6.1478118896484375e+000 9.3252153396606445e+000
v 3.8126046657562256e+000 6.3106956481933594e+000 9.5564546585083008e+000
v 4.5869669914245605e+000 5.8703765869140625e+000 9.3952674865722656e+000
v 3.6348202228546143e+000 7.7264137268066406e+000 9.4451169967651367e+000
v 4.5354623794555664e+000 6.6829986572265625e+000 9.5770130157470703e+000
v 5.3739128112792969e+000 5.3435516357421875e+000 9.7674140930175781e+000
v 2.6425724029541016e+000 6.6150169372558594e+000 9.2623767852783203e+000
v 3.0265798568725586e+000 6.3512496948242188e+000 9.1937055587768555e+000
v 2.8493185043334961e+000 7.2099685668945313e+000 9.4117479324340820e+000
v 2.3106768131256104e+000 5.8936462402343750e+000 9.3024616241455078e+000
v 6.0662374496459961e+000 5.6720046997070313e+000 9.9629211425781250e+000
v 7.0743637084960938e+000 5.4501457214355469e+000 9.7586545944213867e+000
v 6.5288314819335938e+000 6.6435928344726562e+000 1.0064291954040527e+001
v 5.7082071304321289e+000 7.3136367797851562e+000 1.0095697402954102e+001
v 5.1535482406616211e+000 6.4587669372558594e+000 9.8160095214843750e+000
v 7.0903234481811523e+000 5.9825439453125000e+000 9.8235025405883789e+000
v 7.3230218887329102e+000 4.8781280517578125e+000 9.7915229797363281e+000
v 9.5177726745605469e+000 4.7110481262207031e+000 9.8308095932006836e+000
v 8.7313270568847656e+000 6.3128890991210937e+000 9.7209320068359375e+000
v 8.0661077499389648e+000 6.5061073303222656e+000 9.7429676055908203e+000
v 7.8420438766479492e+000 7.0550422668457031e+000 9.8525075912475586e+000
v 8.9410657882690430e+000 7.2071151733398437e+000 9.8616609573364258e+000
v 9.6170377731323242e+000 6.8120880126953125e+000 9.8195896148681641e+000
v 8.4076271057128906e+000 7.6750907897949219e+000 9.8483362197875977e+000
v 9.6498270034790039e+000 7.6455841064453125e+000 9.8431158065795898e+000
v 8.2937459945678711e+000 5.4544906616210938e+000 9.6947374343872070e+000
v 9.3401479721069336e+000 6.0160560607910156e+000 9.8984508514404297e+000
v 8.8399562835693359e+000 5.4535675048828125e+000 9.7135324478149414e+000
v 1.0061813354492187e+001 7.4204216003417969e+000 9.3630008697509766e+000
v 9.9891424179077148e+000 6.6695899963378906e+000 9.3170013427734375e+000
v 1.0456070899963379e+001 7.3910217285156250e+000 8.5996398925781250e+000
v 1.0396290779113770e+001 6.7126426696777344e+000 8.2242269515991211e+000
v 9.6918458938598633e+000 5.3407783508300781e+000 9.2618026733398437e+000
v 9.9165172576904297e+000 5.3151588439941406e+000 8.6860313415527344e+000
v 9.7422523498535156e+000 5.5649147033691406e+000 9.7161016464233398e+000
v 1.0356302261352539e+001 6.0477981567382812e+000 8.7015600204467773e+000
v 1.0063963890075684e+001 6.1958427429199219e+000 9.0361623764038086e+000
v 1.0240815162658691e+001 5.1147575378417969e+000 8.2380380630493164e+000
v 1.1123898506164551e+001 6.6857719421386719e+000 7.0046634674072266e+000
v 1.0763710975646973e+001 7.2252883911132812e+000 7.6420040130615234e+000
v 1.1009407043457031e+001 6.1303939819335937e+000 6.8416976928710938e+000
v 1.0380207061767578e+001 6.0621261596679687e+000 8.1278686523437500e+000
v 1.1581191062927246e+001 6.2294960021972656e+000 3.4627993106842041e+000
v 1.1980942726135254e+001 6.9549636840820313e+000 5.1723613739013672e+000
v 1.1201788902282715e+001 7.0140914916992188e+000 5.5107736587524414e+000
v 1.1685229301452637e+001 6.4856071472167969e+000 5.4593658447265625e+000
v 1.1711411476135254e+001 5.1951828002929687e+000 4.0813808441162109e+000
v 1.1209431648254395e+001 5.7974510192871094e+000 5.6061763763427734e+000
v 1.1375620841979980e+001 6.3845252990722656e+000 6.0725212097167969e+000
v 1.1218058586120605e+001 5.0788459777832031e+000 5.2364377975463867e+000
v 1.1574856758117676e+001 5.8225975036621094e+000 5.1699132919311523e+000
v 1.2041563034057617e+001 5.6963424682617188e+000 4.0707473754882812e+000
v 1.1599987983703613e+001 5.8397941589355469e+000 4.6883745193481445e+000
v 1.2267243385314941e+001 6.2296371459960938e+000 4.0342807769775391e+000
v 1.1328518867492676e+001 4.8856430053710938e+000 3.7890355587005615e+000
v 1.2480075836181641e+001 6.8389205932617188e+000 4.5212993621826172e+000
v 1.2397192001342773e+001 7.0060234069824219e+000 3.9844448566436768e+000
v 1.1993254661560059e+001 6.0548667907714844e+000 4.6890745162963867e+000
v 1.0792696952819824e+001 7.4423751831054687e+000 1.2272465229034424e+000
v 1.1921566009521484e+001 6.8189926147460937e+000 2.8404133319854736e+000
v 1.2120964050292969e+001 7.2072257995605469e+000 2.5063748359680176e+000
v 1.1702466964721680e+001 6.6686668395996094e+000 1.6109716892242432e+000
v 1.1637932777404785e+001 7.3209342956542969e+000 1.8676607608795166e+000
v 1.1558528900146484e+001 5.0069274902343750e+000 2.7024536132812500e+000
v 1.0999775886535645e+001 6.1628952026367187e+000 1.2204208374023437e+000
v 1.1287082672119141e+001 5.4687156677246094e+000 2.0005915164947510e+000
v 1.0315628051757812e+001 5.5495223999023437e+000 9.7885680198669434e-001
v 1.1069708824157715e+001 5.6403846740722656e+000 1.3410000801086426e+000
v 1.1330237388610840e+001 5.8172988891601563e+000 1.8323595523834229e+000
v 1.1761718750000000e+001 6.3829650878906250e+000 2.2144627571105957e+000
v 1.1471419334411621e+001 6.3353347778320313e+000 1.6100234985351563e+000
v 1.2594035148620605e+001 6.6743240356445313e+000 3.6403906345367432e+000
v 1.1683172225952148e+001 6.4363861083984375e+000 2.8771474361419678e+000
v 1.2704124450683594e+001 7.2414665222167969e+000 3.3642323017120361e+000
v 1.0389053344726562e+001 6.3200569152832031e+000 3.3738338947296143e-001
v 1.0282757759094238e+001 5.8882789611816406e+000 9.7926998138427734e-001
v 1.1281946182250977e+001 7.2246971130371094e+000 1.3088922500610352e+000
v 1.0740233421325684e+001 7.2420806884765625e+000 3.8276565074920654e-001
v 1.0952880859375000e+001 6.5581321716308594e+000 1.0798385143280029e+000
v 1.0739725112915039e+001 7.1279258728027344e+000 7.9251837730407715e-001
v 1.0355476379394531e+001 5.4362106323242188e+000 4.1769444942474365e-001
v 9.4771039485931396e-001 8.6919708251953125e+000 9.4991359710693359e+000
v 1.8627814054489136e+000 9.2011222839355469e+000 9.7995166778564453e+000
v 1.2987008094787598e+000 9.6472129821777344e+000 9.6957817077636719e+000
v 1.2875247001647949e-001 7.8620376586914062e+000 9.6640691757202148e+000
v 1.5168895721435547e+000 8.3451919555664062e+000 9.6463708877563477e+000
v -2.0487308502197266e-003 8.8369407653808594e+000 9.6019926071166992e+000
v 2.6299891471862793e+000 9.2338256835937500e+000 9.7915039062500000e+000
v 1.6030683517456055e+000 7.4625396728515625e+000 9.4782886505126953e+000
v 3.4368553161621094e+000 8.3526344299316406e+000 9.7604351043701172e+000
v 3.7718043327331543e+000 8.0384674072265625e+000 9.7122859954833984e+000
v 2.8297269344329834e+000 7.9742393493652344e+000 9.8730916976928711e+000
v 4.6510715484619141e+000 7.4099693298339844e+000 9.5865621566772461e+000
v 4.8833160400390625e+000 8.3532066345214844e+000 9.7491807937622070e+000
v 4.0791535377502441e+000 8.3624496459960937e+000 9.6720571517944336e+000
v 4.8410487174987793e+000 9.3792724609375000e+000 1.0027738571166992e+001
v 3.9144082069396973e+000 9.8137512207031250e+000 9.6641778945922852e+000
v 3.8374326229095459e+000 9.0766258239746094e+000 9.5829038619995117e+000
v 5.8624610900878906e+000 9.0012893676757812e+000 1.0256028175354004e+001
v 6.3122000694274902e+000 7.9433059692382813e+000 1.0238147735595703e+001
v 7.0208883285522461e+000 7.1617889404296875e+000 1.0033300399780273e+001
v 5.4455137252807617e+000 8.1570587158203125e+000 1.0066330909729004e+001
v 4.8125085830688477e+000 7.7330207824707031e+000 9.8873643875122070e+000
v 5.0941352844238281e+000 1.0055015563964844e+001 9.8348217010498047e+000
v 6.3525924682617187e+000 8.5528488159179687e+000 1.0174661636352539e+001
v 5.5982275009155273e+000 9.9049720764160156e+000 1.0203014373779297e+001
v 7.3127317428588867e+000 8.6745376586914062e+000 1.0171093940734863e+001
v 9.4297370910644531e+000 9.5423622131347656e+000 9.5198574066162109e+000
v 8.4005851745605469e+000 8.6946372985839844e+000 1.0085083007812500e+001
v 8.5935525894165039e+000 9.7535400390625000e+000 1.0095538139343262e+001
v 9.0536689758300781e+000 9.3354949951171875e+000 1.0016670227050781e+001
v 9.0751066207885742e+000 8.2804794311523437e+000 9.9830703735351562e+000
v 8.9462223052978516e+000 9.9548950195312500e+000 8.9138545989990234e+000
v 8.5650091171264648e+000 9.5643615722656250e+000 8.3789949417114258e+000
v 7.8166818618774414e+000 1.0294420242309570e+001 1.0318060874938965e+001
v 1.0059028625488281e+001 8.6360397338867187e+000 9.9486904144287109e+000
v 7.4913358688354492e+000 7.8476753234863281e+000 9.9693222045898437e+000
v 1.0235829353332520e+001 9.0584487915039062e+000 9.6409654617309570e+000
v 9.7710361480712891e+000 9.5282630920410156e+000 8.4666357040405273e+000
v 1.0363410949707031e+001 8.4157295227050781e+000 9.2647352218627930e+000
v 9.9668645858764648e+000 8.1891670227050781e+000 9.8037471771240234e+000
v 9.7376937866210937e+000 9.2880325317382812e+000 1.0066816329956055e+001
v 9.9585256576538086e+000 9.2784118652343750e+000 9.0113725662231445e+000
v 1.0394188880920410e+001 8.6897392272949219e+000 8.7436771392822266e+000
v 6.8450012207031250e+000 9.6541252136230469e+000 6.7234191894531250e+000
v 7.4352083206176758e+000 9.3638572692871094e+000 6.6781377792358398e+000
v 9.6289157867431641e+000 9.0101776123046875e+000 7.8639564514160156e+000
v 8.3212299346923828e+000 9.6869201660156250e+000 7.7570838928222656e+000
v 9.2204227447509766e+000 9.5494346618652344e+000 8.1355724334716797e+000
v 9.3190813064575195e+000 8.6855773925781250e+000 7.1377906799316406e+000
v 8.5874385833740234e+000 8.8547630310058594e+000 6.8658599853515625e+000
v 8.7204809188842773e+000 9.0868682861328125e+000 7.4632406234741211e+000
v 7.8349685668945313e+000 9.1860351562500000e+000 6.9953880310058594e+000
v 9.6754589080810547e+000 8.5630989074707031e+000 6.3971586227416992e+000
v 8.0566959381103516e+000 9.3691406250000000e+000 6.2830200195312500e+000
v 1.1278413772583008e+001 7.7304458618164063e+000 6.1549282073974609e+000
v 1.0440367698669434e+001 8.4839668273925781e+000 6.3940391540527344e+000
v 1.1257225990295410e+001 8.3518333435058594e+000 6.2443542480468750e+000
v 1.0160977363586426e+001 9.1481399536132812e+000 8.2621622085571289e+000
v 9.9956550598144531e+000 8.8609313964843750e+000 7.4778261184692383e+000
v 1.0585491180419922e+001 8.4939765930175781e+000 7.2589559555053711e+000
v 1.0804081916809082e+001 8.5053901672363281e+000 8.0288400650024414e+000
v 1.1080734252929688e+001 7.3858299255371094e+000 7.1748285293579102e+000
v 1.0950916290283203e+001 8.3859481811523437e+000 7.4632558822631836e+000
v 1.0608746528625488e+001 7.7994384765625000e+000 7.7547311782836914e+000
v 1.1110374450683594e+001 8.0113372802734375e+000 6.9719991683959961e+000
v 1.0493724822998047e+001 8.2883224487304687e+000 8.2252159118652344e+000
v 7.0096349716186523e+000 9.5198135375976563e+000 4.2415742874145508e+000
v 6.4617929458618164e+000 9.6530876159667969e+000 5.0605287551879883e+000
v 6.9664211273193359e+000 9.4861984252929687e+000 5.7354507446289062e+000
v 7.4457359313964844e+000 9.0033187866210937e+000 4.9578485488891602e+000
v 7.9014511108398437e+000 9.3218421936035156e+000 5.6493024826049805e+000
v 9.5149421691894531e+000 8.4861526489257812e+000 4.8977766036987305e+000
v 9.4404468536376953e+000 8.6356124877929687e+000 4.0831356048583984e+000
v 8.1365890502929687e+000 8.7563171386718750e+000 4.9456930160522461e+000
v 8.8423728942871094e+000 8.8574714660644531e+000 5.0108537673950195e+000
v 9.0256299972534180e+000 8.7512855529785156e+000 5.9106130599975586e+000
v 8.5989093780517578e+000 8.7407455444335938e+000 5.5433158874511719e+000
v 7.6650924682617187e+000 9.1975936889648437e+000 4.1472673416137695e+000
v 8.3746652603149414e+000 8.9125900268554687e+000 3.8281290531158447e+000
v 9.6527900695800781e+000 8.7161560058593750e+000 5.3909101486206055e+000
v 8.9119443893432617e+000 8.6759719848632812e+000 4.2496747970581055e+000
v 1.0943675994873047e+001 8.7558822631835938e+000 4.3994140625000000e+000
v 1.0283197402954102e+001 8.4433174133300781e+000 5.3933115005493164e+000
v 1.0291036605834961e+001 8.6552848815917969e+000 4.7172870635986328e+000
v 1.1710695266723633e+001 8.5323143005371094e+000 5.0715589523315430e+000
v 1.1049137115478516e+001 8.3831748962402344e+000 5.2717456817626953e+000
v 1.0540680885314941e+001 8.9643516540527344e+000 4.1280336380004883e+000
v 1.0924194335937500e+001 8.4642295837402344e+000 5.5690793991088867e+000
v 1.1822312355041504e+001 8.2792816162109375e+000 5.7221670150756836e+000
v 1.1342097282409668e+001 7.3581047058105469e+000 5.8140134811401367e+000
v 1.2318840980529785e+001 7.6758842468261719e+000 4.8088445663452148e+000
v 1.2202759742736816e+001 8.6617927551269531e+000 4.5406208038330078e+000
v 1.2704631805419922e+001 8.3481483459472656e+000 4.3637418746948242e+000
v 7.0392980575561523e+000 9.8457069396972656e+000 2.0455572605133057e+000
v 6.7065334320068359e+000 9.3519554138183594e+000 3.3736102581024170e+000
v 6.3869380950927734e+000 9.8074645996093750e+000 2.6382243633270264e+000
v 7.3358135223388672e+000 9.4909248352050781e+000 2.6048328876495361e+000
v 7.9962911605834961e+000 9.0767364501953125e+000 2.9858744144439697e+000
v 9.4297637939453125e+000 8.6540641784667969e+000 1.9785053730010986e+000
v 7.5205821990966797e+000 9.4103126525878906e+000 3.2939569950103760e+000
v 8.5849933624267578e+000 8.5270195007324219e+000 2.4339532852172852e+000
v 7.9193677902221680e+000 9.3870849609375000e+000 2.4724314212799072e+000
v 7.7755317687988281e+000 9.5553321838378906e+000 1.6633787155151367e+000
v 8.0704498291015625e+000 9.1519699096679687e+000 4.0525856018066406e+000
v 8.7423467636108398e+000 8.7291679382324219e+000 3.0702850818634033e+000
v 8.8540134429931641e+000 9.0287055969238281e+000 1.3350841999053955e+000
v 8.2614345550537109e+000 8.7662353515625000e+000 1.9448621273040771e+000
v 1.1406808853149414e+001 7.8457183837890625e+000 1.7012205123901367e+000
v 1.2343072891235352e+001 7.8254013061523437e+000 2.3992877006530762e+000
v 1.2335962295532227e+001 8.4481048583984375e+000 2.6762998104095459e+000
v 1.1369131088256836e+001 8.3463859558105469e+000 1.7433125972747803e+000
v 1.2237643241882324e+001 8.6374053955078125e+000 3.2488715648651123e+000
v 1.0047096252441406e+001 8.4988021850585938e+000 3.6259953975677490e+000
v 1.0429598808288574e+001 8.6169967651367187e+000 3.1759631633758545e+000
v 9.7322425842285156e+000 8.3663673400878906e+000 1.5093655586242676e+000
v 1.0276406288146973e+001 8.4777755737304687e+000 1.3809185028076172e+000
v 1.1505461692810059e+001 8.7914962768554687e+000 3.4920279979705811e+000
v 1.1479063987731934e+001 8.8281822204589844e+000 2.5974781513214111e+000
v 1.0944432258605957e+001 8.7845497131347656e+000 2.2038483619689941e+000
v 9.9029664993286133e+000 8.5650596618652344e+000 2.3549873828887939e+000
v 1.2684899330139160e+001 8.1389884948730469e+000 3.3268935680389404e+000
v 1.2460845947265625e+001 7.6239166259765625e+000 3.0779941082000732e+000
v 9.5388774871826172e+000 8.8626480102539063e+000 6.0135293006896973e-001
v 8.7931375503540039e+000 9.3718948364257812e+000 1.9185674190521240e-001
v 8.2094192504882812e+000 9.6420860290527344e+000 -3.9576923847198486e-001
v 7.9970169067382813e+000 9.3500900268554687e+000 8.3505463600158691e-001
v 7.4326133728027344e+000 9.8118057250976562e+000 5.1089501380920410e-001
v 8.7025909423828125e+000 9.3795242309570312e+000 6.9229471683502197e-001
v 1.0339383125305176e+001 8.1365127563476562e+000 -4.3863689899444580e-001
v 1.0217881202697754e+001 7.7068443298339844e+000 -8.5390210151672363e-002
v 1.0045881271362305e+001 8.6879425048828125e+000 1.4472794532775879e-001
v 1.0114925384521484e+001 8.2595443725585938e+000 9.3160462379455566e-001
v 2.4332780838012695e+000 1.0946090698242188e+001 9.7827997207641602e+000
v 1.0555400848388672e+000 1.1428857803344727e+001 8.4130039215087891e+000
v 6.2959837913513184e-001 1.1114118576049805e+001 9.2355690002441406e+000
v 1.6252224445343018e+000 1.1595216751098633e+001 8.6709451675415039e+000
v 2.1646490097045898e+000 1.2060064315795898e+001 8.7401075363159180e+000
v 2.7400581836700439e+000 1.1691814422607422e+001 9.6195545196533203e+000
v 1.1593949794769287e+000 1.0661062240600586e+001 9.4810409545898437e+000
v 2.0653114318847656e+000 1.1267303466796875e+001 9.4496974945068359e+000
v 1.5579775571823120e+000 1.1455844879150391e+001 9.4079370498657227e+000
v 2.9402115345001221e+000 1.0476760864257812e+001 9.8391418457031250e+000
v 4.3937196731567383e+000 1.1438758850097656e+001 9.8123645782470703e+000
v 2.1823830604553223e+000 1.0245719909667969e+001 9.8499517440795898e+000
v 3.4602808952331543e+000 1.0926845550537109e+001 9.8934097290039062e+000
v 2.2900972366333008e+000 1.1862121582031250e+001 9.1416072845458984e+000
v 5.2857942581176758e+000 1.1694063186645508e+001 9.0409040451049805e+000
v 3.3590424060821533e+000 1.1691120147705078e+001 9.8049840927124023e+000
v 4.5287499427795410e+000 1.0256988525390625e+001 9.8108787536621094e+000
v 4.7034130096435547e+000 1.0581527709960938e+001 9.8623504638671875e+000
v 3.6228599548339844e+000 1.2074939727783203e+001 9.1405677795410156e+000
v 4.9508190155029297e+000 1.1875671386718750e+001 9.6476812362670898e+000
v 2.9568138122558594e+000 1.2175750732421875e+001 8.6296195983886719e+000
v 6.6970863342285156e+000 1.1272327423095703e+001 1.0179842948913574e+001
v 6.4499788284301758e+000 1.1400249481201172e+001 1.0091670036315918e+001
v 5.2182016372680664e+000 1.1618925094604492e+001 1.0113518714904785e+001
v 5.6502151489257813e+000 1.1520727157592773e+001 8.5960798263549805e+000
v 6.0887641906738281e+000 1.0712760925292969e+001 1.0031702041625977e+001
v 6.7913494110107422e+000 9.7891273498535156e+000 1.0108396530151367e+001
v 6.5101013183593750e+000 1.1096626281738281e+001 8.7561235427856445e+000
v 6.3338203430175781e+000 1.1585206985473633e+001 9.7294120788574219e+000
v 5.6195578575134277e+000 1.0775617599487305e+001 1.0229731559753418e+001
v 8.6658544540405273e+000 1.0207111358642578e+001 9.3583974838256836e+000
v 8.2585477828979492e+000 1.0678651809692383e+001 9.2829799652099609e+000
v 8.2250127792358398e+000 1.0309444427490234e+001 8.6030645370483398e+000
v 7.7125911712646484e+000 9.4434089660644531e+000 1.0144477844238281e+001
v 8.4040355682373047e+000 1.0801748275756836e+001 1.0040849685668945e+001
v 7.5179214477539062e+000 1.0938621520996094e+001 1.0201763153076172e+001
v 7.3856058120727539e+000 1.1013568878173828e+001 9.6633672714233398e+000
v 7.6377429962158203e+000 1.0608329772949219e+001 8.5399122238159180e+000
v 8.8304913043975830e-001 1.1068288803100586e+001 7.9463119506835937e+000
v 2.2337348461151123e+000 1.2135765075683594e+001 8.0660200119018555e+000
v 1.0464622974395752e+000 1.2068134307861328e+001 6.9661283493041992e+000
v 6.5438354015350342e-001 1.2058164596557617e+001 6.1293659210205078e+000
v 2.2853646278381348e+000 1.2091629028320313e+001 5.9933891296386719e+000
v 2.4331181049346924e+000 1.2274841308593750e+001 7.4393405914306641e+000
v 8.4724593162536621e-001 1.1376331329345703e+001 7.4146108627319336e+000
v 1.2531403303146362e+000 1.1774536132812500e+001 7.6576757431030273e+000
v 3.7115983963012695e+000 1.1665802001953125e+001 6.7095966339111328e+000
v 4.4007291793823242e+000 1.1592016220092773e+001 7.4345426559448242e+000
v 4.4542284011840820e+000 1.1611030578613281e+001 7.9274158477783203e+000
v 4.9353523254394531e+000 1.1465440750122070e+001 8.5664491653442383e+000
v 4.5803976058959961e+000 1.1400428771972656e+001 6.1067314147949219e+000
v 3.7225739955902100e+000 1.1652181625366211e+001 6.1108798980712891e+000
v 2.7573404312133789e+000 1.1994237899780273e+001 5.8722448348999023e+000
v 3.1017618179321289e+000 1.1698329925537109e+001 6.2145452499389648e+000
v 4.7567071914672852e+000 1.0874805450439453e+001 5.9122200012207031e+000
v 5.0303268432617188e+000 1.0832571029663086e+001 7.0396261215209961e+000
v 4.1542935371398926e+000 1.1916275024414063e+001 8.4222126007080078e+000
v 3.3369274139404297e+000 1.1841150283813477e+001 7.5870866775512695e+000
v 6.5861158370971680e+000 1.0481889724731445e+001 7.5985841751098633e+000
v 5.8275394439697266e+000 1.0747974395751953e+001 7.6160326004028320e+000
v 6.0794677734375000e+000 9.8022422790527344e+000 5.8161172866821289e+000
v 4.9524726867675781e+000 1.1004423141479492e+001 6.4716377258300781e+000
v 5.2957248687744141e+000 1.1288457870483398e+001 8.1292371749877930e+000
v 6.6677036285400391e+000 1.0696456909179688e+001 8.2418909072875977e+000
v 6.4762763977050781e+000 1.0109687805175781e+001 7.1270704269409180e+000
v 5.8904771804809570e+000 1.0232646942138672e+001 6.5116043090820312e+000
v 5.4049224853515625e+000 1.0720539093017578e+001 6.9983272552490234e+000
v 7.9164075851440430e+000 1.0231800079345703e+001 7.6755523681640625e+000
v 7.3526563644409180e+000 9.8992347717285156e+000 7.2496948242187500e+000
v 7.9634256362915039e+000 1.0341907501220703e+001 8.2449560165405273e+000
v 2.4335591793060303e+000 1.1972379684448242e+001 5.2774343490600586e+000
v 1.7548229694366455e+000 1.2016349792480469e+001 5.7676076889038086e+000
v 4.7060198783874512e+000 1.0964443206787109e+001 4.9443197250366211e+000
v 3.3116157054901123e+000 1.1422168731689453e+001 3.4980504512786865e+000
v 2.9435505867004395e+000 1.0967311859130859e+001 4.6056060791015625e+000
v 2.7340326309204102e+000 1.1489910125732422e+001 3.9723341464996338e+000
v 2.5070147514343262e+000 1.1311025619506836e+001 4.6894245147705078e+000
v 4.4067354202270508e+000 1.0953769683837891e+001 4.8980321884155273e+000
v 4.1167554855346680e+000 1.0992893218994141e+001 4.0292549133300781e+000
v 3.6975698471069336e+000 1.0757848739624023e+001 4.5156221389770508e+000
v 4.7558121681213379e+000 1.0382308959960937e+001 4.4024620056152344e+000
v 4.9222450256347656e+000 1.0407733917236328e+001 5.3090038299560547e+000
v 2.9366002082824707e+000 1.1710977554321289e+001 5.1886425018310547e+000
v 3.8171391487121582e+000 1.1421133041381836e+001 5.3225631713867187e+000
v 5.4373474121093750e+000 1.0331827163696289e+001 4.0126428604125977e+000
v 6.0237903594970703e+000 9.9171371459960937e+000 4.3307628631591797e+000
v 5.7350497245788574e+000 1.0212074279785156e+001 5.5830574035644531e+000
v 5.6553411483764648e+000 1.0290935516357422e+001 5.0982322692871094e+000
v 5.8513026237487793e+000 1.0057041168212891e+001 3.6889116764068604e+000
v 4.5214734077453613e+000 1.0954931259155273e+001 3.0488526821136475e+000
v 4.2391109466552734e+000 1.1480302810668945e+001 2.7136430740356445e+000
v 4.3758125305175781e+000 1.2029829025268555e+001 2.2375845909118652e+000
v 4.5580663681030273e+000 1.0691976547241211e+001 4.0735664367675781e+000
v 3.3356063365936279e+000 1.2065177917480469e+001 2.6816196441650391e+000
v 2.6714649200439453e+000 1.2254833221435547e+001 2.8763649463653564e+000
v 4.5001592636108398e+000 1.1885080337524414e+001 1.5950403213500977e+000
v 3.7256429195404053e+000 1.1672832489013672e+001 2.8583128452301025e+000
v 2.6376323699951172e+000 1.1757989883422852e+001 3.2126028537750244e+000
v 3.7475614547729492e+000 1.1130104064941406e+001 3.7560541629791260e+000
v 5.3820371627807617e+000 1.0654561996459961e+001 2.6760799884796143e+000
v 5.2505350112915039e+000 1.1230304718017578e+001 2.8090674877166748e+000
v 6.1155982017517090e+000 1.0136699676513672e+001 2.2985866069793701e+000
v 4.9929294586181641e+000 1.0342302322387695e+001 3.6356923580169678e+000
v 5.5860939025878906e+000 1.0242610931396484e+001 2.8257839679718018e+000
v 5.6261177062988281e+000 1.0560091018676758e+001 2.1952829360961914e+000
v 6.0340294837951660e+000 1.0437269210815430e+001 1.4724094867706299e+000
v 4.9087243080139160e+000 1.1606391906738281e+001 1.7958691120147705e+000
v 5.7305698394775391e+000 1.0987237930297852e+001 2.2858886718750000e+000
v 5.8557472229003906e+000 1.1308961868286133e+001 1.6069936752319336e+000
v 5.4612283706665039e+000 1.1857353210449219e+001 1.8520414829254150e+000
v 4.8017206192016602e+000 1.2148672103881836e+001 7.4992632865905762e-001
v 5.3001370429992676e+000 1.2388833999633789e+001 5.6116950511932373e-001
v 5.1031913757324219e+000 1.2204524993896484e+001 -6.9969296455383301e-002
v 7.0645904541015625e+000 1.0067516326904297e+001 1.2488839626312256e+000
v 5.5401239395141602e+000 1.2103433609008789e+001 1.3572750091552734e+000
v 5.9062314033508301e+000 1.2085849761962891e+001 8.4565448760986328e-001
v 6.0096359252929687e+000 1.1486459732055664e+001 3.9969801902770996e-002
v 5.7527885437011719e+000 1.1990222930908203e+001 2.4995768070220947e-001
v 6.0415186882019043e+000 1.1543668746948242e+001 9.9370288848876953e-001
v 6.3209381103515625e+000 1.1257501602172852e+001 3.3294880390167236e-001
v 6.3622446060180664e+000 1.0813837051391602e+001 4.5255839824676514e-001
v 7.3848581314086914e+000 1.0557935714721680e+001 -5.5394643545150757e-001
v 7.2385873794555664e+000 1.0335762023925781e+001 3.8743698596954346e-001
v 7.3618202209472656e+000 1.0018333435058594e+001 6.7829608917236328e-002
v 2.7748627662658691e+000 1.2170177459716797e+001 7.4937772750854492e+000
v 2.4607565402984619e+000 1.2353904724121094e+001 6.7311429977416992e+000
v 1.1141422986984253e+000 1.2392576217651367e+001 5.6342420578002930e+000
v 2.0357067584991455e+000 1.2388336181640625e+001 5.1451034545898437e+000
v 1.5175733566284180e+000 1.2443456649780273e+001 6.3277206420898437e+000
v 6.5383183956146240e-001 1.2464092254638672e+001 4.9097499847412109e+000
v 6.6700947284698486e-001 1.2837202072143555e+001 4.2830934524536133e+000
v 1.6023147106170654e+000 1.3089149475097656e+001 4.1297636032104492e+000
v 2.0366022586822510e+000 1.1972530364990234e+001 4.4915561676025391e+000
v 1.3009499311447144e+000 1.2216976165771484e+001 5.2122631072998047e+000
v 2.1758410930633545e+000 1.2667837142944336e+001 3.2804582118988037e+000
v 2.5897181034088135e+000 1.3175012588500977e+001 1.4736185073852539e+000
v 1.7942359447479248e+000 1.2769525527954102e+001 2.5727250576019287e+000
v 1.1108407974243164e+000 1.3179021835327148e+001 3.6170914173126221e+000
v 2.6858153343200684e+000 1.2492584228515625e+001 2.4173419475555420e+000
v 2.3042945861816406e+000 1.2526762008666992e+001 2.0205414295196533e+000
v 1.2191550731658936e+000 1.3292377471923828e+001 2.8037827014923096e+000
v 1.0454142093658447e+000 1.3890773773193359e+001 2.5145356655120850e+000
v 4.3402218818664551e-001 1.3364171981811523e+001 3.4635512828826904e+000
v 8.4626150131225586e-001 1.4357067108154297e+001 1.2141108512878418e+000
v 1.9956117868423462e+000 1.2824071884155273e+001 3.0291726589202881e+000
v 2.0638058185577393e+000 1.2378166198730469e+001 3.6714413166046143e+000
v 7.3963916301727295e-001 1.4394224166870117e+001 1.7712128162384033e+000
v 1.1390409469604492e+000 1.3475032806396484e+001 1.5381646156311035e+000
v 1.7882643938064575e+000 1.2962848663330078e+001 1.9141256809234619e+000
v 3.8582048416137695e+000 1.2425758361816406e+001 1.9980881214141846e+000
v 3.7067148685455322e+000 1.2255998611450195e+001 8.5525798797607422e-001
v 3.1289448738098145e+000 1.2557575225830078e+001 1.0233016014099121e+000
v 1.8497633934020996e+000 1.4174385070800781e+001 -4.2298334836959839e-001
v 1.7869056463241577e+000 1.4314155578613281e+001 2.3616123199462891e-001
v 1.4453005790710449e+000 1.4256210327148438e+001 8.9834594726562500e-001
v 5.8434224128723145e-001 1.4443878173828125e+001 2.4519550800323486e-001
v 2.2396903038024902e+000 1.3436777114868164e+001 8.0757355690002441e-001
v 2.5350673198699951e+000 1.3491489410400391e+001 1.9129467010498047e-001
v 1.9151380062103271e+000 1.3949481964111328e+001 5.6291842460632324e-001
v 1.5171906948089600e+000 1.3492357254028320e+001 1.2707788944244385e+000
v 2.9126136302947998e+000 1.2741138458251953e+001 1.5285282135009766e+000
v 2.8692703247070313e+000 1.3093132019042969e+001 -3.1361496448516846e-001
v 2.8273282051086426e+000 1.2808635711669922e+001 3.7454700469970703e-001
v 4.2606763839721680e+000 1.2576702117919922e+001 6.3363313674926758e-003
v 3.9481835365295410e+000 1.2406019210815430e+001 1.4165048599243164e+000
v 4.4281797409057617e+000 1.2313211441040039e+001 3.1198549270629883e-001
v 3.4779636859893799e+000 1.2502157211303711e+001 6.2323927879333496e-002
v 4.9955577850341797e+000 1.2510129928588867e+001 1.3267993927001953e-003
v 1.2223517894744873e+000 1.4676633834838867e+001 -3.3406114578247070e-001
v 3.3959043025970459e-001 1.5545772552490234e+001 -1.1228787899017334e-001
v 1.0227871894836426e+001 2.9930877685546875e+000 7.0819740295410156e+000
v 8.8469276428222656e+000 2.8798751831054687e+000 1.7228648662567139e+000
v -1.5337228775024414e-002 1.2580846786499023e+001 4.5958633422851562e+000
v 2.1692671775817871e+000 4.0649414062500000e-002 8.2765855789184570e+000
v 1.5098154544830322e+000 -5.9959411621093750e-002 8.2141008377075195e+000
v 1.2840789556503296e+000 -1.0072708129882812e-001 7.5674705505371094e+000
v 6.1169886589050293e-001 5.5892562866210938e-001 8.1464662551879883e+000
v 1.3203222751617432e+000 1.1855392456054687e+000 8.2969427108764648e+000
v 2.1180408000946045e+000 1.1918067932128906e+000 8.2497596740722656e+000
v 2.0432438850402832e+000 6.6846084594726563e-001 8.3300552368164062e+000
v 1.8350796699523926e+000 -1.9622802734375000e-002 7.3940677642822266e+000
v 2.6019530296325684e+000 1.2064361572265625e+000 8.4704971313476563e+000
v 8.0890715122222900e-001 -1.7748260498046875e-001 8.0306997299194336e+000
v 2.3287978172302246e+000 2.1854553222656250e+000 8.3507757186889648e+000
v 2.7100338935852051e+000 4.2224502563476563e-001 8.2227115631103516e+000
v 3.1322648525238037e+000 1.3385620117187500e+000 8.3261938095092773e+000
v 4.3687973022460937e+000 5.2127075195312500e-001 8.4546279907226563e+000
v 4.2219533920288086e+000 1.4333992004394531e+000 8.5191202163696289e+000
v 4.1393098831176758e+000 2.5574111938476563e-001 8.0933218002319336e+000
v 3.4724860191345215e+000 3.1726455688476563e-001 8.4003334045410156e+000
v 2.7163949012756348e+000 9.6527099609375000e-002 7.4058322906494141e+000
v 4.8527846336364746e+000 1.8203277587890625e+000 8.5667104721069336e+000
v 4.8422236442565918e+000 1.2623558044433594e+000 8.4357166290283203e+000
v 5.7663688659667969e+000 1.6337776184082031e+000 8.8200902938842773e+000
v 5.7490005493164062e+000 7.9868316650390625e-001 8.5060701370239258e+000
v 7.1307992935180664e+000 7.7605056762695313e-001 8.0327539443969727e+000
v 7.1307382583618164e+000 9.9266052246093750e-001 9.0124349594116211e+000
v 6.4960918426513672e+000 1.6467247009277344e+000 8.9016971588134766e+000
v 7.7025194168090820e+000 9.4405746459960938e-001 8.5775985717773437e+000
v 6.1849756240844727e+000 4.9727630615234375e-001 7.7959899902343750e+000
v 6.7535934448242187e+000 7.7489089965820313e-001 8.5766477584838867e+000
v 5.0382375717163086e+000 3.7976455688476563e-001 8.4380426406860352e+000
v 5.4242796897888184e+000 6.7726135253906250e-001 8.2129850387573242e+000
v 7.8747024536132812e+000 8.5172653198242188e-001 7.9942588806152344e+000
v 8.2564220428466797e+000 1.5674247741699219e+000 8.6603822708129883e+000
v 8.5341930389404297e+000 1.1863327026367187e+000 8.1102561950683594e+000
v 8.0143518447875977e+000 9.3998718261718750e-001 7.3385372161865234e+000
v 7.4229335784912109e+000 1.4522743225097656e+000 9.2051935195922852e+000
v 2.8830265998840332e-001 1.8912506103515625e-001 5.8360261917114258e+000
v 1.2170519828796387e+000 3.7905120849609375e-001 5.4176330566406250e+000
v 1.0091174840927124e+000 1.0049438476562500e-001 5.6174573898315430e+000
v 1.2638539075851440e+000 2.2060775756835938e-001 6.2690963745117187e+000
v 1.6977601051330566e+000 4.9026870727539063e-001 5.6229314804077148e+000
v 1.8948888778686523e+000 4.4743347167968750e-001 6.7802009582519531e+000
v 1.3713339567184448e+000 3.8208007812500000e-001 6.9001045227050781e+000
v 9.5860242843627930e-001 -1.0248565673828125e-001 6.6658153533935547e+000
v 3.1851840019226074e-001 -1.3072967529296875e-002 7.2728424072265625e+000
v 2.5671029090881348e+000 5.3869628906250000e-001 5.6417932510375977e+000
v 1.8795577287673950e+000 6.9337081909179688e-001 5.8721418380737305e+000
v 4.5033302307128906e+000 7.0333099365234375e-001 6.1865205764770508e+000
v 4.5710682868957520e+000 6.5970993041992188e-001 5.2426071166992187e+000
v 3.6619906425476074e+000 7.3739624023437500e-001 5.8304901123046875e+000
v 4.6980128288269043e+000 4.4382095336914063e-001 6.8882837295532227e+000
v 3.0543336868286133e+000 7.6919937133789063e-001 6.4841537475585938e+000
v 3.8018059730529785e+000 4.7743225097656250e-001 6.8122110366821289e+000
v 4.5293912887573242e+000 2.7099990844726563e-001 7.3737087249755859e+000
v 3.3335204124450684e+000 1.8719100952148438e-001 7.7161102294921875e+000
v 6.3502120971679687e+000 8.7704849243164063e-001 6.1755304336547852e+000
v 5.1997385025024414e+000 8.2576751708984375e-001 6.9005784988403320e+000
v 7.4367208480834961e+000 8.5411071777343750e-001 6.1867399215698242e+000
v 6.7635145187377930e+000 1.0146560668945312e+000 5.5584001541137695e+000
v 6.8788051605224609e+000 7.4151611328125000e-001 6.7124671936035156e+000
v 5.1692090034484863e+000 7.9020309448242188e-001 6.0153808593750000e+000
v 5.6063022613525391e+000 6.2191390991210938e-001 7.4158926010131836e+000
v 8.4836835861206055e+000 1.2587738037109375e+000 7.4779710769653320e+000
v 8.0972366333007813e+000 1.0812072753906250e+000 6.6852941513061523e+000
v 9.0446491241455078e+000 1.6321372985839844e+000 7.3167018890380859e+000
v 8.8736324310302734e+000 1.5058212280273437e+000 6.0652637481689453e+000
v 8.1371469497680664e+000 1.4493331909179687e+000 5.0442132949829102e+000
v 7.4291734695434570e+000 1.2295379638671875e+000 5.7074222564697266e+000
v 8.2262525558471680e+000 1.3334960937500000e+000 6.4518938064575195e+000
v 9.4887304306030273e+000 1.6885604858398437e+000 6.9898347854614258e+000
v 7.5524282455444336e+000 1.2034683227539062e+000 5.2829809188842773e+000
v 4.0030002593994141e-002 5.0188446044921875e-001 4.1197700500488281e+000
v 8.6407709121704102e-001 5.6818008422851563e-001 4.5131492614746094e+000
v 1.6760673522949219e+000 9.8693084716796875e-001 3.1666867733001709e+000
v 2.5915646553039551e+000 6.2062454223632813e-001 4.5159921646118164e+000
v 6.0546112060546875e-001 8.0662536621093750e-001 3.3180210590362549e+000
v 1.1430267095565796e+000 6.3058090209960938e-001 3.6519677639007568e+000
v 2.2917802333831787e+000 7.8045654296875000e-001 3.9850938320159912e+000
v 1.6263899803161621e+000 4.6991729736328125e-001 4.9535427093505859e+000
v 1.8203496932983398e+000 6.9453430175781250e-001 4.4170389175415039e+000
v 3.1207823753356934e-001 4.6936035156250000e-002 5.1607179641723633e+000
v 3.9344882965087891e+000 8.2583236694335938e-001 4.8075571060180664e+000
v 3.6371719837188721e+000 7.0088958740234375e-001 4.6524639129638672e+000
v 4.8309383392333984e+000 1.1729736328125000e+000 2.9088575839996338e+000
v 3.7589082717895508e+000 1.2801361083984375e+000 2.7567017078399658e+000
v 5.0592937469482422e+000 6.1387252807617188e-001 4.6876459121704102e+000
v 4.6164875030517578e+000 9.4778442382812500e-001 4.2653541564941406e+000
v 5.1402201652526855e+000 1.1817588806152344e+000 3.6086342334747314e+000
v 3.4007372856140137e+000 1.1858482360839844e+000 3.3826806545257568e+000
v 3.6865334510803223e+000 7.8405380249023438e-001 3.9763376712799072e+000
v 4.3567461967468262e+000 1.2098007202148437e+000 3.4365737438201904e+000
v 3.0473248958587646e+000 8.1679916381835938e-001 4.2007465362548828e+000
v 3.1383478641510010e+000 4.2430496215820313e-001 5.5658493041992187e+000
v 6.9373636245727539e+000 1.2601737976074219e+000 4.4324703216552734e+000
v 5.4766893386840820e+000 7.5484466552734375e-001 4.3984594345092773e+000
v 5.7053079605102539e+000 9.7812652587890625e-001 5.2256813049316406e+000
v 5.4216442108154297e+000 1.4167556762695312e+000 2.6605217456817627e+000
v 5.7814373970031738e+000 1.1903839111328125e+000 4.2466030120849609e+000
v 6.0096521377563477e+000 1.5528221130371094e+000 3.2278306484222412e+000
v 7.0136651992797852e+000 1.5428466796875000e+000 3.7902882099151611e+000
v 6.1491169929504395e+000 1.5298233032226562e+000 3.8305728435516357e+000
v 7.0452909469604492e+000 1.7348747253417969e+000 3.2335102558135986e+000
v 6.5287313461303711e+000 1.2790184020996094e+000 4.9351062774658203e+000
v 7.7606201171875000e+000 1.4154357910156250e+000 4.1329622268676758e+000
v 8.5020875930786133e+000 1.7059631347656250e+000 4.4077997207641602e+000
v 7.6966886520385742e+000 1.8106498718261719e+000 3.6889598369598389e+000
v 8.0131177902221680e+000 1.8310203552246094e+000 3.9993026256561279e+000
v 7.7424793243408203e+000 1.2116127014160156e+000 4.7828083038330078e+000
v 2.2082328796386719e+000 4.7628402709960938e-001 1.0258009433746338e+000
v 1.4861319065093994e+000 9.9457168579101563e-001 2.5005669593811035e+000
v 7.3229575157165527e-001 9.5808792114257813e-001 2.2855689525604248e+000
v 1.2235351800918579e+000 2.9119491577148438e-001 4.3354916572570801e-001
v 2.2704935073852539e-001 1.0273246765136719e+000 1.5101404190063477e+000
v 8.6839318275451660e-001 6.8748092651367188e-001 1.1401190757751465e+000
v 2.3711328506469727e+000 1.2162475585937500e+000 2.3519515991210938e+000
v 2.4982800483703613e+000 1.2695426940917969e+000 3.1909101009368896e+000
v 2.9667201042175293e+000 1.1058235168457031e+000 1.9232881069183350e+000
v 1.4280856847763062e+000 8.5685729980468750e-001 1.8008611202239990e+000
v 3.3673748970031738e+000 7.2451782226562500e-001 8.9718842506408691e-001
v 4.3438854217529297e+000 1.2900123596191406e+000 1.6964683532714844e+000
v 3.6925573348999023e+000 1.0169677734375000e+000 3.9092278480529785e-001
v 3.8671922683715820e+000 9.4543457031250000e-001 1.3139693737030029e+000
v 4.6740417480468750e+000 1.3759613037109375e+000 9.5495438575744629e-001
v 4.4138193130493164e+000 1.5684356689453125e+000 2.6749968528747559e+000
v 5.2775635719299316e+000 1.8887557983398437e+000 1.2522521018981934e+000
v 3.6104273796081543e+000 1.0146026611328125e+000 2.4407351016998291e+000
v 5.0253582000732422e+000 1.7447280883789063e+000 1.8897414207458496e+000
v 2.2537722587585449e+000 7.7523803710937500e-001 1.4551792144775391e+000
v 3.1682543754577637e+000 8.2030487060546875e-001 1.5262320041656494e+000
v 5.9356946945190430e+000 1.2987022399902344e+000 2.3327546119689941e+000
v 6.4164419174194336e+000 1.5036735534667969e+000 1.8810153007507324e+000
v 4.9740540981292725e-001 8.1401062011718750e-001 6.6701209545135498e-001
v 9.9567091464996338e-001 4.9156951904296875e-001 -2.0997047424316406e-002
v 1.9945526123046875e+000 5.8360290527343750e-001 3.7749028205871582e-001
v 2.9688897132873535e+000 5.5017852783203125e-001 7.0186686515808105e-001
v 4.4447617530822754e+000 1.1098747253417969e+000 -7.3568838834762573e-001
v 3.6658430099487305e+000 7.0317459106445313e-001 -1.5165412425994873e-001
v 4.5721535682678223e+000 1.5150833129882813e+000 1.8450021743774414e-003
v 5.3625617027282715e+000 1.6309204101562500e+000 1.3268136978149414e-001
v 6.3436975479125977e+000 1.6038246154785156e+000 3.4370458126068115e-001
v 4.8521199226379395e+000 1.4397315979003906e+000 -3.4316599369049072e-001
v 1.5965306758880615e+000 1.9036216735839844e+000 8.4670867919921875e+000
v 4.4508063793182373e-001 1.9544868469238281e+000 8.5901842117309570e+000
v 4.6438241004943848e-001 2.5474243164062500e+000 8.3367404937744141e+000
v 9.3059420585632324e-001 2.4233474731445313e+000 8.5355768203735352e+000
v 3.8748497962951660e+000 2.0608253479003906e+000 8.6274318695068359e+000
v 3.6114294528961182e+000 2.6086311340332031e+000 8.5184488296508789e+000
v 4.4615020751953125e+000 2.5792884826660156e+000 8.8392658233642578e+000
v 2.9052855968475342e+000 1.9729003906250000e+000 8.3137340545654297e+000
v 5.5885972976684570e+000 2.2811164855957031e+000 8.8779268264770508e+000
v 6.5086374282836914e+000 2.5599975585937500e+000 9.2853326797485352e+000
v 7.5083122253417969e+000 1.8108482360839844e+000 9.4295759201049805e+000
v 8.7877712249755859e+000 2.8894920349121094e+000 9.1437215805053711e+000
v 8.0760269165039062e+000 2.4823608398437500e+000 9.5339574813842773e+000
v 8.9636745452880859e+000 2.3575706481933594e+000 7.9735431671142578e+000
v 8.4103851318359375e+000 2.0146217346191406e+000 8.8330049514770508e+000
v 9.5437107086181641e+000 2.7971954345703125e+000 8.3834695816040039e+000
v 8.9434747695922852e+000 1.6665077209472656e+000 5.4823427200317383e+000
v 9.7564764022827148e+000 1.9574279785156250e+000 6.2877206802368164e+000
v 9.4268035888671875e+000 2.1236457824707031e+000 5.8633060455322266e+000
v 9.6990146636962891e+000 2.4174804687500000e+000 7.6454505920410156e+000
v 1.0154242515563965e+001 2.3645782470703125e+000 6.1389551162719727e+000
v 9.5521459579467773e+000 2.3362236022949219e+000 5.3824520111083984e+000
v 1.0039460182189941e+001 2.5706672668457031e+000 5.4494113922119141e+000
v 7.8850650787353516e+000 2.0888671875000000e+000 2.6094694137573242e+000
v 9.4248514175415039e+000 2.3307914733886719e+000 4.0483589172363281e+000
v 8.6058874130249023e+000 2.1643943786621094e+000 3.3318784236907959e+000
v 9.1225738525390625e+000 2.1925163269042969e+000 4.7532529830932617e+000
v 9.1741027832031250e+000 2.4396362304687500e+000 3.2941133975982666e+000
v 7.4630689620971680e+000 2.0813446044921875e+000 2.0302879810333252e+000
v 6.6699018478393555e+000 2.1505355834960938e+000 2.5570492744445801e+000
v 6.9140920639038086e+000 2.1690444946289062e+000 1.6743130683898926e+000
v 6.8804531097412109e+000 2.0427360534667969e+000 1.0919101238250732e+000
v 6.3363265991210938e+000 2.0316123962402344e+000 1.1048836708068848e+000
v 8.0162849426269531e+000 2.2441978454589844e+000 2.0324831008911133e+000
v 7.5326805114746094e+000 2.2570533752441406e+000 1.6812427043914795e+000
v 8.2908935546875000e+000 2.3359680175781250e+000 6.8840074539184570e-001
v 8.2971534729003906e+000 2.7742195129394531e+000 9.8889827728271484e-001
v 7.9829130172729492e+000 2.2665023803710938e+000 1.4984085559844971e+000
v 7.2887496948242188e+000 2.1186485290527344e+000 2.8822820186614990e+000
v 9.6869859695434570e+000 2.5442504882812500e+000 2.8982574939727783e+000
v 8.7971935272216797e+000 2.7124443054199219e+000 2.3969321250915527e+000
v 6.6430683135986328e+000 2.2355651855468750e+000 -1.0161221027374268e-001
v 7.0539541244506836e+000 2.3254776000976562e+000 -7.6048374176025391e-003
v 7.9439487457275391e+000 2.1314620971679687e+000 6.6690397262573242e-001
v 8.3147525787353516e+000 2.5458755493164062e+000 -2.1207058429718018e-001
v 7.6349115371704102e+000 2.3172531127929687e+000 3.8642668724060059e-001
v 8.6042318344116211e+000 2.9347839355468750e+000 7.9293251037597656e-003
v 4.9132990837097168e+000 1.4863471984863281e+000 2.3994324207305908e+000
v -6.9204187393188477e+000 6.5921401977539063e-001 4.7559537887573242e+000
v -7.0661640167236328e+000 6.0019302368164063e-001 3.9788172245025635e+000
v -6.0227022171020508e+000 8.0393218994140625e-001 3.3621356487274170e+000
v -6.8114271163940430e+000 8.7767410278320313e-001 3.3019316196441650e+000
v -6.0154352188110352e+000 8.6185836791992188e-001 4.8361549377441406e+000
v -5.3189907073974609e+000 1.0282287597656250e+000 3.0027272701263428e+000
v -4.9277133941650391e+000 6.4902114868164063e-001 3.1201775074005127e+000
v -5.2216863632202148e+000 7.8182983398437500e-001 3.7978174686431885e+000
v -5.2590227127075195e+000 8.7654495239257813e-001 4.4002723693847656e+000
v -4.3023490905761719e+000 6.1152648925781250e-001 5.0144605636596680e+000
v -4.9745826721191406e+000 9.3242645263671875e-001 2.5401365756988525e+000
v -3.9059617519378662e+000 5.7876968383789063e-001 4.0350751876831055e+000
v -2.2343575954437256e+000 -3.8879394531250000e-002 3.3807318210601807e+000
v -4.6287155151367188e+000 5.1169204711914063e-001 3.8232357501983643e+000
v -2.5939280986785889e+000 2.5505447387695313e-001 4.2261791229248047e+000
v -2.7368113994598389e+000 6.6556549072265625e-001 4.9836568832397461e+000
v -3.2147119045257568e+000 4.1132354736328125e-001 4.0548009872436523e+000
v -3.2365353107452393e+000 2.6144409179687500e-001 3.2491238117218018e+000
v -4.1097240447998047e+000 5.7783889770507813e-001 3.2778871059417725e+000
v -4.0498361587524414e+000 6.0983276367187500e-001 2.7208130359649658e+000
v -3.1227853298187256e+000 5.8809661865234375e-001 2.6581206321716309e+000
v -2.6246888637542725e+000 3.1192398071289063e-001 3.3321268558502197e+000
v -1.9143426418304443e+000 2.5424957275390625e-001 5.0466146469116211e+000
v -4.4252586364746094e-001 4.5956420898437500e-001 2.7981040477752686e+000
v -8.5289072990417480e-001 -1.0151290893554687e-001 4.2809286117553711e+000
v -1.5603713989257812e+000 -2.3777008056640625e-002 4.0312395095825195e+000
v -9.1537499427795410e-001 1.5673828125000000e-001 3.9226968288421631e+000
v -1.4937598705291748e+000 -1.2870788574218750e-001 4.4842691421508789e+000
v -9.2794418334960938e-001 1.0965347290039063e-001 4.9779033660888672e+000
v -1.2391247749328613e+000 2.4127197265625000e-001 2.6718676090240479e+000
v -1.7150342464447021e+000 2.8755187988281250e-002 3.4778587818145752e+000
v -5.0927591323852539e-001 4.2871856689453125e-001 3.2992370128631592e+000
v 2.3763179779052734e-003 8.5431671142578125e-001 3.1839187145233154e+000
v -4.2361536026000977e+000 1.5346298217773437e+000 1.8679955005645752e+000
v -1.7189662456512451e+000 6.3153839111328125e-001 2.0871691703796387e+000
v -2.2154190540313721e+000 5.5475616455078125e-001 2.2575933933258057e+000
v -2.9668138027191162e+000 1.1692695617675781e+000 6.3841390609741211e-001
v -1.6632707118988037e+000 8.3334350585937500e-001 7.5815629959106445e-001
v -2.7639195919036865e+000 8.5113143920898438e-001 8.7665939331054688e-001
v -3.2612216472625732e+000 9.9296188354492188e-001 1.9043235778808594e+000
v -3.5172073841094971e+000 9.7564697265625000e-001 2.1320426464080811e+000
v -1.7222883701324463e+000 8.4366989135742188e-001 1.3794102668762207e+000
v -3.6945581436157227e-001 1.1751327514648437e+000 1.0562434196472168e+000
v -1.7212388515472412e+000 6.4657592773437500e-001 1.5954291820526123e-001
v -8.9293694496154785e-001 9.9953460693359375e-001 1.4945602416992188e+000
v -2.1551012992858887e-001 9.2734146118164063e-001 2.0880987644195557e+000
v -2.6940295696258545e+000 1.1540260314941406e+000 -2.0272908210754395e+000
v -2.2857306003570557e+000 9.4843292236328125e-001 -9.8559415340423584e-001
v -1.8509924411773682e+000 5.6340408325195313e-001 -1.0438709259033203e+000
v -2.3004024028778076e+000 9.8203659057617188e-001 4.4296979904174805e-002
v -2.4596679210662842e+000 1.2190284729003906e+000 -3.5048168897628784e-001
v -5.3221893310546875e-001 7.6340484619140625e-001 3.1170403957366943e-001
v -1.6589920520782471e+000 5.9469223022460938e-001 -3.2561498880386353e-001
v -1.1732451915740967e+000 3.3955001831054688e-001 -1.3045085668563843e+000
v -2.1492838859558105e-001 4.3356323242187500e-001 -8.4424149990081787e-001
v -8.3354020118713379e-001 6.5375518798828125e-001 -5.4973775148391724e-001
v 9.8720788955688477e-002 5.0819396972656250e-001 -4.0806174278259277e-002
v -2.0925519466400146e+000 1.0062675476074219e+000 -1.7804784774780273e+000
v -1.6125712394714355e+000 6.8711853027343750e-001 -1.6726341247558594e+000
v 4.0817523002624512e-001 3.1273269653320313e-001 -1.5137547254562378e+000
v -1.6352033615112305e-001 5.5855560302734375e-001 -2.2121891975402832e+000
v -2.4702155590057373e+000 1.0315895080566406e+000 -2.6826760768890381e+000
v -2.2532231807708740e+000 1.1385955810546875e+000 -3.7421667575836182e+000
v -1.5706772804260254e+000 7.8040313720703125e-001 -3.3404929637908936e+000
v -4.1319131851196289e-001 3.5255050659179688e-001 -4.4936861991882324e+000
v -1.0668160915374756e+000 7.9605865478515625e-001 -3.0780801773071289e+000
v -1.5905127525329590e+000 7.4420547485351563e-001 -2.7368655204772949e+000
v -7.6028251647949219e-001 2.5736618041992188e-001 -3.5024399757385254e+000
v -7.8624343872070313e-001 -3.2691955566406250e-003 -4.1606044769287109e+000
v 9.4712018966674805e-002 4.5072937011718750e-001 -2.8384289741516113e+000
v -6.0110211372375488e-001 3.7021255493164063e-001 -2.4330105781555176e+000
v -4.0999879837036133e+000 1.2534866333007812e+000 -6.1118516921997070e+000
v -3.3448393344879150e+000 5.7656097412109375e-001 -5.6290664672851562e+000
v -1.6393392086029053e+000 2.7806472778320313e-001 -4.4341707229614258e+000
v -2.4284331798553467e+000 -3.7448883056640625e-002 -5.9176769256591797e+000
v -2.4943320751190186e+000 4.5024871826171875e-001 -6.2998046875000000e+000
v -1.9230120182037354e+000 -1.6809463500976563e-001 -5.5933980941772461e+000
v -2.8390061855316162e+000 2.8495025634765625e-001 -5.4748153686523438e+000
v -2.1843845844268799e+000 2.6888275146484375e-001 -5.0401067733764648e+000
v -3.0787098407745361e+000 9.0652465820312500e-001 -6.1887664794921875e+000
v -1.5319964885711670e+000 -6.9995880126953125e-002 -4.8541054725646973e+000
v -1.3832800388336182e+000 2.0970535278320313e-001 -6.9513626098632812e+000
v -1.8989684581756592e+000 -1.3436126708984375e-001 -6.2150497436523437e+000
v -1.3408162593841553e+000 5.7019424438476563e-001 -6.1467800140380859e+000
v -1.2791044712066650e+000 2.3739242553710938e-001 -5.6938571929931641e+000
v -9.0313768386840820e-001 3.3668899536132813e-001 -5.7982416152954102e+000
v 4.6550321578979492e-001 7.9699707031250000e-001 -4.6576337814331055e+000
v -3.3570122718811035e-001 5.0330352783203125e-001 -5.2122964859008789e+000
v -1.5713477134704590e-001 7.4534225463867188e-001 -5.6456861495971680e+000
v -9.0563631057739258e-001 3.6878967285156250e-001 -4.7927217483520508e+000
v -6.3753151893615723e-001 6.4616394042968750e-001 -6.6988782882690430e+000
v -6.2643361091613770e-001 7.1741485595703125e-001 -7.2044305801391602e+000
v -2.9270648956298828e-002 7.8406524658203125e-001 -7.2378559112548828e+000
v -1.3514752388000488e+000 1.2881164550781250e+000 -7.1757354736328125e+000
v -1.9422047138214111e+000 3.6931228637695313e-001 -6.6503391265869141e+000
v -7.4517660140991211e+000 1.2960014343261719e+000 3.4762356281280518e+000
v -7.0824680328369141e+000 1.7084999084472656e+000 4.8301115036010742e+000
v -7.5704698562622070e+000 2.2401924133300781e+000 3.8622186183929443e+000
v -7.7012777328491211e+000 2.1274261474609375e+000 2.8319337368011475e+000
v -7.3813943862915039e+000 2.1719169616699219e+000 4.7803287506103516e+000
v -7.4448680877685547e+000 2.9070854187011719e+000 4.2079544067382812e+000
v -6.5758371353149414e+000 1.2341842651367187e+000 3.0907471179962158e+000
v -7.3966035842895508e+000 2.5422973632812500e+000 1.7878816127777100e+000
v -8.2591829299926758e+000 3.5752105712890625e+000 1.7153875827789307e+000
v -6.3349304199218750e+000 1.7328567504882813e+000 2.0955760478973389e+000
v -7.1359367370605469e+000 1.7249526977539063e+000 2.6221289634704590e+000
v -7.3532667160034180e+000 3.1412696838378906e+000 9.1581940650939941e-001
v -7.7636718750000000e+000 2.2975997924804687e+000 1.9436933994293213e+000
v -7.8071184158325195e+000 3.7316856384277344e+000 7.7896499633789063e-001
v -7.8374032974243164e+000 2.5127983093261719e+000 2.1708014011383057e+000
v -6.8889160156250000e+000 2.1128578186035156e+000 1.6967625617980957e+000
v -5.6938562393188477e+000 1.4329528808593750e+000 2.4553420543670654e+000
v -5.7746372222900391e+000 2.9322204589843750e+000 3.9196979999542236e-001
v -6.4649515151977539e+000 3.1006660461425781e+000 8.4141421318054199e-001
v -6.0768508911132813e+000 2.6477775573730469e+000 7.5666093826293945e-001
v -5.4930772781372070e+000 2.4738464355468750e+000 9.2158865928649902e-001
v -5.1253223419189453e+000 2.2985000610351562e+000 3.4531676769256592e-001
v -6.6403217315673828e+000 2.8686561584472656e+000 1.2674760818481445e+000
v -5.2478189468383789e+000 2.2200851440429687e+000 1.5775413513183594e+000
v -4.9412593841552734e+000 2.4147377014160156e+000 1.2438213825225830e+000
v -6.1600208282470703e+000 2.3067855834960938e+000 1.5527441501617432e+000
v -5.1013965606689453e+000 1.5258865356445312e+000 2.0862698554992676e+000
v -3.6983420848846436e+000 1.2940902709960937e+000 1.1029210090637207e+000
v -4.0630073547363281e+000 1.9487152099609375e+000 1.4168431758880615e+000
v -4.2363376617431641e+000 1.7586822509765625e+000 4.2851841449737549e-001
v -3.7407581806182861e+000 1.5029602050781250e+000 1.9012603759765625e+000
v -4.6924695968627930e+000 3.7028503417968750e+000 -2.0864617824554443e+000
v -5.2874755859375000e+000 3.7278442382812500e+000 -4.0102314949035645e-001
v -5.5612745285034180e+000 2.5764541625976562e+000 -1.8404126167297363e-002
v -5.1189336776733398e+000 3.1972122192382813e+000 -2.4096322059631348e-001
v -4.7156677246093750e+000 2.8978843688964844e+000 -4.2123079299926758e-002
v -4.1502132415771484e+000 3.2325286865234375e+000 -9.9130439758300781e-001
v -3.1252963542938232e+000 1.7902679443359375e+000 -2.4336485862731934e+000
v -3.4354426860809326e+000 2.0448074340820312e+000 -1.8043404817581177e+000
v -2.8503863811492920e+000 1.4482231140136719e+000 -1.0027780532836914e+000
v -2.8087809085845947e+000 1.0483169555664063e+000 -1.5972510576248169e+000
v -3.3315207958221436e+000 1.7207641601562500e+000 -1.2993130683898926e+000
v -3.7679197788238525e+000 2.3942565917968750e+000 -7.2431057691574097e-001
v -3.3570082187652588e+000 1.7048187255859375e+000 -6.0618984699249268e-001
v -3.5523898601531982e+000 1.6244850158691406e+000 1.7467594146728516e-001
v -3.9500529766082764e+000 2.2083473205566406e+000 -2.4303090572357178e-001
v -4.3197927474975586e+000 3.0472030639648438e+000 -3.9605814218521118e-001
v -3.9973580837249756e+000 2.5704307556152344e+000 -1.7043567895889282e+000
v -4.8385362625122070e+000 3.0870170593261719e+000 -2.3321688175201416e+000
v -4.8387746810913086e+000 3.0044136047363281e+000 -4.4409112930297852e+000
v -4.8848390579223633e+000 3.2096099853515625e+000 -3.9456856250762939e+000
v -4.5354881286621094e+000 2.6239776611328125e+000 -3.0141060352325439e+000
v -4.1911916732788086e+000 2.2480812072753906e+000 -4.3846530914306641e+000
v -4.2089233398437500e+000 2.5768470764160156e+000 -2.2395560741424561e+000
v -2.6778891086578369e+000 1.0208435058593750e+000 -4.5000405311584473e+000
v -3.5206677913665771e+000 1.5960083007812500e+000 -4.7640237808227539e+000
v -3.5300738811492920e+000 2.3386840820312500e+000 -3.5915348529815674e+000
v -3.0039050579071045e+000 1.4695243835449219e+000 -3.7849817276000977e+000
v -3.0984528064727783e+000 1.5819206237792969e+000 -3.1383607387542725e+000
v -4.0620107650756836e+000 2.1859703063964844e+000 -4.6709852218627930e+000
v -4.4730195999145508e+000 3.0095977783203125e+000 -3.3907830715179443e+000
v -3.8413922786712646e+000 2.5220336914062500e+000 -2.8702468872070312e+000
v -4.2143440246582031e+000 2.8922576904296875e+000 -3.6411283016204834e+000
v -5.1893692016601563e+000 2.5754585266113281e+000 -5.7177066802978516e+000
v -5.7982597351074219e+000 3.3942756652832031e+000 -5.6743125915527344e+000
v -4.6862316131591797e+000 1.9150314331054687e+000 -6.0423650741577148e+000
v -5.3375024795532227e+000 2.8797264099121094e+000 -5.0672826766967773e+000
v -4.5978174209594727e+000 2.0074539184570312e+000 -5.4134292602539062e+000
v -4.7355823516845703e+000 2.5924110412597656e+000 -5.1165294647216797e+000
v -5.3603191375732422e+000 3.1882514953613281e+000 -4.6443815231323242e+000
v -4.4161005020141602e+000 3.2091484069824219e+000 -6.1033906936645508e+000
v -3.8656871318817139e+000 1.3855400085449219e+000 -6.3084077835083008e+000
v -4.0900936126708984e+000 2.0622138977050781e+000 -6.0261316299438477e+000
v -3.9514749050140381e+000 1.2581634521484375e+000 -5.5872764587402344e+000
v -3.8522827625274658e+000 2.7724647521972656e+000 -6.1271533966064453e+000
v -3.0234210491180420e+000 1.7777748107910156e+000 -6.2038822174072266e+000
v -3.0457875728607178e+000 3.5266456604003906e+000 -6.7828569412231445e+000
v -2.0679976940155029e+000 1.8246879577636719e+000 -6.4107456207275391e+000
v -3.2134363651275635e+000 2.5564498901367187e+000 -6.3745384216308594e+000
v -2.6088116168975830e+000 2.6144256591796875e+000 -6.4036502838134766e+000
v -3.6942327022552490e+000 3.3841552734375000e+000 -6.2641086578369141e+000
v -1.8903291225433350e+000 1.4756851196289062e+000 -6.7671499252319336e+000
v -1.5225820541381836e+000 2.5292358398437500e+000 -6.7494754791259766e+000
v -2.6395313739776611e+000 3.6389007568359375e+000 -7.0263872146606445e+000
v -1.2888312339782715e-001 2.5999641418457031e+000 -7.4761953353881836e+000
v -6.5952563285827637e-001 1.9415626525878906e+000 -7.3183507919311523e+000
v -3.0662846565246582e-001 1.4861145019531250e+000 -7.3554735183715820e+000
v -1.1692306995391846e+000 2.4022331237792969e+000 -7.0790653228759766e+000
v -4.5913958549499512e-001 3.3662605285644531e+000 -7.6629657745361328e+000
v -7.8804087638854980e-001 3.0097694396972656e+000 -7.1614999771118164e+000
v -1.4750874042510986e+000 3.4655075073242187e+000 -7.0118293762207031e+000
v -7.8776330947875977e+000 3.4518051147460938e+000 2.6452906131744385e+000
v -8.1052627563476562e+000 4.2486114501953125e+000 3.2200806140899658e+000
v -7.8003787994384766e+000 3.7704658508300781e+000 4.0636777877807617e+000
v -7.5995807647705078e+000 3.1286964416503906e+000 3.4619710445404053e+000
v -8.1124534606933594e+000 3.9889717102050781e+000 2.3995039463043213e+000
v -6.5995216369628906e+000 3.7495880126953125e+000 7.5716161727905273e-001
v -8.0394182205200195e+000 3.2271575927734375e+000 1.2937433719635010e+000
v -5.5908727645874023e+000 4.3020858764648437e+000 -1.5133956670761108e+000
v -5.2890157699584961e+000 4.0678787231445313e+000 -1.7653539180755615e+000
v -4.4781122207641602e+000 3.7034645080566406e+000 -8.8920629024505615e-001
v -5.7096261978149414e+000 4.3099670410156250e+000 -4.4317126274108887e-001
v -5.5230340957641602e+000 3.5486679077148437e+000 8.9870691299438477e-002
v -5.5410737991333008e+000 3.8940887451171875e+000 -9.6884149312973022e-001
v -4.3772716522216797e+000 3.9446258544921875e+000 -1.4202008247375488e+000
v -6.0750894546508789e+000 3.9356002807617187e+000 -4.3979940414428711e+000
v -5.4322490692138672e+000 3.9248313903808594e+000 -4.2255835533142090e+000
v -5.0288953781127930e+000 3.5042457580566406e+000 -2.9110183715820313e+000
v -5.2306947708129883e+000 3.4116249084472656e+000 -3.5296049118041992e+000
v -5.3983087539672852e+000 3.9845581054687500e+000 -3.4065182209014893e+000
v -5.0973758697509766e+000 3.5079765319824219e+000 -5.8102006912231445e+000
v -6.5112113952636719e-004 4.1176147460937500e+000 -7.6595630645751953e+000
v 9.1086864471435547e-002 3.3836364746093750e+000 -7.5795536041259766e+000
v -8.9215016365051270e-001 3.9098701477050781e+000 -7.3669595718383789e+000
v -1.2856066703796387e+001 1.1311038970947266e+001 -3.4611432552337646e+000
v -6.6766500473022461e+000 1.4082662582397461e+001 1.5459907054901123e+000
v -1.2588842391967773e+001 1.1411787033081055e+001 -3.9915993213653564e+000
v -5.8662948608398437e+000 1.4281900405883789e+001 -1.5006210803985596e+000
v -7.7624969482421875e+000 1.4058389663696289e+001 -1.6354532241821289e+000
v -7.6754846572875977e+000 1.3608873367309570e+001 1.8784263134002686e+000
v -9.7238979339599609e+000 7.9053115844726563e+000 1.8287062644958496e-002
v -7.3179569244384766e+000 1.3975532531738281e+001 1.1674017906188965e+000
v -1.0141745567321777e+001 7.2649269104003906e+000 4.9355182647705078e+000
v -1.0220345497131348e+001 7.5173759460449219e+000 4.0523910522460938e+000
v -8.3978776931762695e+000 1.3680578231811523e+001 2.7127337455749512e+000
v -6.6337718963623047e+000 1.4181884765625000e+001 -1.3677667379379272e+000
v -2.1217124462127686e+000 1.5563764572143555e+001 1.1638557910919189e+000
v -8.7084388732910156e+000 8.2615089416503906e+000 7.6429510116577148e-001
v -7.9275293350219727e+000 1.3842102050781250e+001 9.7967410087585449e-001
v -8.7522039413452148e+000 6.8712272644042969e+000 2.0278334617614746e-002
v -1.0333926200866699e+001 8.7431831359863281e+000 2.9685575962066650e+000
v -1.0082511901855469e+001 9.7174949645996094e+000 7.1458756923675537e-001
v -8.7214527130126953e+000 7.5893745422363281e+000 3.1967425346374512e-001
v -1.6816947460174561e+000 1.5396583557128906e+001 1.2332510948181152e+000
v -1.4491133689880371e+000 1.4809000015258789e+001 1.5720341205596924e+000
v -9.7917842864990234e+000 8.1886863708496094e+000 2.6083524227142334e+000
v -2.5743219852447510e+000 1.5341463088989258e+001 1.5829105377197266e+000
v -1.0666721343994141e+001 8.3508071899414062e+000 4.7604131698608398e+000
v -2.5773928165435791e+000 1.6133470535278320e+001 -3.6639134883880615e+000
v -1.7223041057586670e+000 1.4160385131835938e+001 2.4169554710388184e+000
v -1.8269131183624268e+000 1.6254573822021484e+001 -3.8020884990692139e+000
v -7.0464315414428711e+000 1.4115530014038086e+001 -1.5878236293792725e+000
v -1.0367143630981445e+001 8.0736694335937500e+000 5.1280403137207031e+000
v -2.1144468784332275e+000 1.4762464523315430e+001 2.0277037620544434e+000
v -1.1546862125396729e+000 1.6119752883911133e+001 -2.7731027603149414e+000
v 3.4058332443237305e-002 1.4595579147338867e+001 1.4598081111907959e+000
v -8.8397383689880371e-001 1.5310035705566406e+001 9.9739694595336914e-001
v -9.6823854446411133e+000 1.2226312637329102e+001 4.6057109832763672e+000
v -2.9852316379547119e+000 1.5781257629394531e+001 -2.8736615180969238e+000
v -1.0743112564086914e+000 1.4502147674560547e+001 2.0731804370880127e+000
v -6.2195711135864258e+000 1.4608493804931641e+001 1.1462991237640381e+000
v -8.2061443328857422e+000 4.3318138122558594e+000 1.7591052055358887e+000
v -7.1744394302368164e-001 1.4210323333740234e+001 2.6805300712585449e+000
v -1.2568604469299316e+001 1.1903554916381836e+001 -3.0501375198364258e+000
v -7.8655271530151367e+000 1.3852964401245117e+001 4.6960620880126953e+000
v -8.6683712005615234e+000 5.2801856994628906e+000 4.8477478027343750e+000
v -1.0186632156372070e+001 7.8662414550781250e+000 3.6009910106658936e+000
v -8.4654655456542969e+000 5.0156402587890625e+000 2.0785796642303467e+000
v -7.6814966201782227e+000 1.3954505920410156e+001 -2.5215599536895752e+000
v -2.7773416042327881e+000 1.5304050445556641e+001 -9.0026962757110596e-001
v -3.3136689662933350e+000 1.5566366195678711e+001 -2.0180931091308594e+000
v -3.8980324268341064e+000 1.5261011123657227e+001 -2.3437814712524414e+000
v -6.6950321197509766e+000 1.4068323135375977e+001 -2.3439333438873291e+000
v -3.7869575023651123e+000 1.4837171554565430e+001 -1.0902451276779175e+000
v -4.4509706497192383e+000 1.4877542495727539e+001 -1.1134173870086670e+000
v -3.5077621936798096e+000 1.5154760360717773e+001 -1.9406501054763794e+000
v -4.5488414764404297e+000 1.4736824035644531e+001 -2.0344767570495605e+000
v -1.0829962730407715e+001 1.2490728378295898e+001 -3.4640762805938721e+000
v -1.0327301979064941e+001 1.2770460128784180e+001 -3.1768455505371094e+000
v -1.1452432632446289e+001 1.2339885711669922e+001 -3.6075279712677002e+000
v -1.0704324722290039e+001 1.2636051177978516e+001 1.9561934471130371e-001
v -1.0016011238098145e+001 1.3079875946044922e+001 2.1729421615600586e-001
v -9.5516109466552734e+000 1.3430244445800781e+001 5.7204914093017578e-001
v -1.0982942581176758e+001 1.2336471557617188e+001 -3.5326844453811646e-001
v 4.6643614768981934e-001 1.4008527755737305e+001 2.8328921794891357e+000
v -1.0543025016784668e+001 1.2877111434936523e+001 -6.0280674695968628e-001
v -1.1433273315429688e+001 1.2529718399047852e+001 4.7438669204711914e-001
v -1.0022358894348145e+001 1.3308940887451172e+001 -2.7403950691223145e-002
v 4.1738510131835938e-002 1.4274322509765625e+001 2.3819875717163086e+000
v -2.3894429206848145e-001 1.3586357116699219e+001 3.3947718143463135e+000
v -9.5992088317871094e-003 1.2950038909912109e+001 3.9726526737213135e+000
v -9.5034570693969727e+000 7.0971679687500000e+000 4.0414733886718750e+000
v -6.2869110107421875e+000 1.4261226654052734e+001 4.5097904205322266e+000
v -2.3878495693206787e+000 1.3621898651123047e+001 3.7410814762115479e+000
v -3.8353984355926514e+000 1.4822225570678711e+001 2.4119045734405518e+000
v -3.4461700916290283e+000 1.3546451568603516e+001 3.8689610958099365e+000
v -4.0503301620483398e+000 1.3803491592407227e+001 4.0796928405761719e+000
v -6.1778726577758789e+000 5.1396408081054687e+000 -1.0095951557159424e+000
v -3.1769225597381592e+000 1.5201900482177734e+001 2.5604894161224365e+000
v -1.9595487117767334e+000 1.2346321105957031e+001 4.5820941925048828e+000
v -3.0223896503448486e+000 1.4925031661987305e+001 2.9800341129302979e+000
v -5.6575183868408203e+000 5.1322898864746094e+000 -1.1506094932556152e+000
v -2.6401579380035400e+000 1.4754497528076172e+001 2.5324823856353760e+000
v -3.6422259807586670e+000 1.3291339874267578e+001 4.2268915176391602e+000
v -3.8808481693267822e+000 1.5037752151489258e+001 3.2168180942535400e+000
v -1.0991327285766602e+001 1.0538661956787109e+001 8.0718374252319336e-001
v -4.4637565612792969e+000 1.4151071548461914e+001 3.9120905399322510e+000
v -1.1390456199645996e+001 1.0790243148803711e+001 5.1890027523040771e-001
v -1.0903386116027832e+001 1.0116306304931641e+001 6.6775918006896973e-002
v -6.0792217254638672e+000 4.4976501464843750e+000 -3.5220599174499512e+000
v -9.5641040802001953e+000 9.1219596862792969e+000 8.3888101577758789e-001
v -9.9820375442504883e+000 8.7966156005859375e+000 1.5693426132202148e-002
v -2.1290323734283447e+000 1.5525260925292969e+001 -1.4360085725784302e+000
v -1.0817672729492188e+001 9.4766006469726563e+000 -3.6101830005645752e-001
v -5.7476568222045898e+000 4.9795494079589844e+000 -2.7474088668823242e+000
v -5.5697278976440430e+000 4.8310737609863281e+000 -2.0721769332885742e+000
v -3.3155214786529541e+000 1.5183242797851563e+001 -1.3319890499114990e+000
v -2.3936121463775635e+000 1.5892408370971680e+001 -2.7264423370361328e+000
v -5.3955678939819336e+000 4.3853111267089844e+000 -2.5405645370483398e+000
v -1.3905200958251953e+000 1.5897249221801758e+001 -2.0853230953216553e+000
v -7.2305116653442383e+000 4.9675941467285156e+000 -2.7984237670898438e+000
v -7.5902347564697266e+000 5.2433815002441406e+000 -2.5918188095092773e+000
v -1.3075168609619141e+001 7.9291267395019531e+000 -3.1238613128662109e+000
v -1.3567929267883301e+000 1.5690387725830078e+001 -1.5123543739318848e+000
v -1.2156258583068848e+001 7.3349800109863281e+000 -2.6224191188812256e+000
v -8.4653282165527344e+000 4.7420005798339844e+000 3.3629224300384521e+000
v -1.2202106475830078e+001 1.2010074615478516e+001 2.0242137908935547e+000
v -9.2607622146606445e+000 7.7636413574218750e+000 2.5991561412811279e+000
v -1.1828609466552734e+001 1.1058818817138672e+001 1.8420274257659912e+000
v -9.5646896362304687e+000 7.5845489501953125e+000 3.0733177661895752e+000
v -6.9841003417968750e+000 4.9121284484863281e+000 -4.0550918579101562e+000
v -8.9630317687988281e+000 7.1170387268066406e+000 3.1920163631439209e+000
v -6.7882976531982422e+000 4.6363945007324219e+000 2.1106052398681641e-001
v -6.2804222106933594e+000 5.2919845581054687e+000 -1.2647306919097900e-001
v -8.0096006393432617e+000 4.4740409851074219e+000 4.5518112182617188e-001
v -7.6499166488647461e+000 4.3420791625976563e+000 2.9040753841400146e-001
v -1.1872925758361816e+001 1.2239156723022461e+001 1.4592275619506836e+000
v -6.1117525100708008e+000 4.3110237121582031e+000 9.0666770935058594e-002
v -1.1695166587829590e+001 1.1446594238281250e+001 1.1632108688354492e+000
v -8.9660720825195313e+000 7.4686508178710938e+000 2.3183095455169678e+000
v -8.5637407302856445e+000 5.1940574645996094e+000 4.4321832656860352e+000
v -1.0127545356750488e+001 8.5844497680664062e+000 1.9655728340148926e+000
v -6.8643140792846680e+000 1.4005393981933594e+001 4.5235843658447266e+000
v -9.2408466339111328e+000 8.0633163452148438e+000 1.7790145874023437e+000
v -8.7342700958251953e+000 8.1878585815429687e+000 1.3048090934753418e+000
v -8.6248884201049805e+000 7.7575302124023438e+000 1.6814603805541992e+000
v -2.8440983295440674e+000 1.2468803405761719e+001 4.6655836105346680e+000
v -3.5420205593109131e+000 1.4331960678100586e+001 3.3765079975128174e+000
v -3.3176944255828857e+000 1.4082347869873047e+001 3.0880973339080811e+000
v -9.2076930999755859e+000 8.6439819335937500e+000 1.5634579658508301e+000
v -4.3930807113647461e+000 1.2946477890014648e+001 4.6835680007934570e+000
v -1.1415731430053711e+001 1.2436569213867188e+001 1.9936134815216064e+000
v -3.5757691860198975e+000 1.2853570938110352e+001 4.4625425338745117e+000
v -1.0648406028747559e+001 1.2903467178344727e+001 8.4672212600708008e-001
v -1.0354671478271484e+001 1.3187545776367188e+001 1.8020904064178467e+000
v -4.0367774963378906e+000 1.4863510131835938e+001 3.5807397365570068e+000
v -1.0994114875793457e+001 1.2944379806518555e+001 2.5485622882843018e+000
v -5.2280941009521484e+000 1.4921836853027344e+001 -3.1196832656860352e+000
v -6.4508724212646484e+000 5.3689155578613281e+000 -1.6558426618576050e+000
v -1.1783103942871094e+001 1.2280984878540039e+001 8.9580297470092773e-001
v -4.6501522064208984e+000 1.5012533187866211e+001 -3.2897577285766602e+000
v -5.3795118331909180e+000 1.4838481903076172e+001 -3.5754456520080566e+000
v -1.1369704246520996e+001 1.2870204925537109e+001 9.4921183586120605e-001
v -6.6465034484863281e+000 5.3542289733886719e+000 -2.6735949516296387e+000
v -1.1211069107055664e+001 9.9427452087402344e+000 3.7902500629425049e+000
v -6.9958086013793945e+000 5.3478775024414062e+000 -2.3282322883605957e+000
v -6.0815324783325195e+000 1.4355503082275391e+001 -3.4028275012969971e+000
v -7.4312810897827148e+000 5.7607994079589844e+000 -2.2921328544616699e+000
v -1.4649939537048340e-001 1.5301074981689453e+001 6.5268373489379883e-001
v -1.1214090347290039e+001 9.8069076538085938e+000 3.1593372821807861e+000
v -1.1235199928283691e+001 1.0941198348999023e+001 3.5090930461883545e+000
v -1.1679185867309570e+001 1.0230548858642578e+001 3.0023882389068604e+000
v -1.0407517433166504e+001 8.7211570739746094e+000 3.8952219486236572e+000
v 1.6374373435974121e-001 1.4729410171508789e+001 3.6517310142517090e-001
v -2.0423221588134766e-001 1.4935295104980469e+001 9.5795464515686035e-001
v -1.0834065437316895e+001 9.6725616455078125e+000 3.5773360729217529e+000
v -3.0228130817413330e+000 1.3262237548828125e+001 3.4965331554412842e+000
v -2.1262629032135010e+000 1.3125553131103516e+001 4.0215911865234375e+000
v -1.9505283832550049e+000 1.3772378921508789e+001 2.9885823726654053e+000
v -6.3848900794982910e-001 1.5624759674072266e+001 -5.9380638599395752e-001
v 2.5623273849487305e-001 1.5703178405761719e+001 -7.3257499933242798e-001
v -2.9778926372528076e+000 1.2981700897216797e+001 4.1782140731811523e+000
v -1.4578781127929687e+000 1.3286905288696289e+001 3.5826399326324463e+000
v -2.7271783351898193e+000 1.3981863021850586e+001 3.1983020305633545e+000
v -2.2903683185577393e+000 1.4212848663330078e+001 2.5400979518890381e+000
v -6.5316915512084961e-002 1.5743440628051758e+001 -3.0014162063598633e+000
v -1.0399124622344971e+000 1.3534055709838867e+001 3.3901202678680420e+000
v -2.3468739986419678e+000 1.2714960098266602e+001 4.1885786056518555e+000
v -6.5504627227783203e+000 1.4344762802124023e+001 -2.3241398334503174e+000
v -1.1882877349853516e+001 1.2462696075439453e+001 2.5203485488891602e+000
v -7.0087757110595703e+000 1.3981018066406250e+001 -4.2273988723754883e+000
v -1.1005129814147949e+001 1.2944454193115234e+001 1.4500887393951416e+000
v -6.9876708984375000e+000 1.4016973495483398e+001 -3.3345296382904053e+000
v -5.1049461364746094e+000 1.5138788223266602e+001 -3.9912862777709961e+000
v -1.2024839401245117e+001 1.1295822143554687e+001 2.8677313327789307e+000
v -1.1957352638244629e+001 1.0616111755371094e+001 3.0605356693267822e+000
v -4.2939310073852539e+000 1.5314680099487305e+001 1.9741816520690918e+000
v -4.5862817764282227e+000 1.4380943298339844e+001 2.0926640033721924e+000
v -9.8855247497558594e+000 5.7742538452148437e+000 -3.4788944721221924e+000
v -4.8417463302612305e+000 1.4910808563232422e+001 8.2493424415588379e-001
v -5.1844120025634766e+000 1.5021327972412109e+001 1.5280003547668457e+000
v -5.4677944183349609e+000 1.4496641159057617e+001 1.3735272884368896e+000
v -4.9579038619995117e+000 1.4478401184082031e+001 2.4088668823242187e+000
v -6.6954541206359863e-001 1.6159774780273437e+001 -1.9722429513931274e+000
v -5.6074914932250977e+000 1.4391963958740234e+001 2.1239168643951416e+000
v -6.3315725326538086e+000 1.4175937652587891e+001 2.0800576210021973e+000
v -5.5674982070922852e+000 1.4608936309814453e+001 -2.2153174877166748e-001
v -4.5077314376831055e+000 1.4877838134765625e+001 -4.3524861335754395e-002
v -1.0397372245788574e+000 1.5902257919311523e+001 -9.8507791757583618e-001
v -5.8271813392639160e-001 1.6165519714355469e+001 -2.8398864269256592e+000
v -3.5692214965820313e-002 1.5773771286010742e+001 -1.1412001848220825e+000
v -4.7718830108642578e+000 1.4852296829223633e+001 -7.3890852928161621e-001
v -9.6837306022644043e-001 1.6556322097778320e+001 -3.5550003051757813e+000
v 3.5252094268798828e-001 1.6165128707885742e+001 -3.5435831546783447e+000
v -1.0246412277221680e+001 8.1573867797851562e+000 -5.3697854280471802e-001
v -8.7419166564941406e+000 5.6505317687988281e+000 2.7050676345825195e+000
v -8.4040851593017578e+000 5.5793113708496094e+000 1.3135573863983154e+000
v -8.8761587142944336e+000 6.9844436645507813e+000 1.7027852535247803e+000
v -8.6258211135864258e+000 6.4148635864257812e+000 7.7049589157104492e-001
v -1.0963742256164551e+001 8.7234916687011719e+000 -8.2580149173736572e-001
v -8.9515686035156250e+000 6.3791198730468750e+000 1.7210791110992432e+000
v -1.0168280601501465e+000 1.2368379592895508e+001 4.7940473556518555e+000
v -1.1885831832885742e+001 1.2391517639160156e+001 2.1521527767181396e+000
v -1.1704280853271484e+001 1.2151288986206055e+001 -2.3077378273010254e+000
v -1.1869043350219727e+001 9.1464309692382812e+000 -1.2210245132446289e+000
v -1.2891104698181152e+001 1.1301321029663086e+001 2.8639292716979980e-001
v -9.1128015518188477e+000 5.4419059753417969e+000 -3.1604349613189697e+000
v -4.9198579788208008e+000 1.4614715576171875e+001 2.3280358314514160e-001
v -6.0213289260864258e+000 1.4310319900512695e+001 -5.8087503910064697e-001
v -6.0059509277343750e+000 1.4505222320556641e+001 4.3225133419036865e-001
v -7.9341726303100586e+000 1.4089733123779297e+001 -1.0698333978652954e+000
v -1.1241804122924805e+001 7.6873321533203125e+000 -1.8521800041198730e+000
v -1.1769778251647949e+001 8.3506546020507812e+000 -1.8849879503250122e+000
v -5.6317653656005859e+000 1.4530828475952148e+001 -1.3916599750518799e+000
v -1.2866718292236328e+001 1.1756793975830078e+001 -2.1491894721984863e+000
v -1.0883491516113281e+001 7.5659599304199219e+000 -1.3510407209396362e+000
v -1.1321643829345703e+001 1.2358451843261719e+001 -9.5766961574554443e-001
v -1.1556522369384766e+001 7.0014839172363281e+000 -2.3908066749572754e+000
v -1.2438096046447754e+001 1.1762809753417969e+001 -4.1209478378295898e+000
v -1.2504337310791016e+001 1.2091100692749023e+001 -2.0340259075164795e+000
v -6.9516057968139648e+000 1.4341720581054688e+001 -3.9534568786621094e-003
v -1.1943144798278809e+001 1.2080080032348633e+001 -1.5257350206375122e+000
v -6.9991054534912109e+000 1.4311590194702148e+001 6.2459850311279297e-001
v -8.8223705291748047e+000 1.3576948165893555e+001 1.0033438205718994e+000
v -8.3173227310180664e+000 1.3688383102416992e+001 5.5860328674316406e-001
v -8.7934179306030273e+000 1.3861310958862305e+001 -5.0493901968002319e-001
v -8.9689407348632812e+000 1.3460802078247070e+001 2.9388666152954102e-002
v -6.7743816375732422e+000 1.4178791046142578e+001 -6.1049681901931763e-001
v -7.7395753860473633e+000 1.4145637512207031e+001 -7.4423432350158691e-002
v -2.8508689403533936e+000 1.5573148727416992e+001 2.1713392734527588e+000
v -7.8231487274169922e+000 1.3732328414916992e+001 2.7581131458282471e-001
v -9.8747148513793945e+000 1.3574827194213867e+001 1.2962701320648193e+000
v -3.4448635578155518e+000 1.5223667144775391e+001 8.4270381927490234e-001
v -3.8915345668792725e+000 1.4958955764770508e+001 -2.1749520301818848e-001
v -6.9767932891845703e+000 5.4106826782226562e+000 -8.1532824039459229e-001
v -7.6484355926513672e+000 5.4578781127929687e+000 -5.9867465496063232e-001
v -3.0868260860443115e+000 1.5386270523071289e+001 1.4325189590454102e+000
v 3.4640312194824219e-002 1.5767530441284180e+001 -2.0084619522094727e+000
v -3.9371063709259033e+000 1.5192712783813477e+001 7.6455497741699219e-001
v -3.4385364055633545e+000 1.5437252044677734e+001 2.0331573486328125e+000
v -6.7365827560424805e+000 5.5648727416992187e+000 -2.6120352745056152e-001
v -8.7447843551635742e+000 1.3336458206176758e+001 -2.2548618316650391e+000
v -8.7581100463867187e+000 1.3672231674194336e+001 -1.4588062763214111e+000
v -9.5113029479980469e+000 1.3308572769165039e+001 -5.4963350296020508e-001
v -8.1892910003662109e+000 1.3687063217163086e+001 -1.7840385437011719e+000
v -9.3048820495605469e+000 1.3542512893676758e+001 -1.0485401153564453e+000
v -9.2894763946533203e+000 1.3408563613891602e+001 -2.3641612529754639e+000
v -2.4460060596466064e+000 1.5394109725952148e+001 1.8305468559265137e-001
v -2.6645772457122803e+000 1.5497125625610352e+001 -3.1261891126632690e-001
v -1.2689092159271240e+000 1.5608562469482422e+001 2.9037511348724365e-001
v -7.9451513290405273e+000 1.3823074340820313e+001 -3.1256256103515625e+000
v -1.9105904102325439e+000 1.5608428955078125e+001 4.4564211368560791e-001
v -7.9962892532348633e+000 1.3350614547729492e+001 -3.6480810642242432e+000
v -4.1274318695068359e+000 1.5463630676269531e+001 1.3496093750000000e+000
v -7.9481143951416016e+000 1.3457599639892578e+001 -4.1463932991027832e+000
v -1.0044747352600098e+001 1.1284833908081055e+001 4.7055311203002930e+000
v -7.6166553497314453e+000 5.3520660400390625e+000 2.2963845729827881e-001
v -1.0710646629333496e+001 6.5354957580566406e+000 -2.7798633575439453e+000
v -1.0461448669433594e+001 6.1817283630371094e+000 -4.0031719207763672e+000
v -1.0689375877380371e+001 1.0720249176025391e+001 4.5204076766967773e+000
v -1.0288192749023437e+001 1.2336191177368164e+001 4.2950582504272461e+000
v -1.0239263534545898e+001 5.6389198303222656e+000 -2.5483520030975342e+000
v -1.1078153610229492e+001 1.2237253189086914e+001 -2.0737121105194092e+000
v -1.0614226341247559e+001 1.2765666961669922e+001 -1.3638168573379517e+000
v -1.0236347198486328e+001 1.2802688598632813e+001 -1.0452789068222046e+000
v -1.0796049118041992e+001 9.9852180480957031e+000 4.4041509628295898e+000
v -9.5374374389648437e+000 1.2997562408447266e+001 -1.6389038562774658e+000
v -1.0379558563232422e+001 9.6454544067382812e+000 4.6921291351318359e+000
v -1.0846162796020508e+001 8.7931900024414062e+000 4.2481708526611328e+000
v -1.0502161979675293e+001 9.2055282592773437e+000 2.6525859832763672e+000
v -1.0765371322631836e+001 9.5096511840820312e+000 1.8772535324096680e+000
v -1.0446218490600586e+001 9.6926231384277344e+000 1.4486536979675293e+000
v -1.0061413764953613e+001 1.2949588775634766e+001 -2.1348252296447754e+000
v -9.9652862548828125e+000 9.0572967529296875e+000 1.7448289394378662e+000
v -1.0426375389099121e+001 1.0055301666259766e+001 1.0738964080810547e+000
v -8.4612965583801270e-001 1.2673727035522461e+001 4.1429433822631836e+000
v -1.1107050895690918e+001 7.3110542297363281e+000 -3.0375766754150391e+000
v -1.1776459693908691e+001 7.8942146301269531e+000 -3.4091906547546387e+000
v -1.1260039329528809e+001 1.0172454833984375e+001 2.4720196723937988e+000
v -1.2444013595581055e+001 8.7200393676757812e+000 -1.8770854473114014e+000
v -1.0738150596618652e+001 7.0265159606933594e+000 -3.6491544246673584e+000
v -1.1749653816223145e+001 1.1260356903076172e+001 9.1152167320251465e-001
v -1.2593295097351074e+001 9.2634887695312500e+000 -1.0296759605407715e+000
v -1.2455958366394043e+001 1.1682891845703125e+001 -5.8952599763870239e-001
v -1.1934679985046387e+001 1.0881502151489258e+001 1.5843737125396729e-001
v -1.2590091705322266e+001 1.1926191329956055e+001 5.1773774623870850e-001
v -6.4783086776733398e+000 4.9096717834472656e+000 -3.4176175594329834e+000
v -1.1669656753540039e+001 1.2090803146362305e+001 -7.2820323705673218e-001
v -1.2364859580993652e+001 1.1784442901611328e+001 8.5934305191040039e-001
v -9.6112451553344727e+000 1.3270736694335937e+001 2.0923836231231689e+000
v -9.0760126113891602e+000 1.3195970535278320e+001 1.3835639953613281e+000
v -8.6667909622192383e+000 1.3225042343139648e+001 2.0959908962249756e+000
v -8.4598159790039063e+000 1.3349712371826172e+001 1.4923119544982910e+000
v -4.3288927078247070e+000 1.5533885955810547e+001 -3.6011407375335693e+000
v -7.3812894821166992e+000 5.7742958068847656e+000 -1.4844272136688232e+000
v -1.1107925415039063e+001 1.0457221984863281e+001 2.0072052478790283e+000
v -8.3075666427612305e+000 1.3677656173706055e+001 4.0028305053710937e+000
v -8.8146629333496094e+000 1.3671873092651367e+001 3.3114178180694580e+000
v -3.6061851978302002e+000 1.5852008819580078e+001 -3.3793394565582275e+000
v -9.4902601242065430e+000 1.3095247268676758e+001 2.9694054126739502e+000
v -9.0021820068359375e+000 6.6256408691406250e+000 2.5616433620452881e+000
v -8.1709451675415039e+000 5.5117111206054687e+000 -6.0346853733062744e-001
v -8.9954071044921875e+000 1.3316192626953125e+001 2.6172831058502197e+000
v -9.2400274276733398e+000 1.3472738265991211e+001 3.5050113201141357e+000
v -9.3855466842651367e+000 1.3282394409179688e+001 4.1207027435302734e+000
v -8.5973644256591797e+000 5.4766120910644531e+000 3.1087710857391357e+000
v -9.4798011779785156e+000 6.6660690307617188e+000 4.6991348266601563e+000
v -9.0297765731811523e+000 5.8441581726074219e+000 3.5947949886322021e+000
v -9.1668157577514648e+000 6.2045516967773437e+000 4.1135778427124023e+000
v -3.3262259960174561e+000 1.5328113555908203e+001 9.3793272972106934e-002
v -9.8168849945068359e+000 6.7937393188476562e+000 -8.0653077363967896e-001
v -6.4017629623413086e+000 5.5468215942382812e+000 -2.2736291885375977e+000
v -7.9488821029663086e+000 4.8873634338378906e+000 -4.1419181823730469e+000
v -7.8493814468383789e+000 5.0181350708007812e+000 -3.1988847255706787e+000
v -1.0925662994384766e+001 1.1034172058105469e+001 4.0175218582153320e+000
v -8.8982191085815430e+000 7.0878334045410156e+000 7.9768919944763184e-001
v -8.3118267059326172e+000 5.3736839294433594e+000 4.5394694805145264e-001
v -8.5300502777099609e+000 6.0655899047851562e+000 3.8747787475585938e-003
v -8.5394878387451172e+000 6.2911491394042969e+000 -6.4271879196166992e-001
v -9.6030998229980469e+000 1.3173248291015625e+001 -3.0009589195251465e+000
v -8.5812406539916992e+000 1.3794868469238281e+001 -2.8575568199157715e+000
v -8.4174585342407227e+000 1.3384202957153320e+001 -3.7278223037719727e+000
v -5.6143293380737305e+000 1.4152513504028320e+001 4.2896556854248047e+000
v -5.3834457397460937e+000 1.4596542358398438e+001 3.8518097400665283e+000
v -5.6185750961303711e+000 1.4135398864746094e+001 3.4630224704742432e+000
v -4.7542362213134766e+000 1.4821992874145508e+001 3.9191548824310303e+000
v -5.5746593475341797e+000 4.9894180297851563e+000 -4.5343923568725586e-001
v -4.8470659255981445e+000 1.4841461181640625e+001 3.1368954181671143e+000
v -5.9811305999755859e+000 1.3850328445434570e+001 4.8492679595947266e+000
v -5.1245689392089844e+000 1.3833471298217773e+001 4.3784046173095703e+000
v -5.5860891342163086e+000 1.4268495559692383e+001 2.7366425991058350e+000
v -1.6999723911285400e+000 1.5774354934692383e+001 -2.5185656547546387e-001
v -5.4078998565673828e+000 1.3417789459228516e+001 4.8437395095825195e+000
v -1.8122484683990479e+000 1.5829034805297852e+001 -9.3425774574279785e-001
v -4.6487808227539062e+000 1.3304094314575195e+001 4.5866765975952148e+000
v -9.2362222671508789e+000 1.3455192565917969e+001 4.7265911102294922e+000
v -1.2051389694213867e+001 1.0147254943847656e+001 -5.0657153129577637e-002
v -1.2064428329467773e+001 8.2383117675781250e+000 -3.7057013511657715e+000
v -7.3028745651245117e+000 5.1218261718750000e+000 -3.2833383083343506e+000
v -1.2369625091552734e+001 7.5952987670898437e+000 -2.7742304801940918e+000
v -1.9066793918609619e+000 1.5962923049926758e+001 -2.3408889770507813e+000
v -1.0612371444702148e+001 1.1961341857910156e+001 3.9535114765167236e+000
v -1.0630781173706055e+001 6.6202583312988281e+000 -2.0526323318481445e+000
v -1.0968620300292969e+001 7.0320892333984375e+000 -1.7188169956207275e+000
v -1.0496938705444336e+001 6.1031341552734375e+000 -1.7920663356781006e+000
v -9.5185165405273437e+000 6.4241561889648437e+000 -1.5283628702163696e+000
v -1.0443675994873047e+001 6.6129264831542969e+000 -3.4430387020111084e+000
v -1.1513355255126953e+001 1.1994518280029297e+001 3.1743943691253662e+000
v -8.4594621658325195e+000 5.5471992492675781e+000 -1.7776107788085938e+000
v -8.6173200607299805e+000 5.4320487976074219e+000 -2.5969371795654297e+000
v -9.0394973754882812e+000 5.8146247863769531e+000 -2.0678741931915283e+000
v -9.5658693313598633e+000 5.4123497009277344e+000 -2.6308894157409668e+000
v -1.0318254470825195e+001 6.8208885192871094e+000 -1.0977221727371216e+000
v -8.4563493728637695e+000 5.8401832580566406e+000 -1.3243693113327026e+000
v -8.0649852752685547e+000 5.6000518798828125e+000 -2.1247968673706055e+000
v -5.0733051300048828e+000 1.4684082031250000e+001 -1.5080982446670532e+000
v -5.4847745895385742e+000 1.4567178726196289e+001 -2.1462171077728271e+000
v -1.0554115295410156e+001 1.2717870712280273e+001 3.8539826869964600e+000
v -1.1211180686950684e+001 1.2625198364257812e+001 3.0777313709259033e+000
v -4.3695926666259766e+000 1.4964691162109375e+001 -2.0460922718048096e+000
v -9.8442373275756836e+000 1.3215566635131836e+001 4.3437881469726562e+000
v -9.9355182647705078e+000 1.3172483444213867e+001 3.5213372707366943e+000
v -1.0245698928833008e+001 1.2825048446655273e+001 3.5925829410552979e+000
v -1.0488437652587891e+001 1.2785066604614258e+001 2.6539461612701416e+000
v -7.3932380676269531e+000 1.3502412796020508e+001 3.0911648273468018e+000
v -7.7838096618652344e+000 1.3719524383544922e+001 2.4657437801361084e+000
v -6.7273921966552734e+000 1.3755908966064453e+001 3.1736295223236084e+000
v -7.1516189575195313e+000 1.3726089477539063e+001 3.8388578891754150e+000
v -6.7346630096435547e+000 1.3961984634399414e+001 2.5039055347442627e+000
v -4.0803489685058594e+000 1.5079885482788086e+001 -6.4469796419143677e-001
vt 0.736031 0.723255
vt 0.725027 0.721646
vt 0.735089 0.744317
vt 0.746303 0.737863
vt 0.745652 0.750593
vt 0.731364 0.758522
vt 0.744462 0.724951
vt 0.764816 0.700689
vt 0.756912 0.710559
vt 0.766754 0.715588
vt 0.736937 0.766113
vt 0.723659 0.740319
vt 0.757082 0.738235
vt 0.750094 0.723031
vt 0.761204 0.725163
vt 0.674238 0.701094
vt 0.685465 0.702422
vt 0.685758 0.693051
vt 0.754995 0.683723
vt 0.744269 0.687968
vt 0.753939 0.694157
vt 0.732409 0.689509
vt 0.736125 0.678517
vt 0.722524 0.672750
vt 0.741463 0.700576
vt 0.726048 0.699935
vt 0.739251 0.710399
vt 0.730951 0.673026
vt 0.717088 0.715070
vt 0.714038 0.734517
vt 0.711544 0.744475
vt 0.723591 0.758988
vt 0.710449 0.761780
vt 0.707482 0.727241
vt 0.696635 0.755019
vt 0.702879 0.742451
vt 0.697359 0.725740
vt 0.690974 0.743702
vt 0.688014 0.734618
vt 0.685737 0.727543
vt 0.673553 0.721915
vt 0.667859 0.668659
vt 0.670059 0.676173
vt 0.679000 0.669474
vt 0.735484 0.712491
vt 0.695240 0.686362
vt 0.701033 0.670819
vt 0.666829 0.687039
vt 0.681095 0.680305
vt 0.709324 0.686518
vt 0.691987 0.666839
vt 0.673607 0.715926
vt 0.683840 0.714335
vt 0.698551 0.710615
vt 0.668842 0.722867
vt 0.700119 0.698237
vt 0.710606 0.669301
vt 0.713337 0.696359
vt 0.722862 0.684965
vt 0.752664 0.703607
vt 0.746610 0.710577
vt 0.705795 0.714310
vt 0.704866 0.697991
vt 0.766677 0.689342
vt 0.248677 0.418915
vt 0.234646 0.426888
vt 0.245358 0.430731
vt 0.235373 0.412413
vt 0.254859 0.427534
vt 0.219052 0.422158
vt 0.219578 0.432708
vt 0.222272 0.409308
vt 0.207481 0.425224
vt 0.208501 0.407725
vt 0.212248 0.413234
vt 0.198200 0.423286
vt 0.204187 0.432902
vt 0.191975 0.432542
vt 0.195379 0.415919
vt 0.252224 0.441630
vt 0.242067 0.455689
vt 0.258912 0.450684
vt 0.250487 0.458220
vt 0.262849 0.443301
vt 0.248497 0.466666
vt 0.237918 0.440100
vt 0.235464 0.449905
vt 0.235825 0.462457
vt 0.226838 0.452498
vt 0.219104 0.460782
vt 0.224244 0.444975
vt 0.233026 0.432421
vt 0.224474 0.434961
vt 0.218111 0.469894
vt 0.212585 0.461356
vt 0.214796 0.442042
vt 0.214503 0.453259
vt 0.219628 0.442170
vt 0.204315 0.449467
vt 0.207623 0.442246
vt 0.195901 0.444856
vt 0.183063 0.465818
vt 0.193682 0.465846
vt 0.184084 0.454790
vt 0.183530 0.441868
vt 0.200971 0.459786
vt 0.208890 0.464476
vt 0.193312 0.456703
vt 0.207322 0.479362
vt 0.198707 0.478029
vt 0.197566 0.485683
vt 0.188360 0.487654
vt 0.174191 0.486488
vt 0.184502 0.493967
vt 0.185709 0.475909
vt 0.179418 0.474260
vt 0.193867 0.493105
vt 0.203237 0.488945
vt 0.210720 0.496317
vt 0.185277 0.503719
vt 0.199943 0.506425
vt 0.200731 0.493675
vt 0.216939 0.501797
vt 0.239418 0.474942
vt 0.227238 0.479969
vt 0.244994 0.489631
vt 0.234379 0.488328
vt 0.219427 0.488864
vt 0.171387 0.497147
vt 0.216890 0.508952
vt 0.233633 0.505732
vt 0.226082 0.497215
vt 0.249056 0.501569
vt 0.962664 0.901336
vt 0.950137 0.905536
vt 0.961210 0.912121
vt 0.958239 0.922406
vt 0.929923 0.920095
vt 0.935412 0.925595
vt 0.937164 0.917037
vt 0.950373 0.882743
vt 0.948897 0.892508
vt 0.958699 0.883440
vt 0.946609 0.924391
vt 0.937276 0.877148
vt 0.928546 0.912187
vt 0.917636 0.915165
vt 0.949553 0.874648
vt 0.929959 0.890942
vt 0.930249 0.878618
vt 0.934582 0.899028
vt 0.913562 0.924768
vt 0.901995 0.914766
vt 0.907034 0.931813
vt 0.916715 0.898383
vt 0.940900 0.865857
vt 0.920931 0.867058
vt 0.909496 0.886002
vt 0.898600 0.905448
vt 0.919553 0.888652
vt 0.913952 0.877144
vt 0.922297 0.934436
vt 0.920346 0.943570
vt 0.924055 0.859547
vt 0.933051 0.860744
vt 0.909485 0.864814
vt 0.954355 0.941672
vt 0.959001 0.931794
vt 0.950480 0.938366
vt 0.930071 0.938584
vt 0.990354 0.909621
vt 0.979715 0.896348
vt 0.983161 0.915576
vt 0.995199 0.902555
vt 0.972211 0.914961
vt 0.970203 0.921110
vt 0.999827 0.910236
vt 0.971406 0.925113
vt 0.967469 0.889809
vt 0.946015 0.908706
vt 0.900507 0.948800
vt 0.906928 0.950567
vt 0.899112 0.940329
vt 0.950436 0.952652
vt 0.939358 0.950861
vt 0.928589 0.955566
vt 0.917178 0.952811
vt 0.438401 0.498448
vt 0.437382 0.488447
vt 0.429578 0.496452
vt 0.449704 0.491820
vt 0.421906 0.489972
vt 0.436246 0.510674
vt 0.419434 0.498751
vt 0.449011 0.500535
vt 0.428670 0.514811
vt 0.041212 0.370748
vt 0.046278 0.381287
vt 0.055838 0.379542
vt 0.077532 0.413811
vt 0.058546 0.409699
vt 0.065694 0.415997
vt 0.058356 0.391609
vt 0.063208 0.381287
vt 0.040377 0.381151
vt 0.062498 0.371881
vt 0.089222 0.385099
vt 0.099403 0.389622
vt 0.096295 0.379379
vt 0.041941 0.388562
vt 0.051599 0.397118
vt 0.037520 0.407800
vt 0.096843 0.369867
vt 0.088027 0.373740
vt 0.049467 0.420498
vt 0.033676 0.397738
vt 0.038067 0.416990
vt 0.075468 0.390823
vt 0.092085 0.395194
vt 0.078681 0.380289
vt 0.090444 0.406447
vt 0.077953 0.395595
vt 0.069436 0.333506
vt 0.051706 0.337289
vt 0.060139 0.339751
vt 0.041955 0.363248
vt 0.044226 0.346444
vt 0.049835 0.357791
vt 0.056803 0.346251
vt 0.037234 0.345989
vt 0.029436 0.361302
vt 0.026687 0.379697
vt 0.019199 0.364787
vt 0.028083 0.346469
vt 0.024803 0.341754
vt 0.010428 0.340637
vt 0.006387 0.345370
vt 0.089708 0.364883
vt 0.073592 0.363485
vt 0.065115 0.349486
vt 0.070821 0.351136
vt 0.079809 0.338771
vt 0.083431 0.351425
vt 0.099437 0.346894
vt 0.018726 0.374068
vt 0.003392 0.358780
vt 0.005234 0.370604
vt 0.011387 0.401134
vt 0.018070 0.409863
vt 0.025523 0.399391
vt 0.010423 0.420127
vt 0.021496 0.417396
vt 0.025827 0.410818
vt 0.020328 0.390294
vt 0.014978 0.380460
vt 0.000163 0.377286
vt 0.003070 0.391767
vt 0.027618 0.392371
vt 0.091073 0.417720
vt 0.068593 0.430827
vt 0.088135 0.430089
vt 0.059261 0.428498
vt 0.023884 0.424606
vt 0.033000 0.421916
vt 0.097156 0.429032
vt 0.184423 0.557956
vt 0.171712 0.566706
vt 0.182674 0.569456
vt 0.171348 0.555511
vt 0.167507 0.575737
vt 0.157107 0.585172
vt 0.166053 0.587715
vt 0.178835 0.585072
vt 0.180067 0.574497
vt 0.184811 0.587602
vt 0.157848 0.573978
vt 0.149902 0.587278
vt 0.224484 0.601523
vt 0.230028 0.599486
vt 0.218042 0.593407
vt 0.200881 0.581144
vt 0.200217 0.591148
vt 0.222986 0.586803
vt 0.212869 0.580045
vt 0.192067 0.574708
vt 0.218572 0.575185
vt 0.208901 0.555584
vt 0.220251 0.556775
vt 0.222793 0.565608
vt 0.194000 0.562078
vt 0.222117 0.629756
vt 0.229933 0.630539
vt 0.216554 0.619531
vt 0.226513 0.642467
vt 0.210614 0.640903
vt 0.202594 0.629731
vt 0.193778 0.622542
vt 0.201857 0.639419
vt 0.212558 0.647905
vt 0.202665 0.651530
vt 0.225865 0.650804
vt 0.202072 0.613087
vt 0.213199 0.621149
vt 0.222893 0.609877
vt 0.198521 0.593894
vt 0.212195 0.613708
vt 0.185240 0.608424
vt 0.190541 0.601263
vt 0.187501 0.590460
vt 0.232251 0.616350
vt 0.172874 0.608793
vt 0.275646 0.836976
vt 0.280436 0.839681
vt 0.273600 0.828289
vt 0.617520 0.714535
vt 0.620637 0.724772
vt 0.634126 0.717842
vt 0.611652 0.741587
vt 0.630624 0.735575
vt 0.633764 0.741023
vt 0.626561 0.745880
vt 0.636598 0.747474
vt 0.632698 0.704172
vt 0.620671 0.682068
vt 0.604618 0.686596
vt 0.627552 0.688357
vt 0.614923 0.676132
vt 0.612143 0.666839
vt 0.604329 0.669467
vt 0.610915 0.700047
vt 0.618070 0.705028
vt 0.633947 0.698023
vt 0.624620 0.670228
vt 0.629908 0.674891
vt 0.637237 0.667179
vt 0.651377 0.706479
vt 0.662677 0.708715
vt 0.665847 0.697358
vt 0.640318 0.683924
vt 0.654375 0.694435
vt 0.649577 0.687468
vt 0.642904 0.676121
vt 0.637498 0.717000
vt 0.639501 0.727171
vt 0.645778 0.743407
vt 0.646666 0.715744
vt 0.612284 0.752854
vt 0.618384 0.764160
vt 0.633179 0.753034
vt 0.354329 0.872414
vt 0.359109 0.883952
vt 0.359212 0.866701
vt 0.262437 0.798423
vt 0.270572 0.798920
vt 0.270739 0.788879
vt 0.274738 0.805197
vt 0.282545 0.800175
vt 0.275960 0.781052
vt 0.263240 0.805909
vt 0.254135 0.807234
vt 0.262116 0.822353
vt 0.274009 0.814720
vt 0.270046 0.826876
vt 0.268559 0.763740
vt 0.270681 0.776735
vt 0.275918 0.770106
vt 0.273722 0.761241
vt 0.249732 0.768140
vt 0.240390 0.778142
vt 0.256885 0.776942
vt 0.248802 0.809925
vt 0.236311 0.799331
vt 0.236743 0.812011
vt 0.240556 0.787717
vt 0.245220 0.796456
vt 0.235658 0.792575
vt 0.253711 0.787277
vt 0.263169 0.789671
vt 0.254308 0.795413
vt 0.284353 0.767480
vt 0.260434 0.766449
vt 0.238076 0.769311
vt 0.283676 0.776874
vt 0.289199 0.773606
vt 0.305043 0.777487
vt 0.295953 0.765664
vt 0.305016 0.763434
vt 0.313778 0.772585
vt 0.283117 0.811596
vt 0.284829 0.789615
vt 0.293006 0.799163
vt 0.294994 0.811059
vt 0.301593 0.801342
vt 0.300473 0.787757
vt 0.309433 0.804120
vt 0.322405 0.810335
vt 0.314681 0.795957
vt 0.300179 0.818201
vt 0.307584 0.811610
vt 0.319291 0.777404
vt 0.306824 0.819456
vt 0.317252 0.820760
vt 0.330556 0.805728
vt 0.322738 0.824393
vt 0.329679 0.795091
vt 0.327355 0.839990
vt 0.321811 0.851895
vt 0.328321 0.855359
vt 0.310513 0.851145
vt 0.307804 0.860050
vt 0.311791 0.837193
vt 0.303779 0.848805
vt 0.252294 0.820095
vt 0.248321 0.840560
vt 0.234684 0.828871
vt 0.258200 0.844244
vt 0.244552 0.852872
vt 0.254358 0.861816
vt 0.235698 0.844869
vt 0.229980 0.843056
vt 0.274241 0.843282
vt 0.282508 0.851090
vt 0.286421 0.839671
vt 0.294804 0.853926
vt 0.295015 0.841392
vt 0.307631 0.827682
vt 0.297595 0.831903
vt 0.286178 0.860386
vt 0.265519 0.855422
vt 0.271481 0.860437
vt 0.595458 0.769695
vt 0.588053 0.771706
vt 0.596269 0.779785
vt 0.604653 0.775442
vt 0.512548 0.791159
vt 0.505739 0.807353
vt 0.522961 0.798044
vt 0.519661 0.788192
vt 0.524581 0.769379
vt 0.506847 0.764849
vt 0.516225 0.780006
vt 0.518373 0.808927
vt 0.516664 0.830173
vt 0.540997 0.798508
vt 0.531422 0.785716
vt 0.539025 0.783654
vt 0.539056 0.766845
vt 0.527581 0.802083
vt 0.529901 0.816157
vt 0.548209 0.764518
vt 0.532062 0.763256
vt 0.550247 0.794997
vt 0.551490 0.770619
vt 0.556838 0.783733
vt 0.541015 0.827948
vt 0.544095 0.814939
vt 0.565869 0.778256
vt 0.553032 0.806509
vt 0.556516 0.817894
vt 0.558002 0.842504
vt 0.562282 0.853353
vt 0.565207 0.834465
vt 0.554256 0.830780
vt 0.545081 0.847927
vt 0.528224 0.825915
vt 0.536128 0.838535
vt 0.533810 0.849361
vt 0.524522 0.842191
vt 0.512709 0.841240
vt 0.493137 0.762877
vt 0.496471 0.753428
vt 0.482571 0.754280
vt 0.563668 0.811885
vt 0.566234 0.816152
vt 0.563842 0.801520
vt 0.499519 0.846230
vt 0.514511 0.848129
vt 0.496625 0.829778
vt 0.490594 0.840383
vt 0.508987 0.826977
vt 0.498354 0.816225
vt 0.490720 0.825806
vt 0.478812 0.837009
vt 0.481929 0.824800
vt 0.475010 0.844260
vt 0.484624 0.850689
vt 0.471055 0.830108
vt 0.475171 0.819921
vt 0.477730 0.804930
vt 0.467950 0.820678
vt 0.484168 0.806586
vt 0.496178 0.798576
vt 0.481599 0.788686
vt 0.488724 0.788180
vt 0.487264 0.773395
vt 0.499971 0.785687
vt 0.505430 0.775767
vt 0.469458 0.802901
vt 0.477315 0.776967
vt 0.478588 0.762766
vt 0.466309 0.762121
vt 0.485344 0.759773
vt 0.409785 0.522301
vt 0.402427 0.524926
vt 0.411945 0.535864
vt 0.395735 0.531550
vt 0.394694 0.544477
vt 0.411103 0.543685
vt 0.404107 0.553223
vt 0.750487 0.759930
vt 0.741048 0.762668
vt 0.743600 0.773275
vt 0.215023 0.934555
vt 0.218794 0.947754
vt 0.226398 0.939259
vt 0.205892 0.933758
vt 0.207519 0.944648
vt 0.358560 0.858433
vt 0.351960 0.851076
vt 0.353189 0.867676
vt 0.341960 0.855330
vt 0.518564 0.973844
vt 0.527423 0.966612
vt 0.513956 0.958679
vt 0.533030 0.956143
vt 0.516385 0.985703
vt 0.525115 0.986165
vt 0.508278 0.968845
vt 0.441060 0.962738
vt 0.441406 0.954995
vt 0.432454 0.957595
vt 0.454582 0.964532
vt 0.450904 0.956358
vt 0.467404 0.960784
vt 0.507283 0.978991
vt 0.498671 0.972110
vt 0.501147 0.958204
vt 0.518643 0.955043
vt 0.492318 0.962490
vt 0.490859 0.972140
vt 0.505277 0.949392
vt 0.486300 0.950333
vt 0.481905 0.968197
vt 0.484216 0.958453
vt 0.478796 0.970295
vt 0.471127 0.953885
vt 0.480645 0.943503
vt 0.467067 0.950219
vt 0.471383 0.938340
vt 0.461400 0.941315
vt 0.453324 0.944214
vt 0.460483 0.953604
vt 0.459604 0.933883
vt 0.446451 0.933762
vt 0.443284 0.939697
vt 0.462486 0.910918
vt 0.457445 0.893796
vt 0.450065 0.902604
vt 0.454049 0.884436
vt 0.438182 0.882867
vt 0.439672 0.905468
vt 0.428971 0.882263
vt 0.423112 0.892795
vt 0.437481 0.870952
vt 0.425150 0.902647
vt 0.451985 0.869271
vt 0.404294 0.888139
vt 0.411144 0.900454
vt 0.412090 0.890428
vt 0.417599 0.873677
vt 0.407314 0.873846
vt 0.452050 0.851661
vt 0.438458 0.859191
vt 0.464949 0.864904
vt 0.469408 0.856007
vt 0.476390 0.845876
vt 0.438231 0.916900
vt 0.454561 0.919472
vt 0.410145 0.912753
vt 0.423991 0.915843
vt 0.414225 0.920410
vt 0.428323 0.923696
vt 0.399140 0.918896
vt 0.395165 0.906391
vt 0.399614 0.931081
vt 0.412774 0.932018
vt 0.400462 0.925928
vt 0.407689 0.947103
vt 0.393773 0.943337
vt 0.386258 0.933583
vt 0.389495 0.907524
vt 0.394680 0.886693
vt 0.398242 0.882289
vt 0.377767 0.914964
vt 0.382146 0.894733
vt 0.385295 0.887103
vt 0.421475 0.932293
vt 0.416253 0.944411
vt 0.426676 0.937930
vt 0.437541 0.930723
vt 0.455956 0.927981
vt 0.477701 0.790853
vt 0.476596 0.779461
vt 0.467611 0.780700
vt 0.631676 0.490902
vt 0.651527 0.500488
vt 0.643866 0.484527
vt 0.635336 0.480496
vt 0.621407 0.489210
vt 0.620605 0.473473
vt 0.411884 0.979224
vt 0.421469 0.972892
vt 0.405554 0.975324
vt 0.402381 0.985641
vt 0.397293 0.981631
vt 0.393424 0.992123
vt 0.383248 0.985939
vt 0.384919 0.994656
vt 0.385871 0.969612
vt 0.393661 0.966737
vt 0.379928 0.984492
vt 0.370233 0.991836
vt 0.432119 0.965438
vt 0.428056 0.953891
vt 0.410495 0.968448
vt 0.414306 0.955393
vt 0.398247 0.958889
vt 0.392567 0.951994
vt 0.385809 0.957664
vt 0.404259 0.952517
vt 0.382054 0.965368
vt 0.375540 0.975991
vt 0.407429 0.947518
vt 0.382974 0.945539
vt 0.369055 0.961768
vt 0.374698 0.955791
vt 0.370583 0.937227
vt 0.386767 0.938260
vt 0.379028 0.931332
vt 0.375930 0.921865
vt 0.377434 0.904018
vt 0.365422 0.918752
vt 0.368975 0.987993
vt 0.361377 0.971915
vt 0.356629 0.979651
vt 0.351326 0.996055
vt 0.346737 0.987457
vt 0.333496 0.965892
vt 0.343655 0.969562
vt 0.344360 0.997233
vt 0.362607 0.947899
vt 0.350197 0.951416
vt 0.344270 0.958326
vt 0.360721 0.932253
vt 0.350396 0.937398
vt 0.351676 0.919914
vt 0.338151 0.944223
vt 0.359450 0.900101
vt 0.351435 0.904126
vt 0.339691 0.934570
vt 0.342799 0.909991
vt 0.336413 0.902231
vt 0.368915 0.896657
vt 0.995445 0.776206
vt 0.987793 0.792155
vt 0.999836 0.781353
vt 0.257239 0.996695
vt 0.271316 0.997233
vt 0.253912 0.988514
vt 0.244194 0.994116
vt 0.242933 0.987093
vt 0.227878 0.985580
vt 0.225245 0.979101
vt 0.218262 0.972821
vt 0.489386 0.474447
vt 0.479766 0.458550
vt 0.476000 0.467280
vt 0.482687 0.439619
vt 0.490068 0.453654
vt 0.489439 0.468466
vt 0.475492 0.447676
vt 0.462589 0.453113
vt 0.451335 0.454550
vt 0.982593 0.666831
vt 0.972550 0.668596
vt 0.984862 0.674416
vt 0.970215 0.681651
vt 0.981532 0.685384
vt 0.424036 0.403754
vt 0.417772 0.401209
vt 0.407433 0.416893
vt 0.426848 0.417082
vt 0.409568 0.422286
vt 0.388608 0.423181
vt 0.393832 0.417319
vt 0.386230 0.409097
vt 0.418324 0.446452
vt 0.429131 0.438631
vt 0.425541 0.431503
vt 0.430528 0.406629
vt 0.439936 0.425069
vt 0.414391 0.437041
vt 0.398312 0.420816
vt 0.394438 0.432870
vt 0.405017 0.426983
vt 0.401541 0.443115
vt 0.180787 0.876139
vt 0.196450 0.865514
vt 0.176595 0.864096
vt 0.333496 0.883658
vt 0.345302 0.879745
vt 0.341816 0.867314
vt 0.349445 0.864098
vt 0.339574 0.889811
vt 0.857403 0.793826
vt 0.859617 0.803223
vt 0.865469 0.789710
vt 0.867023 0.801083
vt 0.854329 0.775556
vt 0.341923 0.509782
vt 0.338082 0.514916
vt 0.356606 0.524758
vt 0.333496 0.502119
vt 0.350509 0.531087
vt 0.988117 0.723796
vt 0.981885 0.711116
vt 0.982799 0.720313
vt 0.974121 0.712124
vt 0.981361 0.704592
vt 0.686686 0.923712
vt 0.679850 0.921086
vt 0.681326 0.932129
vt 0.686036 0.911623
vt 0.328288 0.844889
vt 0.333170 0.830893
vt 0.328408 0.831963
vt 0.310383 0.740723
vt 0.310009 0.731283
vt 0.303548 0.738802
vt 0.456543 0.924299
vt 0.467284 0.930827
vt 0.460523 0.918133
vt 0.344878 0.666831
vt 0.348590 0.686035
vt 0.359861 0.669717
vt 0.340658 0.673356
vt 0.986118 0.770764
vt 0.973470 0.759931
vt 0.978902 0.773469
vt 0.986164 0.783691
vt 0.194953 0.763185
vt 0.194173 0.772624
vt 0.203612 0.769674
vt 0.000163 0.793132
vt 0.005960 0.801270
vt 0.020018 0.800371
vt 0.231606 0.830867
vt 0.208496 0.823081
vt 0.228254 0.836426
vt 0.091628 0.618497
vt 0.079194 0.606939
vt 0.084877 0.621505
vt 0.072606 0.620856
vt 0.066619 0.615051
vt 0.083605 0.635775
vt 0.067221 0.654470
vt 0.087886 0.647552
vt 0.075753 0.661838
vt 0.066020 0.638177
vt 0.068057 0.629017
vt 0.055802 0.624175
vt 0.051663 0.633470
vt 0.056554 0.644529
vt 0.057741 0.657917
vt 0.045661 0.646689
vt 0.049714 0.661947
vt 0.038574 0.647252
vt 0.034668 0.660049
vt 0.546703 0.426505
vt 0.548954 0.410553
vt 0.534191 0.419279
vt 0.534017 0.429644
vt 0.583309 0.425464
vt 0.579117 0.434552
vt 0.590977 0.437988
vt 0.569798 0.427286
vt 0.569590 0.436064
vt 0.576728 0.408488
vt 0.560587 0.432099
vt 0.565911 0.404051
vt 0.554246 0.429795
vt 0.554449 0.402326
vt 0.547663 0.434724
vt 0.536576 0.433911
vt 0.540243 0.394047
vt 0.536212 0.396015
vt 0.112027 0.955347
vt 0.105660 0.953974
vt 0.097819 0.962728
vt 0.117023 0.949383
vt 0.220866 0.913109
vt 0.228856 0.919108
vt 0.233560 0.910320
vt 0.497302 0.743002
vt 0.492350 0.749456
vt 0.508299 0.753092
vt 0.316569 0.727840
vt 0.333169 0.730957
vt 0.332919 0.726075
vt 0.013508 0.777832
vt 0.000163 0.771648
vt 0.004955 0.776573
vt 0.835481 0.808758
vt 0.826986 0.815747
vt 0.837727 0.822103
vt 0.133577 0.666830
vt 0.129720 0.670231
vt 0.141112 0.670410
vt 0.553388 0.482226
vt 0.541380 0.487896
vt 0.552599 0.493307
vt 0.543867 0.469176
vt 0.550341 0.501790
vt 0.553870 0.469241
vt 0.519694 0.466963
vt 0.524545 0.477280
vt 0.532749 0.467651
vt 0.529464 0.483988
vt 0.096403 0.725950
vt 0.105305 0.726400
vt 0.091309 0.720866
vt 0.325033 0.827740
vt 0.333170 0.830566
vt 0.329098 0.820476
vt 0.999836 0.671556
vt 0.992736 0.666831
vt 0.985189 0.682129
vt 0.098470 0.707801
vt 0.105305 0.713379
vt 0.105273 0.704591
vt 0.979654 0.780049
vt 0.971079 0.775555
vt 0.967611 0.790202
vt 0.304524 0.674194
vt 0.297781 0.672039
vt 0.296387 0.681478
vt 0.748707 0.769045
vt 0.746257 0.788249
vt 0.751139 0.779082
vt 0.446500 0.484158
vt 0.451525 0.493575
vt 0.459916 0.490299
vt 0.455446 0.469421
vt 0.442871 0.471024
vt 0.472491 0.466313
vt 0.469546 0.482337
vt 0.452313 0.506348
vt 0.820308 0.854982
vt 0.819824 0.871582
vt 0.829263 0.869266
vt 0.629720 0.466087
vt 0.639031 0.473734
vt 0.640625 0.465887
vt 0.647175 0.489102
vt 0.653936 0.477773
vt 0.652179 0.463708
vt 0.663488 0.478727
vt 0.666500 0.465317
vt 0.660240 0.497233
vt 0.665341 0.490552
vt 0.709472 0.951203
vt 0.704491 0.943524
vt 0.702637 0.957402
vt 0.704822 0.966634
vt 0.163897 0.666830
vt 0.148118 0.667385
vt 0.154552 0.672363
vt 0.141439 0.670833
vt 0.000163 0.785097
vt 0.005824 0.786296
vt 0.013508 0.778158
vt 0.700684 0.884930
vt 0.704104 0.902832
vt 0.708821 0.888244
vt 0.476768 0.535006
vt 0.472168 0.553874
vt 0.484862 0.533678
vt 0.475548 0.524254
vt 0.282299 0.930350
vt 0.274490 0.917791
vt 0.263491 0.920777
vt 0.275535 0.906420
vt 0.267838 0.912161
vt 0.262561 0.931998
vt 0.270460 0.900055
vt 0.260779 0.889171
vt 0.261694 0.903232
vt 0.278523 0.892385
vt 0.269623 0.885112
vt 0.256365 0.872793
vt 0.250796 0.897994
vt 0.253560 0.913675
vt 0.242950 0.865961
vt 0.250315 0.878016
vt 0.249068 0.858897
vt 0.243221 0.904767
vt 0.240393 0.935350
vt 0.227810 0.936698
vt 0.235216 0.950634
vt 0.250824 0.950370
vt 0.262557 0.948613
vt 0.265979 0.941926
vt 0.250717 0.936995
vt 0.249555 0.925402
vt 0.274972 0.952744
vt 0.285109 0.953301
vt 0.281836 0.940667
vt 0.292855 0.951772
vt 0.299993 0.945138
vt 0.265811 0.871546
vt 0.323043 0.946725
vt 0.311762 0.954419
vt 0.326650 0.958822
vt 0.286552 0.912928
vt 0.295500 0.931561
vt 0.287940 0.926643
vt 0.321642 0.914442
vt 0.309240 0.917095
vt 0.311702 0.920895
vt 0.314684 0.931771
vt 0.303956 0.936662
vt 0.300157 0.957841
vt 0.242304 0.917502
vt 0.250415 0.891145
vt 0.235432 0.890999
vt 0.325070 0.876142
vt 0.324221 0.862954
vt 0.315388 0.864253
vt 0.242113 0.897547
vt 0.315830 0.877763
vt 0.237527 0.874030
vt 0.309592 0.885948
vt 0.318660 0.888024
vt 0.234221 0.919207
vt 0.234338 0.904953
vt 0.306310 0.878096
vt 0.313127 0.903532
vt 0.325360 0.902299
vt 0.304002 0.861023
vt 0.295891 0.858993
vt 0.297325 0.877503
vt 0.302208 0.895995
vt 0.323647 0.925664
vt 0.302185 0.909408
vt 0.289285 0.875574
vt 0.289187 0.889759
vt 0.291075 0.904425
vt 0.299610 0.919750
vt 0.229021 0.877727
vt 0.277545 0.871315
vt 0.280059 0.882547
vt 0.275962 0.863299
vt 0.226074 0.925699
vt 0.068243 0.837202
vt 0.072712 0.848461
vt 0.084004 0.834213
vt 0.046942 0.853154
vt 0.063327 0.851337
vt 0.052332 0.846151
vt 0.080018 0.854541
vt 0.064109 0.823014
vt 0.057145 0.838014
vt 0.050509 0.828376
vt 0.044133 0.837582
vt 0.036302 0.856459
vt 0.035718 0.832572
vt 0.030691 0.845224
vt 0.027279 0.829112
vt 0.016439 0.851011
vt 0.021231 0.844160
vt 0.013184 0.844290
vt 0.016220 0.834745
vt 0.015650 0.823945
vt 0.023368 0.813496
vt 0.014800 0.805754
vt 0.024157 0.803449
vt 0.019374 0.790408
vt 0.031357 0.793593
vt 0.035906 0.815099
vt 0.044312 0.818195
vt 0.039362 0.800153
vt 0.041230 0.789972
vt 0.047640 0.806862
vt 0.052358 0.812922
vt 0.051460 0.797973
vt 0.064148 0.798746
vt 0.064637 0.790461
vt 0.054122 0.784511
vt 0.062641 0.807018
vt 0.073691 0.814183
vt 0.083441 0.825830
vt 0.080408 0.805565
vt 0.080399 0.786335
vt 0.069874 0.781386
vt 0.080606 0.776454
vt 0.069964 0.771559
vt 0.108384 0.826220
vt 0.093984 0.808692
vt 0.086574 0.818758
vt 0.089825 0.829662
vt 0.097716 0.799861
vt 0.090577 0.791105
vt 0.087639 0.797758
vt 0.102134 0.790046
vt 0.106060 0.803421
vt 0.113484 0.801511
vt 0.108391 0.792132
vt 0.113759 0.827078
vt 0.108819 0.815053
vt 0.095677 0.845639
vt 0.086717 0.841572
vt 0.094620 0.857259
vt 0.104162 0.846729
vt 0.105248 0.836101
vt 0.106135 0.853060
vt 0.095317 0.774037
vt 0.087587 0.765953
vt 0.104338 0.760645
vt 0.101503 0.756683
vt 0.076942 0.763532
vt 0.056807 0.774244
vt 0.023278 0.774800
vt 0.013874 0.779284
vt 0.025382 0.782485
vt 0.047185 0.765410
vt 0.033203 0.774964
vt 0.039295 0.781169
vt 0.621870 0.829649
vt 0.605140 0.834269
vt 0.630222 0.836777
vt 0.626885 0.867757
vt 0.610331 0.854645
vt 0.611912 0.865476
vt 0.605483 0.846642
vt 0.596192 0.855114
vt 0.602646 0.873928
vt 0.588718 0.835771
vt 0.586869 0.851199
vt 0.579163 0.845264
vt 0.578054 0.831496
vt 0.573640 0.857206
vt 0.579867 0.869840
vt 0.565267 0.837483
vt 0.601039 0.892749
vt 0.613974 0.880814
vt 0.614138 0.903158
vt 0.624034 0.892974
vt 0.603663 0.909661
vt 0.588810 0.880353
vt 0.594115 0.902288
vt 0.594833 0.910954
vt 0.581412 0.900012
vt 0.579555 0.887594
vt 0.583450 0.907739
vt 0.575342 0.905718
vt 0.569994 0.895791
vt 0.632418 0.852728
vt 0.641310 0.859746
vt 0.646348 0.843312
vt 0.644503 0.827239
vt 0.636505 0.824273
vt 0.653405 0.859232
vt 0.648047 0.817881
vt 0.650304 0.832293
vt 0.658295 0.839677
vt 0.655140 0.820560
vt 0.664898 0.820571
vt 0.666494 0.832596
vt 0.624912 0.904529
vt 0.639402 0.898988
vt 0.637891 0.911839
vt 0.637216 0.887099
vt 0.635857 0.873213
vt 0.648371 0.911783
vt 0.653603 0.900433
vt 0.650049 0.885061
vt 0.656553 0.879049
vt 0.659657 0.904583
vt 0.662734 0.916504
vt 0.656862 0.891073
vt 0.666125 0.873096
vt 0.292607 0.503046
vt 0.289938 0.487494
vt 0.285195 0.499583
vt 0.280956 0.507488
vt 0.288283 0.521400
vt 0.311338 0.465600
vt 0.314070 0.473867
vt 0.326257 0.458796
vt 0.307748 0.457987
vt 0.307783 0.450138
vt 0.331803 0.446787
vt 0.299827 0.503187
vt 0.297766 0.520151
vt 0.278754 0.489887
vt 0.291881 0.448813
vt 0.293674 0.459713
vt 0.291093 0.472672
vt 0.273085 0.485123
vt 0.276256 0.467360
vt 0.279687 0.453807
vt 0.276023 0.459842
vt 0.241638 0.524250
vt 0.247043 0.539186
vt 0.254714 0.528460
vt 0.253613 0.516277
vt 0.241004 0.510461
vt 0.240397 0.505617
vt 0.250935 0.501436
vt 0.255956 0.544108
vt 0.260829 0.526340
vt 0.274814 0.514560
vt 0.264044 0.504113
vt 0.255516 0.476756
vt 0.253288 0.489663
vt 0.262920 0.490122
vt 0.267265 0.539628
vt 0.269369 0.522638
vt 0.265632 0.462542
vt 0.332510 0.471503
vt 0.300585 0.489252
vt 0.332197 0.489357
vt 0.313738 0.483707
vt 0.322595 0.497601
vt 0.309308 0.492572
vt 0.307957 0.511895
vt 0.327967 0.507584
vt 0.209640 0.740399
vt 0.189321 0.740797
vt 0.196590 0.746438
vt 0.186361 0.757650
vt 0.210772 0.754288
vt 0.291807 0.430176
vt 0.286768 0.420730
vt 0.273382 0.423364
vt 0.286195 0.409895
vt 0.265808 0.424612
vt 0.273740 0.415776
vt 0.241412 0.414169
vt 0.251735 0.418174
vt 0.246760 0.401650
vt 0.257568 0.400799
vt 0.259434 0.412360
vt 0.244299 0.399787
vt 0.258140 0.391084
vt 0.243572 0.391071
vt 0.253231 0.387518
vt 0.239792 0.384600
vt 0.253642 0.375969
vt 0.268338 0.400980
vt 0.269378 0.387876
vt 0.264227 0.378199
vt 0.271970 0.379841
vt 0.271483 0.368587
vt 0.256930 0.374757
vt 0.280478 0.400984
vt 0.285341 0.391646
vt 0.278324 0.382011
vt 0.289940 0.376251
vt 0.284409 0.365091
vt 0.294749 0.389333
vt 0.234172 0.403946
vt 0.223944 0.395169
vt 0.231616 0.373056
vt 0.217275 0.375835
vt 0.216563 0.368785
vt 0.204751 0.374538
vt 0.214796 0.385007
vt 0.227480 0.381405
vt 0.227854 0.355225
vt 0.232398 0.366056
vt 0.241530 0.365838
vt 0.194824 0.349945
vt 0.209572 0.357819
vt 0.201552 0.346883
vt 0.208144 0.337413
vt 0.198693 0.335903
vt 0.252101 0.349281
vt 0.252168 0.362356
vt 0.224033 0.343399
vt 0.217856 0.333506
vt 0.246366 0.371208
vt 0.234564 0.344703
vt 0.234449 0.334109
vt 0.872236 0.930052
vt 0.890164 0.934736
vt 0.898265 0.930922
vt 0.886015 0.943039
vt 0.869712 0.947080
vt 0.861483 0.936265
vt 0.858146 0.929321
vt 0.862867 0.956236
vt 0.851467 0.960775
vt 0.845888 0.938070
vt 0.837277 0.945948
vt 0.847811 0.922350
vt 0.817157 0.989978
vt 0.821140 0.980378
vt 0.815585 0.970865
vt 0.810942 0.988559
vt 0.830504 0.995280
vt 0.828719 0.970500
vt 0.833803 0.983769
vt 0.815280 0.962220
vt 0.810538 0.947946
vt 0.807903 0.960933
vt 0.825110 0.959394
vt 0.837300 0.954582
vt 0.828196 0.946159
vt 0.818113 0.945353
vt 0.820324 0.936392
vt 0.804199 0.929719
vt 0.816300 0.923751
vt 0.840637 0.970774
vt 0.828195 0.925404
vt 0.833996 0.927936
vt 0.831453 0.909203
vt 0.817564 0.909031
vt 0.830323 0.902561
vt 0.821164 0.897959
vt 0.840563 0.910090
vt 0.595503 0.666831
vt 0.603266 0.675068
vt 0.604002 0.668011
vt 0.586100 0.678874
vt 0.333168 0.680827
vt 0.328620 0.668946
vt 0.317141 0.679252
vt 0.312191 0.666831
vt 0.304850 0.675063
vt 0.250487 0.952198
vt 0.241044 0.951335
vt 0.241402 0.960124
vt 0.235189 0.955386
vt 0.745029 0.987159
vt 0.745264 0.996023
vt 0.762854 0.997233
vt 0.749172 0.983077
vt 0.737661 0.977324
vt 0.728115 0.985887
vt 0.734535 0.990879
vt 0.726725 0.976076
vt 0.721398 0.920431
vt 0.735709 0.923314
vt 0.726867 0.908358
vt 0.713053 0.905483
vt 0.739692 0.912865
vt 0.743578 0.934733
vt 0.724999 0.932523
vt 0.734949 0.846322
vt 0.723421 0.849875
vt 0.732743 0.854927
vt 0.733062 0.880527
vt 0.742903 0.864329
vt 0.737850 0.901053
vt 0.720000 0.888161
vt 0.722001 0.899378
vt 0.722574 0.836693
vt 0.714197 0.851496
vt 0.717022 0.861753
vt 0.723711 0.876022
vt 0.810374 0.854907
vt 0.797257 0.856999
vt 0.801357 0.872260
vt 0.743261 0.855247
vt 0.753384 0.862164
vt 0.738154 0.891686
vt 0.751019 0.882808
vt 0.743921 0.876709
vt 0.745436 0.849377
vt 0.757236 0.873149
vt 0.764658 0.857772
vt 0.759322 0.886364
vt 0.763921 0.866327
vt 0.772503 0.888227
vt 0.771879 0.875454
vt 0.778943 0.883785
vt 0.775807 0.860730
vt 0.779746 0.868114
vt 0.784299 0.876038
vt 0.786813 0.865756
vt 0.772917 0.853359
vt 0.785279 0.852673
vt 0.781562 0.843564
vt 0.787696 0.890719
vt 0.801078 0.891182
vt 0.803053 0.839191
vt 0.785800 0.834808
vt 0.745494 0.893646
vt 0.762224 0.846368
vt 0.756754 0.838880
vt 0.767219 0.838823
vt 0.767505 0.897404
vt 0.776580 0.900762
vt 0.755977 0.901856
vt 0.791843 0.899373
vt 0.764187 0.913101
vt 0.780153 0.910783
vt 0.771805 0.912870
vt 0.807238 0.903172
vt 0.797307 0.909285
vt 0.785509 0.926917
vt 0.810158 0.925930
vt 0.807072 0.911987
vt 0.799619 0.923694
vt 0.763009 0.921369
vt 0.773506 0.925259
vt 0.764993 0.931287
vt 0.754612 0.932876
vt 0.751629 0.913200
vt 0.740473 0.923099
vt 0.048056 0.761081
vt 0.060168 0.768066
vt 0.062202 0.750473
vt 0.075068 0.763656
vt 0.000163 0.747079
vt 0.014083 0.748437
vt 0.002262 0.737900
vt 0.015053 0.736700
vt 0.018035 0.724191
vt 0.007453 0.727141
vt 0.019547 0.712480
vt 0.003831 0.720192
vt 0.082128 0.722502
vt 0.090192 0.711467
vt 0.075927 0.712759
vt 0.066602 0.725405
vt 0.055543 0.734012
vt 0.097535 0.748341
vt 0.082441 0.745407
vt 0.088556 0.753078
vt 0.056441 0.708651
vt 0.087634 0.727625
vt 0.070467 0.747014
vt 0.088059 0.725098
vt 0.097803 0.710409
vt 0.050761 0.720586
vt 0.101390 0.737490
vt 0.041753 0.756427
vt 0.044771 0.740201
vt 0.038178 0.738978
vt 0.097307 0.728154
vt 0.031010 0.730016
vt 0.036224 0.727860
vt 0.026862 0.711693
vt 0.074567 0.706188
vt 0.025069 0.749024
vt 0.027829 0.733350
vt 0.002053 0.699019
vt 0.002984 0.711307
vt 0.026160 0.680884
vt 0.019807 0.677567
vt 0.013036 0.691072
vt 0.027940 0.697175
vt 0.038467 0.702642
vt 0.052096 0.700361
vt 0.041965 0.690847
vt 0.059643 0.687022
vt 0.047065 0.677933
vt 0.055545 0.674047
vt 0.032243 0.670431
vt 0.028846 0.666840
vt 0.090518 0.701150
vt 0.067431 0.689280
vt 0.079027 0.685262
vt 0.071751 0.668972
vt 0.081772 0.678878
vt 0.084829 0.692947
vt 0.659640 0.801669
vt 0.648874 0.801941
vt 0.660283 0.815592
vt 0.659024 0.796777
vt 0.647875 0.792853
vt 0.646658 0.777510
vt 0.641439 0.784673
vt 0.652963 0.778946
vt 0.666501 0.784309
vt 0.602347 0.522035
vt 0.606206 0.508385
vt 0.597168 0.503421
vt 0.597702 0.515664
vt 0.617674 0.503867
vt 0.616560 0.517955
vt 0.616442 0.532346
vt 0.608147 0.538900
vt 0.345905 0.493440
vt 0.333496 0.495542
vt 0.337698 0.505022
vt 0.349529 0.508908
vt 0.362501 0.507857
vt 0.358545 0.496772
vt 0.357495 0.492352
vt 0.376786 0.510905
vt 0.372573 0.505942
vt 0.370578 0.496188
vt 0.828162 0.801901
vt 0.815685 0.808940
vt 0.826030 0.811702
vt 0.808900 0.816023
vt 0.824586 0.820868
vt 0.808921 0.829396
vt 0.833135 0.794021
vt 0.814949 0.794309
vt 0.822147 0.786415
vt 0.797146 0.831696
vt 0.797978 0.817041
vt 0.801498 0.808468
vt 0.809534 0.798810
vt 0.795035 0.789230
vt 0.803139 0.796307
vt 0.810176 0.779533
vt 0.778144 0.821405
vt 0.784071 0.812661
vt 0.794537 0.807379
vt 0.784175 0.803600
vt 0.774512 0.831223
vt 0.784686 0.830865
vt 0.784792 0.792031
vt 0.769450 0.817437
vt 0.763619 0.810361
vt 0.774932 0.799881
vt 0.766739 0.832212
vt 0.757157 0.807300
vt 0.757242 0.789738
vt 0.779674 0.784736
vt 0.770258 0.788744
vt 0.759410 0.836701
vt 0.751793 0.820508
vt 0.745605 0.828201
vt 0.747763 0.842285
vt 0.836470 0.785149
vt 0.822262 0.763142
vt 0.838777 0.772878
vt 0.834745 0.762191
vt 0.839881 0.751458
vt 0.827204 0.743144
vt 0.831017 0.758857
vt 0.844879 0.764943
vt 0.817058 0.748824
vt 0.754150 0.743011
vt 0.746555 0.752243
vt 0.762007 0.745702
vt 0.768484 0.762668
vt 0.776367 0.752026
vt 0.767997 0.776784
vt 0.754087 0.764969
vt 0.751640 0.773706
vt 0.762306 0.763435
vt 0.777822 0.774078
vt 0.811125 0.757467
vt 0.809585 0.770021
vt 0.788762 0.773767
vt 0.805674 0.750163
vt 0.791987 0.761811
vt 0.800201 0.770422
vt 0.804933 0.759321
vt 0.778167 0.761357
vt 0.791039 0.753016
vt 0.782609 0.743720
vt 0.225747 0.843587
vt 0.212587 0.835450
vt 0.207194 0.840916
vt 0.297782 0.744367
vt 0.278683 0.745655
vt 0.291616 0.752063
vt 0.278873 0.760165
vt 0.287518 0.726791
vt 0.303128 0.731154
vt 0.303213 0.713585
vt 0.267993 0.748749
vt 0.287654 0.712499
vt 0.275994 0.714466
vt 0.276813 0.734788
vt 0.268095 0.715387
vt 0.268470 0.726054
vt 0.293766 0.766153
vt 0.249576 0.673369
vt 0.235617 0.671022
vt 0.246580 0.683891
vt 0.272980 0.684163
vt 0.261467 0.669973
vt 0.263467 0.686281
vt 0.214869 0.696679
vt 0.210958 0.709809
vt 0.215648 0.707359
vt 0.224951 0.700224
vt 0.236869 0.696818
vt 0.219377 0.687302
vt 0.254988 0.691556
vt 0.272386 0.698945
vt 0.259388 0.705159
vt 0.252763 0.753402
vt 0.260258 0.760719
vt 0.257100 0.722601
vt 0.257897 0.739161
vt 0.253821 0.719445
vt 0.233612 0.684273
vt 0.232140 0.705203
vt 0.204108 0.767415
vt 0.218245 0.766558
vt 0.207727 0.761708
vt 0.238801 0.764603
vt 0.244072 0.750663
vt 0.230171 0.750849
vt 0.251387 0.742861
vt 0.253082 0.732894
vt 0.243129 0.740967
vt 0.246238 0.722688
vt 0.243371 0.726624
vt 0.232526 0.722986
vt 0.247364 0.712115
vt 0.244305 0.703640
vt 0.224841 0.736291
vt 0.220437 0.755750
vt 0.213051 0.741473
vt 0.223516 0.721786
vt 0.215256 0.725966
vt 0.201986 0.731590
vt 0.230272 0.763752
vt 0.249203 0.763616
vt 0.203398 0.676124
vt 0.204298 0.688154
vt 0.213728 0.677415
vt 0.216070 0.672424
vt 0.279997 0.678069
vt 0.281050 0.685984
vt 0.276417 0.666854
vt 0.292562 0.676075
vt 0.300131 0.666839
vt 0.287456 0.695832
vt 0.300069 0.688806
vt 0.286470 0.701491
vt 0.296579 0.704702
vt 0.297629 0.697547
vt 0.570479 0.526732
vt 0.579322 0.511957
vt 0.568565 0.510581
vt 0.558105 0.517108
vt 0.580964 0.529785
vt 0.592282 0.519293
vt 0.681152 0.895513
vt 0.684088 0.905436
vt 0.689290 0.894560
vt 0.685660 0.887534
vt 0.311632 0.996586
vt 0.302298 0.992351
vt 0.291178 0.999186
vt 0.323402 0.996441
vt 0.887533 0.860841
vt 0.896321 0.875488
vt 0.892996 0.862738
vt 0.104329 0.765137
vt 0.106805 0.770671
vt 0.117674 0.769710
vt 0.175890 0.901205
vt 0.166178 0.904098
vt 0.180825 0.909993
vt 0.017156 0.860355
vt 0.002116 0.859757
vt 0.024575 0.868327
vt 0.012225 0.853680
vt 0.196921 0.780436
vt 0.198718 0.775302
vt 0.189616 0.775395
vt 0.210773 0.770997
vt 0.101056 0.770997
vt 0.098470 0.779134
vt 0.107392 0.775808
vt 0.118976 0.772963
vt 0.325684 0.941474
vt 0.332831 0.952962
vt 0.333170 0.940268
vt 0.954233 0.858237
vt 0.948730 0.867889
vt 0.957519 0.871582
vt 0.564047 0.821127
vt 0.556803 0.830281
vt 0.572101 0.831217
vt 0.199382 0.696423
vt 0.201967 0.700358
vt 0.212076 0.694825
vt 0.514882 0.406087
vt 0.525482 0.393873
vt 0.515975 0.388312
vt 0.533056 0.384771
vt 0.520223 0.381735
vt 0.537344 0.392091
vt 0.506673 0.393634
vt 0.532896 0.399646
vt 0.545799 0.381880
vt 0.547419 0.392405
vt 0.510721 0.378007
vt 0.543679 0.350714
vt 0.541161 0.334896
vt 0.534881 0.345033
vt 0.537453 0.378973
vt 0.524229 0.367807
vt 0.529765 0.360688
vt 0.543330 0.365328
vt 0.525295 0.352366
vt 0.558426 0.360315
vt 0.551015 0.345731
vt 0.555841 0.333503
vt 0.604003 0.677247
vt 0.597168 0.685561
vt 0.602068 0.689941
vt 0.355242 0.779687
vt 0.356606 0.767092
vt 0.345605 0.783172
vt 0.339787 0.778605
vt 0.337402 0.789551
vt 0.342060 0.769187
vt 0.982585 0.891419
vt 0.990722 0.892415
vt 0.986432 0.876466
vt 0.629051 0.764487
vt 0.614746 0.768170
vt 0.622552 0.774134
vt 0.630695 0.774577
vt 0.659678 0.433246
vt 0.645742 0.431836
vt 0.655066 0.447264
vt 0.645651 0.449707
vt 0.658869 0.411452
vt 0.640373 0.427423
vt 0.641479 0.417429
vt 0.649057 0.397840
vt 0.635579 0.414481
vt 0.666501 0.421351
vt 0.657637 0.391607
vt 0.651571 0.380003
vt 0.644885 0.384943
vt 0.653390 0.367473
vt 0.663568 0.368269
vt 0.663652 0.358245
vt 0.999836 0.896981
vt 0.996354 0.882977
vt 0.991699 0.899577
vt 0.640490 0.993179
vt 0.633626 0.999820
vt 0.641716 0.999149
vt 0.654561 0.990398
vt 0.648800 0.999837
vt 0.666501 0.992310
vt 0.997883 0.920856
vt 0.993925 0.910321
vt 0.990397 0.917618
vt 0.995278 0.930827
vt 0.431711 0.990760
vt 0.448475 0.992676
vt 0.439312 0.978615
vt 0.453600 0.984687
vt 0.427123 0.982652
vt 0.465308 0.978829
vt 0.461467 0.988344
vt 0.480237 0.977234
vt 0.479065 0.986619
vt 0.425797 0.971519
vt 0.418783 0.979706
vt 0.495923 0.973047
vt 0.236702 0.765138
vt 0.231283 0.775879
vt 0.237467 0.773302
vt 0.300944 0.694482
vt 0.309726 0.695150
vt 0.311034 0.687663
vt 0.009928 0.998298
vt 0.022903 0.999186
vt 0.029823 0.992185
vt 0.041114 0.993942
vt 0.041456 0.985841
vt 0.053218 0.989003
vt 0.099220 0.719889
vt 0.108560 0.717637
vt 0.096517 0.713054
vt 0.333496 0.701576
vt 0.345539 0.706217
vt 0.341889 0.696778
vt 0.322130 0.709503
vt 0.313583 0.703544
vt 0.307454 0.713379
vt 0.323610 0.701987
vt 0.333168 0.704662
vt 0.488456 0.502769
vt 0.478559 0.506424
vt 0.479720 0.527181
vt 0.490070 0.517840
vt 0.498532 0.508168
vt 0.468913 0.510242
vt 0.316683 0.682355
vt 0.305501 0.681153
vt 0.314106 0.689941
vt 0.333168 0.684068
vt 0.128393 0.475952
vt 0.125769 0.462639
vt 0.116130 0.472562
vt 0.113770 0.459097
vt 0.133381 0.445861
vt 0.135081 0.463733
vt 0.141730 0.446704
vt 0.143061 0.432460
vt 0.104678 0.469521
vt 0.088053 0.483187
vt 0.107561 0.488118
vt 0.697102 0.866133
vt 0.693173 0.848472
vt 0.687012 0.862443
vt 0.694813 0.871582
vt 0.245305 0.964665
vt 0.231701 0.967318
vt 0.242539 0.970810
vt 0.225649 0.956702
vt 0.220866 0.973822
vt 0.235302 0.977235
vt 0.284323 0.963448
vt 0.268764 0.964610
vt 0.280133 0.973607
vt 0.271079 0.952641
vt 0.254417 0.957888
vt 0.255990 0.970536
vt 0.249865 0.986678
vt 0.264358 0.981078
vt 0.268687 0.991492
vt 0.278994 0.994848
vt 0.286940 0.995280
vt 0.555385 0.470568
vt 0.554199 0.483746
vt 0.562608 0.472665
vt 0.566567 0.495931
vt 0.585750 0.471668
vt 0.575210 0.481886
vt 0.594885 0.492544
vt 0.593518 0.482378
vt 0.577071 0.470217
vt 0.228051 0.862424
vt 0.238116 0.850743
vt 0.224860 0.847821
vt 0.235003 0.868978
vt 0.215007 0.851475
vt 0.864095 0.769248
vt 0.874540 0.768728
vt 0.871514 0.757334
vt 0.877990 0.781867
vt 0.868584 0.777575
vt 0.871129 0.795645
vt 0.953356 0.820687
vt 0.958993 0.809503
vt 0.949383 0.806550
vt 0.940991 0.814613
vt 0.937728 0.824109
vt 0.951649 0.829925
vt 0.924414 0.782494
vt 0.908148 0.781658
vt 0.916357 0.790709
vt 0.912983 0.774698
vt 0.916457 0.794558
vt 0.906487 0.804459
vt 0.923778 0.800138
vt 0.901213 0.785583
vt 0.894113 0.798602
vt 0.905605 0.794217
vt 0.895115 0.806071
vt 0.907026 0.769688
vt 0.895873 0.776076
vt 0.890386 0.779686
vt 0.911118 0.819486
vt 0.918684 0.811530
vt 0.922838 0.824052
vt 0.909009 0.832885
vt 0.900863 0.813949
vt 0.894389 0.822499
vt 0.924746 0.837848
vt 0.886074 0.767141
vt 0.935732 0.783197
vt 0.935275 0.806922
vt 0.943238 0.799927
vt 0.932964 0.791602
vt 0.927668 0.774647
vt 0.951028 0.795478
vt 0.964020 0.800965
vt 0.924002 0.765361
vt 0.875875 0.799284
vt 0.877227 0.759146
vt 0.932547 0.832309
vt 0.941968 0.833810
vt 0.931276 0.812903
vt 0.935397 0.843227
vt 0.917726 0.846529
vt 0.912836 0.847650
vt 0.926396 0.855957
vt 0.928691 0.846272
vt 0.888598 0.805231
vt 0.691569 0.842497
vt 0.700610 0.851400
vt 0.701659 0.840823
vt 0.695938 0.834800
vt 0.445817 0.540284
vt 0.456443 0.553113
vt 0.459471 0.541995
vt 0.449740 0.555827
vt 0.445475 0.522301
vt 0.966155 0.714357
vt 0.962402 0.726563
vt 0.975747 0.729004
vt 0.994434 0.766113
vt 0.999837 0.753584
vt 0.994303 0.748211
vt 0.343262 0.809128
vt 0.360513 0.822103
vt 0.355801 0.808758
vt 0.668378 0.759437
vt 0.668132 0.770827
vt 0.675397 0.764728
vt 0.674163 0.775228
vt 0.680826 0.754722
vt 0.166394 0.831466
vt 0.156647 0.813860
vt 0.151707 0.827027
vt 0.175378 0.788729
vt 0.178557 0.798993
vt 0.185942 0.793741
vt 0.183352 0.782455
vt 0.198696 0.860022
vt 0.214671 0.863594
vt 0.204038 0.848581
vt 0.196197 0.846391
vt 0.206680 0.839932
vt 0.199183 0.830204
vt 0.188061 0.861273
vt 0.186765 0.829127
vt 0.180754 0.834356
vt 0.190712 0.811633
vt 0.184636 0.819160
vt 0.169782 0.851493
vt 0.177076 0.847087
vt 0.164679 0.837713
vt 0.202413 0.804213
vt 0.195080 0.791455
vt 0.176798 0.823373
vt 0.173341 0.812950
vt 0.198222 0.783845
vt 0.167717 0.805586
vt 0.152872 0.833434
vt 0.176847 0.784908
vt 0.186646 0.774385
vt 0.171912 0.782812
vt 0.193457 0.765385
vt 0.176498 0.763194
vt 0.169029 0.772059
vt 0.144165 0.827353
vt 0.139739 0.811728
vt 0.160774 0.785951
vt 0.154892 0.797679
vt 0.131316 0.807685
vt 0.126451 0.814077
vt 0.162364 0.776078
vt 0.150907 0.813005
vt 0.145897 0.804046
vt 0.123658 0.828457
vt 0.131105 0.832347
vt 0.149973 0.770232
vt 0.156597 0.764470
vt 0.140530 0.798578
vt 0.152322 0.792624
vt 0.114578 0.816931
vt 0.143731 0.784191
vt 0.133579 0.795704
vt 0.128726 0.788931
vt 0.136141 0.772994
vt 0.121323 0.795430
vt 0.120953 0.778620
vt 0.118634 0.767550
vt 0.114095 0.788609
vt 0.182226 0.863769
vt 0.582836 0.381903
vt 0.569200 0.397762
vt 0.583217 0.391172
vt 0.573969 0.379599
vt 0.570574 0.367889
vt 0.565718 0.374447
vt 0.578378 0.367519
vt 0.587296 0.369738
vt 0.568656 0.386850
vt 0.555858 0.378345
vt 0.551595 0.388456
vt 0.559323 0.391868
vt 0.558910 0.361105
vt 0.553471 0.400228
vt 0.556605 0.371589
vt 0.564136 0.351113
vt 0.568540 0.355922
vt 0.574999 0.347728
vt 0.583586 0.352668
vt 0.595136 0.354590
vt 0.577437 0.343467
vt 0.602186 0.347798
vt 0.595630 0.346287
vt 0.594514 0.333503
vt 0.583447 0.340288
vt 0.607254 0.340643
vt 0.220566 0.909645
vt 0.208910 0.904982
vt 0.211504 0.917410
vt 0.225088 0.900564
vt 0.220317 0.897308
vt 0.172550 0.967253
vt 0.169684 0.978547
vt 0.179756 0.974430
vt 0.198566 0.963373
vt 0.208756 0.983064
vt 0.220733 0.968464
vt 0.207843 0.926997
vt 0.199507 0.916963
vt 0.211862 0.958579
vt 0.186246 0.930258
vt 0.203905 0.938251
vt 0.192755 0.972098
vt 0.192965 0.982906
vt 0.190728 0.992513
vt 0.207217 0.992680
vt 0.188677 0.922272
vt 0.187241 0.985040
vt 0.205481 0.950849
vt 0.182728 0.965495
vt 0.196856 0.939160
vt 0.192299 0.963480
vt 0.188418 0.949657
vt 0.180254 0.940055
vt 0.182444 0.940968
vt 0.173460 0.987175
vt 0.170678 0.996582
vt 0.168108 0.940310
vt 0.169221 0.948586
vt 0.156391 0.991357
vt 0.158764 0.980033
vt 0.162163 0.964449
vt 0.145242 0.973430
vt 0.157136 0.954838
vt 0.143276 0.963062
vt 0.156520 0.946740
vt 0.146882 0.983010
vt 0.127116 0.980835
vt 0.136960 0.983357
vt 0.132075 0.970128
vt 0.076453 0.929200
vt 0.075033 0.935847
vt 0.087827 0.934108
vt 0.092934 0.939941
vt 0.985189 0.702977
vt 0.994309 0.706217
vt 0.999836 0.690973
vt 0.991746 0.691501
vt 0.990716 0.682457
vt 0.547269 0.893035
vt 0.545005 0.888442
vt 0.539515 0.899038
vt 0.554159 0.895580
vt 0.513104 0.853795
vt 0.511860 0.865805
vt 0.521319 0.860676
vt 0.547143 0.904224
vt 0.523253 0.871486
vt 0.533925 0.860018
vt 0.543078 0.859798
vt 0.533505 0.894339
vt 0.531132 0.876359
vt 0.523634 0.899491
vt 0.533145 0.906623
vt 0.538704 0.917362
vt 0.530681 0.908263
vt 0.525013 0.885935
vt 0.502184 0.863463
vt 0.498795 0.857675
vt 0.508409 0.893698
vt 0.563896 0.894636
vt 0.510511 0.884017
vt 0.503446 0.880762
vt 0.567536 0.863766
vt 0.563052 0.854775
vt 0.558756 0.863624
vt 0.491719 0.880092
vt 0.504213 0.893198
vt 0.514256 0.905230
vt 0.563348 0.881272
vt 0.557261 0.878308
vt 0.548942 0.867013
vt 0.548448 0.874285
vt 0.546597 0.848480
vt 0.534782 0.851346
vt 0.532591 0.871250
vt 0.560054 0.909756
vt 0.553039 0.912292
vt 0.490086 0.863691
vt 0.487519 0.911779
vt 0.478596 0.902898
vt 0.477648 0.913185
vt 0.490649 0.899034
vt 0.495979 0.908479
vt 0.484915 0.890713
vt 0.489738 0.888135
vt 0.506001 0.905234
vt 0.500287 0.902371
vt 0.503559 0.913509
vt 0.525449 0.918568
vt 0.528085 0.923401
vt 0.513135 0.919453
vt 0.516734 0.931992
vt 0.502899 0.924391
vt 0.507644 0.934649
vt 0.488548 0.927369
vt 0.486530 0.922202
vt 0.481156 0.932673
vt 0.467611 0.922345
vt 0.535645 0.946866
vt 0.533961 0.930326
vt 0.529217 0.943690
vt 0.545579 0.939930
vt 0.520533 0.940867
vt 0.551338 0.931840
vt 0.541803 0.927342
vt 0.544337 0.947754
vt 0.471731 0.937666
vt 0.504241 0.942638
vt 0.548924 0.922420
vt 0.537011 0.918489
vt 0.143970 0.585591
vt 0.146801 0.580500
vt 0.140137 0.576343
vt 0.145823 0.613204
vt 0.152934 0.596855
vt 0.141678 0.596998
vt 0.170951 0.611502
vt 0.161789 0.599768
vt 0.167504 0.616321
vt 0.159299 0.603141
vt 0.159429 0.638065
vt 0.173498 0.640437
vt 0.165493 0.628801
vt 0.177333 0.624069
vt 0.161745 0.620574
vt 0.183427 0.618064
vt 0.155935 0.628010
vt 0.162455 0.651038
vt 0.157119 0.645364
vt 0.156803 0.653606
vt 0.173905 0.659342
vt 0.175360 0.648465
vt 0.150673 0.618958
vt 0.916439 0.703272
vt 0.924056 0.696208
vt 0.914255 0.685014
vt 0.905836 0.690013
vt 0.910215 0.700457
vt 0.953081 0.754032
vt 0.941180 0.764866
vt 0.952514 0.763430
vt 0.951265 0.742722
vt 0.943264 0.730728
vt 0.940728 0.749097
vt 0.938951 0.757884
vt 0.931793 0.730200
vt 0.936811 0.752719
vt 0.928578 0.742838
vt 0.937208 0.726962
vt 0.929280 0.758884
vt 0.913756 0.727847
vt 0.912435 0.756985
vt 0.924609 0.752341
vt 0.922126 0.719524
vt 0.884136 0.751920
vt 0.869782 0.747651
vt 0.874978 0.756788
vt 0.871808 0.722851
vt 0.873113 0.731597
vt 0.884446 0.735270
vt 0.876319 0.743850
vt 0.905391 0.730254
vt 0.906921 0.718527
vt 0.898174 0.717707
vt 0.884318 0.719632
vt 0.899094 0.759646
vt 0.892519 0.746551
vt 0.886735 0.762504
vt 0.916457 0.743482
vt 0.897816 0.767415
vt 0.914830 0.739615
vt 0.898190 0.739072
vt 0.865299 0.727044
vt 0.963369 0.700213
vt 0.951782 0.702149
vt 0.958379 0.714731
vt 0.957939 0.692214
vt 0.950914 0.721978
vt 0.962676 0.732700
vt 0.939735 0.710323
vt 0.946009 0.670871
vt 0.948682 0.680154
vt 0.957506 0.671441
vt 0.941000 0.696815
vt 0.941687 0.681828
vt 0.958835 0.684479
vt 0.938802 0.720217
vt 0.934751 0.701129
vt 0.933654 0.675809
vt 0.925271 0.716647
vt 0.932194 0.689069
vt 0.919063 0.677429
vt 0.869393 0.718919
vt 0.877315 0.705622
vt 0.864746 0.711482
vt 0.866291 0.700655
vt 0.904553 0.703158
vt 0.897967 0.701489
vt 0.902834 0.673972
vt 0.913374 0.666839
vt 0.903146 0.682233
vt 0.884754 0.681193
vt 0.894692 0.698521
vt 0.893822 0.690197
vt 0.886514 0.708472
vt 0.883942 0.692903
vt 0.870409 0.685660
vt 0.865397 0.695429
vt 0.878262 0.689902
vt 0.319824 0.929200
vt 0.323843 0.939941
vt 0.333169 0.937258
vt 0.383872 0.669485
vt 0.379720 0.676675
vt 0.388210 0.682780
vt 0.398924 0.666831
vt 0.123534 0.810851
vt 0.114208 0.804851
vt 0.113444 0.813639
vt 0.720399 0.969579
vt 0.728720 0.963267
vt 0.709798 0.954602
vt 0.726274 0.949721
vt 0.712433 0.945974
vt 0.733223 0.975619
vt 0.793563 0.966154
vt 0.780315 0.959981
vt 0.781185 0.973692
vt 0.771994 0.980872
vt 0.785371 0.978884
vt 0.797248 0.968232
vt 0.797092 0.955505
vt 0.743136 0.957404
vt 0.734790 0.947043
vt 0.737586 0.964571
vt 0.745157 0.940594
vt 0.751153 0.950154
vt 0.754019 0.967687
vt 0.765289 0.959243
vt 0.773795 0.946815
vt 0.756710 0.948156
vt 0.755963 0.933422
vt 0.762494 0.964735
vt 0.780667 0.932460
vt 0.806468 0.957821
vt 0.793352 0.944328
vt 0.783304 0.947728
vt 0.790866 0.934702
vt 0.802220 0.937456
vt 0.762630 0.990072
vt 0.763310 0.982146
vt 0.770958 0.988547
vt 0.742616 0.976668
vt 0.754519 0.984657
vt 0.948358 0.990539
vt 0.938422 0.981219
vt 0.926595 0.992995
vt 0.993611 0.970064
vt 0.985773 0.957152
vt 0.982662 0.970291
vt 0.979030 0.958429
vt 0.987812 0.980401
vt 0.972433 0.970351
vt 0.976736 0.983383
vt 0.961066 0.964311
vt 0.967473 0.984930
vt 0.971720 0.956815
vt 0.976739 0.993978
vt 0.966384 0.979539
vt 0.956716 0.975047
vt 0.960219 0.987664
vt 0.952807 0.962872
vt 0.942651 0.971507
vt 0.955177 0.955679
vt 0.946712 0.977538
vt 0.942505 0.959746
vt 0.967118 0.945511
vt 0.957411 0.937766
vt 0.952174 0.953691
vt 0.971852 0.935064
vt 0.978345 0.946827
vt 0.986219 0.946026
vt 0.999830 0.942535
vt 0.993166 0.950312
vt 0.352701 0.893512
vt 0.340658 0.888836
vt 0.346951 0.899577
vt 0.419815 0.986388
vt 0.403809 0.985190
vt 0.422057 0.995237
vt 0.434079 0.993163
vt 0.407454 0.997884
vt 0.599772 0.537998
vt 0.602215 0.555827
vt 0.605305 0.537152
vt 0.602342 0.524254
vt 0.397557 0.807431
vt 0.407408 0.803334
vt 0.402612 0.795020
vt 0.387618 0.795342
vt 0.382991 0.803395
vt 0.398664 0.774321
vt 0.411517 0.786103
vt 0.411674 0.770336
vt 0.398509 0.787840
vt 0.389220 0.816231
vt 0.407414 0.818713
vt 0.393050 0.767709
vt 0.394539 0.757985
vt 0.416678 0.795122
vt 0.377698 0.770545
vt 0.383983 0.781851
vt 0.405548 0.759698
vt 0.377232 0.792082
vt 0.377856 0.782991
vt 0.367340 0.803927
vt 0.365748 0.786750
vt 0.381230 0.810714
vt 0.384786 0.760135
vt 0.363360 0.770767
vt 0.360045 0.775293
vt 0.370875 0.763481
vt 0.360133 0.806767
vt 0.365310 0.816648
vt 0.357190 0.790123
vt 0.361226 0.781016
vt 0.353027 0.807418
vt 0.426503 0.805703
vt 0.417031 0.762435
vt 0.425693 0.784085
vt 0.421621 0.774188
vt 0.376299 0.830136
vt 0.400595 0.847504
vt 0.388294 0.835255
vt 0.387576 0.842041
vt 0.364888 0.825222
vt 0.391663 0.825010
vt 0.370016 0.833223
vt 0.403821 0.825896
vt 0.385725 0.856213
vt 0.373156 0.843164
vt 0.409421 0.837062
vt 0.415271 0.829585
vt 0.366183 0.857616
vt 0.376334 0.849438
vt 0.354618 0.845854
vt 0.362135 0.839809
vt 0.419534 0.842909
vt 0.411567 0.855164
vt 0.399680 0.858561
vt 0.421557 0.818400
vt 0.426512 0.852043
vt 0.437194 0.842663
vt 0.449341 0.831026
vt 0.431506 0.823970
vt 0.450272 0.840843
vt 0.450219 0.852028
vt 0.449274 0.813899
vt 0.450255 0.821566
vt 0.428940 0.835736
vt 0.452301 0.802548
vt 0.436258 0.810357
vt 0.439936 0.770401
vt 0.432593 0.780595
vt 0.448194 0.775793
vt 0.441614 0.798429
vt 0.448542 0.792612
vt 0.447881 0.766254
vt 0.435103 0.763695
vt 0.410799 0.714875
vt 0.399260 0.700718
vt 0.398149 0.714422
vt 0.412274 0.684164
vt 0.416961 0.677409
vt 0.404283 0.676461
vt 0.397681 0.685028
vt 0.413079 0.700110
vt 0.401423 0.693554
vt 0.416867 0.666839
vt 0.424719 0.681663
vt 0.423812 0.672601
vt 0.402762 0.720879
vt 0.410261 0.726142
vt 0.417608 0.707291
vt 0.419113 0.688340
vt 0.425871 0.699039
vt 0.434072 0.691730
vt 0.404079 0.730680
vt 0.378663 0.737043
vt 0.372141 0.751941
vt 0.384745 0.748214
vt 0.365188 0.750845
vt 0.358037 0.757466
vt 0.365303 0.764495
vt 0.396398 0.742768
vt 0.360892 0.689373
vt 0.368586 0.695465
vt 0.380468 0.688636
vt 0.351544 0.687047
vt 0.346354 0.700566
vt 0.346325 0.711407
vt 0.354829 0.718229
vt 0.365072 0.709764
vt 0.370078 0.717692
vt 0.377275 0.708557
vt 0.376742 0.699504
vt 0.388624 0.723071
vt 0.371852 0.728475
vt 0.389506 0.687580
vt 0.388134 0.701290
vt 0.382284 0.716889
vt 0.368524 0.739496
vt 0.349939 0.755090
vt 0.353667 0.766764
vt 0.344381 0.764581
vt 0.344281 0.745770
vt 0.333496 0.753780
vt 0.360064 0.735347
vt 0.356610 0.727515
vt 0.336503 0.744535
vt 0.346156 0.733936
vt 0.337223 0.729018
vt 0.334240 0.722267
vt 0.802159 0.733296
vt 0.813628 0.736035
vt 0.811025 0.727933
vt 0.812372 0.719032
vt 0.791164 0.731583
vt 0.785503 0.696968
vt 0.799209 0.699697
vt 0.800513 0.687716
vt 0.797468 0.712768
vt 0.783375 0.709996
vt 0.796807 0.720858
vt 0.778766 0.725023
vt 0.779191 0.698505
vt 0.807507 0.712596
vt 0.781425 0.733733
vt 0.765788 0.725684
vt 0.767532 0.737081
vt 0.769053 0.707565
vt 0.814636 0.697130
vt 0.826209 0.721624
vt 0.798941 0.679070
vt 0.807323 0.671931
vt 0.793893 0.671564
vt 0.788992 0.679368
vt 0.791377 0.666839
vt 0.780535 0.681885
vt 0.770750 0.678319
vt 0.777281 0.667147
vt 0.772103 0.681180
vt 0.820163 0.678240
vt 0.863935 0.767415
vt 0.862128 0.760617
vt 0.852656 0.764519
vt 0.844750 0.749398
vt 0.845097 0.766224
vt 0.858603 0.750255
vt 0.845519 0.722565
vt 0.861873 0.721523
vt 0.854102 0.712985
vt 0.855186 0.733505
vt 0.844437 0.739855
vt 0.836503 0.744004
vt 0.857945 0.699111
vt 0.849607 0.694410
vt 0.849986 0.704238
vt 0.843828 0.715926
vt 0.832084 0.726890
vt 0.831675 0.737295
vt 0.864411 0.706113
vt 0.839846 0.702650
vt 0.833964 0.716896
vt 0.833925 0.700999
vt 0.822177 0.703411
vt 0.824989 0.710263
vt 0.829742 0.686761
vt 0.840817 0.695489
vt 0.850288 0.687528
vt 0.841486 0.682769
vt 0.829567 0.678768
vt 0.983277 0.791459
vt 0.975423 0.794512
vt 0.984407 0.796081
vt 0.981742 0.801924
vt 0.987466 0.807780
vt 0.984916 0.784019
vt 0.174892 0.373811
vt 0.179311 0.379253
vt 0.181321 0.367620
vt 0.171004 0.358034
vt 0.185488 0.350357
vt 0.171708 0.340357
vt 0.168502 0.348359
vt 0.189527 0.341267
vt 0.182222 0.334021
vt 0.133595 0.352560
vt 0.121115 0.349779
vt 0.124309 0.364478
vt 0.114232 0.363114
vt 0.115675 0.379349
vt 0.134120 0.369489
vt 0.120244 0.375879
vt 0.109136 0.369750
vt 0.157569 0.354039
vt 0.149901 0.345612
vt 0.152468 0.371210
vt 0.164112 0.367191
vt 0.148219 0.362888
vt 0.163867 0.333506
vt 0.146627 0.377621
vt 0.143717 0.357004
vt 0.144065 0.340246
vt 0.125841 0.337160
vt 0.111636 0.380983
vt 0.106844 0.387144
vt 0.120522 0.394823
vt 0.104972 0.377611
vt 0.098110 0.419736
vt 0.112630 0.417032
vt 0.097819 0.404012
vt 0.111845 0.406400
vt 0.102220 0.397646
vt 0.151352 0.384646
vt 0.166836 0.381317
vt 0.177703 0.394287
vt 0.193193 0.385390
vt 0.193614 0.376832
vt 0.188433 0.366970
vt 0.175227 0.425107
vt 0.182710 0.433431
vt 0.181810 0.421418
vt 0.173927 0.417072
vt 0.165904 0.421190
vt 0.156624 0.430138
vt 0.157791 0.416020
vt 0.168178 0.398977
vt 0.172158 0.409032
vt 0.182913 0.405983
vt 0.150204 0.408894
vt 0.146204 0.419558
vt 0.120621 0.390083
vt 0.126096 0.389744
vt 0.115649 0.431780
vt 0.127025 0.420385
vt 0.124955 0.411284
vt 0.106682 0.431184
vt 0.125481 0.402859
vt 0.132587 0.405743
vt 0.098587 0.424940
vt 0.142881 0.396447
vt 0.151468 0.396652
vt 0.140142 0.379104
vt 0.130973 0.385320
vt 0.140279 0.430228
vt 0.136437 0.424688
vt 0.133686 0.411249
vt 0.142350 0.405634
vt 0.192146 0.422707
vt 0.194489 0.417723
vt 0.489792 0.734816
vt 0.480980 0.735273
vt 0.491541 0.746198
vt 0.475676 0.741703
vt 0.474567 0.756464
vt 0.480538 0.718814
vt 0.493066 0.716721
vt 0.503233 0.707673
vt 0.487006 0.709898
vt 0.416178 0.732925
vt 0.418655 0.744965
vt 0.427765 0.736975
vt 0.495914 0.697230
vt 0.483079 0.685329
vt 0.494768 0.687513
vt 0.476403 0.676776
vt 0.470550 0.686226
vt 0.478363 0.682722
vt 0.453586 0.686278
vt 0.456996 0.691010
vt 0.472815 0.701501
vt 0.478547 0.697513
vt 0.481403 0.666840
vt 0.465467 0.674554
vt 0.447552 0.697022
vt 0.463012 0.713961
vt 0.442976 0.709592
vt 0.455414 0.671702
vt 0.447224 0.678668
vt 0.435049 0.693612
vt 0.439738 0.699257
vt 0.438066 0.679089
vt 0.434965 0.671088
vt 0.433568 0.711587
vt 0.504808 0.671103
vt 0.501317 0.676356
vt 0.515452 0.676049
vt 0.498966 0.670133
vt 0.483434 0.677963
vt 0.486511 0.668700
vt 0.468351 0.742027
vt 0.464047 0.762806
vt 0.456201 0.755949
vt 0.473495 0.710787
vt 0.475181 0.727302
vt 0.468998 0.721454
vt 0.455558 0.740802
vt 0.448858 0.750370
vt 0.464752 0.730377
vt 0.442227 0.768066
vt 0.460743 0.724976
vt 0.451243 0.730146
vt 0.445041 0.737520
vt 0.446855 0.724852
vt 0.436387 0.762695
vt 0.438620 0.741322
vt 0.443864 0.752239
vt 0.427765 0.750393
vt 0.418152 0.759607
vt 0.434920 0.723742
vt 0.426291 0.725794
vt 0.420011 0.721611
vt 0.609363 0.475449
vt 0.615510 0.471950
vt 0.609950 0.460454
vt 0.601720 0.477096
vt 0.611901 0.491051
vt 0.599772 0.465769
vt 0.618827 0.486272
vt 0.619925 0.499155
vt 0.620278 0.507650
vt 0.082969 0.897792
vt 0.092283 0.887187
vt 0.079453 0.888951
vt 0.073002 0.900028
vt 0.080249 0.907389
vt 0.070475 0.885582
vt 0.974772 0.817570
vt 0.980661 0.820497
vt 0.986164 0.806805
vt 0.977606 0.827311
vt 0.504512 0.467178
vt 0.501081 0.479215
vt 0.511690 0.473644
vt 0.512194 0.458903
vt 0.521319 0.464368
vt 0.494153 0.488118
vt 0.490865 0.475243
vt 0.501491 0.456247
vt 0.509713 0.446781
vt 0.490397 0.467399
vt 0.755695 0.679700
vt 0.743558 0.672469
vt 0.742350 0.681478
vt 0.750039 0.666831
vt 0.080181 0.477255
vt 0.061596 0.493867
vt 0.087289 0.484551
vt 0.073044 0.462935
vt 0.068482 0.477292
vt 0.058856 0.472443
vt 0.052373 0.465286
vt 0.052238 0.491041
vt 0.082741 0.466275
vt 0.079876 0.453464
vt 0.044859 0.487012
vt 0.042249 0.477015
vt 0.027877 0.480669
vt 0.049910 0.481494
vt 0.069636 0.441012
vt 0.078693 0.445660
vt 0.060778 0.453596
vt 0.044420 0.467629
vt 0.027980 0.469145
vt 0.039266 0.490212
vt 0.061362 0.430007
vt 0.044516 0.428104
vt 0.057210 0.440395
vt 0.046131 0.440987
vt 0.046284 0.449891
vt 0.033375 0.459220
vt 0.008358 0.473827
vt 0.015000 0.487113
vt 0.017303 0.478707
vt 0.011901 0.468664
vt 0.025606 0.449929
vt 0.008450 0.457498
vt 0.029897 0.438556
vt 0.018816 0.433634
vt 0.007059 0.427907
vt 0.011826 0.444169
vt 0.000163 0.457147
vt 0.057482 0.500657
vt 0.043577 0.499387
vt 0.050370 0.509539
vt 0.029071 0.500105
vt 0.021759 0.492700
vt 0.030867 0.506586
vt 0.006324 0.496340
vt 0.013064 0.508785
vt 0.039831 0.511130
vt 0.025920 0.513461
vt 0.046049 0.513353
vt 0.051486 0.523032
vt 0.009631 0.515892
vt 0.055699 0.509533
vt 0.066361 0.524329
vt 0.072079 0.508780
vt 0.081453 0.521839
vt 0.080330 0.511839
vt 0.083745 0.492434
vt 0.068990 0.501433
vt 0.089610 0.501992
vt 0.089672 0.518905
vt 0.076227 0.528483
vt 0.088817 0.512523
vt 0.524501 0.956217
vt 0.530435 0.944825
vt 0.519043 0.946303
vt 0.333496 0.691481
vt 0.343610 0.696452
vt 0.347492 0.685060
vt 0.299642 0.702806
vt 0.308304 0.708171
vt 0.309732 0.700033
vt 0.212727 0.805376
vt 0.203288 0.801596
vt 0.207109 0.811035
vt 0.202637 0.898573
vt 0.207502 0.902832
vt 0.211425 0.892742
vt 0.333496 0.679525
vt 0.340331 0.672228
vt 0.336680 0.666831
vt 0.331970 0.856284
vt 0.325033 0.863176
vt 0.333170 0.867025
vt 0.326618 0.885581
vt 0.323730 0.896973
vt 0.333170 0.891786
vt 0.734538 0.838121
vt 0.737987 0.844889
vt 0.745279 0.828289
vt 0.128404 0.571778
vt 0.119069 0.571154
vt 0.119854 0.581933
vt 0.121951 0.562673
vt 0.122006 0.589655
vt 0.135815 0.587949
vt 0.133990 0.617443
vt 0.133176 0.625706
vt 0.139806 0.630656
vt 0.103130 0.613668
vt 0.110295 0.606466
vt 0.102817 0.605170
vt 0.098422 0.630378
vt 0.106071 0.631330
vt 0.119628 0.615184
vt 0.112918 0.598619
vt 0.125509 0.600856
vt 0.094425 0.613955
vt 0.118473 0.630725
vt 0.114135 0.573413
vt 0.111559 0.588613
vt 0.103983 0.590909
vt 0.116846 0.599257
vt 0.125309 0.597888
vt 0.134947 0.601205
vt 0.091960 0.625329
vt 0.135158 0.639832
vt 0.127128 0.647014
vt 0.136251 0.652208
vt 0.130190 0.661296
vt 0.138809 0.659275
vt 0.092647 0.638622
vt 0.102707 0.650690
vt 0.116281 0.658554
vt 0.113882 0.648444
vt 0.115317 0.640573
vt 0.093768 0.645591
vt 0.636882 0.913575
vt 0.646836 0.926269
vt 0.650878 0.916790
vt 0.964355 0.694734
vt 0.971758 0.708822
vt 0.979002 0.693633
vt 0.966555 0.685061
vt 0.574055 0.843629
vt 0.564616 0.843263
vt 0.573452 0.855306
vt 0.136555 0.953940
vt 0.130371 0.957798
vt 0.133070 0.966634
vt 0.615397 0.786947
vt 0.628091 0.784475
vt 0.621199 0.774904
vt 0.891754 0.924967
vt 0.898274 0.923316
vt 0.890788 0.906415
vt 0.372906 0.382316
vt 0.379395 0.389426
vt 0.379086 0.380619
vt 0.380786 0.374051
vt 0.385662 0.381918
vt 0.389887 0.374691
vt 0.370308 0.359536
vt 0.374464 0.366321
vt 0.381167 0.358643
vt 0.392409 0.364019
vt 0.364460 0.368673
vt 0.374405 0.348541
vt 0.386816 0.336461
vt 0.378611 0.339289
vt 0.381500 0.345974
vt 0.389165 0.348781
vt 0.362372 0.335752
vt 0.352609 0.333506
vt 0.362105 0.348231
vt 0.350451 0.343614
vt 0.351106 0.364125
vt 0.349758 0.354981
vt 0.337241 0.349570
vt 0.339850 0.340339
vt 0.333496 0.339038
vt 0.337459 0.358536
vt 0.353950 0.374879
vt 0.364021 0.375457
vt 0.342421 0.375994
vt 0.360589 0.385474
vt 0.347221 0.389321
vt 0.354362 0.392190
vt 0.352098 0.404399
vt 0.367254 0.392297
vt 0.369098 0.404351
vt 0.360901 0.402183
vt 0.376648 0.400829
vt 0.365065 0.420223
vt 0.358073 0.418337
vt 0.353563 0.428756
vt 0.376828 0.432780
vt 0.380858 0.421143
vt 0.372600 0.419196
vt 0.377603 0.414156
vt 0.382151 0.405891
vt 0.489095 0.940592
vt 0.503742 0.935550
vt 0.501302 0.927247
vt 0.675028 0.876139
vt 0.676920 0.865028
vt 0.667480 0.867356
vt 0.672414 0.856284
vt 0.204590 0.836426
vt 0.210774 0.833407
vt 0.206071 0.825034
vt 0.615071 0.780667
vt 0.607239 0.779106
vt 0.607176 0.791504
vt 0.612494 0.767486
vt 0.604329 0.766201
vt 0.613251 0.756677
vt 0.351398 0.536219
vt 0.339790 0.539329
vt 0.347495 0.542991
vt 0.345627 0.526207
vt 0.338018 0.545591
vt 0.343075 0.555827
vt 0.333496 0.532635
vt 0.489467 0.380991
vt 0.481576 0.392955
vt 0.491478 0.399577
vt 0.494603 0.386597
vt 0.505971 0.393666
vt 0.497782 0.396501
vt 0.500812 0.380815
vt 0.500652 0.371330
vt 0.491048 0.372955
vt 0.471568 0.377899
vt 0.474726 0.386199
vt 0.458952 0.382979
vt 0.481996 0.361585
vt 0.496206 0.363032
vt 0.452637 0.370114
vt 0.458647 0.363300
vt 0.471833 0.390704
vt 0.468994 0.342620
vt 0.460461 0.355947
vt 0.468816 0.351000
vt 0.473422 0.333503
vt 0.462719 0.334057
vt 0.479090 0.343180
vt 0.488828 0.362691
vt 0.468941 0.371637
vt 0.508206 0.359008
vt 0.509751 0.348168
vt 0.496471 0.345210
vt 0.487353 0.342898
vt 0.463742 0.355552
vt 0.487677 0.352479
vt 0.474799 0.349406
vt 0.508759 0.374589
vt 0.512852 0.366454
vt 0.973794 0.745319
vt 0.965551 0.746190
vt 0.973543 0.759603
vt 0.960449 0.735191
vt 0.868977 0.751125
vt 0.863506 0.743003
vt 0.862142 0.755857
vt 0.865956 0.758952
vt 0.306625 0.724447
vt 0.307129 0.707847
vt 0.303548 0.710009
vt 0.667896 0.700034
vt 0.666829 0.706606
vt 0.673014 0.704169
vt 0.667053 0.719238
vt 0.577291 0.539746
vt 0.578612 0.532191
vt 0.567841 0.527510
vt 0.567220 0.541379
vt 0.574546 0.550443
vt 0.569672 0.551566
vt 0.571606 0.560384
vt 0.999836 0.797411
vt 0.994570 0.807093
vt 0.999262 0.820801
vt 0.987793 0.792483
vt 0.307454 0.726076
vt 0.315495 0.737568
vt 0.316984 0.732362
vt 0.333168 0.742676
vt 0.896647 0.868003
vt 0.905040 0.882650
vt 0.905435 0.876367
vt 0.146575 0.762207
vt 0.158039 0.757553
vt 0.139486 0.757325
vt 0.200429 0.660831
vt 0.210120 0.662598
vt 0.204020 0.654505
vt 0.190969 0.654074
vt 0.199645 0.647407
vt 0.185984 0.641160
vt 0.195870 0.636352
vt 0.178202 0.629617
vt 0.179272 0.623865
vt 0.175944 0.642672
vt 0.112793 0.837728
vt 0.122883 0.835148
vt 0.122673 0.828940
vt 0.531889 0.485762
vt 0.526156 0.499859
vt 0.535643 0.495074
vt 0.532119 0.527181
vt 0.531730 0.502480
vt 0.525239 0.514729
vt 0.520707 0.493881
vt 0.517741 0.483891
vt 0.354002 0.835451
vt 0.337402 0.841990
vt 0.341203 0.850749
vt 0.160696 0.803223
vt 0.168456 0.801434
vt 0.158366 0.795085
vt 0.665463 0.859212
vt 0.666503 0.846518
vt 0.657064 0.846641
vt 0.488499 0.497748
vt 0.496579 0.503039
vt 0.489987 0.482587
vt 0.484987 0.482652
vt 0.482517 0.491768
vt 0.471599 0.499842
vt 0.469520 0.506999
vt 0.480737 0.504529
vt 0.467742 0.485013
vt 0.463704 0.499075
vt 0.171257 0.554451
vt 0.188202 0.556647
vt 0.174748 0.545590
vt 0.190582 0.546865
vt 0.164730 0.541342
vt 0.156825 0.546590
vt 0.163795 0.563333
vt 0.159946 0.539079
vt 0.165455 0.525471
vt 0.177323 0.525288
vt 0.151373 0.555730
vt 0.136090 0.543952
vt 0.144755 0.561503
vt 0.144725 0.537290
vt 0.130935 0.564270
vt 0.128602 0.550633
vt 0.122076 0.540085
vt 0.137719 0.525256
vt 0.115989 0.526510
vt 0.113443 0.558816
vt 0.107028 0.550366
vt 0.103048 0.575507
vt 0.115760 0.569907
vt 0.108908 0.579915
vt 0.102633 0.556027
vt 0.092895 0.564918
vt 0.111846 0.541932
vt 0.101017 0.535270
vt 0.188112 0.517717
vt 0.174805 0.514424
vt 0.187496 0.528959
vt 0.181984 0.503606
vt 0.160291 0.515796
vt 0.149395 0.529368
vt 0.165460 0.503439
vt 0.154947 0.511514
vt 0.136624 0.511869
vt 0.145367 0.507525
vt 0.127287 0.518242
vt 0.148155 0.498076
vt 0.115726 0.510321
vt 0.131050 0.502277
vt 0.121521 0.493893
vt 0.113479 0.517962
vt 0.111577 0.494242
vt 0.104872 0.515270
vt 0.102870 0.525949
vt 0.100102 0.514044
vt 0.101712 0.491708
vt 0.092619 0.532346
vt 0.090007 0.505705
vt 0.896647 0.832196
vt 0.899151 0.852702
vt 0.904357 0.839401
vt 0.907388 0.833540
vt 0.679075 0.832110
vt 0.680826 0.816571
vt 0.670085 0.832520
vt 0.588053 0.815592
vt 0.605304 0.808847
vt 0.603541 0.802898
vt 0.317001 0.701660
vt 0.333168 0.693620
vt 0.321178 0.690268
vt 0.306803 0.698688
vt 0.096626 0.692537
vt 0.101398 0.688314
vt 0.086100 0.693848
vt 0.029235 0.767415
vt 0.043455 0.760878
vt 0.031636 0.758627
vt 0.020345 0.764783
vt 0.013305 0.809733
vt 0.014159 0.801924
vt 0.000163 0.801596
vt 0.392742 0.473925
vt 0.379567 0.472740
vt 0.389656 0.486975
vt 0.401526 0.484815
vt 0.378316 0.482677
vt 0.378989 0.499837
vt 0.387245 0.492882
vt 0.366634 0.492269
vt 0.364746 0.484542
vt 0.372054 0.471520
vt 0.596517 0.732910
vt 0.603352 0.730612
vt 0.599430 0.719565
vt 0.071434 0.905763
vt 0.059408 0.914551
vt 0.074055 0.910587
vt 0.333168 0.721948
vt 0.314341 0.713706
vt 0.318930 0.725749
vt 0.307454 0.717751
vt 0.222738 0.822754
vt 0.234861 0.819900
vt 0.216990 0.810368
vt 0.224313 0.805801
vt 0.210449 0.795740
vt 0.222244 0.794436
vt 0.704264 0.917617
vt 0.698515 0.908368
vt 0.696777 0.927572
vt 0.576986 0.921061
vt 0.589029 0.910811
vt 0.582914 0.910320
vt 0.060899 0.671387
vt 0.057454 0.675618
vt 0.070148 0.673588
vt 0.361506 0.666831
vt 0.360189 0.683297
vt 0.379393 0.669303
vt 0.369557 0.684733
vt 0.876290 0.807855
vt 0.867350 0.800946
vt 0.878742 0.818197
vt 0.870385 0.816671
vt 0.703288 0.767091
vt 0.711586 0.781738
vt 0.715331 0.777374
vt 0.705222 0.780407
vt 0.333496 0.961755
vt 0.339680 0.964681
vt 0.336477 0.948732
vt 0.853415 0.795742
vt 0.847069 0.791831
vt 0.856607 0.805176
vt 0.845215 0.802918
vt 0.974446 0.866589
vt 0.965007 0.856936
vt 0.965012 0.866090
vt 0.973918 0.878092
vt 0.935710 0.853145
vt 0.945149 0.858561
vt 0.944547 0.843914
vt 0.189289 0.885254
vt 0.184558 0.877331
vt 0.179184 0.882783
vt 0.175293 0.876466
vt 0.325684 0.712377
vt 0.333170 0.717936
vt 0.332046 0.708497
vt 0.449382 0.789035
vt 0.458561 0.792155
vt 0.464833 0.784975
vt 0.458610 0.782990
vt 0.450789 0.773884
vt 0.462401 0.767092
vt 0.469236 0.774824
vt 0.131538 0.983237
vt 0.127960 0.992742
vt 0.148272 0.998535
vt 0.118652 0.986642
vt 0.975561 0.729332
vt 0.974121 0.741709
vt 0.981618 0.741275
vt 0.987466 0.747401
vt 0.980939 0.751139
vt 0.664852 0.795737
vt 0.660319 0.802697
vt 0.666503 0.809733
vt 0.134339 0.481241
vt 0.125294 0.482249
vt 0.123056 0.488404
vt 0.113444 0.491374
vt 0.134201 0.469632
vt 0.146969 0.469566
vt 0.476398 0.875164
vt 0.461100 0.877518
vt 0.461237 0.889811
vt 0.349772 0.880373
vt 0.355865 0.895671
vt 0.365070 0.893907
vt 0.401712 0.859539
vt 0.392090 0.864555
vt 0.406737 0.868978
vt 0.567839 0.986816
vt 0.570148 0.974122
vt 0.556803 0.977847
vt 0.971097 0.834801
vt 0.967611 0.846809
vt 0.978352 0.846438
vt 0.976359 0.858561
vt 0.140137 0.672689
vt 0.156737 0.676921
vt 0.154547 0.673148
vt 0.197428 0.716774
vt 0.204269 0.721842
vt 0.205566 0.712403
vt 0.000163 0.692546
vt 0.010253 0.685710
vt 0.001122 0.688568
vt 0.400323 0.748464
vt 0.399251 0.755697
vt 0.415086 0.752971
vt 0.417153 0.739748
vt 0.181152 0.904788
vt 0.190241 0.912598
vt 0.185131 0.891780
vt 0.196518 0.890790
vt 0.202309 0.899321
vt 0.327278 0.908040
vt 0.333170 0.904053
vt 0.326335 0.895997
vt 0.451335 0.808107
vt 0.467284 0.820801
vt 0.462415 0.814306
vt 0.022731 0.755470
vt 0.025225 0.749514
vt 0.017318 0.750963
vt 0.013207 0.763948
vt 0.003648 0.758800
vt 0.001465 0.770020
vt 0.660017 0.714357
vt 0.649192 0.720908
vt 0.666502 0.722503
vt 0.647949 0.727144
vt 0.661399 0.732259
vt 0.959039 0.846842
vt 0.963378 0.830243
vt 0.952637 0.833625
vt 0.232027 0.670410
vt 0.240722 0.670237
vt 0.230632 0.666830
vt 0.941894 0.956196
vt 0.935710 0.963173
vt 0.939222 0.973796
vt 0.938463 0.953290
vt 0.558481 0.539536
vt 0.567544 0.526155
vt 0.556428 0.526984
vt 0.552891 0.552572
vt 0.550944 0.540442
vt 0.557397 0.517744
vt 0.021647 0.864421
vt 0.033690 0.862762
vt 0.032235 0.856283
vt 0.614244 0.813315
vt 0.612142 0.823035
vt 0.628742 0.826660
vt 0.258299 0.668519
vt 0.241048 0.666830
vt 0.248197 0.670410
vt 0.301269 0.755901
vt 0.293783 0.750164
vt 0.300219 0.762207
vt 0.440730 0.536437
vt 0.425944 0.527080
vt 0.430940 0.545410
vt 0.445148 0.530723
vt 0.430662 0.512536
vt 0.684718 0.750164
vt 0.680501 0.753530
vt 0.693195 0.766113
vt 0.854329 0.666831
vt 0.856436 0.680038
vt 0.868976 0.670843
vt 0.864413 0.686686
vt 0.699303 0.862796
vt 0.701461 0.877830
vt 0.706868 0.875920
vt 0.697428 0.888509
vt 0.611685 0.727377
vt 0.603027 0.734811
vt 0.613117 0.738118
vt 0.808430 0.744651
vt 0.801911 0.735190
vt 0.798991 0.747884
vt 0.678083 0.867659
vt 0.686685 0.873535
vt 0.677246 0.856284
vt 0.450684 0.830003
vt 0.457987 0.841253
vt 0.466062 0.832020
vt 0.453420 0.822430
vt 0.467934 0.842285
vt 0.358560 0.826766
vt 0.350423 0.821128
vt 0.351868 0.833822
vt 0.386882 0.502444
vt 0.393182 0.496329
vt 0.388319 0.487146
vt 0.395066 0.515472
vt 0.401494 0.507479
vt 0.406085 0.518373
vt 0.395949 0.525228
vt 0.387675 0.521355
vt 0.162491 0.735442
vt 0.152229 0.727771
vt 0.145309 0.742831
vt 0.138189 0.712560
vt 0.137145 0.698480
vt 0.130743 0.699973
vt 0.127279 0.712751
vt 0.194631 0.714544
vt 0.182518 0.703948
vt 0.184184 0.717700
vt 0.172212 0.708959
vt 0.172088 0.719616
vt 0.182210 0.722387
vt 0.174570 0.735392
vt 0.187470 0.733033
vt 0.185151 0.744504
vt 0.176862 0.749028
vt 0.162133 0.719578
vt 0.158779 0.698962
vt 0.159956 0.711804
vt 0.182632 0.752248
vt 0.180314 0.761165
vt 0.202401 0.706174
vt 0.191390 0.689643
vt 0.102719 0.737246
vt 0.111970 0.746948
vt 0.105704 0.726282
vt 0.113705 0.754382
vt 0.101725 0.754657
vt 0.114993 0.764523
vt 0.117793 0.740585
vt 0.119710 0.725010
vt 0.125810 0.748882
vt 0.135455 0.764572
vt 0.134712 0.755595
vt 0.111741 0.714370
vt 0.127113 0.739871
vt 0.120393 0.701459
vt 0.104824 0.702865
vt 0.134476 0.723652
vt 0.136928 0.733642
vt 0.167547 0.752478
vt 0.156863 0.747117
vt 0.150433 0.701587
vt 0.149335 0.713587
vt 0.176154 0.699669
vt 0.168360 0.691755
vt 0.166083 0.671718
vt 0.174400 0.684660
vt 0.182530 0.669335
vt 0.141949 0.694941
vt 0.161756 0.758565
vt 0.170158 0.764843
vt 0.145490 0.721981
vt 0.147410 0.752248
vt 0.133426 0.744872
vt 0.141105 0.756880
vt 0.115606 0.687776
vt 0.102101 0.692747
vt 0.110559 0.676183
vt 0.125544 0.675656
vt 0.128461 0.686520
vt 0.120861 0.666840
vt 0.135974 0.681663
vt 0.106274 0.670828
vt 0.134759 0.673569
vt 0.147755 0.682994
vt 0.202952 0.685809
vt 0.190973 0.675540
vt 0.196393 0.724800
vt 0.164000 0.768066
vt 0.627044 0.941083
vt 0.633020 0.953876
vt 0.635166 0.939222
vt 0.626565 0.955788
vt 0.567753 0.940838
vt 0.563314 0.953715
vt 0.573199 0.956912
vt 0.573637 0.935465
vt 0.589024 0.939539
vt 0.587426 0.929875
vt 0.579074 0.930685
vt 0.584263 0.954230
vt 0.575736 0.964275
vt 0.566663 0.966051
vt 0.573117 0.979367
vt 0.597905 0.925313
vt 0.598302 0.932189
vt 0.609659 0.926362
vt 0.608118 0.942660
vt 0.593040 0.951661
vt 0.606395 0.960448
vt 0.594119 0.971932
vt 0.583838 0.973451
vt 0.609091 0.973668
vt 0.622810 0.923355
vt 0.620843 0.905120
vt 0.613760 0.915570
vt 0.628150 0.910229
vt 0.607820 0.908158
vt 0.615692 0.936727
vt 0.630118 0.931927
vt 0.637158 0.928074
vt 0.645718 0.975960
vt 0.636182 0.981719
vt 0.639682 0.987755
vt 0.628503 0.985110
vt 0.627191 0.996094
vt 0.630966 0.997240
vt 0.617478 0.987959
vt 0.615471 0.998771
vt 0.617626 0.981436
vt 0.605519 0.989803
vt 0.601977 0.996963
vt 0.626625 0.973840
vt 0.605924 0.980729
vt 0.633711 0.966175
vt 0.620530 0.952924
vt 0.645544 0.937778
vt 0.642622 0.955448
vt 0.651719 0.964329
vt 0.594345 0.980974
vt 0.584519 0.990673
vt 0.572653 0.991398
vt 0.582267 0.998594
vt 0.592006 0.986247
vt 0.569094 0.998965
vt 0.594847 0.999837
vt 0.597633 0.917724
vt 0.580009 0.925352
vt 0.652555 0.940586
vt 0.663239 0.953996
vt 0.658990 0.942930
vt 0.068196 0.684082
vt 0.059408 0.675945
vt 0.060266 0.682795
vt 0.222267 0.887476
vt 0.228351 0.882618
vt 0.212074 0.878146
vt 0.211241 0.886347
vt 0.212283 0.893717
vt 0.205892 0.873212
vt 0.557165 0.971794
vt 0.564288 0.960241
vt 0.556515 0.956274
vt 0.561992 0.940234
vt 0.552283 0.929141
vt 0.553617 0.940799
vt 0.548895 0.972567
vt 0.549088 0.962339
vt 0.536621 0.954742
vt 0.546359 0.947032
vt 0.562067 0.950269
vt 0.550376 0.982259
vt 0.555958 0.948714
vt 0.560130 0.922695
vt 0.959798 0.809410
vt 0.960327 0.823480
vt 0.971190 0.827643
vt 0.966800 0.835124
vt 0.339025 0.996582
vt 0.343586 0.983237
vt 0.333496 0.984698
vt 0.121908 0.855696
vt 0.137894 0.851072
vt 0.127896 0.847820
vt 0.140460 0.858561
vt 0.936035 0.763185
vt 0.930501 0.772561
vt 0.933007 0.781738
vt 0.647250 0.537598
vt 0.655033 0.534149
vt 0.645264 0.527758
vt 0.645864 0.519825
vt 0.630371 0.528080
vt 0.630484 0.518213
vt 0.641588 0.536073
vt 0.663245 0.517743
vt 0.349853 0.456395
vt 0.353324 0.459506
vt 0.361141 0.452051
vt 0.351763 0.447432
vt 0.367202 0.477536
vt 0.367672 0.465439
vt 0.351286 0.475978
vt 0.339575 0.460092
vt 0.346905 0.467722
vt 0.354909 0.484520
vt 0.341009 0.481940
vt 0.347763 0.486816
vt 0.337491 0.471964
vt 0.333496 0.463332
vt 0.663115 0.927468
vt 0.666502 0.918376
vt 0.657886 0.916832
vt 0.651204 0.925705
vt 0.654876 0.931024
vt 0.657119 0.939290
vt 0.452305 0.372650
vt 0.450380 0.355500
vt 0.430970 0.367501
vt 0.447391 0.377265
vt 0.439434 0.377097
vt 0.430967 0.376521
vt 0.433742 0.386856
vt 0.428533 0.347797
vt 0.423907 0.370304
vt 0.421611 0.357677
vt 0.414903 0.365945
vt 0.421294 0.384208
vt 0.418641 0.375735
vt 0.427685 0.358257
vt 0.443048 0.344421
vt 0.437514 0.341766
vt 0.429289 0.338257
vt 0.405633 0.350714
vt 0.415447 0.352405
vt 0.413642 0.342323
vt 0.423997 0.338272
vt 0.405310 0.339696
vt 0.415170 0.333504
vt 0.408006 0.388747
vt 0.400654 0.365356
vt 0.397333 0.381721
vt 0.408831 0.361427
vt 0.392741 0.364124
vt 0.395746 0.355087
vt 0.440323 0.334010
vt 0.398427 0.403163
vt 0.418513 0.399826
vt 0.413052 0.404612
vt 0.407140 0.409993
vt 0.419452 0.394485
vt 0.968103 0.804295
vt 0.973585 0.812337
vt 0.975748 0.795740
vt 0.964355 0.795737
vt 0.380960 0.876139
vt 0.391763 0.866976
vt 0.390157 0.857586
vt 0.375814 0.869824
vt 0.617023 0.724243
vt 0.597819 0.710405
vt 0.608986 0.727051
vt 0.609544 0.706545
vt 0.068841 0.990804
vt 0.055278 0.989560
vt 0.067285 0.999837
vt 0.046815 0.983350
vt 0.053538 0.976084
vt 0.036242 0.970367
vt 0.030331 0.985735
vt 0.027628 0.972393
vt 0.022841 0.979795
vt 0.013728 0.969644
vt 0.011960 0.997020
vt 0.009469 0.986980
vt 0.004348 0.979264
vt 0.000163 0.961755
vt 0.963398 0.748862
vt 0.953939 0.762858
vt 0.966633 0.754312
vt 0.471064 0.533311
vt 0.475747 0.522302
vt 0.464712 0.529442
vt 0.459798 0.537906
vt 0.460529 0.558431
vt 0.465550 0.545336
vt 0.576017 0.883952
vt 0.579263 0.872560
vt 0.565918 0.880007
vt 0.437219 0.474876
vt 0.430594 0.472790
vt 0.435320 0.486165
vt 0.447751 0.465605
vt 0.437216 0.462485
vt 0.426143 0.443388
vt 0.419434 0.456780
vt 0.430756 0.449553
vt 0.444902 0.454298
vt 0.440633 0.442318
vt 0.432720 0.437017
vt 0.009531 0.906047
vt 0.004843 0.919635
vt 0.014975 0.911462
vt 0.024615 0.919294
vt 0.018692 0.933176
vt 0.009808 0.931700
vt 0.035507 0.930763
vt 0.024788 0.909822
vt 0.026283 0.897351
vt 0.012365 0.895232
vt 0.038347 0.909757
vt 0.035602 0.890635
vt 0.037994 0.877592
vt 0.024393 0.884585
vt 0.012474 0.886009
vt 0.044229 0.915529
vt 0.036353 0.938560
vt 0.043751 0.897136
vt 0.041134 0.906679
vt 0.056598 0.901472
vt 0.031019 0.876891
vt 0.051380 0.923862
vt 0.045459 0.924515
vt 0.049654 0.941753
vt 0.059055 0.916162
vt 0.058060 0.933634
vt 0.055338 0.893802
vt 0.041120 0.882795
vt 0.062042 0.905159
vt 0.068086 0.893206
vt 0.061162 0.881661
vt 0.051893 0.876628
vt 0.048429 0.973144
vt 0.044202 0.965775
vt 0.035397 0.968380
vt 0.049497 0.956176
vt 0.023212 0.957752
vt 0.031612 0.946388
vt 0.066063 0.967068
vt 0.043958 0.948670
vt 0.067899 0.972799
vt 0.055257 0.949138
vt 0.068849 0.951670
vt 0.071340 0.943535
vt 0.082688 0.966023
vt 0.086673 0.948250
vt 0.091821 0.943584
vt 0.095956 0.949249
vt 0.002146 0.957769
vt 0.012684 0.949669
vt 0.000163 0.951417
vt 0.001255 0.940753
vt 0.009258 0.965330
vt 0.019042 0.968263
vt 0.025183 0.872569
vt 0.096486 0.960005
vt 0.098786 0.971995
vt 0.097477 0.935865
vt 0.225423 0.900081
vt 0.230661 0.909993
vt 0.233560 0.898601
vt 0.074589 0.868245
vt 0.081360 0.874591
vt 0.082517 0.864097
vt 0.074479 0.880046
vt 0.060710 0.872844
vt 0.415644 0.716961
vt 0.410970 0.728022
vt 0.415852 0.733561
vt 0.695887 0.833151
vt 0.692565 0.823167
vt 0.688966 0.834473
vt 0.727045 0.788854
vt 0.720567 0.785687
vt 0.718595 0.795818
vt 0.711815 0.782873
vt 0.710389 0.792042
vt 0.680857 0.808298
vt 0.683715 0.812259
vt 0.691573 0.805888
vt 0.677665 0.801101
vt 0.677570 0.790718
vt 0.667277 0.784791
vt 0.673272 0.780575
vt 0.668547 0.804744
vt 0.691801 0.798652
vt 0.666829 0.817567
vt 0.690277 0.783773
vt 0.684727 0.773273
vt 0.685752 0.792396
vt 0.702103 0.802818
vt 0.695396 0.784639
vt 0.694044 0.766446
vt 0.701723 0.815690
vt 0.691037 0.811190
vt 0.708287 0.805604
vt 0.708635 0.819757
vt 0.716428 0.803323
vt 0.714488 0.824065
vt 0.720905 0.808608
vt 0.721485 0.824763
vt 0.970341 0.759280
vt 0.960449 0.782389
vt 0.973143 0.768296
vt 0.999836 0.975159
vt 0.998582 0.959151
vt 0.991487 0.978229
vt 0.988444 0.999186
vt 0.991851 0.882650
vt 0.999424 0.873156
vt 0.990397 0.867417
vt 0.999836 0.858889
vt 0.498880 0.557780
vt 0.508292 0.549842
vt 0.503192 0.544574
vt 0.498861 0.528160
vt 0.508951 0.537560
vt 0.207194 0.751139
vt 0.212727 0.741873
vt 0.207983 0.741700
vt 0.666503 0.908040
vt 0.665702 0.892819
vt 0.660970 0.892091
vt 0.694498 0.913265
vt 0.687674 0.909562
vt 0.687331 0.924316
vt 0.686361 0.901858
vt 0.468796 0.889487
vt 0.470083 0.906087
vt 0.477700 0.894766
vt 0.462402 0.898136
vt 0.000163 0.893717
vt 0.011555 0.889518
vt 0.008714 0.884278
vt 0.539500 0.706188
vt 0.524924 0.699340
vt 0.523713 0.710959
vt 0.549009 0.725453
vt 0.534588 0.692354
vt 0.543481 0.695537
vt 0.537335 0.687238
vt 0.532464 0.673726
vt 0.551411 0.697902
vt 0.545433 0.670886
vt 0.555567 0.712146
vt 0.551746 0.684179
vt 0.559127 0.685170
vt 0.564809 0.674333
vt 0.578380 0.717297
vt 0.563277 0.719215
vt 0.570179 0.699728
vt 0.568696 0.676350
vt 0.584670 0.705177
vt 0.586307 0.691764
vt 0.581608 0.681610
vt 0.509600 0.688890
vt 0.504720 0.708481
vt 0.517412 0.722371
vt 0.527516 0.722216
vt 0.516188 0.669748
vt 0.517781 0.681795
vt 0.541227 0.666840
vt 0.518263 0.757124
vt 0.535504 0.761497
vt 0.523323 0.754556
vt 0.536512 0.737229
vt 0.534693 0.748688
vt 0.544416 0.752222
vt 0.539051 0.732137
vt 0.553141 0.738747
vt 0.540165 0.722362
vt 0.566049 0.749309
vt 0.558773 0.764623
vt 0.562642 0.728822
vt 0.574882 0.759729
vt 0.573789 0.741141
vt 0.590231 0.751476
vt 0.581190 0.730330
vt 0.593812 0.768052
vt 0.586706 0.742824
vt 0.595492 0.716980
vt 0.595603 0.733050
vt 0.603994 0.740427
vt 0.600695 0.754522
vt 0.602404 0.768066
vt 0.595546 0.683767
vt 0.598528 0.700289
vt 0.508170 0.740382
vt 0.510958 0.753917
vt 0.507862 0.728335
vt 0.522681 0.727323
vt 0.514029 0.765860
vt 0.520526 0.732241
vt 0.320811 0.772624
vt 0.333169 0.765137
vt 0.315267 0.768827
vt 0.102701 0.684733
vt 0.096517 0.677247
vt 0.098494 0.683268
vt 0.218646 0.998185
vt 0.231765 0.998535
vt 0.229651 0.989928
vt 0.215658 0.975425
vt 0.245928 0.995963
vt 0.709801 0.924967
vt 0.712727 0.902509
vt 0.704590 0.917862
vt 0.986491 0.759377
vt 0.992413 0.764588
vt 0.988761 0.748863
vt 0.987432 0.769939
vt 0.999836 0.775879
vt 0.235513 0.802572
vt 0.230396 0.794434
vt 0.224121 0.801689
vt 0.217847 0.924643
vt 0.211393 0.933431
vt 0.225747 0.932181
vt 0.209147 0.924988
vt 0.859116 0.907717
vt 0.854980 0.911312
vt 0.861816 0.925618
vt 0.692871 0.898840
vt 0.701008 0.908040
vt 0.693619 0.888837
vt 0.196250 0.876989
vt 0.205783 0.872310
vt 0.209470 0.862796
vt 0.186361 0.890462
vt 0.198197 0.886894
vt 0.129720 0.950912
vt 0.147622 0.956868
vt 0.133578 0.946127
vt 0.856934 0.817546
vt 0.867024 0.813777
vt 0.859251 0.803550
vt 0.886484 0.910321
vt 0.883626 0.923584
vt 0.890462 0.928223
vt 0.896197 0.937017
vt 0.887509 0.956129
vt 0.900333 0.952263
vt 0.887630 0.970639
vt 0.903477 0.972725
vt 0.898649 0.961029
vt 0.894336 0.977734
vt 0.889557 0.938905
vt 0.864092 0.957895
vt 0.859778 0.971190
vt 0.870009 0.965780
vt 0.853587 0.965065
vt 0.883747 0.948232
vt 0.875644 0.975337
vt 0.883199 0.986576
vt 0.870553 0.986502
vt 0.843913 0.983484
vt 0.856175 0.980184
vt 0.850809 0.973127
vt 0.849270 0.992025
vt 0.863953 0.989532
vt 0.340292 0.815269
vt 0.333496 0.822268
vt 0.350747 0.835124
vt 0.635388 0.811854
vt 0.632669 0.801695
vt 0.626142 0.806819
vt 0.615397 0.812988
vt 0.619136 0.800853
vt 0.628488 0.788035
vt 0.636836 0.779691
vt 0.629119 0.778056
vt 0.651798 0.763078
vt 0.651399 0.775687
vt 0.635550 0.766616
vt 0.665275 0.782443
vt 0.663007 0.769638
vt 0.657600 0.751398
vt 0.640725 0.750475
vt 0.654541 0.749444
vt 0.656847 0.734546
vt 0.666499 0.756529
vt 0.576659 0.907305
vt 0.567665 0.906415
vt 0.573229 0.922470
vt 0.561361 0.926269
vt 0.627438 0.437576
vt 0.620881 0.435213
vt 0.625852 0.450358
vt 0.611717 0.437312
vt 0.610465 0.418341
vt 0.606729 0.408661
vt 0.597819 0.414399
vt 0.615586 0.429055
vt 0.622385 0.427625
vt 0.601736 0.422208
vt 0.598099 0.406325
vt 0.624340 0.416217
vt 0.618346 0.400121
vt 0.605249 0.384284
vt 0.599397 0.386815
vt 0.607640 0.393609
vt 0.599621 0.396923
vt 0.727050 0.761232
vt 0.715007 0.765572
vt 0.722794 0.775228
vt 0.330876 0.790202
vt 0.333170 0.778159
vt 0.327637 0.783539
vt 0.078188 0.572938
vt 0.061718 0.575160
vt 0.061322 0.592656
vt 0.060113 0.567271
vt 0.064771 0.545706
vt 0.049395 0.554811
vt 0.073423 0.545721
vt 0.071411 0.560772
vt 0.084159 0.557450
vt 0.082531 0.569165
vt 0.022630 0.581022
vt 0.023937 0.566439
vt 0.004350 0.572204
vt 0.013423 0.554852
vt 0.018521 0.547459
vt 0.033438 0.557943
vt 0.029488 0.542270
vt 0.032827 0.577329
vt 0.046126 0.574624
vt 0.036495 0.591430
vt 0.050392 0.585162
vt 0.006056 0.539137
vt 0.005241 0.526300
vt 0.015031 0.529842
vt 0.045456 0.545775
vt 0.045709 0.537365
vt 0.081345 0.536836
vt 0.087715 0.543962
vt 0.091625 0.526512
vt 0.085731 0.524261
vt 0.071702 0.532147
vt 0.004069 0.591125
vt 0.021922 0.595835
vt 0.010267 0.603114
vt 0.036296 0.605857
vt 0.052330 0.603264
vt 0.050977 0.608928
vt 0.024738 0.606061
vt 0.010100 0.611929
vt 0.024463 0.619253
vt 0.040375 0.619629
vt 0.046349 0.616189
vt 0.055406 0.616957
vt 0.064180 0.607109
vt 0.068579 0.613129
vt 0.066618 0.600045
vt 0.072596 0.586225
vt 0.148208 0.653775
vt 0.165850 0.660105
vt 0.154574 0.653961
vt 0.142597 0.641993
vt 0.148981 0.663249
vt 0.151787 0.635539
vt 0.140137 0.630374
vt 0.170736 0.890138
vt 0.181606 0.900228
vt 0.182128 0.894655
vt 0.744954 0.805827
vt 0.756347 0.802005
vt 0.754658 0.791831
vt 0.688314 0.875582
vt 0.690219 0.888509
vt 0.697102 0.871909
vt 0.998085 0.719889
vt 0.999836 0.706544
vt 0.987142 0.717370
vt 0.994779 0.813613
vt 0.985189 0.812013
vt 0.995930 0.825734
vt 0.989876 0.826009
vt 0.582805 0.796941
vt 0.576051 0.812334
vt 0.585773 0.816895
vt 0.567871 0.800615
vt 0.568475 0.791832
vt 0.069824 0.971778
vt 0.078040 0.979004
vt 0.082585 0.968263
vt 0.087726 0.975452
vt 0.713378 0.854345
vt 0.703288 0.861585
vt 0.710378 0.862467
vt 0.709275 0.843915
vt 0.086100 0.899509
vt 0.090664 0.906738
vt 0.092936 0.894695
vt 0.307926 0.637452
vt 0.307911 0.649094
vt 0.320041 0.650465
vt 0.307076 0.605827
vt 0.289876 0.599619
vt 0.294587 0.617292
vt 0.303384 0.590014
vt 0.309721 0.619643
vt 0.298496 0.627404
vt 0.315844 0.636551
vt 0.316753 0.611060
vt 0.320127 0.629303
vt 0.330003 0.635004
vt 0.322312 0.640484
vt 0.330626 0.652049
vt 0.323401 0.658092
vt 0.333166 0.661296
vt 0.708170 0.937712
vt 0.704067 0.923342
vt 0.701335 0.943848
vt 0.690591 0.823127
vt 0.679850 0.812664
vt 0.685408 0.826660
vt 0.609696 0.491615
vt 0.599958 0.499961
vt 0.612463 0.501099
vt 0.600474 0.489748
vt 0.589239 0.496440
vt 0.579568 0.510905
vt 0.592892 0.506525
vt 0.576481 0.497269
vt 0.569824 0.501186
vt 0.581542 0.669906
vt 0.571012 0.666830
vt 0.570475 0.674888
vt 0.587726 0.676269
vt 0.952310 0.857910
vt 0.949951 0.840546
vt 0.947737 0.849423
vt 0.941569 0.834149
vt 0.318522 0.750163
vt 0.323071 0.755325
vt 0.333169 0.756348
vt 0.062111 0.862663
vt 0.073403 0.858822
vt 0.062849 0.853680
vt 0.050944 0.860318
vt 0.053839 0.867676
vt 0.078939 0.674967
vt 0.104652 0.666830
vt 0.087928 0.669629
vt 0.010277 0.847713
vt 0.012857 0.842611
vt 0.000163 0.850749
vt 0.500475 0.926921
vt 0.502441 0.911623
vt 0.494954 0.923635
vt 0.739079 0.794296
vt 0.745278 0.789100
vt 0.742423 0.774256
vt 0.727101 0.790469
vt 0.730529 0.780002
vt 0.742339 0.799766
vt 0.730408 0.808514
vt 0.742349 0.808065
vt 0.722819 0.801606
vt 0.726447 0.818848
vt 0.168919 0.450114
vt 0.153388 0.455732
vt 0.167464 0.457174
vt 0.151272 0.472689
vt 0.161942 0.478930
vt 0.162460 0.465762
vt 0.153049 0.439064
vt 0.142741 0.449189
vt 0.168963 0.469319
vt 0.142852 0.465296
vt 0.163847 0.439814
vt 0.147961 0.486816
vt 0.145787 0.432460
vt 0.158986 0.435796
vt 0.171709 0.443441
vt 0.567220 0.816570
vt 0.583820 0.830566
vt 0.579557 0.822509
vt 0.347285 0.801509
vt 0.334798 0.800555
vt 0.342546 0.809082
vt 0.352700 0.789878
vt 0.200033 0.884278
vt 0.200386 0.894368
vt 0.209472 0.885456
vt 0.930300 0.984212
vt 0.934732 0.970379
vt 0.928548 0.973839
vt 0.934539 0.955895
vt 0.375487 0.858238
vt 0.359538 0.869601
vt 0.361329 0.880046
vt 0.195559 0.733887
vt 0.187663 0.736171
vt 0.203612 0.739421
vt 0.482236 0.863753
vt 0.474768 0.862552
vt 0.472819 0.874618
vt 0.489419 0.875488
vt 0.480615 0.851728
vt 0.451986 0.972692
vt 0.458007 0.979004
vt 0.463378 0.966961
vt 0.381022 0.448687
vt 0.388087 0.460735
vt 0.392580 0.453644
vt 0.400328 0.463311
vt 0.386928 0.472493
vt 0.405263 0.472035
vt 0.394301 0.471235
vt 0.396974 0.441230
vt 0.386471 0.445113
vt 0.388962 0.430505
vt 0.408802 0.455200
vt 0.405797 0.446511
vt 0.413245 0.465243
vt 0.324234 0.772299
vt 0.322428 0.781738
vt 0.333170 0.773651
vt 0.712281 0.941894
vt 0.716924 0.931452
vt 0.711751 0.926821
vt 0.719238 0.917483
vt 0.059203 0.671061
vt 0.070799 0.668127
vt 0.048991 0.666830
vt 0.656413 0.739096
vt 0.661094 0.749837
vt 0.666503 0.743293
vt 0.673713 0.736164
vt 0.667480 0.730634
vt 0.673318 0.744553
vt 0.680825 0.748043
vt 0.678276 0.754395
vt 0.198253 0.720216
vt 0.196777 0.734212
vt 0.201009 0.725656
vt 0.208496 0.845716
vt 0.214680 0.854004
vt 0.213957 0.842612
vt 0.390505 0.528198
vt 0.380483 0.536572
vt 0.391104 0.546061
vt 0.394367 0.535961
vt 0.377767 0.523730
vt 0.381080 0.510583
vt 0.090656 0.687988
vt 0.102049 0.687511
vt 0.081543 0.680502
vt 0.002989 0.681044
vt 0.000814 0.685384
vt 0.015461 0.680502
vt 0.161290 0.877263
vt 0.172016 0.885835
vt 0.175916 0.872694
vt 0.084661 0.920335
vt 0.100468 0.928052
vt 0.106546 0.915521
vt 0.105918 0.889576
vt 0.112125 0.885443
vt 0.107869 0.873057
vt 0.094335 0.905718
vt 0.093237 0.896503
vt 0.091645 0.925503
vt 0.099674 0.938048
vt 0.165375 0.864160
vt 0.153053 0.866880
vt 0.142968 0.876966
vt 0.147761 0.879367
vt 0.157917 0.855817
vt 0.148627 0.851891
vt 0.139379 0.860860
vt 0.137185 0.870389
vt 0.123588 0.869752
vt 0.111840 0.875170
vt 0.124788 0.879905
vt 0.100179 0.879515
vt 0.107850 0.925848
vt 0.119262 0.855397
vt 0.112846 0.868150
vt 0.104517 0.911831
vt 0.117053 0.900061
vt 0.163070 0.907635
vt 0.160008 0.918730
vt 0.174103 0.917527
vt 0.168795 0.937781
vt 0.181468 0.931817
vt 0.162660 0.926404
vt 0.154657 0.943230
vt 0.165185 0.943493
vt 0.162004 0.892713
vt 0.145722 0.927071
vt 0.148585 0.939672
vt 0.143478 0.944306
vt 0.127678 0.945422
vt 0.136621 0.933080
vt 0.121746 0.936823
vt 0.110046 0.936214
vt 0.112754 0.945437
vt 0.121747 0.952311
vt 0.098546 0.862505
vt 0.085666 0.873832
vt 0.089609 0.861908
vt 0.081543 0.855650
vt 0.104042 0.946745
vt 0.123091 0.860950
vt 0.109883 0.851084
vt 0.090420 0.884976
vt 0.125709 0.915950
vt 0.116934 0.907639
vt 0.127522 0.897705
vt 0.131215 0.887851
vt 0.115114 0.893351
vt 0.134022 0.907461
vt 0.144165 0.892445
vt 0.152597 0.904930
vt 0.154326 0.883939
vt 0.152117 0.918924
vt 0.000163 0.842285
vt 0.016112 0.835450
vt 0.009065 0.836347
vt 0.993977 0.858561
vt 0.990657 0.848313
vt 0.983887 0.846205
vt 0.984219 0.841310
vt 0.666501 0.976290
vt 0.659430 0.963707
vt 0.647923 0.974122
vt 0.653363 0.987749
vt 0.639486 0.992676
vt 0.849827 0.681478
vt 0.854003 0.666831
vt 0.840007 0.670501
vt 0.672689 0.900756
vt 0.680796 0.911296
vt 0.680826 0.897055
vt 0.675400 0.890790
vt 0.005045 0.924673
vt 0.000163 0.921388
vt 0.002940 0.935384
vt 0.482173 0.672691
vt 0.478678 0.676686
vt 0.482910 0.691243
vt 0.000814 0.678154
vt 0.009814 0.680176
vt 0.018065 0.674642
vt 0.431063 0.951660
vt 0.442544 0.945017
vt 0.427897 0.937664
vt 0.383456 0.885254
vt 0.397622 0.882482
vt 0.382975 0.875164
vt 0.978027 0.858858
vt 0.981285 0.878092
vt 0.988117 0.865958
vt 0.982808 0.852379
vt 0.000163 0.904785
vt 0.010085 0.903450
vt 0.011555 0.894044
vt 0.688638 0.845294
vt 0.679936 0.832847
vt 0.677897 0.842034
vt 0.678196 0.855957
vt 0.903158 0.843263
vt 0.912597 0.857910
vt 0.909449 0.848929
vt 0.573589 0.780272
vt 0.577877 0.791504
vt 0.587726 0.776713
vt 0.578868 0.773483
vt 0.569058 0.766861
vt 0.567220 0.777892
vt 0.576861 0.765790
vt 0.180698 0.911622
vt 0.177246 0.922363
vt 0.187987 0.916977
vt 0.333496 0.914544
vt 0.334822 0.926269
vt 0.345539 0.913575
vt 0.208496 0.995959
vt 0.216633 0.999837
vt 0.208972 0.987143
vt 0.857585 0.729982
vt 0.869628 0.743327
vt 0.866269 0.732410
vt 0.715400 0.898926
vt 0.719238 0.885451
vt 0.711751 0.882977
vt 0.142787 0.762533
vt 0.136230 0.765834
vt 0.150877 0.768717
vt 0.494303 0.716310
vt 0.498629 0.725749
vt 0.510903 0.717607
vt 0.004010 0.608241
vt 0.009509 0.621233
vt 0.017580 0.618804
vt 0.000163 0.648518
vt 0.013649 0.658026
vt 0.012140 0.647843
vt 0.020386 0.632426
vt 0.003625 0.665202
vt 0.006939 0.636583
vt 0.031084 0.638400
vt 0.611725 0.364284
vt 0.608442 0.353166
vt 0.599772 0.360355
vt 0.620365 0.346016
vt 0.618938 0.333503
vt 0.606672 0.342964
vt 0.601701 0.370696
vt 0.600036 0.377480
vt 0.610630 0.382181
vt 0.645666 0.380274
vt 0.634447 0.387040
vt 0.641867 0.388651
vt 0.618312 0.398846
vt 0.621240 0.391253
vt 0.610379 0.393116
vt 0.609113 0.405436
vt 0.624016 0.375791
vt 0.641857 0.369762
vt 0.631527 0.396432
vt 0.624117 0.367347
vt 0.615735 0.374213
vt 0.620605 0.504002
vt 0.636901 0.517876
vt 0.631501 0.504672
vt 0.631426 0.496259
vt 0.652829 0.512222
vt 0.652558 0.502580
vt 0.643478 0.507461
vt 0.642001 0.497373
vt 0.646332 0.519368
vt 0.674452 0.832847
vt 0.666829 0.843674
vt 0.677571 0.848714
vt 0.670776 0.855957
vt 0.458406 0.423573
vt 0.461603 0.419817
vt 0.451104 0.410450
vt 0.450872 0.394212
vt 0.459113 0.384569
vt 0.447829 0.381680
vt 0.444023 0.393294
vt 0.453613 0.404226
vt 0.441066 0.421705
vt 0.441996 0.431500
vt 0.441979 0.412267
vt 0.440267 0.383380
vt 0.440998 0.404618
vt 0.459769 0.393942
vt 0.449765 0.445345
vt 0.441943 0.442658
vt 0.464060 0.451660
vt 0.466241 0.439776
vt 0.470274 0.443366
vt 0.473128 0.427140
vt 0.470828 0.412506
vt 0.467349 0.389266
vt 0.467750 0.400194
vt 0.481604 0.416508
vt 0.477094 0.405920
vt 0.333168 0.756674
vt 0.319003 0.757696
vt 0.322813 0.763592
vt 0.310059 0.764811
vt 0.514794 0.422400
vt 0.517271 0.432003
vt 0.520462 0.420324
vt 0.498244 0.431721
vt 0.501218 0.417770
vt 0.510120 0.441292
vt 0.496124 0.441931
vt 0.520931 0.439941
vt 0.481283 0.434883
vt 0.490009 0.449056
vt 0.490559 0.422889
vt 0.525223 0.406170
vt 0.514270 0.406510
vt 0.493216 0.407455
vt 0.500404 0.403162
vt 0.482096 0.412216
vt 0.666829 0.933107
vt 0.666979 0.953613
vt 0.673665 0.941512
vt 0.674316 0.914987
vt 0.666829 0.903810
vt 0.667998 0.921061
vt 0.191025 0.763509
vt 0.206216 0.759105
vt 0.188965 0.757976
vt 0.000163 0.821452
vt 0.014810 0.818118
vt 0.005964 0.813315
vt 0.009928 0.767090
vt 0.015427 0.773275
vt 0.026528 0.767397
vt 0.773274 0.701660
vt 0.768784 0.685060
vt 0.767090 0.692467
vt 0.205241 0.667083
vt 0.230303 0.671061
vt 0.223821 0.666830
vt 0.252054 0.574417
vt 0.245539 0.563648
vt 0.228812 0.570817
vt 0.257452 0.564336
vt 0.240059 0.557010
vt 0.248003 0.548907
vt 0.259692 0.543810
vt 0.225423 0.567242
vt 0.308743 0.541677
vt 0.297436 0.536964
vt 0.300846 0.549201
vt 0.277094 0.557322
vt 0.263911 0.589583
vt 0.268219 0.569365
vt 0.256142 0.587334
vt 0.301306 0.586893
vt 0.311487 0.577560
vt 0.306842 0.573139
vt 0.316205 0.564649
vt 0.299218 0.563449
vt 0.311391 0.563114
vt 0.318166 0.557184
vt 0.325348 0.561256
vt 0.319326 0.548676
vt 0.289687 0.563737
vt 0.293569 0.576969
vt 0.290250 0.548773
vt 0.278216 0.579227
vt 0.273857 0.543790
vt 0.281264 0.593233
vt 0.286939 0.601400
vt 0.284751 0.536705
vt 0.288302 0.526527
vt 0.276030 0.527145
vt 0.281202 0.515796
vt 0.511552 0.991215
vt 0.502119 0.989735
vt 0.500100 0.999186
vt 0.488342 0.989596
vt 0.476895 0.998498
vt 0.480454 0.990101
vt 0.472819 0.998222
vt 0.504450 0.978680
vt 0.485585 0.983002
vt 0.657715 0.879070
vt 0.658408 0.891764
vt 0.666503 0.891235
vt 0.191569 0.668783
vt 0.200050 0.674967
vt 0.214028 0.674305
vt 0.599121 0.706217
vt 0.607258 0.706169
vt 0.603926 0.693523
vt 0.269239 0.591987
vt 0.257982 0.596397
vt 0.270179 0.604892
vt 0.261161 0.602953
vt 0.254752 0.588595
vt 0.242848 0.589481
vt 0.254833 0.605140
vt 0.248764 0.611075
vt 0.262619 0.612699
vt 0.232585 0.583504
vt 0.241870 0.584970
vt 0.263318 0.659981
vt 0.275317 0.659993
vt 0.275300 0.651582
vt 0.266138 0.652246
vt 0.256052 0.621820
vt 0.265745 0.625691
vt 0.268755 0.643300
vt 0.276486 0.618536
vt 0.271490 0.630750
vt 0.275176 0.634720
vt 0.257786 0.654768
vt 0.283502 0.625916
vt 0.288243 0.640436
vt 0.285839 0.615277
vt 0.285994 0.651421
vt 0.979214 0.828459
vt 0.989420 0.839775
vt 0.989354 0.825685
vt 0.978678 0.841634
vt 0.656971 0.667000
vt 0.646647 0.666831
vt 0.658126 0.678586
vt 0.666502 0.681478
vt 0.559820 0.513535
vt 0.569496 0.500652
vt 0.558359 0.498863
vt 0.538574 0.510435
vt 0.551826 0.523926
vt 0.547533 0.503565
vt 0.121806 0.973144
vt 0.130044 0.969877
vt 0.129683 0.963085
vt 0.120176 0.962294
vt 0.127344 0.952639
vt 0.109538 0.969449
vt 0.603003 0.445665
vt 0.611855 0.453298
vt 0.615068 0.443457
vt 0.609561 0.436838
vt 0.598884 0.441683
vt 0.592946 0.453946
vt 0.587988 0.442472
vt 0.603998 0.451658
vt 0.598798 0.463979
vt 0.598516 0.429854
vt 0.608824 0.462506
vt 0.581543 0.460892
vt 0.595429 0.472493
vt 0.586482 0.470903
vt 0.267414 0.867927
vt 0.266389 0.861492
vt 0.256022 0.869629
vt 0.599327 0.829915
vt 0.607908 0.818047
vt 0.597557 0.815268
vt 0.590658 0.828428
vt 0.363919 0.448101
vt 0.359079 0.442788
vt 0.345215 0.445543
vt 0.370960 0.462077
vt 0.378319 0.447707
vt 0.367790 0.437658
vt 0.361985 0.428483
vt 0.377006 0.435032
vt 0.347951 0.429808
vt 0.372235 0.429226
vt 0.385901 0.443165
vt 0.368867 0.422693
vt 0.783180 0.995104
vt 0.780388 0.986046
vt 0.772949 0.999837
vt 0.788053 0.977178
vt 0.792020 0.989106
vt 0.810380 0.971520
vt 0.800122 0.982329
vt 0.805980 0.986191
vt 0.136728 0.832847
vt 0.127767 0.839136
vt 0.150877 0.836741
vt 0.140723 0.847440
vt 0.149867 0.850749
vt 0.203288 0.700033
vt 0.206939 0.708171
vt 0.210774 0.701383
vt 0.026527 0.674316
vt 0.015605 0.668062
vt 0.004256 0.673882
vt 0.001465 0.666830
vt 0.676595 0.873211
vt 0.678436 0.890462
vt 0.685383 0.880057
vt 0.338875 0.864421
vt 0.341633 0.851076
vt 0.333496 0.857257
vt 0.833496 0.802489
vt 0.838877 0.809733
vt 0.844888 0.801397
vt 0.836744 0.794435
vt 0.083819 0.923098
vt 0.083209 0.907718
vt 0.076756 0.913278
vt 0.076858 0.927495
vt 0.070317 0.918013
vt 0.062663 0.936035
vt 0.364746 0.875815
vt 0.367424 0.885409
vt 0.380044 0.887909
vt 0.373676 0.891113
vt 0.006626 0.867104
vt 0.001465 0.874903
vt 0.016714 0.875488
vt 0.019367 0.866700
vt 0.543343 0.530778
vt 0.530416 0.544774
vt 0.543319 0.552572
vt 0.528809 0.536292
vt 0.545042 0.518395
vt 0.533833 0.525649
vt 0.547361 0.543501
vt 0.421060 0.859359
vt 0.405762 0.857586
vt 0.411360 0.864307
vt 0.406884 0.870280
vt 0.229002 0.867310
vt 0.217772 0.864096
vt 0.210449 0.874837
vt 0.889873 0.843263
vt 0.887533 0.853054
vt 0.897623 0.861165
vt 0.694824 0.773926
vt 0.706867 0.762956
vt 0.700640 0.760581
vt 0.707216 0.827638
vt 0.701986 0.835363
vt 0.712727 0.843587
vt 0.832992 0.871220
vt 0.842209 0.892265
vt 0.843126 0.877181
vt 0.848578 0.885591
vt 0.827342 0.882416
vt 0.825631 0.891664
vt 0.843803 0.831299
vt 0.837282 0.827834
vt 0.841581 0.843224
vt 0.855931 0.829207
vt 0.853481 0.843690
vt 0.850348 0.870887
vt 0.838030 0.862672
vt 0.878295 0.835304
vt 0.893199 0.822278
vt 0.879581 0.820618
vt 0.888788 0.835669
vt 0.896237 0.831863
vt 0.887032 0.815930
vt 0.826330 0.851665
vt 0.823255 0.835991
vt 0.809677 0.844886
vt 0.900869 0.899763
vt 0.898427 0.893156
vt 0.887304 0.903491
vt 0.842324 0.902811
vt 0.870285 0.890769
vt 0.888022 0.890817
vt 0.884840 0.909222
vt 0.872036 0.902233
vt 0.883407 0.874089
vt 0.866705 0.876898
vt 0.880776 0.883924
vt 0.860358 0.895930
vt 0.860020 0.886282
vt 0.872120 0.865827
vt 0.876157 0.885790
vt 0.862227 0.874466
vt 0.884151 0.842685
vt 0.873224 0.841202
vt 0.877398 0.852152
vt 0.870886 0.856503
vt 0.886415 0.864876
vt 0.853724 0.859644
vt 0.860652 0.849349
vt 0.859636 0.830923
vt 0.838781 0.852775
vt 0.887135 0.849412
vt 0.894293 0.884853
vt 0.810235 0.829866
vt 0.801595 0.836326
vt 0.859845 0.907368
vt 0.863560 0.913490
vt 0.873503 0.914551
vt 0.842835 0.815928
vt 0.845119 0.816239
vt 0.861959 0.819041
vt 0.868461 0.829089
vt 0.876748 0.820801
vt 0.443233 0.977051
vt 0.451008 0.965541
vt 0.437012 0.964357
vt 0.516220 0.986492
vt 0.519951 0.995842
vt 0.529018 0.987869
vt 0.509277 0.996582
vt 0.539923 0.993832
vt 0.540850 0.988012
vt 0.361090 0.522680
vt 0.377230 0.527660
vt 0.377439 0.517065
vt 0.376735 0.538980
vt 0.356934 0.508629
vt 0.359593 0.540202
vt 0.936361 0.777504
vt 0.948404 0.780436
vt 0.942026 0.765789
vt 0.507597 0.534993
vt 0.518181 0.518592
vt 0.508634 0.520571
vt 0.503418 0.507465
vt 0.514319 0.501468
vt 0.524575 0.508279
vt 0.523597 0.524312
vt 0.106934 0.847586
vt 0.120710 0.848796
vt 0.127439 0.835451
vt 0.090669 0.990853
vt 0.069173 0.986492
vt 0.086695 0.999837
vt 0.100746 0.999795
vt 0.483161 0.877117
vt 0.480354 0.886328
vt 0.489419 0.887207
vt 0.474772 0.877250
vt 0.826008 0.879075
vt 0.818321 0.871909
vt 0.817220 0.887207
vt 0.531845 0.961104
vt 0.528158 0.970403
vt 0.541187 0.976111
vt 0.538473 0.983184
vt 0.564938 0.991347
vt 0.551885 0.984892
vt 0.560414 0.997233
vt 0.547912 0.989450
vt 0.611165 0.749363
vt 0.603678 0.743654
vt 0.608102 0.757650
vt 0.507649 0.688294
vt 0.496908 0.684409
vt 0.503956 0.695150
vt 0.488576 0.536442
vt 0.498039 0.540202
vt 0.495388 0.525981
vt 0.503090 0.510582
vt 0.481283 0.527128
vt 0.817339 0.863322
vt 0.820800 0.849775
vt 0.810710 0.864548
vt 0.811168 0.874186
vt 0.234861 0.779294
vt 0.220230 0.787707
vt 0.226485 0.794108
vt 0.224908 0.771265
vt 0.209798 0.792618
vt 0.213324 0.767743
vt 0.999836 0.741701
vt 0.991260 0.746640
vt 0.994988 0.746454
vt 0.990397 0.755046
vt 0.336706 0.774577
vt 0.340331 0.770595
vt 0.333496 0.761232
vt 0.717923 0.848796
vt 0.721842 0.836101
vt 0.713053 0.840069
vt 0.567432 0.900228
vt 0.569498 0.893200
vt 0.564616 0.882326
vt 0.203632 0.822754
vt 0.202912 0.812013
vt 0.196126 0.817881
vt 0.217283 0.820286
vt 0.297979 0.643232
vt 0.288574 0.641645
vt 0.293271 0.654602
vt 0.303383 0.648920
vt 0.299365 0.631025
vt 0.307549 0.656762
vt 0.318194 0.654212
vt 0.304036 0.663249
vt 0.293986 0.659034
vt 0.528482 0.544384
vt 0.527946 0.537204
vt 0.517090 0.544211
vt 0.518063 0.528812
vt 0.527233 0.558431
vt 0.552919 0.456289
vt 0.543294 0.452210
vt 0.549795 0.460338
vt 0.550854 0.467285
vt 0.560379 0.465252
vt 0.559670 0.434411
vt 0.543509 0.435387
vt 0.551392 0.443823
vt 0.526179 0.451734
vt 0.533759 0.460135
vt 0.537833 0.465811
vt 0.536707 0.446694
vt 0.532079 0.436046
vt 0.518376 0.446671
vt 0.512533 0.451466
vt 0.521665 0.458331
vt 0.523174 0.466279
vt 0.519861 0.459253
vt 0.301281 0.959890
vt 0.287272 0.953292
vt 0.288668 0.967897
vt 0.296941 0.970132
vt 0.298571 0.984128
vt 0.309643 0.973211
vt 0.316074 0.962607
vt 0.319816 0.989772
vt 0.320321 0.976644
vt 0.305824 0.981993
vt 0.328628 0.976568
vt 0.330868 0.993327
vt 0.287351 0.978946
vt 0.333166 0.965143
vt 0.427569 0.514532
vt 0.419691 0.507327
vt 0.421113 0.519126
vt 0.406413 0.517650
vt 0.411975 0.523376
vt 0.422999 0.538249
vt 0.612375 0.785973
vt 0.604980 0.800057
vt 0.615071 0.801816
vt 0.609035 0.816895
vt 0.666503 0.692546
vt 0.662708 0.681927
vt 0.653809 0.681804
vt 0.495207 0.729981
vt 0.491048 0.732394
vt 0.506997 0.739421
vt 0.316409 0.747375
vt 0.307001 0.758301
vt 0.326007 0.743610
vt 0.302873 0.741050
vt 0.301595 0.752873
vt 0.595686 0.800685
vt 0.599304 0.793295
vt 0.590844 0.793148
vt 0.586100 0.802572
vt 0.604653 0.783078
vt 0.590526 0.780113
vt 0.907719 0.989733
vt 0.903952 0.973356
vt 0.890788 0.991883
vt 0.919072 0.976265
vt 0.925135 0.978308
vt 0.907156 0.958500
vt 0.910116 0.962518
vt 0.922713 0.967244
vt 0.926266 0.984186
vt 0.918825 0.994629
vt 0.419327 0.494438
vt 0.421710 0.475939
vt 0.412641 0.485983
vt 0.411909 0.496940
vt 0.411860 0.506999
vt 0.405847 0.503604
vt 0.400553 0.488862
vt 0.404752 0.476501
vt 0.420451 0.461105
vt 0.410215 0.478573
vt 0.957194 0.854558
vt 0.960612 0.868978
vt 0.967284 0.847170
vt 0.676064 0.924571
vt 0.666829 0.923997
vt 0.674638 0.933434
vt 0.681895 0.941840
vt 0.674433 0.944334
vt 0.688588 0.950569
vt 0.674480 0.950126
vt 0.716431 0.965615
vt 0.714121 0.975300
vt 0.726394 0.990072
vt 0.716491 0.984830
vt 0.706840 0.978809
vt 0.695572 0.971104
vt 0.700468 0.966992
vt 0.685142 0.958893
vt 0.696614 0.952227
vt 0.437336 0.864806
vt 0.427266 0.865634
vt 0.426374 0.869629
vt 0.421387 0.859402
vt 0.430295 0.853680
vt 0.967037 0.666831
vt 0.959147 0.674114
vt 0.969888 0.679525
vt 0.721090 0.835775
vt 0.735158 0.827448
vt 0.732583 0.819893
vt 0.720564 0.826497
vt 0.713053 0.833785
vt 0.745277 0.812665
vt 0.991538 0.826336
vt 0.995335 0.842285
vt 0.999836 0.833799
vt 0.989746 0.832263
vt 0.716633 0.870425
vt 0.707194 0.869567
vt 0.709686 0.887207
vt 0.711179 0.862795
vt 0.159192 0.841960
vt 0.151204 0.844513
vt 0.165851 0.850098
vt 0.097270 0.989848
vt 0.096594 0.980111
vt 0.078288 0.987374
vt 0.092291 0.976733
vt 0.101177 0.967613
vt 0.112493 0.975651
vt 0.113974 0.983716
vt 0.108975 0.991692
vt 0.117966 0.994629
vt 0.128738 0.982700
vt 0.223318 0.956217
vt 0.232908 0.954574
vt 0.225882 0.948080
vt 0.215658 0.950608
vt 0.469237 0.792481
vt 0.453288 0.795974
vt 0.463935 0.802572
vt 0.845540 0.792950
vt 0.845333 0.778810
vt 0.838053 0.794108
vt 0.999836 0.731819
vt 0.990491 0.736453
vt 0.996470 0.741374
vt 0.986491 0.724123
vt 0.666829 0.977294
vt 0.673773 0.993297
vt 0.681221 0.976213
vt 0.682191 0.957198
vt 0.690698 0.996114
vt 0.694775 0.980697
vt 0.705563 0.997884
vt 0.703954 0.978004
vt 0.005354 0.984996
vt 0.000163 0.968916
vt 0.000976 0.984681
vt 0.004358 0.998103
vt 0.008300 0.999837
vt 0.432230 0.666831
vt 0.425293 0.675720
vt 0.434081 0.678223
vt 0.979329 0.702962
vt 0.983782 0.696718
vt 0.984863 0.685711
vt 0.496257 0.491433
vt 0.497347 0.502196
vt 0.509014 0.497048
vt 0.504520 0.480370
vt 0.519076 0.480895
vt 0.501841 0.508301
vt 0.520017 0.468917
vt 0.218174 0.654059
vt 0.227607 0.664551
vt 0.232217 0.649253
vt 0.213704 0.662655
vt 0.239449 0.657321
vt 0.249834 0.651101
vt 0.000163 0.826986
vt 0.008626 0.833822
vt 0.015461 0.826993
vt 0.464655 0.507977
vt 0.454190 0.508511
vt 0.452276 0.516673
vt 0.443854 0.510683
vt 0.440522 0.520799
vt 0.470536 0.525228
vt 0.429199 0.509490
vt 0.060491 0.914877
vt 0.060059 0.926269
vt 0.066243 0.916689
vt 0.000163 0.790673
vt 0.015446 0.792806
vt 0.016763 0.785971
vt 0.333170 0.920410
vt 0.330465 0.909018
vt 0.323730 0.914726
vt 0.666503 0.532313
vt 0.659668 0.540874
vt 0.661650 0.556478
vt 0.661062 0.523604
vt 0.908690 0.855261
vt 0.903453 0.861549
vt 0.905935 0.868327
vt 0.899251 0.853029
vt 0.835449 0.982447
vt 0.844237 0.991872
vt 0.842077 0.970869
vt 0.840465 0.999837
vt 0.639832 0.814290
vt 0.652179 0.810628
vt 0.647163 0.800459
vt 0.635579 0.797650
vt 0.639597 0.785322
vt 0.809801 0.896649
vt 0.808105 0.904752
vt 0.815592 0.913249
vt 0.887857 0.671898
vt 0.880766 0.666831
vt 0.874512 0.679525
vt 0.255694 0.628719
vt 0.251208 0.619046
vt 0.243466 0.632795
vt 0.237888 0.613447
vt 0.229329 0.636457
vt 0.244687 0.622306
vt 0.245130 0.604985
vt 0.244802 0.644297
vt 0.236649 0.648418
vt 0.251296 0.649577
vt 0.600747 0.528764
vt 0.597615 0.517094
vt 0.587306 0.526018
vt 0.592261 0.543007
vt 0.585600 0.537636
vt 0.584798 0.556478
vt 0.617350 0.533012
vt 0.628051 0.542388
vt 0.632648 0.535061
vt 0.622149 0.553223
vt 0.620304 0.526256
vt 0.626159 0.520348
vt 0.204408 0.785320
vt 0.196777 0.790043
vt 0.209471 0.792155
vt 0.675933 0.876466
vt 0.668132 0.892415
vt 0.676269 0.882262
vt 0.043717 0.856935
vt 0.035277 0.864585
vt 0.050616 0.871233
vt 0.028809 0.871582
vt 0.000814 0.881629
vt 0.004357 0.883952
vt 0.013508 0.875815
vt 0.096738 0.674642
vt 0.082194 0.680176
vt 0.104002 0.675410
vt 0.960122 0.770756
vt 0.952692 0.764488
vt 0.947428 0.788249
vt 0.845866 0.791504
vt 0.858560 0.766441
vt 0.850257 0.771423
vt 0.574706 0.874186
vt 0.570156 0.860190
vt 0.567871 0.866541
vt 0.295502 0.986175
vt 0.284668 0.998535
vt 0.301506 0.991789
vt 0.307619 0.984539
vt 0.315589 0.992590
vt 0.097430 0.699707
vt 0.102050 0.695826
vt 0.090007 0.694174
vt 0.634277 0.461352
vt 0.614106 0.463946
vt 0.617465 0.474447
vt 0.645016 0.445743
vt 0.630314 0.432459
vt 0.642195 0.456740
vt 0.629566 0.449920
vt 0.612793 0.453151
vt 0.816894 0.899577
vt 0.808105 0.874514
vt 0.813027 0.889506
vt 0.696451 0.940688
vt 0.688965 0.934414
vt 0.689243 0.947754
vt 0.691126 0.922691
vt 0.115070 0.779961
vt 0.104831 0.778809
vt 0.101074 0.786296
vt 0.333169 0.877768
vt 0.319824 0.887207
vt 0.329667 0.881906
vt 0.990071 0.939941
vt 0.983936 0.916832
vt 0.982585 0.925266
vt 0.965825 0.782716
vt 0.955892 0.784297
vt 0.967284 0.795410
vt 0.222819 0.890784
vt 0.228728 0.898275
vt 0.233560 0.888185
vt 0.590331 0.831358
vt 0.584147 0.817222
vt 0.584785 0.832520
vt 0.756022 0.681478
vt 0.770018 0.677518
vt 0.761000 0.666831
f 81/312 67/313 82/314
f 214/353 221/354 213/355
f 224/356 219/357 221/354
f 213/355 219/357 215/358
f 221/354 219/357 213/355
f 221/354 208/359 224/356
f 210/360 2190/361 208/359
f 208/359 226/362 224/356
f 208/359 2190/361 2191/363
f 208/359 2191/363 226/362
f 233/364 239/365 240/366
f 236/367 233/364 240/366
f 102/513 104/514 95/515
f 109/516 105/517 102/513
f 105/517 104/514 102/513
f 137/667 128/668 141/669
f 141/669 895/670 137/667
f 187/707 181/708 199/709
f 64/734 67/735 81/736
f 151/368 145/369 232/370
f 66/737 75/738 76/739
f 207/371 148/372 2351/373
f 146/374 148/372 209/375
f 146/374 145/369 144/376
f 209/375 148/372 207/371
f 206/377 146/374 209/375
f 206/377 232/370 145/369
f 214/751 212/752 211/753
f 232/370 206/377 212/378
f 211/379 212/378 206/377
f 211/379 209/375 210/360
f 206/377 209/375 211/379
f 214/353 211/379 210/360
f 206/377 145/369 146/374
f 361/754 362/755 358/756
f 323/757 358/758 336/759
f 194/797 195/798 197/799
f 142/801 197/802 195/803
f 195/798 194/797 193/800
f 232/370 239/365 233/364
f 170/807 166/808 165/809
f 168/810 165/811 166/812
f 160/816 152/817 157/818
f 239/365 232/370 212/378
f 238/380 236/367 240/366
f 156/381 151/368 232/370
f 13/829 8/830 12/831
f 11/832 10/833 13/834
f 2445/838 15/839 24/840
f 290/844 288/845 289/846
f 151/368 153/382 145/369
f 216/383 238/380 215/358
f 228/384 218/385 300/386
f 300/386 218/385 299/387
f 310/388 299/387 218/385
f 234/875 246/876 248/877
f 246/876 251/878 248/877
f 310/879 231/880 282/881
f 219/357 224/356 220/389
f 224/356 226/362 220/389
f 217/390 219/357 223/391
f 223/391 219/357 220/389
f 216/383 215/358 217/390
f 220/389 222/392 223/391
f 225/393 223/391 222/392
f 217/390 215/358 219/357
f 227/394 223/391 225/393
f 218/385 228/384 227/394
f 228/384 223/391 227/394
f 228/384 217/390 223/391
f 229/395 2303/396 230/397
f 2454/398 2387/399 225/393
f 229/395 225/393 2387/399
f 229/395 227/394 225/393
f 227/394 230/397 218/385
f 231/400 218/385 230/397
f 218/385 231/400 310/388
f 2454/398 2385/401 2387/399
f 222/392 2454/398 225/393
f 229/395 283/402 2303/396
f 2303/396 280/403 230/397
f 227/394 229/395 230/397
f 2303/396 2305/404 280/403
f 2387/399 283/402 229/395
f 280/403 281/405 230/397
f 230/397 281/405 231/400
f 414/889 379/890 382/891
f 379/890 420/892 380/893
f 622/964 616/965 1605/966
f 414/889 382/891 408/894
f 397/895 521/896 411/897
f 379/890 380/893 382/891
f 615/967 631/968 623/969
f 631/968 1569/970 616/965
f 622/964 617/971 624/972
f 624/972 631/968 622/964
f 631/968 616/965 622/964
f 624/972 617/971 630/973
f 397/895 513/898 512/899
f 624/972 630/973 625/974
f 623/969 631/968 624/972
f 625/974 623/969 624/972
f 576/975 615/967 623/969
f 507/900 521/896 512/899
f 579/976 578/977 625/974
f 579/976 575/978 578/977
f 576/975 623/969 578/977
f 578/977 623/969 625/974
f 578/977 581/979 576/975
f 410/901 411/897 521/896
f 591/980 578/977 575/978
f 512/899 521/896 397/895
f 581/979 591/980 582/981
f 576/1138 581/1139 573/1140
f 573/1140 583/1141 634/1142
f 578/977 591/980 581/979
f 591/980 575/978 570/982
f 583/1141 573/1140 581/1139
f 583/1236 611/1237 610/1238
f 380/893 411/897 382/891
f 382/891 411/897 412/902
f 507/900 501/903 520/904
f 501/903 507/900 495/905
f 378/906 412/902 410/901
f 574/1241 612/1242 587/1243
f 574/1239 610/1238 611/1237
f 607/1244 587/1243 612/1242
f 610/1238 574/1239 587/1240
f 411/897 410/901 412/902
f 374/1322 462/1323 478/1324
f 478/1324 462/1323 476/1325
f 384/907 415/908 388/909
f 400/910 384/907 388/909
f 452/1470 453/1471 402/1472
f 400/910 399/911 407/912
f 400/910 409/913 384/907
f 409/913 400/910 407/912
f 407/912 408/894 409/913
f 409/913 382/891 381/914
f 382/891 409/913 408/894
f 407/912 399/911 385/915
f 394/916 390/917 385/915
f 435/1473 437/1474 433/1475
f 425/918 390/917 394/916
f 425/918 421/919 390/917
f 444/1476 433/1475 437/1474
f 461/1477 435/1473 436/1478
f 436/1478 1950/1479 461/1477
f 437/1474 1783/1480 444/1476
f 1956/1481 460/1482 461/1477
f 438/1483 1783/1480 437/1474
f 435/1473 461/1477 437/1474
f 460/1482 1819/1484 1775/1485
f 1956/1481 461/1477 1950/1479
f 461/1477 460/1482 1775/1485
f 438/1483 437/1474 461/1477
f 438/1483 461/1477 1775/1485
f 519/920 507/900 512/899
f 447/921 446/922 444/923
f 414/889 418/924 379/890
f 507/900 520/904 521/896
f 383/925 413/926 414/889
f 433/1475 444/1476 446/1486
f 441/927 428/928 424/929
f 446/922 447/921 431/930
f 446/922 431/930 422/931
f 422/931 383/925 421/919
f 392/932 446/922 421/919
f 421/919 446/922 422/931
f 425/918 392/932 421/919
f 421/919 383/925 414/889
f 421/919 414/889 390/917
f 414/889 408/894 390/917
f 390/917 407/912 385/915
f 407/912 390/917 408/894
f 381/914 382/891 412/902
f 412/902 375/933 381/914
f 375/933 412/902 378/906
f 520/904 522/934 521/896
f 410/901 522/934 504/935
f 384/907 409/913 381/914
f 384/907 381/914 375/933
f 388/1326 415/1327 391/1328
f 415/1327 416/1329 391/1328
f 416/1329 419/1330 451/1331
f 419/1330 2024/1332 457/1333
f 451/1331 419/1330 457/1333
f 451/1331 391/1328 416/1329
f 1881/1555 1882/1556 432/1557
f 532/936 533/937 523/938
f 378/906 410/901 398/939
f 523/938 531/940 532/936
f 520/904 501/903 500/941
f 520/904 504/935 522/934
f 531/940 540/942 529/943
f 522/934 410/901 521/896
f 377/944 375/933 378/906
f 376/945 378/906 398/939
f 376/945 377/944 378/906
f 504/935 520/904 500/941
f 527/946 531/940 523/938
f 439/947 442/948 529/943
f 441/927 442/948 439/947
f 504/935 398/939 410/901
f 525/949 527/946 523/938
f 527/946 540/942 531/940
f 439/947 529/943 540/942
f 528/950 524/951 525/949
f 527/946 525/949 524/951
f 540/942 440/952 439/947
f 441/927 424/929 429/953
f 431/930 429/953 424/929
f 428/928 441/927 430/954
f 430/954 441/927 439/947
f 540/942 524/951 440/952
f 528/950 517/955 524/951
f 540/942 527/946 524/951
f 524/951 517/955 511/956
f 430/954 439/947 440/952
f 596/1562 599/1563 602/1564
f 614/1565 595/1566 651/1567
f 2461/1568 662/1569 663/1570
f 663/1572 2465/1573 2461/1574
f 653/1576 572/1577 647/1578
f 663/1580 614/1581 652/1582
f 575/978 568/983 570/982
f 646/1579 653/1576 647/1578
f 580/984 568/983 575/978
f 597/985 580/984 649/986
f 597/985 568/983 580/984
f 646/987 649/986 648/988
f 625/974 630/973 579/976
f 579/976 626/989 575/978
f 626/989 630/973 629/990
f 575/978 626/989 580/984
f 626/989 627/991 649/986
f 580/984 626/989 649/986
f 579/976 630/973 626/989
f 654/992 648/988 627/991
f 657/993 626/989 629/990
f 628/994 629/990 630/973
f 629/990 628/994 657/993
f 627/991 626/989 657/993
f 627/991 657/993 656/995
f 628/994 655/996 657/993
f 627/991 656/995 654/992
f 656/995 658/997 2334/998
f 617/971 628/994 630/973
f 656/995 2334/998 654/992
f 633/999 655/996 628/994
f 617/971 620/1000 633/999
f 617/971 633/999 628/994
f 1611/1001 617/971 622/964
f 656/995 657/993 655/996
f 658/997 656/995 655/996
f 1611/1001 622/964 1605/966
f 1608/1002 655/996 633/999
f 1696/1003 658/997 655/996
f 620/1000 1608/1002 633/999
f 658/997 1696/1003 1739/1004
f 430/954 440/952 427/957
f 428/928 430/954 423/958
f 424/929 422/931 431/930
f 424/1589 428/1590 423/1591
f 424/929 423/958 422/931
f 423/958 383/925 422/931
f 423/958 430/954 418/924
f 427/957 418/924 430/954
f 423/958 418/924 383/925
f 413/926 383/925 418/924
f 440/952 524/951 511/956
f 427/957 440/952 511/956
f 420/892 427/957 511/956
f 500/941 498/959 504/935
f 518/960 517/955 528/950
f 509/961 517/955 518/960
f 528/950 516/962 518/960
f 516/962 519/920 518/960
f 511/956 517/955 509/961
f 427/957 420/892 418/924
f 418/924 414/889 413/926
f 511/956 509/961 513/898
f 420/892 511/956 513/898
f 376/945 398/939 504/935
f 518/960 519/920 512/899
f 379/890 418/924 420/892
f 513/898 509/961 512/899
f 420/892 513/898 397/895
f 397/895 411/897 380/893
f 509/961 518/960 512/899
f 380/893 420/892 397/895
f 542/1334 546/1335 2178/1336
f 384/907 375/933 377/944
f 545/1337 477/1338 478/1324
f 465/1339 464/1340 466/1341
f 664/1342 477/1338 545/1337
f 481/1343 545/1337 479/1344
f 546/1335 543/1345 2439/1346
f 479/1344 545/1337 478/1324
f 477/1338 664/1342 448/1347
f 542/1334 545/1337 481/1343
f 479/1344 476/1325 466/1341
f 479/1344 464/1340 481/1343
f 464/1340 465/1339 485/1348
f 466/1341 464/1340 479/1344
f 545/1337 542/1334 2178/1336
f 485/1348 481/1343 464/1340
f 546/1335 542/1334 481/1343
f 393/1349 373/1350 386/1351
f 485/1348 547/1352 481/1343
f 393/1349 478/1324 373/1350
f 478/1324 393/1349 374/1322
f 476/1325 479/1344 478/1324
f 449/1353 450/1354 2027/1355
f 373/1350 478/1324 477/1338
f 664/1342 545/1337 2178/1336
f 2178/1336 2253/1356 664/1342
f 450/1354 373/1350 448/1347
f 448/1347 373/1350 477/1338
f 449/1353 386/1351 450/1354
f 377/944 404/963 384/907
f 2027/1355 2024/1332 449/1353
f 450/1354 448/1347 2027/1355
f 384/907 404/963 415/908
f 416/1329 415/1327 404/1357
f 404/1357 393/1349 386/1351
f 404/1357 417/1358 416/1329
f 417/1358 404/1357 386/1351
f 386/1351 373/1350 450/1354
f 419/1330 449/1353 2024/1332
f 417/1358 419/1330 416/1329
f 643/1671 639/1672 638/1673
f 561/1674 550/1675 562/1676
f 562/1677 551/1678 566/1679
f 556/1680 566/1679 551/1678
f 553/1683 565/1684 551/1685
f 644/1681 566/1679 556/1680
f 559/1689 637/1690 564/1691
f 644/1681 556/1680 637/1682
f 559/1689 635/1692 637/1690
f 548/1693 635/1692 559/1689
f 567/1700 565/1701 558/1702
f 567/1700 558/1702 555/1703
f 2412/1719 685/1720 670/1721
f 666/1745 671/1746 681/1747
f 671/1746 666/1745 2338/1748
f 684/1722 685/1720 2412/1719
f 681/1747 693/1749 666/1745
f 685/1720 684/1722 691/1723
f 685/1720 691/1723 2235/1724
f 798/1826 902/1827 783/1828
f 1229/1911 1202/1912 1235/1913
f 872/1829 894/1830 892/1831
f 892/1831 890/1832 872/1829
f 1211/1914 1219/1915 1202/1912
f 1202/1912 1229/1911 1211/1914
f 1220/1955 1231/1956 1222/1957
f 1105/2135 1020/2136 994/2137
f 141/669 882/671 895/670
f 895/670 882/671 887/672
f 1200/2142 1248/2143 1201/2144
f 825/2558 741/2559 826/2560
f 824/2561 1337/2562 825/2558
f 826/2560 842/2563 824/2561
f 826/2560 824/2561 825/2558
f 863/2649 865/2650 868/2651
f 846/2652 832/2653 836/2654
f 863/2655 864/2656 865/2657
f 956/2661 959/2662 925/2663
f 851/2664 832/2665 846/2666
f 954/2717 848/2718 850/2719
f 982/2778 1036/2779 980/2780
f 1008/2836 1139/2837 1140/2838
f 1193/2854 976/2855 1178/2856
f 759/1833 761/1834 770/1835
f 782/1836 772/1837 766/1838
f 879/2861 883/2862 876/2863
f 778/1839 759/1833 782/1836
f 782/1836 759/1833 770/1835
f 772/1837 782/1836 770/1835
f 766/1838 875/1840 782/1836
f 800/1841 782/1836 875/1840
f 800/1841 778/1839 782/1836
f 875/1840 766/1838 880/1842
f 875/1840 880/1842 908/1843
f 767/1844 778/1839 796/1845
f 800/1841 796/1845 778/1839
f 1045/2874 1036/2875 982/2876
f 767/1844 796/1845 793/1846
f 892/1831 883/1847 889/1848
f 892/1831 880/1842 883/1847
f 800/1841 875/1840 881/1849
f 798/1826 800/1841 881/1849
f 903/673 887/672 882/671
f 796/1845 798/1826 793/1846
f 889/2888 898/2889 892/2890
f 798/1826 796/1845 800/1841
f 901/1850 908/1843 880/1842
f 890/1832 892/1831 898/1851
f 904/674 887/672 903/673
f 902/1827 798/1826 881/1849
f 894/1830 901/1850 880/1842
f 900/1852 901/1850 894/1830
f 908/1843 881/1849 875/1840
f 894/1830 880/1842 892/1831
f 902/1827 881/1849 901/1850
f 774/1853 798/1826 783/1828
f 902/1827 901/1850 900/1852
f 901/1850 881/1849 908/1843
f 798/1826 774/1853 793/1846
f 872/1829 900/1852 894/1830
f 964/1854 966/1855 963/1856
f 966/1855 904/1857 884/1858
f 963/1856 966/1855 907/1859
f 794/2965 793/2966 774/2967
f 869/2969 1062/2970 1081/2971
f 774/1853 783/1828 931/1860
f 807/2972 774/2973 804/2974
f 774/2967 807/2968 794/2965
f 902/2976 874/2977 783/2978
f 931/1860 783/1828 922/1861
f 963/1856 961/1862 905/1863
f 806/2975 807/2972 804/2974
f 922/1861 927/1864 930/1865
f 962/1866 963/1856 907/1859
f 874/1867 922/1861 783/1828
f 922/1861 874/1867 923/1868
f 922/1861 805/1869 810/1870
f 931/1860 922/1861 810/1870
f 905/1863 923/1868 874/1867
f 919/1871 907/1859 871/1872
f 922/1861 923/1868 975/1873
f 975/1873 927/1864 922/1861
f 961/1862 962/1866 919/1871
f 923/1868 905/1863 975/1873
f 961/1862 974/1874 905/1863
f 907/1859 919/1871 962/1866
f 974/2992 975/2993 905/2994
f 805/1869 922/1861 930/1865
f 963/1856 962/1866 961/1862
f 926/1875 805/1869 930/1865
f 974/1874 961/1862 968/1876
f 919/1871 968/1876 961/1862
f 975/1873 974/1874 968/1876
f 969/1877 927/1864 975/1873
f 968/1876 967/1878 969/1877
f 927/1864 969/1877 930/1865
f 969/1877 975/1873 968/1876
f 967/1878 968/1876 972/1879
f 972/1879 968/1876 919/1871
f 930/2995 973/2996 928/2997
f 926/2999 930/3000 933/3001
f 930/3000 928/3002 933/3001
f 930/1865 969/1877 973/1880
f 967/1878 973/1880 969/1877
f 971/1881 972/1879 951/1882
f 970/2998 928/2997 973/2996
f 971/1881 967/1878 972/1879
f 973/1880 967/1878 971/1881
f 973/1880 971/1881 970/1883
f 933/3001 928/3002 910/3003
f 970/3004 910/3003 928/3002
f 1077/1916 1071/1917 1083/1918
f 1150/3011 2326/3012 1163/3013
f 1222/1957 1231/1956 1248/1958
f 1151/3040 1145/3041 1166/3042
f 1170/3044 1197/3045 1196/3046
f 1170/3054 1037/3055 1044/3056
f 1072/1919 1049/1920 1074/1921
f 1218/1922 1235/1913 1236/1923
f 1252/1924 1072/1919 1074/1921
f 1202/1912 1236/1923 1235/1913
f 1218/1922 1240/1925 1237/1926
f 1072/1919 1073/1927 1049/1920
f 1067/1928 1056/1929 1053/1930
f 1215/1931 1218/1922 1236/1923
f 1069/1932 1056/1929 1067/1928
f 1053/1930 1049/1920 1067/1928
f 1072/1919 1252/1924 1243/1933
f 1079/1934 1083/1918 1073/1927
f 1049/1920 1073/1927 1067/1928
f 1240/1925 1218/1922 1215/1931
f 1240/1925 1230/1935 1237/1926
f 1237/1926 1230/1935 1243/1933
f 1075/1936 1073/1927 1072/1919
f 1246/1937 1072/1919 1243/1933
f 1072/1919 1246/1937 1075/1936
f 1230/1935 1246/1937 1243/1933
f 1079/1934 1075/1936 1246/1937
f 1079/1934 1073/1927 1075/1936
f 1067/1928 1073/1927 1069/1932
f 1240/1925 1224/1938 1230/1935
f 1083/1918 1069/1932 1073/1927
f 1230/3088 1224/3089 1223/3090
f 1215/3091 1227/3092 1240/3093
f 1246/1937 1077/1916 1079/1934
f 907/1859 966/1855 884/1858
f 1223/1939 1246/1937 1230/1935
f 1224/3094 1246/3095 1223/3096
f 1082/1940 1069/1932 1083/1918
f 1077/1916 1083/1918 1079/1934
f 1056/1929 1069/1932 1082/1940
f 1082/1940 1070/1941 1056/1929
f 1071/1917 1082/1940 1083/1918
f 1224/1938 1240/1925 1259/1942
f 1245/1943 1077/1916 1246/1937
f 1224/1938 1245/1943 1246/1937
f 1117/1944 1082/1940 1115/1945
f 1135/1946 1115/1945 1077/1916
f 1125/1947 1115/1945 1135/1946
f 1135/1946 1077/1916 1245/1943
f 1115/1945 1082/1940 1071/1917
f 1115/1945 1071/1917 1077/1916
f 1253/1948 1113/1949 1135/1946
f 1135/1946 1245/1943 1253/1948
f 1258/1950 1253/1948 1245/1943
f 1125/1947 1121/1951 1115/1945
f 1121/1951 1117/1944 1115/1945
f 1125/1947 1123/1952 1120/1953
f 1134/3101 1127/3102 1113/3103
f 1141/3106 1127/3107 1134/3108
f 1125/1947 1120/1953 1121/1951
f 1112/3104 1113/3103 1087/3105
f 1125/1947 1113/1949 1112/1954
f 1127/3112 1141/3113 1126/3114
f 1126/3114 1097/3115 1127/3112
f 1088/3116 1097/3115 1126/3114
f 1113/3103 1127/3102 1087/3105
f 1112/1954 1123/1952 1125/1947
f 1194/3057 1037/3055 1170/3054
f 795/3126 799/3127 768/3128
f 776/1884 778/1839 767/1844
f 1086/3117 1097/3115 1088/3116
f 1097/3139 1086/3140 1085/3141
f 1039/2857 1178/2856 976/2855
f 1029/3145 1026/3146 1025/3147
f 1113/1949 1125/1947 1135/1946
f 942/3148 950/3149 947/3150
f 1253/1948 1258/1950 1113/1949
f 1145/3041 1225/3043 1166/3042
f 1487/3192 1510/3193 1484/3194
f 1508/3195 1538/3196 1512/3197
f 1512/3197 1504/3198 1508/3195
f 1697/1005 1739/1004 1696/1003
f 2203/1006 1739/1004 1697/1005
f 1430/3325 1433/3326 1412/3327
f 1323/3328 1328/3329 1408/3330
f 1519/3199 1516/3200 1520/3201
f 1520/3201 1516/3200 1518/3202
f 1517/3203 1520/3201 1518/3202
f 1522/3204 1520/3201 1517/3203
f 1522/3204 1490/3205 1491/3206
f 1522/3204 1517/3203 1490/3205
f 1497/3355 1496/3356 1499/3357
f 1496/3356 1497/3355 1393/3358
f 1490/3205 1499/3207 1491/3206
f 1499/3207 1490/3205 1494/3208
f 1517/3203 1518/3202 1514/3209
f 1507/3210 1506/3211 1518/3202
f 1514/3209 1518/3202 1506/3211
f 1499/3207 1494/3208 1497/3212
f 1494/3208 1495/3213 1497/3212
f 1526/3214 1551/3215 1516/3200
f 1544/3437 1552/3438 1546/3439
f 1544/3437 1553/3440 1552/3438
f 1544/3437 1545/3441 1553/3440
f 1610/1007 1695/1008 1607/1009
f 1607/1009 1612/1010 1610/1007
f 1638/1011 1700/1012 1693/1013
f 1638/1011 1694/1014 1700/1012
f 1694/1014 1638/1011 1609/1015
f 1609/1015 1619/1016 1637/1017
f 1693/1013 1608/1002 1695/1008
f 1695/1008 1608/1002 1607/1009
f 1691/1018 1692/1019 1610/1007
f 1619/3474 1692/3475 1620/3476
f 1637/3532 1619/3533 1649/3534
f 1613/3477 1620/3476 1624/3478
f 1649/3535 1643/3536 1637/3537
f 1692/1019 1619/1016 1609/1015
f 1624/3478 1692/3475 1691/3479
f 1620/3476 1692/3475 1624/3478
f 1614/3480 1613/3477 1624/3478
f 1620/3476 1613/3477 1618/3481
f 1650/3482 1649/3483 1618/3481
f 1641/3538 1643/3536 1649/3535
f 1618/3481 1613/3477 1617/3484
f 1614/3480 1617/3484 1613/3477
f 1649/3483 1620/3476 1618/3481
f 1644/3485 1659/3486 1646/3487
f 1617/3484 1650/3482 1618/3481
f 1641/3488 1644/3485 1646/3487
f 1650/3539 1641/3538 1649/3535
f 1650/3482 1644/3485 1641/3488
f 1628/3489 1614/3480 1615/3490
f 1648/3491 1621/3492 1653/3493
f 1659/3486 1645/3494 1646/3487
f 1628/3489 1621/3492 1614/3480
f 1633/3495 1628/3489 1622/3496
f 1650/3482 1617/3484 1644/3485
f 1629/3497 1622/3496 1615/3490
f 1653/3493 1621/3492 1628/3489
f 1632/3498 1633/3495 1626/3499
f 1647/3591 1644/3592 1639/3593
f 1632/3216 1631/3217 1627/3218
f 1654/3500 1647/3501 1648/3491
f 1653/3493 1633/3495 1632/3498
f 1633/3495 1653/3493 1628/3489
f 1626/3499 1633/3495 1622/3496
f 1625/3219 1626/3220 1630/3221
f 1654/3500 1627/3502 1502/3503
f 1631/3217 1632/3216 1626/3220
f 1478/3222 1627/3218 1631/3217
f 1654/3500 1648/3491 1653/3493
f 1503/3223 1627/3218 1478/3222
f 1635/3224 1631/3217 1625/3219
f 1652/3504 1651/3505 1654/3500
f 1626/3220 1625/3219 1631/3217
f 1625/3219 1636/3225 1635/3224
f 1636/3225 1634/3226 1635/3224
f 1504/3198 1502/3227 1503/3223
f 1503/3223 1502/3227 1627/3218
f 1479/3228 1503/3223 1478/3222
f 1635/3224 1478/3222 1631/3217
f 1502/3503 1652/3504 1654/3500
f 1635/3224 1479/3228 1478/3222
f 1635/3605 1486/3606 1479/3607
f 1501/3229 1502/3227 1504/3198
f 1502/3227 1501/3229 1652/3230
f 1504/3198 1503/3223 1505/3231
f 1505/3231 1503/3223 1479/3228
f 1505/3231 1479/3228 1488/3232
f 1512/3197 1501/3229 1504/3198
f 1590/3506 1586/3507 1577/3508
f 616/965 1569/970 1605/966
f 1586/3507 1581/3509 1585/3510
f 1585/3510 1581/3509 1623/3511
f 1616/3667 1623/3668 1581/3669
f 1586/3507 1590/3506 1595/3512
f 1623/3511 1616/3513 1615/3490
f 1629/3497 1615/3490 1616/3513
f 1595/3512 1590/3506 1589/3514
f 1581/3509 1629/3497 1616/3513
f 1581/3509 1586/3507 1595/3512
f 1591/3515 1594/3516 1630/3517
f 1630/3517 1629/3497 1591/3515
f 1591/3515 1629/3497 1581/3509
f 1629/3497 1626/3499 1622/3496
f 1630/3517 1626/3499 1629/3497
f 1594/3516 1591/3515 1595/3512
f 1581/3509 1595/3512 1591/3515
f 1588/3670 1595/3671 1589/3672
f 1588/3673 1602/3674 1603/3675
f 1603/3675 1594/3676 1588/3673
f 1636/3225 1625/3219 1630/3221
f 1603/3518 1604/3519 1594/3516
f 1604/3519 1636/3520 1630/3517
f 1601/3677 1603/3675 1602/3674
f 1604/3519 1630/3517 1594/3516
f 1517/3203 1514/3209 1487/3192
f 1517/3203 1487/3192 1490/3205
f 1490/3205 1487/3192 1494/3208
f 1494/3208 1487/3192 1493/3233
f 1494/3208 1493/3233 1495/3213
f 1483/3234 1493/3233 1487/3192
f 1507/3210 1515/3235 1506/3211
f 1514/3209 1506/3211 1509/3236
f 1599/3521 1604/3519 1603/3518
f 1514/3209 1510/3193 1487/3192
f 1506/3211 1515/3235 1509/3236
f 1553/3440 1545/3441 1550/3442
f 1484/3194 1483/3234 1487/3192
f 1521/3237 1551/3215 1547/3238
f 1554/3239 1548/3240 1553/3241
f 1553/3440 1550/3442 1554/3443
f 1723/3686 1725/3687 1726/3688
f 1553/3241 1548/3240 1551/3215
f 1549/3444 1554/3443 1550/3442
f 1516/3200 1521/3237 1518/3202
f 1509/3236 1510/3193 1514/3209
f 1551/3215 1548/3240 1547/3238
f 1515/3235 1513/3242 1509/3236
f 1493/3233 1480/3243 1492/3244
f 1510/3193 1509/3236 1511/3245
f 1483/3234 1485/3246 1480/3243
f 1482/3689 1480/3690 1485/3691
f 1480/3243 1493/3233 1483/3234
f 1509/3236 1508/3195 1511/3245
f 1508/3195 1509/3236 1513/3242
f 1511/3245 1508/3195 1505/3231
f 1484/3194 1511/3245 1505/3231
f 1505/3231 1508/3195 1504/3198
f 1554/3443 1549/3444 1533/3445
f 1510/3193 1511/3245 1484/3194
f 1483/3234 1484/3194 1485/3246
f 1486/3247 1484/3194 1488/3232
f 1486/3247 1488/3232 1479/3228
f 1481/3699 1485/3700 1484/3701
f 1484/3194 1486/3247 1481/3248
f 1736/3704 1722/3705 1154/3706
f 1549/3444 1540/3446 1533/3445
f 1548/3240 1554/3239 1547/3238
f 1539/3447 1533/3445 1535/3448
f 1570/1020 1568/1021 1569/970
f 1569/970 1575/1022 1570/1020
f 1571/1023 1570/1020 1575/1022
f 1606/1024 1612/1010 1568/1021
f 1606/1024 1568/1021 1570/1020
f 1580/3522 1587/3523 1571/3524
f 1606/3525 1571/3524 1587/3523
f 1606/1024 1570/1020 1571/1023
f 1580/1025 1571/1023 1575/1022
f 1606/1024 1610/1007 1612/1010
f 1580/3522 1585/3510 1587/3523
f 1624/3478 1691/3479 1587/3523
f 1624/3478 1587/3523 1623/3511
f 1572/3526 1585/3510 1580/3522
f 1587/3523 1691/3479 1606/3525
f 1691/1018 1610/1007 1606/1024
f 1572/3526 1582/3527 1585/3510
f 1585/3510 1582/3527 1586/3507
f 1623/3511 1587/3523 1585/3510
f 1614/3480 1623/3511 1615/3490
f 1623/3511 1614/3480 1624/3478
f 1651/3505 1647/3501 1654/3500
f 1670/3779 1674/3780 1666/3781
f 1529/3249 1655/3250 1652/3230
f 1530/3251 1655/3250 1529/3249
f 1652/3230 1501/3229 1529/3249
f 1531/3252 1530/3251 1529/3249
f 1531/3252 1529/3249 1534/3253
f 1512/3197 1529/3249 1501/3229
f 1531/3252 1528/3254 1530/3251
f 1534/3253 1512/3197 1532/3255
f 1512/3197 1534/3253 1529/3249
f 1668/3256 1655/3250 1530/3251
f 1528/3254 1668/3256 1530/3251
f 1538/3196 1532/3255 1512/3197
f 1532/3255 1531/3252 1534/3253
f 1532/3255 1536/3257 1531/3252
f 1536/3257 1528/3254 1531/3252
f 1418/3836 1420/3837 1429/3838
f 1547/3238 1539/3258 1507/3210
f 1507/3210 1539/3258 1515/3235
f 1698/1026 1704/1027 1697/1005
f 1701/1028 1711/1029 1698/1026
f 1704/1027 1698/1026 1711/1029
f 1715/3857 1706/3858 1702/3859
f 1727/3860 1702/3859 1706/3858
f 1302/3865 1900/3866 1320/3867
f 1546/3259 1552/3260 1551/3215
f 1704/1027 2203/1006 1697/1005
f 1541/3449 1535/3448 1533/3445
f 1709/1030 2203/1006 1704/1027
f 1665/3528 1641/3488 1646/3487
f 1665/3528 1646/3487 1645/3494
f 1271/3908 1352/3909 1353/3910
f 1271/3911 1270/3912 1268/3913
f 1268/3913 1280/3914 1271/3911
f 1280/3914 1352/3915 1271/3911
f 1455/3916 1451/3917 1447/3918
f 1456/3919 1446/3920 1455/3921
f 1611/1001 620/1000 617/971
f 1607/1009 1608/1002 620/1000
f 1693/1013 1696/1003 655/996
f 1554/3443 1533/3445 1539/3447
f 1608/1002 1693/1013 655/996
f 1547/3238 1554/3239 1539/3258
f 1609/1015 1638/1011 1695/1008
f 1491/3957 1489/3958 1523/3959
f 1523/3261 1520/3201 1522/3204
f 1523/3261 1522/3204 1491/3206
f 1526/3214 1516/3200 1519/3199
f 1523/3261 1519/3199 1520/3201
f 1526/3967 1519/3968 1527/3969
f 1599/3521 1603/3518 1598/3529
f 1603/3518 1601/3530 1598/3529
f 1634/3991 1636/3992 1481/3993
f 1599/3702 1467/3703 1481/3699
f 1599/3521 1636/3520 1604/3519
f 1481/3531 1636/3520 1599/3521
f 1485/3700 1481/3699 1467/3703
f 1472/3692 1480/3690 1482/3689
f 1480/3243 1472/3262 1492/3244
f 1495/3213 1493/3233 1492/3244
f 1698/1026 1697/1005 1696/1003
f 1694/1014 1698/1026 1696/1003
f 1700/3998 1694/3999 1696/4000
f 1695/1008 1610/1007 1692/1019
f 1609/1015 1695/1008 1692/1019
f 1695/1008 1638/1011 1693/1013
f 1696/1003 1693/1013 1700/1012
f 1323/3328 1322/3331 1314/3332
f 1334/4009 1333/4010 1332/4011
f 1322/3331 1408/3330 1400/3333
f 1322/3331 1323/3328 1408/3330
f 1343/4012 1342/4013 1336/4014
f 1538/3196 1513/3242 1532/3255
f 1539/3258 1513/3242 1515/3235
f 1539/3258 1536/3257 1532/3255
f 1539/3258 1532/3255 1513/3242
f 1551/3215 1552/3260 1553/3241
f 1521/3237 1547/3238 1507/3210
f 1521/3237 1507/3210 1518/3202
f 1560/3450 1541/3449 1540/3446
f 1541/3449 1533/3445 1540/3446
f 1516/3200 1551/3215 1521/3237
f 1560/4021 1562/4022 1561/4023
f 1357/4024 1444/4025 1362/4026
f 1848/1487 1853/1488 1812/1489
f 1960/1490 1849/1491 1814/1492
f 1828/1493 1820/1494 1821/1495
f 1830/1496 1816/1497 1827/1498
f 1815/1499 1810/1500 1814/1492
f 1811/1501 1810/1500 1815/1499
f 1825/4027 1820/4028 1828/4029
f 1783/1480 1742/1502 1749/1503
f 1777/1504 1782/1505 1775/1485
f 1782/1505 1783/1480 438/1483
f 444/1476 1783/1480 1749/1503
f 438/1483 1775/1485 1782/1505
f 1777/1504 1819/1484 1776/1506
f 1776/1506 1819/1484 1811/1501
f 1810/1500 1819/1484 460/1482
f 1819/1484 1810/1500 1811/1501
f 1827/1498 1816/1497 1854/1507
f 1777/1504 1775/1485 1819/1484
f 1808/4030 1801/4031 1802/4032
f 1805/4033 1846/4034 1845/4035
f 1801/4093 1808/4094 1803/4095
f 1804/4036 1805/4033 1896/4037
f 1803/4038 1772/4039 1801/4031
f 1829/4040 1826/4041 1825/4027
f 1826/4041 1836/4042 1833/4043
f 1829/4040 1822/4044 1826/4041
f 1835/4045 1837/4046 1826/4041
f 1839/4047 1836/4042 1837/4046
f 1835/4045 1826/4041 1822/4044
f 1833/4043 1825/4027 1826/4041
f 1826/4041 1837/4046 1836/4042
f 1838/4048 1842/4049 1832/4050
f 1881/1555 426/1558 1882/1556
f 1843/4051 1896/4037 1805/4033
f 1838/4048 1832/4050 1839/4047
f 1772/4039 1773/4052 1801/4031
f 1918/4053 1844/4054 1838/4048
f 1844/4054 1842/4049 1838/4048
f 1808/4030 1807/4055 1804/4036
f 1804/4036 1807/4055 1806/4056
f 1843/4051 1805/4033 1845/4035
f 1805/4033 1804/4036 1806/4056
f 1816/1497 1830/1496 1813/1508
f 1808/4030 1802/4032 1807/4055
f 1773/4052 1802/4032 1801/4031
f 1815/1499 1812/1489 1854/1507
f 1815/1499 1854/1507 1816/1497
f 1753/1509 1756/1510 1755/1511
f 1812/1489 1814/1492 1848/1487
f 1742/1502 1783/1480 1782/1505
f 1740/1512 1747/1513 1757/1514
f 1781/1515 1747/1513 1742/1502
f 1781/1515 1778/1516 1780/1517
f 1780/1517 1778/1516 1779/1518
f 1785/1519 1779/1518 1784/1520
f 1780/1517 1747/1513 1781/1515
f 1777/4112 1776/4113 1778/4114
f 1817/1521 1811/1501 1818/1522
f 1777/1504 1778/1516 1782/1505
f 1813/1508 1784/1520 1818/1522
f 1780/1517 1757/1514 1747/1513
f 1784/1520 1817/1521 1818/1522
f 1790/1523 1793/1524 1757/1514
f 1776/1506 1779/1518 1778/1516
f 1790/1523 1785/1519 1784/1520
f 1776/1506 1811/1501 1817/1521
f 1784/4118 1831/4119 1788/4120
f 1776/1506 1817/1521 1779/1518
f 1784/1520 1779/1518 1817/1521
f 1790/1523 1791/1525 1793/1524
f 1784/1520 1813/1508 1831/1526
f 1786/4057 1789/4058 1791/4059
f 1755/4060 1793/4061 1792/4062
f 1790/1523 1757/1514 1785/1519
f 1793/4061 1791/4059 1792/4062
f 1821/1495 1820/1494 1831/1526
f 1784/1520 1788/1527 1790/1523
f 1820/1494 1786/1528 1788/1527
f 1788/1527 1791/1525 1790/1523
f 1785/1519 1757/1514 1780/1517
f 1830/1496 1831/1526 1813/1508
f 1830/1496 1821/1495 1831/1526
f 1755/1511 1756/1510 1793/1524
f 1768/4063 1755/4060 1792/4062
f 1753/4064 1755/4060 1768/4063
f 1788/1527 1786/1528 1791/1525
f 1787/4065 1820/4028 1825/4027
f 1800/4066 1768/4063 1792/4062
f 1788/1527 1831/1526 1820/1494
f 1769/4067 1761/4068 1768/4063
f 1768/4063 1800/4066 1769/4067
f 1767/4069 1761/4068 1769/4067
f 1766/4070 1767/4069 1769/4067
f 1766/4070 1762/4071 1767/4069
f 1770/4072 1765/4073 1762/4071
f 1763/4074 1762/4071 1765/4073
f 1762/4071 1763/4074 1767/4069
f 1844/4054 1905/4075 1845/4035
f 1904/4076 1843/4051 1907/4077
f 1843/4051 1845/4035 1905/4075
f 1905/4075 1907/4077 1843/4051
f 1919/4078 1904/4076 1907/4077
f 1812/1489 1815/1499 1814/1492
f 1770/4072 1772/4039 1771/4079
f 1773/4052 1772/4039 1770/4072
f 1771/4131 1765/4132 1770/4133
f 1839/4047 1840/4080 1838/4048
f 1837/4046 1840/4080 1839/4047
f 1844/4054 1918/4053 1903/4081
f 1844/4054 1903/4081 1905/4075
f 1808/4148 1899/4149 1803/4150
f 1906/4082 1843/4051 1904/4076
f 1902/4154 1901/4155 1320/4156
f 1757/1514 1756/1510 1751/1529
f 1793/1524 1756/1510 1757/1514
f 1751/1529 1740/1512 1757/1514
f 1853/1488 1854/1507 1812/1489
f 1813/1508 1818/1522 1816/1497
f 1818/1522 1811/1501 1815/1499
f 1740/1512 1742/1502 1747/1513
f 1742/1502 1740/1512 1741/1530
f 1741/1530 1749/1503 1742/1502
f 1848/1487 1814/1492 1849/1491
f 1805/4033 1806/4056 1846/4034
f 1798/4083 1802/4032 1773/4052
f 1796/4084 1797/4085 1806/4056
f 1796/4084 1802/4032 1798/4083
f 1802/4032 1806/4056 1807/4055
f 1842/4049 1846/4034 1832/4050
f 1796/4084 1806/4056 1802/4032
f 1841/4086 1809/4087 1806/4056
f 1832/4050 1846/4034 1841/4086
f 1797/4085 1794/4088 1834/4089
f 1809/4087 1841/4086 1846/4034
f 1773/4052 1770/4072 1798/4083
f 1809/4087 1846/4034 1806/4056
f 1797/4085 1834/4089 1841/4086
f 1841/4086 1839/4047 1832/4050
f 1797/4085 1796/4084 1794/4088
f 1818/1522 1815/1499 1816/1497
f 1834/4089 1836/4042 1841/4086
f 1798/4083 1794/4088 1796/4084
f 1839/4047 1841/4086 1836/4042
f 1806/4056 1797/4085 1841/4086
f 1770/4072 1762/4071 1798/4083
f 1862/1531 1829/1532 1823/1533
f 1794/4088 1799/4090 1834/4089
f 1799/4090 1824/4091 1834/4089
f 1766/4070 1800/4066 1798/4083
f 1828/4029 1829/4040 1825/4027
f 1769/4067 1800/4066 1766/4070
f 1829/1532 1828/1493 1827/1498
f 1762/4071 1766/4070 1798/4083
f 1830/1496 1827/1498 1828/1493
f 1853/1488 1827/1498 1854/1507
f 1833/4043 1824/4091 1825/4027
f 1795/4092 1799/4090 1794/4088
f 1795/4092 1798/4083 1800/4066
f 1798/4083 1795/4092 1794/4088
f 1799/4090 1787/4065 1824/4091
f 1833/4043 1834/4089 1824/4091
f 1786/4057 1820/4028 1787/4065
f 1828/1493 1821/1495 1830/1496
f 1795/4092 1786/4057 1799/4090
f 1799/4090 1786/4057 1787/4065
f 1800/4066 1792/4062 1789/4058
f 1825/4027 1824/4091 1787/4065
f 1792/4062 1791/4059 1789/4058
f 1795/4163 1800/4164 1789/4165
f 1786/4057 1795/4092 1789/4058
f 1829/1532 1827/1498 1823/1533
f 1823/1533 1853/1488 1864/1534
f 1827/1498 1853/1488 1823/1533
f 1951/1535 1960/1490 1959/1536
f 1960/1490 1973/1537 1849/1491
f 1960/1490 1810/1500 1959/1536
f 1951/1535 1959/1536 1957/1538
f 1962/1539 1973/1537 1957/1538
f 2024/1332 1929/1359 1928/1360
f 2026/1361 2033/1362 2023/1363
f 2023/4238 2029/4239 1931/4240
f 1931/4240 2029/4239 1930/4241
f 2027/1355 2025/1364 2024/1332
f 2025/1364 2023/1363 2024/1332
f 1929/1359 2024/1332 2023/1363
f 2028/1365 2027/1355 448/1347
f 2024/1332 1928/1360 457/1333
f 1960/1490 1814/1492 1810/1500
f 448/1347 2116/1366 2028/1365
f 1957/1538 1973/1537 1951/1535
f 1954/1540 1959/1536 1810/1500
f 1957/1538 1959/1536 1958/1541
f 1959/1536 1954/1540 1958/1541
f 2105/4264 2113/4265 2110/4266
f 2112/4267 2136/4268 2111/4269
f 2104/4270 2100/4271 2105/4272
f 1952/1542 460/1482 1956/1481
f 1955/1543 1952/1542 1956/1481
f 460/1482 1952/1542 1810/1500
f 1952/1542 1954/1540 1810/1500
f 1955/1543 1956/1481 1950/1479
f 2027/1355 2028/1365 2025/1364
f 2113/4276 2099/4277 2106/4278
f 1952/1542 1953/1544 1954/1540
f 1953/1544 1958/1541 1954/1540
f 1952/1542 1955/1543 1953/1544
f 2117/1367 2115/1368 2114/1369
f 1968/4326 1947/4327 1934/4328
f 2072/4372 2092/4373 2089/4374
f 2091/4375 2072/4372 2089/4374
f 2086/4376 2091/4375 2089/4374
f 2082/4377 2072/4372 2091/4375
f 2074/4392 2083/4393 2084/4394
f 2117/1367 2026/1361 2025/1364
f 2038/4419 2032/4420 2035/4421
f 2042/4424 2045/4425 2041/4426
f 2115/1368 2118/1370 2114/1369
f 2114/1369 2118/1370 2037/1371
f 2120/4427 2034/4428 2045/4429
f 2041/4430 2045/4429 2034/4428
f 2114/1369 2026/1361 2117/1367
f 2056/4441 2125/4442 2057/4443
f 2044/4444 2056/4441 2058/4445
f 2056/4441 2057/4443 2058/4445
f 2123/4451 2059/4452 2057/4453
f 2044/4444 2058/4445 2052/4446
f 2123/4451 2057/4453 2055/4454
f 2058/4466 2068/4467 2052/4468
f 2032/4420 2033/4422 2035/4421
f 2116/1366 2115/1368 2117/1367
f 2025/1364 2028/1365 2117/1367
f 2037/1371 2035/1372 2026/1361
f 2035/4421 2033/4422 2026/4423
f 2116/1366 2117/1367 2028/1365
f 2037/1371 2026/1361 2114/1369
f 2026/1361 2023/1363 2025/1364
f 2185/406 2164/407 2148/408
f 2150/4562 2223/4563 2224/4564
f 2141/409 2343/410 2164/407
f 2327/4565 2443/4566 2143/4567
f 546/1335 2441/1373 2178/1336
f 2181/411 2164/407 2185/406
f 2141/409 2164/407 2181/411
f 2171/4599 2184/4600 2188/4601
f 2141/409 2181/411 2377/412
f 2431/4602 2184/4600 2171/4599
f 2189/4603 2184/4600 2426/4604
f 210/360 2192/413 2190/361
f 2192/413 2336/414 2190/361
f 2408/1031 1739/1004 2203/1006
f 2294/4618 2289/4619 2208/4620
f 2271/4654 2228/4655 2214/4656
f 2210/4657 2246/4658 2367/4659
f 2224/1725 2332/1726 2327/1727
f 2226/1728 2332/1726 2224/1725
f 2332/1726 2226/1728 2337/1729
f 2253/1356 2238/1374 664/1342
f 2116/1366 2238/1374 2115/1368
f 2238/1374 2116/1366 664/1342
f 670/1721 2345/1730 2412/1719
f 2350/4684 2476/4685 2237/4686
f 2237/1731 2345/1730 670/1721
f 2238/1374 2438/1375 2180/1376
f 2344/1732 2345/1730 2237/1731
f 2344/1732 2237/1731 2476/1733
f 2294/1032 2265/1033 2259/1034
f 2259/1034 2265/1033 646/987
f 2269/4756 2496/4757 2264/4758
f 2398/4759 2277/4760 2401/4761
f 2234/4769 2278/4770 2280/4771
f 2401/4761 2277/4760 2288/4762
f 2271/4654 2367/4659 2427/4660
f 2487/4772 2234/4769 2280/4771
f 2271/4654 2210/4657 2367/4659
f 2284/4763 2277/4760 2283/4764
f 2295/1035 2300/1036 2212/1037
f 2294/4618 2290/4621 2289/4619
f 2259/1034 2300/1036 2294/1032
f 2408/1031 2295/1035 2212/1037
f 2303/396 283/402 2305/404
f 2301/4791 2305/4792 2185/4793
f 2337/1729 2345/1730 2332/1726
f 2485/1734 2443/1735 2327/1727
f 2224/4568 2327/4565 2143/4567
f 2322/4815 2298/4816 2326/4817
f 2259/1034 646/987 648/988
f 2212/1037 648/988 654/992
f 2327/1727 2332/1726 2485/1734
f 2408/1031 2212/1037 654/992
f 2212/1037 2259/1034 648/988
f 2334/998 2408/1031 654/992
f 2259/1034 2212/1037 2300/1036
f 2192/413 2176/415 2336/414
f 2351/373 2176/415 2192/413
f 2395/416 2354/417 2349/418
f 2352/419 2176/415 2347/420
f 2336/414 2354/417 2395/416
f 2336/414 2352/419 2354/417
f 2192/413 207/371 2351/373
f 2347/4825 677/4826 2352/4827
f 2352/419 2336/414 2176/415
f 2358/4828 2363/4829 2361/4830
f 2355/4831 2361/4832 2363/4833
f 2389/4661 2368/4662 2373/4663
f 2368/4662 2434/4664 2427/4660
f 2405/421 2399/422 2379/423
f 2375/424 2343/410 2141/409
f 2374/425 2379/423 2375/424
f 2374/425 2375/424 2377/412
f 2383/426 2374/425 2377/412
f 2374/425 2383/426 2453/427
f 2374/425 2453/427 2379/423
f 2379/423 2378/428 2375/424
f 2383/426 2454/398 2453/427
f 2377/412 2181/411 2383/426
f 2377/412 2375/424 2141/409
f 2305/404 2181/411 2185/406
f 2383/426 2181/411 283/402
f 283/402 2387/399 2383/426
f 283/402 2181/411 2305/404
f 2246/4658 2373/4663 2367/4659
f 2447/4765 2392/4766 2388/4767
f 2396/429 2395/416 2349/418
f 2190/361 2395/416 2191/363
f 2336/414 2395/416 2190/361
f 2396/429 2397/430 2405/421
f 2405/421 2395/416 2396/429
f 2191/363 2395/416 2405/421
f 2405/421 2397/430 2399/422
f 2404/4879 2406/4880 2403/4881
f 2408/1031 2334/998 1739/1004
f 2421/4885 2338/4886 2417/4887
f 2412/1719 2345/1730 2337/1729
f 2418/4889 2421/4890 2272/4891
f 668/4892 2417/4893 666/4894
f 666/4888 2417/4887 2338/4886
f 2426/4604 2184/4600 2431/4602
f 2427/4660 2367/4659 2368/4662
f 2368/4662 2389/4661 2434/4664
f 2367/4659 2373/4663 2368/4662
f 2389/4661 2449/4665 2434/4664
f 2253/1356 2438/1375 2238/1374
f 2180/1376 2438/1375 2328/1377
f 2440/1378 2253/1356 2441/1373
f 2392/4766 2447/4765 2398/4759
f 2253/1356 2440/1378 2438/1375
f 2253/1356 2178/1336 2441/1373
f 2474/4904 2388/4905 2393/4906
f 2186/4909 2502/4910 2229/4911
f 2277/4760 2398/4759 2447/4765
f 546/1335 2439/1346 2441/1373
f 2283/4764 2447/4765 2474/4768
f 2210/4657 2271/4654 2214/4656
f 2383/426 2385/401 2454/398
f 222/392 2379/423 2453/427
f 222/392 2453/427 2454/398
f 220/389 226/362 2379/423
f 220/389 2379/423 222/392
f 2458/4927 2456/4928 2455/4929
f 2210/4657 2459/4666 2246/4658
f 2214/4656 2459/4666 2210/4657
f 2467/1575 2465/1573 663/1572
f 2472/4930 2350/4931 2237/4932
f 2447/4765 2283/4764 2277/4760
f 2390/4687 2475/4688 2350/4684
f 2350/4684 2475/4688 2476/4685
f 2486/4667 2427/4660 2434/4664
f 2301/4791 2185/4793 2140/4794
f 2301/4791 2140/4794 2346/4795
f 2302/4939 2480/4940 2491/4941
f 2393/4906 2490/4907 2474/4904
f 2393/4906 2493/4908 2490/4907
f 2205/1571 662/1569 2461/1568
f 354/315 355/316 1234/317
f 351/318 352/319 355/316
f 1234/317 355/316 352/319
f 353/350 351/351 355/352
f 369/320 352/319 368/321
f 368/321 1150/322 369/320
f 1234/317 1216/323 354/315
f 352/319 351/318 368/321
f 208/431 221/432 214/433
f 335/435 270/436 331/437
f 335/435 331/437 332/438
f 326/439 328/440 333/441
f 265/442 270/436 268/443
f 332/438 255/444 321/445
f 326/439 333/441 321/445
f 319/446 326/439 321/445
f 326/439 319/446 312/447
f 258/448 265/442 261/449
f 321/445 333/441 332/438
f 258/448 331/437 265/442
f 265/442 268/443 261/449
f 319/446 322/450 312/447
f 326/439 312/447 317/451
f 332/438 331/437 255/444
f 319/446 321/445 318/452
f 311/453 322/450 319/446
f 319/446 318/452 320/454
f 261/449 262/455 259/456
f 258/448 261/449 259/456
f 258/448 259/456 255/444
f 311/453 319/446 320/454
f 255/444 331/437 258/448
f 320/454 306/457 311/453
f 318/452 321/445 255/444
f 257/458 318/452 255/444
f 257/458 259/456 256/459
f 259/456 257/458 255/444
f 106/518 104/519 114/520
f 110/522 105/523 112/524
f 112/524 105/523 109/525
f 49/556 53/557 50/558
f 53/557 54/559 51/560
f 104/519 110/521 114/520
f 104/602 105/603 110/604
f 110/522 103/526 114/527
f 56/561 57/562 59/563
f 51/560 125/564 57/562
f 113/528 110/522 112/524
f 51/560 56/561 50/558
f 52/565 56/561 59/563
f 129/611 126/612 131/613
f 125/564 51/560 127/566
f 130/614 129/611 131/613
f 50/558 53/557 51/560
f 57/562 56/561 51/560
f 51/560 54/559 127/566
f 906/567 60/568 58/569
f 133/529 130/530 124/531
f 59/563 60/568 52/565
f 128/615 124/616 130/614
f 133/529 134/532 129/533
f 58/569 139/570 138/571
f 127/566 134/572 125/564
f 115/534 129/533 134/532
f 137/617 136/618 124/616
f 59/563 57/562 58/569
f 134/572 133/573 125/564
f 137/617 124/616 128/615
f 129/533 130/530 133/529
f 142/619 128/615 197/620
f 131/613 128/615 130/614
f 57/562 139/570 58/569
f 58/569 60/568 59/563
f 57/562 125/564 139/570
f 110/522 113/528 111/535
f 141/621 128/615 142/619
f 111/535 103/526 110/522
f 895/622 136/618 137/617
f 113/528 121/536 111/535
f 132/574 134/572 127/566
f 117/575 134/572 132/574
f 118/576 134/572 117/575
f 113/528 112/524 172/537
f 107/538 172/537 112/524
f 121/536 186/539 184/540
f 179/541 172/537 107/538
f 182/460 174/461 178/462
f 132/574 127/566 54/559
f 121/536 113/528 172/537
f 172/537 179/541 181/542
f 172/537 181/542 186/539
f 259/456 262/455 260/463
f 182/460 178/462 260/463
f 260/463 256/459 259/456
f 183/543 184/540 186/539
f 185/544 183/543 186/539
f 189/464 182/460 260/463
f 118/545 115/534 134/532
f 187/546 115/534 183/543
f 189/464 260/463 262/455
f 121/536 172/537 186/539
f 262/455 267/465 190/466
f 179/541 191/547 181/542
f 189/464 190/466 191/467
f 185/544 187/546 183/543
f 185/544 186/539 181/542
f 181/542 187/546 185/544
f 191/547 199/548 181/542
f 262/455 261/449 267/465
f 263/468 191/467 190/466
f 263/549 199/548 191/547
f 190/466 189/464 262/455
f 199/548 188/550 198/551
f 126/612 187/623 199/624
f 263/468 190/466 267/465
f 187/546 126/552 115/534
f 267/465 268/443 263/468
f 267/465 261/449 268/443
f 199/548 263/549 188/550
f 192/469 263/468 268/443
f 196/625 199/624 198/626
f 192/553 188/550 263/549
f 69/710 65/711 68/712
f 68/712 65/711 72/713
f 75/740 2/741 76/742
f 76/743 69/744 68/745
f 76/743 73/746 69/744
f 208/431 214/433 210/434
f 318/452 306/457 320/454
f 329/470 328/440 358/471
f 361/324 357/325 370/326
f 362/327 365/328 329/329
f 363/330 370/326 357/325
f 362/472 329/470 358/471
f 1216/323 360/331 354/315
f 1241/332 360/331 1216/323
f 1241/332 363/330 360/331
f 365/328 362/327 364/333
f 370/326 363/330 1241/332
f 361/324 370/326 1204/334
f 364/333 362/327 361/324
f 1204/334 364/333 361/324
f 252/473 256/459 253/474
f 257/458 252/473 250/475
f 1204/334 1199/335 364/333
f 318/452 257/458 250/475
f 318/452 250/475 306/457
f 252/473 257/458 256/459
f 126/612 199/624 196/625
f 197/620 128/615 131/613
f 195/627 200/628 202/629
f 197/620 131/613 196/625
f 193/554 198/551 188/550
f 196/625 198/626 194/630
f 115/534 126/552 129/533
f 192/469 193/476 188/477
f 196/625 194/630 197/620
f 198/551 193/554 194/555
f 264/478 201/479 269/480
f 270/436 269/480 268/443
f 196/804 131/805 126/806
f 203/631 140/632 142/619
f 140/632 141/621 142/619
f 192/469 269/480 193/476
f 269/480 271/481 264/478
f 195/627 203/631 142/619
f 193/476 269/480 201/479
f 193/633 200/628 195/627
f 269/480 192/469 268/443
f 200/628 205/634 202/629
f 272/482 201/479 264/478
f 204/483 201/479 277/484
f 271/481 272/482 264/478
f 204/483 205/485 200/486
f 203/631 195/627 202/629
f 193/476 201/479 204/483
f 140/632 203/631 1051/635
f 202/629 205/634 1057/636
f 204/483 277/484 1066/487
f 204/483 200/486 193/476
f 271/481 277/484 272/482
f 203/631 202/629 1057/636
f 1057/636 205/634 1058/637
f 1066/487 277/484 273/488
f 204/638 1058/637 205/634
f 1066/639 1058/637 204/638
f 277/484 201/479 272/482
f 1051/635 203/631 1057/636
f 273/488 277/484 276/489
f 275/490 1066/487 273/488
f 56/561 371/577 55/578
f 56/561 52/565 371/577
f 878/579 61/580 60/568
f 55/578 50/558 56/561
f 52/565 60/568 61/580
f 50/558 55/578 49/556
f 2134/581 61/580 878/579
f 371/577 61/580 2136/582
f 61/580 371/577 52/565
f 271/481 269/480 270/436
f 277/484 271/481 278/491
f 270/436 265/442 331/437
f 266/492 270/436 335/435
f 327/493 266/492 334/494
f 337/495 338/496 330/497
f 276/489 277/484 278/491
f 271/481 266/492 278/491
f 330/497 333/441 328/440
f 337/495 330/497 328/440
f 335/435 338/496 266/492
f 332/438 330/497 335/435
f 266/492 271/481 270/436
f 332/438 333/441 330/497
f 276/489 278/491 266/492
f 329/470 337/495 328/440
f 266/492 327/493 276/489
f 274/498 273/488 276/489
f 274/498 275/490 273/488
f 342/499 327/493 337/495
f 327/493 334/494 337/495
f 341/500 342/499 337/495
f 327/493 274/498 276/489
f 342/499 341/500 343/501
f 338/496 335/435 330/497
f 334/494 266/492 338/496
f 329/470 365/502 337/495
f 341/500 337/495 365/502
f 334/494 338/496 337/495
f 275/640 274/641 1068/642
f 1569/1038 631/1039 1573/1040
f 1435/1041 621/1042 1440/1043
f 1573/1040 631/1039 618/1044
f 619/1045 621/1042 618/1044
f 538/1046 1440/1043 619/1045
f 618/1044 631/1039 615/1047
f 632/1048 618/1044 615/1047
f 1440/1043 621/1042 619/1045
f 619/1045 618/1044 632/1048
f 619/1045 632/1048 538/1046
f 615/1047 634/1049 632/1048
f 615/1047 576/1050 634/1049
f 632/1048 634/1049 604/1051
f 604/1051 494/1052 632/1048
f 576/1050 573/1053 634/1049
f 611/1232 581/1233 582/1234
f 611/1232 583/1235 581/1233
f 474/1379 466/1380 476/1381
f 539/1054 1438/1055 538/1046
f 1438/1055 1440/1043 538/1046
f 1348/1056 1351/1057 539/1054
f 1348/1056 539/1054 533/1058
f 539/1054 1351/1057 1438/1055
f 538/1046 534/1059 539/1054
f 539/1054 530/1060 533/1058
f 538/1046 632/1048 534/1059
f 530/1060 523/1061 533/1058
f 494/1052 534/1059 632/1048
f 539/1054 534/1059 526/1062
f 526/1062 534/1059 536/1063
f 526/1062 530/1060 539/1054
f 534/1059 494/1052 536/1063
f 530/1060 526/1062 525/1064
f 523/1061 530/1060 525/1064
f 525/1064 526/1062 528/1065
f 499/1066 526/1062 536/1063
f 528/1065 526/1062 499/1066
f 648/1586 649/1587 627/1588
f 643/1614 2160/1615 2165/1616
f 480/1617 482/1618 470/1619
f 482/1618 485/1620 470/1619
f 547/1626 482/1627 543/1628
f 470/1649 465/1650 486/1651
f 465/1621 470/1619 485/1620
f 485/1620 482/1618 547/1622
f 543/1628 481/1629 547/1626
f 474/1379 463/1382 466/1380
f 465/1383 466/1380 463/1382
f 473/1384 486/1385 465/1383
f 484/1386 473/1384 465/1383
f 486/1651 472/1652 470/1649
f 486/1651 473/1653 472/1652
f 561/1654 472/1652 473/1653
f 638/1659 640/1660 2400/1661
f 468/1387 484/1386 465/1383
f 463/1382 468/1387 465/1383
f 2400/1661 640/1660 641/1662
f 2400/1661 643/1663 638/1659
f 2388/1664 641/1662 636/1665
f 636/1665 641/1662 640/1660
f 556/1686 564/1687 637/1688
f 2170/1666 2388/1664 636/1665
f 642/1667 2170/1666 636/1665
f 691/1818 684/1819 686/1820
f 879/583 878/579 888/584
f 1220/336 1222/337 1202/338
f 1206/339 1219/340 1211/341
f 1202/338 1219/340 1220/336
f 1241/332 1220/336 1219/340
f 1211/341 1209/342 1206/339
f 1026/1964 1017/1965 1024/1966
f 1220/336 1241/332 1216/323
f 1219/340 1206/339 1241/332
f 1025/1967 1026/1964 1024/1966
f 882/643 140/632 1076/644
f 882/643 141/621 140/632
f 893/2138 899/2139 138/2140
f 906/567 58/569 138/571
f 895/2141 893/2138 138/2140
f 765/585 2135/586 2134/581
f 876/587 765/585 2134/581
f 879/583 876/587 2134/581
f 771/588 2135/586 765/585
f 888/584 878/579 60/568
f 878/579 879/583 2134/581
f 1149/1968 1152/1969 1192/1970
f 1017/2210 1015/2211 1024/2212
f 1146/2213 1155/2214 1149/2215
f 1024/1966 1032/1971 1025/1967
f 1192/1970 1152/1969 1193/1972
f 1194/1973 1193/1972 1037/1974
f 1167/2216 1146/2213 1149/2215
f 1160/343 369/320 1162/344
f 352/319 369/320 1160/343
f 1149/2215 1155/2214 1153/2217
f 730/2222 731/2223 728/2224
f 1015/1975 976/1976 979/1977
f 1216/323 1160/343 1220/336
f 729/2225 719/2226 728/2224
f 1147/2295 2370/2296 2323/2297
f 698/2227 707/2228 700/2229
f 701/2230 728/2224 707/2228
f 701/2230 729/2225 728/2224
f 730/2222 719/2226 732/2231
f 1189/2298 1191/2299 2326/2300
f 730/2222 1871/2232 731/2223
f 709/2233 698/2227 703/2234
f 728/2224 731/2223 1987/2235
f 698/2227 701/2230 707/2228
f 728/2224 719/2226 730/2222
f 698/2227 702/2236 699/2237
f 699/2237 729/2225 701/2230
f 700/2229 706/2238 698/2227
f 703/2234 698/2227 706/2238
f 723/2239 729/2225 720/2240
f 699/2237 720/2240 729/2225
f 719/2226 723/2239 718/2241
f 698/2227 699/2237 701/2230
f 718/2241 723/2239 727/2242
f 719/2226 729/2225 723/2239
f 718/2241 1261/2243 719/2226
f 708/2244 702/2236 709/2233
f 720/2240 727/2242 723/2239
f 702/2236 720/2240 699/2237
f 709/2233 702/2236 698/2227
f 708/2244 709/2233 703/2234
f 702/2236 716/2245 717/2246
f 711/2247 702/2236 708/2244
f 711/2247 716/2245 702/2236
f 718/2241 724/2248 1875/2249
f 702/2236 717/2246 720/2240
f 718/2241 727/2242 725/2250
f 718/2241 725/2250 724/2248
f 727/2242 726/2251 725/2250
f 717/2246 727/2242 720/2240
f 725/2250 1874/2252 724/2248
f 710/2487 715/2488 711/2489
f 711/2489 714/2490 722/2491
f 715/2488 714/2490 711/2489
f 784/2492 715/2488 710/2487
f 781/2493 784/2492 710/2487
f 788/2494 786/2495 781/2493
f 836/2643 827/2644 846/2645
f 829/2496 831/2497 742/2498
f 828/2646 829/2647 813/2648
f 846/2658 847/2659 845/2660
f 954/2707 850/2708 844/2709
f 1045/2714 982/2715 854/2716
f 938/2720 955/2721 949/2722
f 997/2771 1047/2772 1046/2773
f 1008/2781 1012/2782 1010/2783
f 1012/2782 1132/2784 1136/2785
f 1012/2782 1008/2781 1132/2784
f 1133/2786 1136/2785 1132/2784
f 2326/2300 2298/2301 1189/2298
f 1190/2302 2370/2296 1147/2295
f 1024/1966 1014/1978 1032/1971
f 1176/2303 2370/2296 1190/2302
f 1014/1978 1679/1979 1032/1971
f 1015/1975 979/1977 978/1980
f 1193/1972 1152/1969 1188/1981
f 1149/1968 1183/1982 1152/1969
f 771/588 765/585 772/589
f 772/589 765/585 766/590
f 879/583 888/584 883/591
f 766/590 765/585 876/587
f 60/568 891/592 888/584
f 60/568 906/567 891/592
f 138/571 899/593 906/567
f 880/594 766/590 876/587
f 880/594 876/587 883/591
f 891/592 889/595 888/584
f 889/595 883/591 888/584
f 764/2499 763/2500 786/2495
f 891/592 898/596 889/595
f 764/2499 768/2501 763/2500
f 895/2885 887/2886 893/2887
f 882/643 877/645 903/646
f 877/645 965/647 903/646
f 1076/644 877/645 882/643
f 887/2891 904/2892 966/2893
f 797/2502 773/2503 775/2504
f 1065/648 965/647 1078/649
f 877/645 1078/649 965/647
f 904/650 903/646 965/647
f 900/2962 872/2963 896/2964
f 773/2503 821/2505 808/2506
f 773/2503 808/2506 779/2507
f 779/2507 780/2508 773/2503
f 797/2502 793/2509 794/2510
f 779/2507 809/2511 818/2512
f 773/2503 780/2508 775/2504
f 794/2510 821/2505 773/2503
f 779/2507 808/2506 809/2511
f 818/2512 809/2511 815/2513
f 794/2510 773/2503 797/2502
f 809/2511 808/2506 821/2505
f 821/2505 794/2510 807/2514
f 807/2514 816/2515 821/2505
f 821/2505 823/2516 819/2517
f 817/2518 816/2515 939/2519
f 816/2515 817/2518 821/2505
f 819/2989 809/2990 821/2991
f 817/2518 823/2516 821/2505
f 823/2516 820/2520 819/2517
f 910/3008 970/3009 912/3010
f 1163/2304 2326/2300 1191/2299
f 369/320 1150/322 1163/345
f 1191/2299 1172/2305 1164/2306
f 369/320 1163/345 1162/344
f 1164/2306 1163/2304 1191/2299
f 1250/346 1160/343 1162/344
f 1220/336 1160/343 1250/346
f 1231/3014 1225/3015 1248/3016
f 1248/3016 1225/3015 1145/3017
f 994/3026 1109/3027 1105/3028
f 1149/1968 1153/1983 1183/1982
f 979/1977 1188/1981 1182/1984
f 1032/1971 1029/1985 1025/1967
f 1188/1981 1152/1969 1181/1986
f 1181/1986 1152/1969 1179/1987
f 1179/1987 1152/1969 1183/1982
f 1038/1988 1044/1989 1028/1990
f 1183/1982 1177/1991 1179/1987
f 1179/1987 1174/1992 1181/1986
f 979/1977 1182/1984 977/1993
f 1207/3047 1212/3048 1256/3049
f 1007/1994 1038/1988 991/1995
f 1037/1974 1028/1990 1044/1989
f 1210/3050 1207/3047 1256/3049
f 1028/1990 1037/1974 1027/1996
f 1028/1990 1027/1996 1039/1997
f 1194/1973 1170/1998 1168/1999
f 991/1995 1038/1988 1028/1990
f 1023/3063 985/3064 1002/3065
f 1051/635 1057/636 1050/651
f 1076/644 1051/635 1060/652
f 1076/644 1060/652 1059/653
f 1060/652 1051/635 1050/651
f 877/645 1076/644 1078/649
f 1052/654 1054/655 1058/637
f 1050/651 1054/655 1060/652
f 1050/651 1058/637 1054/655
f 1078/649 1076/644 1059/653
f 1052/654 1068/642 1074/656
f 1066/639 1068/642 1052/654
f 1074/656 1054/655 1052/654
f 1053/657 1059/653 1060/652
f 1054/655 1053/657 1060/652
f 1074/656 1068/642 1247/658
f 1074/656 1247/658 1251/659
f 1239/3072 1235/3073 1233/3074
f 1239/3075 1229/3076 1235/3077
f 1242/3078 1239/3079 1233/3080
f 1049/660 1053/657 1054/655
f 1251/659 1252/661 1074/656
f 1049/660 1054/655 1074/656
f 1233/3081 1232/3082 1242/3083
f 1251/659 1243/662 1252/661
f 1039/1997 991/1995 1028/1990
f 1210/3050 1226/3051 1207/3047
f 1254/3052 1226/3051 1210/3050
f 1137/3053 1210/3050 1256/3049
f 1258/3097 1254/3098 1134/3099
f 1134/3099 1113/3100 1258/3097
f 1090/3109 1122/3110 1089/3111
f 1092/3118 1089/3119 1104/3120
f 1104/3120 1089/3119 1122/3121
f 370/326 1206/339 1204/334
f 1209/342 1199/335 1204/334
f 1206/339 1209/342 1204/334
f 1871/2232 1982/2253 1987/2235
f 1206/339 370/326 1241/332
f 700/2229 695/2254 706/2238
f 707/2228 1987/2235 1988/2255
f 731/2223 1871/2232 1987/2235
f 1147/2295 2293/2307 1154/2308
f 707/2228 1997/2256 700/2229
f 1987/2235 707/2228 728/2224
f 1189/2298 2298/2301 1176/2303
f 140/632 1051/635 1076/644
f 1189/2298 1176/2303 1190/2302
f 1058/637 1050/651 1057/636
f 1247/658 1068/642 274/641
f 339/663 1247/658 274/641
f 1068/642 1066/639 275/640
f 1066/639 1052/654 1058/637
f 1029/1985 1007/1994 1026/1964
f 778/2521 777/2522 759/2523
f 776/2524 777/2522 778/2521
f 769/2525 763/2500 768/2501
f 769/2525 768/2501 777/2522
f 767/2526 769/2525 776/2524
f 776/2524 769/2525 777/2522
f 1142/3122 1104/3120 1122/3121
f 1178/2000 1039/1997 1027/1996
f 1181/3142 1182/3143 1188/3144
f 1007/1994 991/1995 1026/1964
f 1149/1968 1192/1970 1168/1999
f 1194/1973 1168/1999 1192/1970
f 1037/1974 1178/2000 1027/1996
f 1039/1997 1017/1965 991/1995
f 1194/1973 1192/1970 1193/1972
f 1029/1985 1032/1971 1030/2001
f 1193/1972 1178/2000 1037/1974
f 1017/1965 1026/1964 991/1995
f 1039/1997 976/1976 1017/1965
f 1030/2001 1032/1971 1011/2002
f 1183/1982 1180/2003 1177/1991
f 1180/2003 1183/1982 1153/1983
f 722/2491 714/2490 757/2527
f 722/2491 757/2527 721/2528
f 757/2527 751/2529 721/2528
f 784/2492 781/2493 786/2495
f 786/2495 780/2508 790/2530
f 764/2499 786/2495 788/2494
f 696/2531 715/2488 784/2492
f 694/2532 696/2531 784/2492
f 790/2530 784/2492 786/2495
f 757/2527 756/2533 758/2534
f 757/2527 758/2534 751/2529
f 779/2507 790/2530 780/2508
f 712/2535 757/2527 714/2490
f 758/2534 752/2536 751/2529
f 714/2490 715/2488 712/2535
f 712/2535 715/2488 696/2531
f 756/2533 753/2537 754/2538
f 756/2533 757/2527 712/2535
f 744/2539 758/2534 756/2533
f 694/2532 712/2535 696/2531
f 753/2537 756/2533 712/2535
f 694/2532 784/2492 790/2530
f 694/2532 753/2537 712/2535
f 754/3167 744/3168 756/3169
f 790/2530 818/2512 694/2532
f 818/2512 753/2537 694/2532
f 754/2538 753/2537 818/2512
f 818/2512 815/2513 750/2540
f 818/2512 750/2540 754/2538
f 758/2534 749/2541 752/2536
f 747/2542 749/2541 745/2543
f 747/2542 745/2543 744/2539
f 748/2544 749/2541 742/2498
f 748/2544 734/2545 749/2541
f 744/2539 742/2498 747/2542
f 812/2546 744/2539 750/2540
f 815/2513 812/2546 750/2540
f 742/2498 749/2541 747/2542
f 754/2538 750/2540 744/2539
f 819/2517 820/2520 809/2511
f 820/2520 815/2513 809/2511
f 820/2520 812/2546 815/2513
f 1017/1965 976/1976 1015/1975
f 748/2544 742/2498 831/2497
f 812/2546 742/2498 744/2539
f 811/2547 742/2498 812/2546
f 742/2498 811/2547 829/2496
f 813/2548 812/2546 820/2520
f 813/2548 829/2496 811/2547
f 813/2548 811/2547 812/2546
f 1719/2004 1186/2005 1735/2006
f 1159/2007 1186/2005 1719/2004
f 1147/3176 1154/3177 1186/3178
f 1187/2309 1190/2302 1147/2295
f 1147/3176 1186/3178 1187/3179
f 1189/2298 1190/2302 1165/2310
f 1157/3181 1187/3182 1186/3183
f 1165/2310 1190/2302 1187/2309
f 1185/2311 1165/2310 1187/2309
f 1159/2007 1719/2004 1158/2008
f 1189/2298 1165/2310 1191/2299
f 1186/2005 1159/2007 1157/2009
f 1191/2299 1165/2310 1172/2305
f 1195/2010 1159/2007 1174/1992
f 1169/2312 1172/2305 1165/2310
f 1158/2008 1174/1992 1159/2007
f 1165/2310 1185/2311 1169/2312
f 1184/2011 1175/2012 1728/2013
f 1184/2011 1728/2013 977/1993
f 1182/1984 1184/2011 977/1993
f 1179/1987 1195/2010 1174/1992
f 1174/1992 1175/2012 1184/2011
f 1195/2010 1179/1987 1177/1991
f 979/1977 977/1993 1730/2014
f 978/1980 979/1977 1730/2014
f 1301/3263 1303/3264 1304/3265
f 1320/3334 1310/3335 1321/3336
f 1335/3337 1326/3338 1331/3339
f 1301/3263 1307/3266 1303/3264
f 1499/3352 1489/3353 1491/3354
f 1489/3267 1499/3268 1496/3269
f 1496/3269 1524/3270 1489/3267
f 1402/3271 1399/3272 1398/3273
f 1392/3274 1524/3270 1496/3269
f 1393/3275 1498/3276 1384/3277
f 1524/3270 1392/3274 1402/3271
f 1404/3278 1401/3279 1403/3280
f 1496/3269 1393/3275 1392/3274
f 1398/3273 1524/3270 1402/3271
f 1432/3384 1433/3385 1430/3386
f 1407/3429 1396/3430 1426/3431
f 1402/3271 1306/3281 1401/3279
f 1402/3271 1392/3274 1394/3282
f 1527/3433 1551/3434 1526/3435
f 1546/3436 1551/3434 1527/3433
f 1425/3432 1407/3429 1426/3431
f 1432/3384 1430/3386 1415/3387
f 1432/3384 1415/3387 1424/3388
f 1611/3460 1607/3461 620/3462
f 1649/3540 1619/3541 1620/3542
f 1621/3594 1639/3595 1644/3596
f 1634/3601 1486/3602 1635/3603
f 1449/3608 1450/3609 1451/3610
f 1451/3610 1455/3611 1449/3608
f 1450/3609 1449/3608 1583/3612
f 1583/3612 1457/3613 1584/3614
f 1583/3612 1584/3614 1577/3615
f 1457/3613 1583/3612 1449/3608
f 1459/3616 1449/3608 1455/3611
f 1584/3614 1590/3617 1577/3615
f 1457/3613 1449/3608 1459/3616
f 1455/3611 1452/3618 1459/3616
f 1596/3619 1457/3613 1459/3616
f 1596/3619 1459/3616 1592/3620
f 1584/3614 1596/3619 1590/3617
f 1596/3619 1584/3614 1457/3613
f 1590/3617 1596/3619 1589/3621
f 1460/3622 1452/3618 1458/3623
f 1592/3620 1589/3621 1596/3619
f 1460/3622 1593/3624 1452/3618
f 1593/3624 1592/3620 1459/3616
f 1459/3616 1452/3618 1593/3624
f 1593/3624 1589/3621 1592/3620
f 1593/3624 1588/3625 1589/3621
f 1600/3626 1593/3624 1460/3622
f 1468/3627 1588/3625 1593/3624
f 1468/3627 1602/3628 1588/3625
f 1600/3626 1468/3627 1593/3624
f 1403/3280 1401/3279 1306/3281
f 1402/3271 1394/3282 1306/3281
f 1299/3283 1306/3281 1394/3282
f 1299/3283 1394/3282 1392/3274
f 1395/3284 1392/3274 1393/3275
f 1395/3284 1393/3275 1385/3285
f 1391/3286 1299/3283 1395/3284
f 1299/3283 1392/3274 1395/3284
f 1732/2015 1730/2014 1733/2016
f 1733/2016 1730/2014 977/1993
f 977/1993 1728/2013 1733/2016
f 1732/2015 1733/2016 1717/2017
f 1728/2013 1729/2018 1733/2016
f 1729/2018 1717/2017 1733/2016
f 1717/2017 1729/2018 1718/2019
f 1725/2020 1158/2008 1719/2004
f 1154/3177 1735/3180 1186/3178
f 1424/3388 1422/3389 1432/3384
f 1720/2021 1735/2006 1721/2022
f 1719/2004 1735/2006 1720/2021
f 1722/2023 1721/2022 1735/2006
f 1486/3602 1634/3601 1481/3604
f 2293/2307 1736/2313 1154/2308
f 1318/3287 1322/3288 1312/3289
f 1322/3288 1318/3287 1314/3290
f 1322/3288 1400/3291 1312/3289
f 1316/3292 1403/3280 1306/3281
f 1312/3289 1403/3280 1318/3287
f 1317/3340 1319/3341 1314/3342
f 1403/3280 1313/3293 1318/3287
f 1403/3280 1316/3292 1313/3293
f 1319/3341 1323/3343 1314/3342
f 1314/3290 1318/3287 1317/3294
f 1318/3287 1313/3293 1317/3294
f 1437/1067 1435/1041 1436/1068
f 1437/1067 621/1042 1435/1041
f 618/1044 621/1042 1437/1067
f 1573/1040 618/1044 1437/1067
f 1301/3263 1313/3293 1316/3292
f 1573/1040 1437/1067 1578/1069
f 1573/1040 1574/1070 1575/1071
f 1437/1067 1436/1068 1578/1069
f 1573/1040 1575/1071 1569/1038
f 1436/1068 1441/1072 1578/1069
f 1575/1071 1574/1070 1580/1073
f 1578/1069 1567/1074 1573/1040
f 1574/1070 1573/1040 1567/1074
f 1578/1069 1576/1075 1567/1074
f 1574/1070 1572/1076 1580/1073
f 1572/1076 1574/1070 1567/1074
f 1450/3609 1576/3629 1451/3610
f 1576/1075 1578/1069 1441/1072
f 1451/3610 1441/3630 1443/3631
f 1441/3630 1451/3610 1576/3629
f 1582/1077 1567/1074 1576/1075
f 1582/1077 1572/1076 1567/1074
f 1576/1075 1579/1078 1582/1077
f 1448/3632 1451/3610 1443/3631
f 1577/3615 1582/3633 1579/3634
f 1450/3609 1583/3612 1579/3634
f 1582/3633 1577/3615 1586/3635
f 1450/3609 1579/3634 1576/3629
f 1583/3612 1577/3615 1579/3634
f 1673/3734 1658/3735 1656/3736
f 1652/3737 1655/3738 1651/3739
f 1647/3740 1651/3739 1669/3741
f 1670/3742 1651/3739 1655/3738
f 1676/3755 1673/3756 1667/3757
f 1669/3741 1651/3739 1670/3742
f 1668/3743 1670/3742 1655/3738
f 1673/2024 1677/2025 1662/2026
f 1673/3756 1656/3758 1667/3757
f 1677/2025 1673/2024 1681/2027
f 1670/3742 1668/3743 1671/3744
f 1677/2025 1731/2028 1662/2026
f 1682/2029 1678/2030 1681/2027
f 1676/2031 1681/2027 1673/2024
f 1680/3745 1668/3743 1528/3746
f 1672/3747 1671/3744 1668/3743
f 1680/3745 1672/3747 1668/3743
f 1528/3746 1536/3748 1680/3745
f 1537/3749 1561/3750 1680/3745
f 1537/3749 1680/3745 1536/3748
f 1680/3745 1687/3751 1672/3747
f 1895/3295 1288/3296 1297/3297
f 1297/3297 1288/3296 1293/3298
f 1294/3299 1295/3300 1297/3297
f 1289/3301 1371/3302 1294/3299
f 1298/3303 1386/3304 1289/3301
f 1294/3299 1293/3298 1289/3301
f 1371/3302 1386/3304 1388/3305
f 1293/3298 1294/3299 1297/3297
f 1371/3302 1289/3301 1386/3304
f 1298/3303 1289/3301 1293/3298
f 1895/3295 1308/3306 1288/3296
f 1391/3286 1387/3307 1298/3303
f 1298/3303 1387/3307 1386/3304
f 1308/3306 1895/3295 1300/3308
f 1308/3306 1299/3283 1391/3286
f 1298/3303 1308/3306 1391/3286
f 1288/3296 1308/3306 1293/3298
f 1293/3298 1308/3306 1298/3303
f 1306/3281 1305/3309 1316/3292
f 1316/3292 1305/3309 1301/3263
f 1301/3263 1304/3265 1313/3293
f 1313/3293 1304/3265 1317/3294
f 1299/3283 1305/3309 1306/3281
f 1304/3265 1302/3310 1317/3294
f 1305/3309 1307/3266 1301/3263
f 1321/3336 1310/3335 1309/3344
f 1714/3852 1708/3853 1707/3854
f 1713/3855 1708/3853 1714/3852
f 1714/3852 1710/3856 1713/3855
f 1721/2022 1722/2023 1710/2032
f 1727/2033 1731/2028 1718/2019
f 1677/2025 1732/2015 1731/2028
f 1718/2019 1731/2028 1717/2017
f 1321/3336 1319/3341 1320/3334
f 1717/2017 1731/2028 1732/2015
f 1317/3340 1302/3345 1320/3334
f 1308/3306 1307/3266 1299/3283
f 1320/3334 1319/3341 1317/3340
f 1304/3265 1737/3311 1302/3310
f 1304/3265 1303/3264 1737/3311
f 1300/3308 1303/3264 1307/3266
f 1300/3308 1895/3295 1737/3311
f 1895/3295 1899/3312 1737/3311
f 1307/3266 1308/3306 1300/3308
f 1303/3264 1300/3308 1737/3311
f 1384/3277 1385/3285 1393/3275
f 1395/3284 1389/3313 1391/3286
f 1660/3900 1661/3901 1664/3902
f 1663/3903 1660/3900 1664/3902
f 1354/3636 1356/3637 1355/3638
f 1446/3639 1358/3640 1368/3641
f 1446/3639 1456/3642 1448/3632
f 1446/3639 1368/3641 1367/3643
f 1451/3610 1448/3632 1447/3644
f 1448/3632 1456/3642 1447/3644
f 1455/3611 1447/3644 1456/3642
f 1366/3645 1368/3641 1364/3646
f 1446/3639 1367/3643 1455/3611
f 1367/3643 1368/3641 1366/3645
f 1452/3618 1455/3611 1453/3647
f 1458/3623 1452/3618 1453/3647
f 1453/3647 1455/3611 1367/3643
f 1366/3645 1364/3646 1369/3648
f 1454/3649 1367/3643 1366/3645
f 1454/3649 1369/3648 1373/3650
f 1454/3649 1453/3647 1367/3643
f 1369/3648 1454/3649 1366/3645
f 1454/3649 1470/3651 1453/3647
f 1453/3647 1460/3622 1458/3623
f 1379/3652 1373/3650 1369/3648
f 1373/3650 1374/3653 1454/3649
f 1470/3651 1460/3622 1453/3647
f 1470/3651 1454/3649 1374/3653
f 1470/3651 1600/3626 1460/3622
f 1386/3304 1387/3307 1389/3313
f 1391/3922 1389/3923 1387/3924
f 1462/3654 1600/3626 1470/3651
f 1389/3313 1395/3284 1385/3285
f 1383/3314 1382/3315 1376/3316
f 1389/3313 1385/3285 1390/3317
f 1378/3318 1376/3316 1382/3315
f 1383/3314 1385/3285 1384/3277
f 1389/3313 1390/3317 1386/3304
f 1385/3285 1383/3314 1390/3317
f 1382/3315 1383/3314 1384/3277
f 1386/3304 1390/3317 1388/3305
f 1388/3305 1390/3317 1383/3314
f 1380/3319 1383/3314 1376/3316
f 1420/3950 1422/3951 1421/3952
f 1377/3655 1462/3654 1470/3651
f 1374/3653 1377/3655 1470/3651
f 1374/3653 1375/3656 1377/3655
f 1372/3657 1379/3652 1381/3658
f 1372/3657 1375/3656 1373/3650
f 1375/3656 1374/3653 1373/3650
f 1402/3271 1401/3279 1399/3272
f 1397/3953 1398/3954 1399/3955
f 1404/3278 1399/3272 1401/3279
f 1406/3320 1397/3321 1399/3272
f 1406/3320 1404/3278 1403/3280
f 1404/3278 1406/3320 1399/3272
f 1400/3291 1403/3280 1312/3289
f 1406/3320 1403/3280 1400/3291
f 1527/3964 1519/3965 1523/3966
f 1397/3953 1525/3956 1398/3954
f 1468/3627 1601/3659 1602/3628
f 1601/3659 1600/3626 1463/3660
f 1463/3660 1600/3626 1462/3654
f 1597/3970 1598/3971 1601/3972
f 1601/3659 1468/3627 1600/3626
f 1466/3975 1467/3976 1599/3977
f 1601/3972 1463/3973 1597/3970
f 1597/3970 1599/3974 1598/3971
f 1678/2030 1677/2025 1681/2027
f 1684/2034 1679/1979 1678/2030
f 1679/1979 1011/2002 1032/1971
f 1682/2029 1684/2034 1678/2030
f 1684/2034 1011/2002 1679/1979
f 1689/3752 1687/3751 1680/3745
f 1689/3752 1688/3753 1687/3751
f 1537/3749 1560/3754 1561/3750
f 1379/3652 1372/3657 1373/3650
f 1329/4001 1326/4002 1334/4003
f 1734/2035 1730/2014 1732/2015
f 1734/2035 1732/2015 1677/2025
f 1677/2025 1678/2030 1734/2035
f 1734/2035 978/1980 1730/2014
f 1349/1079 1351/1057 1348/1056
f 1438/1055 1351/1057 1435/1041
f 1435/1041 1440/1043 1438/1055
f 1349/1079 1350/1080 1351/1057
f 1349/1079 1345/1081 1350/1080
f 1350/1080 1442/1082 1351/1057
f 1442/1082 1435/1041 1351/1057
f 1439/1083 1435/1041 1442/1082
f 1435/1041 1439/1083 1436/1068
f 1363/1084 1350/1080 1345/1081
f 1363/1084 1360/1085 1350/1080
f 1439/1083 1344/1086 1445/1087
f 1439/1083 1441/1072 1436/1068
f 1441/1072 1439/1083 1445/1087
f 1442/1082 1350/1080 1344/1086
f 1344/1086 1439/1083 1442/1082
f 1361/1088 1360/1085 1363/1084
f 1363/1084 1353/1089 1361/1088
f 1360/1085 1344/1086 1350/1080
f 1362/1090 1445/1087 1344/1086
f 1362/1090 1360/1085 1361/1088
f 1362/1090 1344/1086 1360/1085
f 1355/3638 1362/3661 1361/3662
f 1445/3663 1362/3661 1444/3664
f 1354/3636 1361/3662 1353/3665
f 1357/3666 1362/3661 1355/3638
f 1444/3664 1443/3631 1445/3663
f 1443/1091 1441/1072 1445/1087
f 1354/3636 1355/3638 1361/3662
f 1355/3638 1356/3637 1358/3640
f 1446/3639 1448/3632 1444/3664
f 1444/3664 1357/3666 1446/3639
f 1443/3631 1444/3664 1448/3632
f 1357/3666 1358/3640 1446/3639
f 1355/3638 1358/3640 1357/3666
f 1335/3337 1315/3346 1309/3344
f 1315/3346 1331/3339 1323/3343
f 1335/3337 1331/3339 1315/3346
f 1319/3341 1315/3346 1323/3343
f 1319/3341 1321/3336 1315/3346
f 1321/3336 1309/3344 1315/3346
f 1335/3337 1334/3347 1326/3338
f 1261/2243 1873/2257 732/2231
f 1856/2258 1847/2259 1866/2260
f 1875/2249 1859/2261 1873/2257
f 1873/2257 1847/2259 1872/2262
f 1873/2257 1859/2261 1857/2263
f 732/2231 1872/2262 1871/2232
f 1872/2262 1847/2259 1850/2264
f 1856/2258 1866/2260 1853/2265
f 1261/2243 718/2241 1875/2249
f 1871/2232 730/2222 732/2231
f 1850/2264 1871/2232 1872/2262
f 1261/2243 1875/2249 1873/2257
f 1873/2257 1867/2266 1866/2260
f 1850/2264 1852/2267 1870/2268
f 1864/2269 1853/2265 1855/2270
f 732/2231 719/2226 1261/2243
f 732/2231 1873/2257 1872/2262
f 1858/2271 1860/2272 1859/2261
f 1860/2272 1855/2270 1867/2266
f 1852/2267 1851/2273 1870/2268
f 1856/2258 1852/2267 1847/2259
f 1849/2274 1851/2273 1852/2267
f 1772/4100 1803/4101 1893/4102
f 1848/2275 1856/2258 1853/2265
f 1779/4115 1785/4116 1780/4117
f 1768/4121 1761/4122 1759/4123
f 1919/4124 1920/4125 1324/4126
f 1897/4141 1808/4142 1804/4143
f 1897/4141 1804/4143 1898/4144
f 1893/4151 1803/4152 1899/4153
f 1737/3311 1899/3312 1900/3322
f 1808/3323 1897/3324 1899/3312
f 1902/4145 1900/4146 1901/4147
f 1898/4144 1900/4146 1897/4141
f 1302/3310 1737/3311 1900/3322
f 1897/3324 1900/3322 1899/3312
f 1900/4146 1898/4144 1901/4147
f 1772/4100 1893/4102 1894/4103
f 1891/4104 1894/4103 1893/4102
f 1847/2259 1852/2267 1850/2264
f 1849/2274 1852/2267 1856/2258
f 1848/2275 1849/2274 1856/2258
f 1984/2276 1871/2232 1870/2268
f 1871/2232 1850/2264 1870/2268
f 1867/2266 1873/2257 1857/2263
f 1873/2257 1866/2260 1847/2259
f 1853/2265 1866/2260 1855/2270
f 1867/2266 1857/2263 1860/2272
f 1860/2272 1864/2269 1855/2270
f 1859/2261 1860/2272 1857/2263
f 1855/2270 1866/2260 1867/2266
f 1860/2272 1858/2271 1864/2269
f 2007/4166 2000/4167 1999/4168
f 1973/2277 1851/2273 1849/2274
f 1972/2278 1965/2279 1979/2280
f 1972/2278 1969/2281 1965/2279
f 1973/2277 1962/2282 1972/2278
f 1980/2283 1965/2279 1971/2284
f 1870/2268 1851/2273 1970/2285
f 1980/2283 1976/2286 1983/2287
f 1993/2288 1998/2289 1994/2290
f 1983/2287 1979/2280 1980/2283
f 1982/2253 1981/2291 1988/2255
f 1965/2279 1980/2283 1979/2280
f 1982/2253 1984/2276 1979/2280
f 1983/2287 1976/2286 1981/2291
f 1979/2280 1984/2276 1970/2285
f 1984/2276 1982/2253 1871/2232
f 1986/2292 1981/2291 1976/2286
f 1983/2287 1982/2253 1979/2280
f 1998/2289 1981/2291 1986/2292
f 1998/2289 1986/2292 1994/2290
f 1982/2253 1983/2287 1981/2291
f 1988/2255 1981/2291 1998/2289
f 1988/2255 1998/2289 1997/2256
f 1988/2255 1987/2235 1982/2253
f 1988/2255 1997/2256 707/2228
f 1972/2278 1851/2273 1973/2277
f 2111/597 2135/586 2107/598
f 1969/2281 1972/2278 1962/2282
f 2107/598 2112/599 2111/597
f 2135/586 771/588 2107/598
f 2134/581 2136/582 61/580
f 2113/600 2136/582 2112/599
f 2135/586 2111/597 2134/581
f 2136/582 2113/600 371/577
f 2111/597 2136/582 2134/581
f 1970/2285 1972/2278 1979/2280
f 2113/600 55/578 371/577
f 2113/600 2106/601 55/578
f 1851/2273 1972/2278 1970/2285
f 1870/2268 1970/2285 1984/2276
f 2039/4314 2049/4315 1938/4316
f 2050/4323 2053/4324 1961/4325
f 1938/4316 2049/4315 1961/4317
f 1961/4317 1968/4318 1938/4316
f 1967/4329 2053/4330 2050/4331
f 1968/4318 2053/4319 1967/4320
f 1968/4318 1961/4317 2053/4319
f 2129/4362 2128/4363 2092/4364
f 2129/4362 2092/4364 2072/4365
f 2082/4395 2090/4396 2096/4397
f 2082/4395 2096/4397 2078/4398
f 2046/4321 2051/4322 1961/4317
f 2049/4315 2046/4321 1961/4317
f 2046/4321 2049/4315 2039/4314
f 2005/4434 2003/4435 2002/4436
f 1994/2290 1991/2293 1993/2288
f 695/2254 1997/2256 1995/2294
f 695/2254 700/2229 1997/2256
f 1995/2294 1997/2256 1998/2289
f 2059/4447 2069/4448 2057/4449
f 2125/4462 2056/4463 2040/4464
f 2125/4462 2040/4464 2042/4465
f 2069/4448 2058/4450 2057/4449
f 2262/4537 2223/4538 2150/4539
f 2382/2314 2156/2315 2169/2316
f 2156/4540 2157/4541 2169/4542
f 2166/4569 2297/4570 2162/4571
f 2149/2317 2159/2318 2166/2319
f 2156/4540 2166/4543 2157/4541
f 2149/2317 2166/2319 2156/2315
f 2159/4576 2362/4577 2215/4578
f 2166/4569 2215/4572 2297/4570
f 2169/2316 2281/2320 2382/2314
f 2230/2321 2473/2322 2167/2323
f 2287/4544 2169/4542 2157/4541
f 2362/4577 2213/4579 2215/4578
f 2281/4545 2169/4542 2287/4544
f 2401/4584 2285/4585 2160/4586
f 2145/4587 2439/4588 541/4589
f 2171/2324 2183/2325 2230/2321
f 2194/4609 2200/4610 2198/4611
f 662/4615 2255/4616 2500/4617
f 2289/4580 2261/4581 2208/4582
f 2260/4583 2208/4582 2261/4581
f 2213/4579 2261/4581 2215/4578
f 2493/4674 2393/4675 2170/4676
f 2296/4678 2297/4679 2215/4680
f 2229/2326 2182/2327 2225/2328
f 2225/2328 2182/2327 2466/2329
f 2230/2321 2183/2325 2225/2328
f 2183/2325 2229/2326 2225/2328
f 2466/2329 2236/2330 2225/2328
f 2232/2331 2473/2322 2225/2328
f 2230/2321 2225/2328 2473/2322
f 2472/4681 2237/4682 670/4683
f 2232/2331 2225/2328 2236/2330
f 2242/4689 2158/4690 2240/4691
f 2242/4689 2240/4691 2244/4692
f 2421/4734 2414/4735 2251/4736
f 2254/4693 2240/4691 2158/4690
f 2254/4693 2256/4694 2240/4691
f 2261/4581 2213/4579 2260/4583
f 1739/4773 2334/4774 658/4775
f 2292/2332 2464/2333 2281/2320
f 2382/2314 2281/2320 2464/2333
f 2293/2307 2292/2332 1736/2313
f 1736/2313 2292/2332 2281/2320
f 1147/2295 2323/2297 2293/2307
f 2323/2297 2292/2332 2293/2307
f 2312/4796 2314/4797 2313/4798
f 2322/2334 2167/2323 2316/2335
f 2321/2336 2323/2297 2316/2335
f 2370/2296 2322/2334 2316/2335
f 2323/2297 2370/2296 2316/2335
f 368/321 2325/347 2322/348
f 2167/2323 2232/2331 2316/2335
f 368/321 351/318 2325/347
f 368/321 2322/348 2326/349
f 368/321 2326/349 1150/322
f 2384/2337 2159/2318 2149/2317
f 2384/2337 2369/2338 2159/2318
f 2362/2339 2369/2338 2372/2340
f 2369/2338 2384/2337 2365/2341
f 2369/2338 2362/2339 2159/2318
f 2322/2334 2370/2296 1176/2303
f 2386/2342 2369/2338 2365/2341
f 2298/2301 2322/2334 1176/2303
f 2405/4846 2379/4847 2452/4848
f 2321/2336 2292/2332 2323/2297
f 2149/2317 2156/2315 2384/2337
f 2464/2333 2466/2329 2380/2343
f 2380/2343 2384/2337 2464/2333
f 2466/2329 2381/2344 2380/2343
f 2384/2337 2156/2315 2382/2314
f 2182/2327 2381/2344 2466/2329
f 2384/2337 2382/2314 2464/2333
f 2386/2342 2372/2340 2369/2338
f 2386/2342 2365/2341 2371/2345
f 2388/4677 2170/4676 2393/4675
f 2401/1668 2160/1669 643/1663
f 2401/1668 643/1663 2400/1661
f 2452/4848 2191/4849 2405/4846
f 2410/714 65/711 69/710
f 2220/4737 2414/4735 2421/4734
f 2417/4738 2220/4737 2421/4734
f 2440/4901 2328/4902 2438/4903
f 2384/2337 2380/2343 2365/2341
f 2442/2346 2366/2347 2371/2345
f 2167/2323 2473/2322 2232/2331
f 2316/2335 2236/2330 2321/2336
f 2232/2331 2236/2330 2316/2335
f 2442/2346 2182/2327 2366/2347
f 2442/2346 2365/2341 2380/2343
f 2366/2347 2229/2326 2502/2348
f 2191/4849 2452/4848 226/4850
f 2464/2333 2321/2336 2466/2329
f 2464/2333 2292/2332 2321/2336
f 2493/1670 2170/1666 642/1667
f 2366/2347 2182/2327 2229/2326
f 2236/2330 2466/2329 2321/2336
f 2494/4942 2496/4943 2495/4944
f 2442/2346 2380/2343 2381/2344
f 2182/2327 2442/2346 2381/2344
f 2371/2345 2365/2341 2442/2346
f 161/1 97/2 87/3
f 161/1 87/3 85/4
f 88/5 87/3 90/6
f 79/134 40/135 21/136
f 161/1 85/4 162/7
f 154/8 149/9 147/10
f 43/11 88/5 90/6
f 92/12 90/6 87/3
f 82/13 85/4 88/5
f 40/135 27/137 21/136
f 88/5 85/4 87/3
f 33/138 37/139 35/140
f 159/14 85/4 82/13
f 108/141 78/142 103/143
f 40/135 34/144 27/137
f 84/15 159/14 82/13
f 173/16 175/17 171/18
f 151/19 156/20 155/21
f 169/22 156/20 233/23
f 237/24 169/22 233/23
f 158/25 163/26 160/27
f 233/510 156/511 232/512
f 236/28 237/24 233/23
f 97/2 167/29 93/30
f 94/31 91/32 92/12
f 90/6 92/12 91/32
f 87/3 97/2 92/12
f 43/11 90/6 91/32
f 91/32 94/31 45/33
f 92/12 93/30 94/31
f 94/31 93/30 96/34
f 45/33 94/31 95/35
f 101/36 96/34 100/37
f 93/30 92/12 97/2
f 94/31 96/34 101/36
f 101/36 102/38 95/35
f 94/31 101/36 95/35
f 101/36 100/37 102/38
f 100/37 109/39 102/38
f 99/40 107/41 109/39
f 99/40 109/39 100/37
f 124/664 125/665 133/666
f 108/141 120/145 78/142
f 33/138 48/146 47/147
f 103/143 111/148 108/141
f 111/148 120/145 108/141
f 116/149 120/145 123/150
f 119/151 120/145 116/149
f 48/146 33/138 35/140
f 116/149 48/146 119/151
f 48/146 35/140 119/151
f 32/152 47/147 53/153
f 53/153 49/154 32/152
f 47/147 48/146 135/155
f 121/156 120/145 111/148
f 118/157 123/150 120/145
f 135/155 132/158 54/159
f 78/142 120/145 119/151
f 116/149 122/160 135/155
f 122/160 116/149 123/150
f 122/160 132/158 135/155
f 122/160 123/150 132/158
f 118/157 117/161 123/150
f 132/158 123/150 117/161
f 135/155 53/153 47/147
f 135/155 48/146 116/149
f 53/153 135/155 54/159
f 38/162 49/154 366/163
f 49/154 38/162 32/152
f 253/684 256/685 254/686
f 253/42 254/43 251/44
f 254/686 260/687 178/688
f 254/686 256/685 260/687
f 183/164 118/157 120/145
f 183/164 120/145 184/165
f 115/166 118/157 183/164
f 75/715 66/716 64/717
f 69/725 73/726 63/727
f 73/726 1/728 63/727
f 71/730 86/731 67/732
f 77/718 64/717 66/716
f 73/726 76/729 1/728
f 75/715 64/717 42/719
f 74/733 86/731 71/730
f 163/26 167/29 152/45
f 210/747 209/748 207/749
f 2192/750 210/747 207/749
f 171/18 249/46 244/47
f 251/44 254/43 178/48
f 247/49 171/18 244/47
f 171/18 178/48 173/16
f 249/46 164/50 244/47
f 251/44 178/48 247/49
f 178/48 171/18 247/49
f 248/51 247/49 244/47
f 175/17 177/52 176/53
f 177/52 99/40 176/53
f 175/17 173/16 177/52
f 180/54 99/40 100/37
f 112/55 109/39 107/41
f 99/40 180/54 176/53
f 171/18 175/17 165/56
f 184/165 120/145 121/156
f 175/17 176/53 180/54
f 107/41 99/40 177/52
f 175/17 180/54 165/56
f 249/46 165/56 164/50
f 243/57 164/50 237/24
f 165/56 249/46 171/18
f 244/47 164/50 243/57
f 164/50 165/56 168/58
f 241/59 237/24 164/50
f 150/60 158/25 157/61
f 165/56 180/54 170/62
f 96/34 170/62 100/37
f 167/29 97/2 152/45
f 237/813 236/814 238/815
f 164/50 168/58 241/59
f 180/54 100/37 170/62
f 170/62 168/58 166/63
f 170/62 167/29 168/58
f 169/22 163/26 158/25
f 167/29 170/62 96/34
f 237/24 241/59 169/22
f 169/22 241/59 163/26
f 163/26 152/45 160/27
f 158/25 156/20 169/22
f 160/27 157/61 158/25
f 168/58 167/29 163/26
f 96/34 93/30 167/29
f 97/2 161/1 152/45
f 241/59 168/58 163/26
f 156/20 158/25 155/21
f 28/167 29/168 25/169
f 34/144 37/139 25/169
f 25/169 37/139 39/170
f 29/168 34/144 25/169
f 33/138 38/162 37/139
f 39/170 38/162 366/163
f 38/162 39/170 37/139
f 150/60 159/14 149/9
f 159/14 161/1 162/7
f 161/1 159/14 152/45
f 38/162 33/138 32/152
f 34/144 29/168 27/137
f 35/140 37/139 34/144
f 14/171 80/172 22/173
f 14/171 11/174 80/172
f 22/173 31/175 30/176
f 23/835 26/836 17/837
f 11/174 14/171 10/177
f 26/178 30/176 27/137
f 79/134 31/175 22/173
f 80/172 79/134 22/173
f 27/137 31/175 21/136
f 30/176 26/178 22/173
f 31/175 27/137 30/176
f 24/841 23/842 17/843
f 31/175 79/134 21/136
f 114/179 79/134 80/172
f 103/143 79/134 114/179
f 26/178 27/137 29/168
f 291/847 2426/848 372/849
f 159/14 150/60 157/61
f 162/7 85/4 159/14
f 158/25 150/60 155/21
f 84/15 149/9 159/14
f 34/144 36/180 35/140
f 32/152 33/138 47/147
f 157/61 152/45 159/14
f 119/151 35/140 36/180
f 84/15 147/10 149/9
f 34/144 40/135 36/180
f 78/142 119/151 40/135
f 79/134 78/142 40/135
f 103/143 78/142 79/134
f 119/151 36/180 40/135
f 235/858 300/859 299/860
f 308/871 235/872 299/873
f 299/873 310/874 308/871
f 251/44 247/49 248/51
f 231/882 281/883 282/884
f 153/64 155/21 154/8
f 153/64 151/19 155/21
f 149/9 154/8 150/60
f 150/60 154/8 155/21
f 605/1195 582/1196 591/1197
f 611/1198 582/1196 605/1195
f 605/1195 574/1199 611/1198
f 609/1200 605/1195 592/1201
f 612/1202 609/1200 590/1203
f 607/1245 588/1246 601/1247
f 574/1199 609/1200 612/1202
f 609/1200 574/1199 605/1195
f 607/1245 612/1248 590/1249
f 613/1204 590/1203 609/1200
f 594/1250 589/1251 607/1245
f 607/1245 589/1251 588/1246
f 447/1253 445/1254 443/1255
f 590/1249 594/1250 607/1245
f 447/1253 443/1255 431/1256
f 452/1406 389/1407 391/1408
f 426/1257 443/1255 445/1254
f 389/1407 387/1409 388/1410
f 600/1252 594/1250 590/1249
f 387/1409 400/1411 388/1410
f 457/1412 453/1413 452/1406
f 457/1412 1932/1414 453/1413
f 399/1415 387/1409 403/1416
f 387/1409 405/1417 403/1416
f 452/1406 402/1418 389/1407
f 405/1417 389/1407 402/1418
f 453/1413 1937/1419 458/1420
f 387/1409 399/1415 400/1411
f 402/1418 453/1413 458/1420
f 389/1407 405/1417 387/1409
f 1937/1419 453/1413 1936/1421
f 402/1418 458/1420 405/1417
f 395/1422 403/1416 401/1423
f 401/1423 406/1424 455/1425
f 406/1424 458/1420 1937/1419
f 395/1422 394/1426 385/1427
f 406/1424 456/1428 455/1425
f 405/1417 406/1424 403/1416
f 1937/1419 456/1428 406/1424
f 406/1424 401/1423 403/1416
f 394/1426 395/1422 396/1429
f 403/1416 385/1427 399/1415
f 405/1417 458/1420 406/1424
f 434/1430 396/1429 454/1431
f 385/1427 403/1416 395/1422
f 454/1431 455/1425 456/1428
f 396/1429 425/1432 394/1426
f 436/1433 434/1430 1950/1434
f 401/1423 455/1425 454/1431
f 459/1435 454/1431 456/1428
f 395/1422 401/1423 396/1429
f 434/1430 454/1431 1943/1436
f 392/1437 425/1432 435/1438
f 396/1429 401/1423 454/1431
f 434/1430 436/1433 435/1438
f 1950/1434 434/1430 1943/1436
f 425/1432 396/1429 435/1438
f 434/1430 435/1438 396/1429
f 435/1438 433/1439 392/1437
f 454/1431 459/1435 1943/1436
f 1749/1258 445/1254 444/1259
f 445/1254 447/1253 444/1259
f 446/1440 392/1437 433/1439
f 535/1260 532/1261 537/1262
f 432/1263 1263/1264 537/1262
f 388/1410 391/1408 389/1407
f 452/1551 391/1552 451/1553
f 451/1553 457/1554 452/1551
f 1928/1441 1932/1414 457/1412
f 1881/1265 432/1263 441/1266
f 441/1266 429/1267 1881/1265
f 443/1255 1881/1265 429/1267
f 533/1268 532/1261 535/1260
f 537/1262 532/1261 531/1269
f 537/1262 531/1269 529/1270
f 529/1270 442/1271 432/1263
f 432/1263 537/1262 529/1270
f 432/1263 442/1271 441/1266
f 431/1256 443/1255 429/1267
f 613/1204 560/1205 590/1203
f 592/1201 613/1204 609/1200
f 592/1201 598/1206 613/1204
f 596/1559 598/1560 599/1561
f 650/1583 614/1584 651/1585
f 543/1623 482/1624 2439/1625
f 543/1646 546/1647 481/1648
f 484/1207 471/1208 561/1209
f 473/1210 484/1207 561/1209
f 417/1655 386/1656 449/1657
f 419/1658 417/1655 449/1657
f 468/1211 471/1208 484/1207
f 468/1211 563/1212 471/1208
f 471/1208 563/1212 561/1209
f 468/1211 554/1213 563/1212
f 550/1214 551/1215 562/1216
f 550/1214 561/1209 563/1212
f 552/1217 603/1218 557/1219
f 552/1217 553/1220 550/1214
f 551/1215 550/1214 553/1220
f 551/1215 565/1221 556/1222
f 564/1223 556/1222 565/1221
f 563/1212 554/1213 600/1224
f 552/1217 550/1214 563/1212
f 567/1225 564/1223 565/1221
f 553/1220 552/1217 557/1219
f 600/1224 552/1217 563/1212
f 557/1219 558/1226 565/1221
f 558/1226 557/1219 560/1205
f 600/1224 603/1218 552/1217
f 560/1205 557/1219 603/1218
f 560/1205 613/1204 558/1226
f 564/1223 555/1227 559/1228
f 557/1219 565/1221 553/1220
f 560/1205 603/1218 590/1203
f 567/1225 555/1227 564/1223
f 590/1203 603/1218 600/1224
f 549/1229 548/1230 559/1228
f 593/1231 558/1226 598/1206
f 549/1229 555/1227 593/1231
f 559/1228 555/1227 549/1229
f 598/1206 558/1226 613/1204
f 558/1226 593/1231 555/1227
f 2418/1715 2416/1716 2338/1717
f 673/1750 677/1751 2347/1752
f 2416/1753 671/1754 2338/1755
f 677/1751 673/1750 671/1754
f 682/1803 675/1804 690/1805
f 683/1806 682/1803 690/1805
f 692/1812 689/1813 691/1814
f 691/1815 686/1816 687/1817
f 1202/1821 1222/1822 1217/1823
f 1222/1822 1248/1824 1217/1823
f 1211/1959 1229/1960 1239/1961
f 1209/1962 1211/1959 1239/1961
f 1199/1963 1209/1962 1239/1961
f 947/2059 943/2060 934/2061
f 934/2061 940/2062 942/2063
f 761/2145 762/2146 770/2147
f 762/2146 771/2148 770/2147
f 1168/2180 1167/2181 1149/2182
f 706/2349 695/2350 705/2351
f 2014/2352 703/2353 706/2349
f 2014/2352 706/2349 705/2351
f 789/2354 791/2355 802/2356
f 792/2357 791/2355 697/2358
f 704/2359 703/2353 2014/2352
f 704/2359 713/2360 703/2353
f 789/2354 788/2361 697/2358
f 697/2358 713/2360 792/2357
f 792/2357 713/2360 704/2359
f 792/2357 704/2359 787/2362
f 713/2360 708/2363 703/2353
f 710/2364 708/2363 713/2360
f 697/2358 791/2355 789/2354
f 710/2364 711/2365 708/2363
f 716/2408 722/2409 717/2410
f 717/2410 722/2409 726/2411
f 717/2410 726/2411 727/2412
f 711/2413 722/2409 716/2408
f 710/2364 713/2360 697/2358
f 788/2361 781/2366 697/2358
f 710/2364 697/2358 781/2366
f 825/2564 733/2565 741/2566
f 1337/2567 733/2565 825/2564
f 741/2578 838/2579 826/2580
f 741/2578 734/2581 838/2579
f 829/2064 846/2065 827/2066
f 813/2067 925/2068 828/2069
f 828/2069 847/2070 829/2064
f 846/2065 829/2064 847/2070
f 924/2071 828/2069 925/2068
f 845/2072 847/2070 828/2069
f 844/2073 828/2069 924/2071
f 925/2068 959/2074 924/2071
f 844/2073 851/2075 845/2072
f 851/2075 846/2065 845/2072
f 924/2071 955/2076 844/2073
f 844/2073 845/2072 828/2069
f 834/2077 851/2075 850/2078
f 850/2667 851/2668 844/2669
f 955/2076 924/2071 945/2079
f 954/2710 844/2711 955/2712
f 857/2080 1008/2081 988/2082
f 938/2713 954/2710 955/2712
f 1138/2083 1139/2084 937/2085
f 1139/2084 1009/2086 937/2085
f 938/2087 949/2088 936/2089
f 1009/2086 1008/2081 857/2080
f 1008/2081 1009/2086 1139/2084
f 938/2087 936/2089 935/2090
f 857/2080 937/2085 1009/2086
f 835/2091 834/2077 853/2092
f 853/2092 857/2080 855/2093
f 848/2094 853/2092 834/2077
f 855/2093 857/2080 988/2082
f 848/2094 834/2077 850/2078
f 835/2091 858/2095 834/2077
f 858/2095 835/2091 855/2093
f 954/2096 938/2087 960/2097
f 855/2093 835/2091 853/2092
f 857/2080 853/2092 937/2085
f 960/2097 853/2092 848/2094
f 960/2097 937/2085 853/2092
f 935/2090 960/2097 938/2087
f 848/2723 954/2724 960/2725
f 937/2085 935/2090 1138/2083
f 935/2090 937/2085 960/2097
f 992/2774 1018/2775 1010/2776
f 1008/2777 1010/2776 1018/2775
f 1140/2828 1132/2829 1008/2830
f 1130/2832 1133/2833 1140/2834
f 1140/2828 1133/2831 1132/2829
f 1138/2083 1130/2098 1139/2084
f 1139/2835 1130/2832 1140/2834
f 1130/2839 1138/2840 1103/2841
f 976/2850 1188/2851 979/2852
f 1193/2853 1188/2851 976/2850
f 1124/2858 1144/2859 1143/2860
f 1105/2183 1107/2184 1129/2185
f 1128/2186 1129/2185 1107/2184
f 770/2147 771/2148 772/2149
f 964/2955 890/2956 873/2957
f 966/2958 964/2955 873/2957
f 900/2959 896/2960 897/2961
f 817/2099 941/2100 823/2101
f 939/2102 941/2100 817/2099
f 823/2101 822/2103 820/2104
f 958/2105 822/2103 823/2101
f 926/2106 932/2107 805/2108
f 941/2100 958/2105 823/2101
f 941/2100 939/2102 944/2109
f 939/2102 929/2110 944/2109
f 932/2107 939/2102 814/2111
f 805/2108 932/2107 814/2111
f 958/2105 956/2112 822/2103
f 944/2109 958/2105 941/2100
f 932/2107 929/2110 939/2102
f 958/3005 957/3006 956/3007
f 957/2113 958/2105 944/2109
f 926/2106 933/2114 929/2110
f 926/2106 929/2110 932/2107
f 948/2115 956/2112 957/2113
f 946/2116 929/2110 933/2114
f 946/2116 944/2109 929/2110
f 944/2109 946/2116 957/2113
f 933/2114 910/2117 946/2116
f 1201/3018 1248/3019 1151/3020
f 1129/3022 989/3023 1020/3024
f 1105/2183 1129/2185 1020/2187
f 1020/3029 989/3030 994/3031
f 1129/3022 1043/3025 989/3023
f 1198/2188 1043/2189 1129/2185
f 1248/3019 1145/3021 1151/3020
f 1019/3032 994/3031 989/3030
f 1129/2185 1128/2186 1198/2188
f 1128/2186 1255/2190 1198/2188
f 1198/2188 1197/2191 1043/2189
f 1255/2190 1128/2186 1131/2192
f 1044/2193 1043/2189 1197/2191
f 1182/3033 1181/3034 1174/3035
f 1196/3037 1197/3038 1198/3039
f 1196/2194 1198/2188 1257/2195
f 1197/2191 1170/2196 1044/2193
f 1198/2188 1255/2190 1257/2195
f 1257/2195 1212/2197 1213/2198
f 1170/2196 1196/2194 1257/2195
f 1256/2199 1212/2197 1255/2190
f 1212/2197 1257/2195 1255/2190
f 1213/2198 1161/2200 1257/2195
f 1207/2201 1213/2198 1212/2197
f 1207/3058 1214/3059 1213/3060
f 1161/2200 1170/2196 1257/2195
f 1236/1825 1202/1821 1217/1823
f 1221/3084 1203/3085 1249/3086
f 1203/3085 1238/3087 1249/3086
f 1255/2190 1131/2192 1137/2202
f 1254/2203 1210/2204 1137/2202
f 1255/2190 1137/2202 1256/2199
f 1134/2205 1254/2203 1137/2202
f 1134/2205 1137/2202 1141/2206
f 1131/2192 1141/2206 1137/2202
f 1126/2207 1141/2206 1131/2192
f 1126/2207 1128/2186 1107/2184
f 1126/2207 1131/2192 1128/2186
f 1088/2208 1126/2207 1124/2209
f 1107/2184 1124/2209 1126/2207
f 787/2362 803/2367 791/2355
f 704/2359 2014/2352 787/2362
f 1992/2368 2014/2352 705/2351
f 791/2355 792/2357 787/2362
f 1168/2180 1170/2196 1161/2200
f 1213/3060 1214/3059 1161/3061
f 1167/2181 1168/2180 1161/2200
f 1156/3123 1151/3124 1166/3125
f 1214/3059 1167/3062 1161/3061
f 803/2367 802/2356 791/2355
f 801/2369 802/2356 761/2370
f 801/2369 760/2371 785/2372
f 801/2369 761/2370 760/2371
f 761/2370 759/2373 760/2371
f 789/2354 802/2356 799/2374
f 768/2375 799/2374 777/2376
f 785/2372 799/2374 802/2356
f 760/2371 777/2376 785/2372
f 802/2356 801/2369 785/2372
f 785/2372 777/2376 799/2374
f 759/2373 777/2376 760/2371
f 788/2361 789/2354 799/2374
f 795/3129 764/3130 788/3131
f 795/2377 788/2361 799/2374
f 795/3129 768/3132 764/3130
f 1103/2118 917/2119 1110/2120
f 917/2119 1111/2121 1110/2120
f 945/2079 959/2074 948/2115
f 948/2115 959/2074 956/2112
f 946/2116 943/2060 957/2113
f 959/2074 945/2079 924/2071
f 948/2115 949/2088 945/2079
f 947/2059 957/2113 943/2060
f 957/2113 947/2059 948/2115
f 949/2088 955/2076 945/2079
f 946/2116 934/2061 943/2060
f 934/2061 946/2116 910/2117
f 949/2088 947/2059 950/2122
f 949/2088 948/2115 947/2059
f 947/2059 934/2061 942/2063
f 920/2123 950/2122 942/2063
f 909/2124 934/2061 910/2117
f 910/2117 912/2125 909/2124
f 909/2124 911/2126 934/2061
f 940/2062 934/2061 911/2126
f 949/2088 950/2122 936/2089
f 909/2124 916/2127 911/2126
f 940/2062 914/2128 942/2063
f 921/2129 914/2128 940/2062
f 911/2126 921/2129 940/2062
f 915/2130 936/2089 950/2122
f 911/2126 916/2127 921/2129
f 916/2127 918/2131 921/2129
f 914/3156 920/3157 942/3158
f 915/2130 950/2122 920/2123
f 1104/2132 1142/2133 1098/2134
f 916/2127 1104/2132 1098/2134
f 918/2131 916/2127 1098/2134
f 918/2131 915/2130 914/2128
f 918/2131 917/2119 915/2130
f 920/2123 914/2128 915/2130
f 936/2089 915/2130 935/2090
f 918/2131 914/2128 921/2129
f 935/2090 917/2119 1103/2118
f 917/2119 1098/2134 1111/2121
f 1098/2134 917/2119 918/2131
f 915/2130 917/2119 935/2090
f 1103/2841 1138/2840 935/2842
f 735/3159 740/3160 739/3161
f 740/3160 1879/3162 739/3161
f 744/3163 745/3164 758/3165
f 790/3170 779/3171 818/3172
f 736/3173 737/3174 752/3175
f 749/3166 758/3165 745/3164
f 925/2068 820/2104 822/2103
f 925/2068 822/2103 956/2112
f 925/2068 813/2067 820/2104
f 761/2370 802/2356 2020/2378
f 761/2145 2020/2150 762/2146
f 1174/3035 1184/3036 1182/3033
f 1428/3348 1434/3349 843/3350
f 1497/3359 1498/3360 1393/3361
f 1405/3425 1400/3426 1396/3427
f 1405/3425 1396/3427 1407/3428
f 1414/3451 1427/3452 1413/3453
f 1641/3543 1642/3544 1643/3545
f 1628/3575 1615/3576 1622/3577
f 1621/3578 1644/3579 1617/3580
f 1621/3582 1648/3583 1639/3584
f 1617/3580 1614/3581 1621/3578
f 1647/3585 1639/3584 1648/3583
f 1627/3597 1653/3598 1632/3599
f 1627/3597 1654/3600 1653/3598
f 1588/3678 1594/3679 1595/3680
f 1720/3681 1725/3682 1719/3683
f 1725/3682 1720/3681 1721/3684
f 1513/3693 1538/3694 1508/3695
f 1488/3696 1484/3697 1505/3698
f 1722/3707 1735/3708 1154/3709
f 1736/3710 2286/3711 1722/3712
f 1722/3713 2168/3714 1710/3715
f 1673/3546 1662/3547 1658/3548
f 1662/3547 1731/3549 1658/3548
f 1667/3776 1656/3777 1669/3778
f 1731/3549 1716/3550 1658/3548
f 1418/3839 1429/3840 1428/3841
f 1711/3551 1701/3552 1661/3553
f 1707/3842 1704/3843 1703/3844
f 1704/3845 1707/3846 1709/3847
f 1703/3554 1715/3555 1714/3556
f 1726/3557 1714/3556 1715/3555
f 1721/3848 1710/3849 1726/3850
f 1707/3558 1703/3554 1714/3556
f 1703/3554 1711/3551 1705/3559
f 1705/3559 1711/3551 1661/3553
f 2201/3716 1708/3717 1713/3718
f 1711/3551 1703/3554 1704/3560
f 1721/3684 1726/3685 1725/3682
f 1726/3557 1715/3555 1702/3561
f 1726/3557 1702/3561 1723/3562
f 1706/3563 1715/3555 1703/3554
f 1660/3564 1705/3559 1661/3553
f 1726/3850 1710/3849 1714/3851
f 1727/3565 1705/3559 1716/3550
f 1706/3563 1703/3554 1705/3559
f 1731/3549 1727/3565 1716/3550
f 1702/3561 1729/3566 1723/3562
f 1705/3559 1660/3564 1716/3550
f 1718/3861 1702/3862 1727/3863
f 1729/3864 1702/3862 1718/3861
f 1705/3559 1727/3565 1706/3563
f 1305/3885 1299/3886 1307/3887
f 1495/3888 1492/3889 1500/3890
f 2197/3719 1708/3717 2201/3716
f 2168/3714 1713/3718 1710/3715
f 1283/1272 1279/1273 1281/1274
f 1640/3567 1664/3568 1642/3544
f 1641/3543 1640/3567 1642/3544
f 1663/3569 1664/3568 1640/3567
f 1640/3567 1641/3543 1665/3570
f 1657/3571 1663/3569 1665/3570
f 1665/3570 1663/3569 1640/3567
f 1645/3572 1656/3573 1665/3570
f 1659/3574 1656/3573 1645/3572
f 1656/3573 1657/3571 1665/3570
f 1657/3571 1660/3564 1663/3569
f 1716/3550 1660/3564 1657/3571
f 1656/3904 1658/3905 1657/3906
f 1716/3907 1657/3906 1658/3905
f 1264/1275 1263/1264 1270/1276
f 1882/1277 1266/1278 1267/1279
f 1264/1275 1270/1276 1347/1280
f 1269/1281 1270/1276 1263/1264
f 1266/1278 1269/1281 1267/1279
f 1269/1281 1263/1264 1267/1279
f 1271/1282 1347/1280 1270/1276
f 1273/1283 1269/1281 1266/1278
f 1268/1284 1270/1276 1269/1281
f 1273/1283 1265/1285 1272/1286
f 1272/1286 1269/1281 1273/1283
f 1265/1285 1275/1287 1272/1286
f 1268/1284 1269/1281 1272/1286
f 1272/1286 1280/1288 1268/1284
f 1280/1288 1272/1286 1278/1289
f 1276/1290 1278/1289 1272/1286
f 1276/1290 1272/1286 1275/1287
f 1276/1290 1277/1291 1278/1289
f 1352/1292 1274/1293 1353/1294
f 1352/1292 1280/1288 1274/1293
f 1280/1288 1278/1289 1274/1293
f 1275/1287 1885/1295 1886/1296
f 1886/1296 1276/1290 1275/1287
f 1276/1290 1886/1296 1281/1274
f 1281/1274 1277/1291 1276/1290
f 1277/1291 1274/1293 1278/1289
f 1277/1291 1281/1274 1279/1273
f 1279/1273 1356/1297 1354/1298
f 1283/1272 1356/1297 1279/1273
f 1279/1273 1274/1293 1277/1291
f 1330/3925 1329/3926 1420/3927
f 1330/3925 1420/3927 1419/3928
f 1420/3927 1421/3929 1419/3928
f 1326/3930 1329/3926 1330/3925
f 1400/3960 1411/3961 1406/3962
f 1411/3961 1397/3963 1406/3962
f 1685/3994 1686/3995 1683/3996
f 1683/3996 1686/3995 1030/3997
f 1330/3925 1327/3931 1328/3932
f 1326/4004 1330/4005 1328/4006
f 1330/3925 1417/3933 1327/3931
f 1417/3933 1408/3934 1327/3931
f 1327/3931 1408/3934 1328/3932
f 1326/4004 1328/4006 1331/4007
f 1336/3351 843/3350 1434/3349
f 1331/4007 1328/4006 1323/4008
f 535/1260 1264/1275 1347/1280
f 1266/1278 1882/1277 1883/1299
f 537/1262 1264/1275 535/1260
f 1882/1277 1267/1279 432/1263
f 1263/1264 432/1263 1267/1279
f 1263/1264 1264/1275 537/1262
f 1347/1280 1346/1300 1345/1301
f 1347/1280 1271/1282 1346/1300
f 1271/1282 1363/1302 1346/1300
f 1363/1302 1345/1301 1346/1300
f 1363/1302 1271/1282 1353/1294
f 1353/1294 1274/1293 1354/1298
f 1279/1273 1354/1298 1274/1293
f 1419/3928 1417/3933 1330/3925
f 1722/3713 2286/3720 2168/3714
f 1265/1285 1750/1303 1887/1304
f 1750/1303 1273/1283 1880/1305
f 1886/1296 1885/1295 1884/1306
f 1750/1303 1880/1305 1745/1307
f 1265/1285 1273/1283 1750/1303
f 1273/1283 1266/1278 1880/1305
f 1884/1306 1887/1304 1752/1308
f 1885/1295 1887/1304 1884/1306
f 1887/1304 1885/1295 1265/1285
f 1887/1304 1750/1303 1748/1309
f 1883/1299 1880/1305 1266/1278
f 1882/1277 426/1257 1883/1299
f 1883/1299 426/1257 1880/1305
f 1846/4096 1842/4097 1845/4098
f 1758/1310 1884/1306 1754/1311
f 1886/1296 1884/1306 1758/1310
f 1837/4105 1868/4106 1909/4107
f 1754/1311 1884/1306 1752/1308
f 1756/1312 1754/1311 1752/1308
f 1781/4108 1742/4109 1782/4110
f 1781/4108 1782/4110 1778/4111
f 1768/1313 1759/1314 1753/1315
f 1759/1314 1758/1310 1754/1311
f 1754/1311 1753/1315 1759/1314
f 1842/4097 1844/4099 1845/4098
f 1921/4127 1912/4128 1878/4129
f 738/4130 1921/4127 1878/4129
f 1869/4134 1911/4135 1910/4136
f 1869/4134 1910/4136 1909/4137
f 1918/4138 1838/4139 1840/4140
f 1320/4157 1900/4158 1902/4159
f 1753/1315 1754/1311 1756/1312
f 1746/1316 1748/1309 1745/1307
f 1748/1309 1752/1308 1887/1304
f 1752/1308 1748/1309 1751/1317
f 1751/1317 1748/1309 1746/1316
f 1756/1312 1752/1308 1751/1317
f 1740/1318 1751/1317 1746/1316
f 1750/1303 1745/1307 1748/1309
f 1741/1319 1740/1318 1746/1316
f 1745/1307 1880/1305 1744/1320
f 1744/1320 1746/1316 1745/1307
f 1743/1321 1749/1258 1741/1319
f 1880/1305 426/1257 1744/1320
f 1744/1320 1743/1321 1746/1316
f 1746/1316 1743/1321 1741/1319
f 426/1257 445/1254 1743/1321
f 1275/1287 1265/1285 1885/1295
f 1749/1258 1743/1321 445/1254
f 426/1257 1881/1265 443/1255
f 426/1257 1743/1321 1744/1320
f 1834/4160 1833/4161 1836/4162
f 2094/2151 2098/2152 2007/2153
f 2003/2154 2000/2155 2007/2153
f 2094/2151 2007/2153 1999/2156
f 2094/2151 1999/2156 2095/2157
f 2052/4209 2050/4210 2051/4211
f 2063/2379 1974/2380 1985/2381
f 1994/2382 1986/2383 1985/2381
f 1974/2380 1989/2384 1985/2381
f 1985/2381 1989/2384 1994/2382
f 1930/1442 1929/1443 1931/1444
f 2033/1445 2032/1446 2029/1447
f 1928/1441 1929/1443 1932/1414
f 2033/1445 2029/1447 2023/1448
f 1929/1443 2023/1448 1931/1444
f 2032/1446 2039/1449 2029/1447
f 2116/4258 448/4259 664/4260
f 1951/4261 1973/4262 1960/4263
f 1962/1450 1957/1451 1963/1452
f 2108/2158 2107/2159 2109/2160
f 2107/2159 762/2146 2109/2160
f 2112/2161 2107/2159 2110/2162
f 1949/1453 1948/1454 1963/1452
f 2108/2158 2021/2163 2110/2162
f 762/2146 2107/2159 771/2148
f 2110/2162 2107/2159 2108/2158
f 1942/1455 1958/1456 1953/1457
f 1963/1452 1957/1451 1940/1458
f 2100/2164 2102/2165 2105/2166
f 1950/4273 1953/4274 1955/4275
f 1950/1434 1942/1455 1953/1457
f 1942/1455 1950/1434 1943/1436
f 1942/1455 1949/1453 1940/1458
f 1943/1436 1944/1459 1942/1455
f 1949/1453 1963/1452 1940/1458
f 2106/181 2099/182 55/183
f 2112/2161 2110/2162 2113/2167
f 2110/2162 2021/2163 2104/2168
f 2105/2166 2110/2162 2104/2168
f 2113/2167 2105/2166 2102/2165
f 2113/2167 2102/2165 2099/2169
f 1940/1458 1958/1456 1942/1455
f 1957/1451 1958/1456 1940/1458
f 2098/2152 2102/2165 2100/2164
f 1933/1460 1935/1461 1930/1442
f 1943/1436 459/1435 1944/1459
f 1930/1442 2029/1447 2039/1449
f 459/1435 1937/1419 1939/1462
f 1932/1414 1930/1442 1936/1421
f 2039/1449 1938/1463 1933/1460
f 1936/1421 1930/1442 1935/1461
f 1933/1460 1930/1442 2039/1449
f 1930/1442 1932/1414 1929/1443
f 1946/1464 1941/1465 1934/1466
f 1941/1465 1939/1462 1937/1419
f 1936/1421 1935/1461 1941/1465
f 1938/1463 1934/1466 1933/1460
f 1934/1466 1941/1465 1935/1461
f 1939/1462 1946/1464 1945/1467
f 1947/1468 1946/1464 1934/1466
f 1938/1463 1968/1469 1934/1466
f 1945/1467 1946/1464 1947/1468
f 1944/1459 1939/1462 1945/1467
f 1933/1460 1934/1466 1935/1461
f 1948/1454 1945/1467 1947/1468
f 1941/1465 1946/1464 1939/1462
f 1968/1469 1948/1454 1947/1468
f 459/1435 1939/1462 1944/1459
f 2129/4358 2222/4359 2128/4360
f 1944/1459 1945/1467 1949/1453
f 1949/1453 1945/1467 1948/1454
f 25/169 2087/184 28/167
f 1942/1455 1944/1459 1949/1453
f 2129/4358 2132/4361 2222/4359
f 25/169 2133/185 2087/184
f 39/170 2093/186 2133/185
f 25/169 39/170 2133/185
f 2095/2157 1999/2156 2088/2170
f 2103/187 2093/186 366/163
f 2095/2157 2088/2170 2097/2171
f 456/1428 1937/1419 459/1435
f 1941/1465 1937/1419 1936/1421
f 2101/2172 2102/2165 2098/2152
f 2097/2171 2103/2173 2101/2172
f 2093/2174 2103/2173 2097/2171
f 453/1413 1932/1414 1936/1421
f 2101/2172 2095/2157 2097/2171
f 2093/186 39/170 366/163
f 2101/2172 2098/2152 2095/2157
f 2098/2152 2094/2151 2095/2157
f 2050/4210 1961/4212 2051/4211
f 2032/4411 2048/4412 2039/4413
f 55/183 2099/182 366/163
f 2103/187 366/163 2099/182
f 2099/2169 2102/2165 2103/2173
f 2101/2172 2103/2173 2102/2165
f 49/154 55/183 366/163
f 2045/4414 2048/4412 2032/4411
f 2032/4411 2038/4415 2045/4414
f 2120/4416 2030/4417 2035/4418
f 1995/4431 1998/4432 1993/4433
f 2045/4414 2038/4415 2030/4417
f 2030/4417 2120/4416 2045/4414
f 2030/4417 2038/4415 2035/4418
f 2001/2385 2077/2386 2006/2387
f 1994/2382 1989/2384 1990/2388
f 2001/2385 1990/2388 2077/2386
f 1991/2389 2001/2385 1993/2390
f 2010/2175 2003/2154 2022/2176
f 2002/2391 2010/2392 2004/2393
f 1991/2389 1994/2382 1990/2388
f 2006/2387 2004/2393 2008/2394
f 2001/2385 2008/2394 1996/2395
f 2001/2385 1995/2396 1993/2390
f 1991/2389 1990/2388 2001/2385
f 2003/2154 2010/2175 2002/2177
f 2002/2391 2006/2387 2005/2397
f 2001/2385 1996/2395 1995/2396
f 2010/2392 2012/2398 2004/2393
f 2017/2399 1996/2395 2008/2394
f 2008/2394 2001/2385 2006/2387
f 2012/2398 2008/2394 2004/2393
f 2002/2391 2004/2393 2006/2387
f 2100/2164 2007/2153 2098/2152
f 1996/2395 2017/2399 1992/2368
f 2011/4437 2012/4438 2010/4439
f 1992/2368 705/2351 1996/2395
f 2013/2400 2016/2401 2015/2402
f 695/2350 1995/2396 1996/2395
f 2017/2399 2008/2394 2012/2398
f 2016/2401 2013/2400 2018/2403
f 2013/2400 2012/2398 2011/2404
f 803/2367 787/2362 2016/2401
f 2013/2400 2015/2402 2017/2399
f 2017/2399 2012/2398 2013/2400
f 2018/2403 2013/2400 2011/2404
f 803/2367 2016/2401 2018/2403
f 695/2350 1996/2395 705/2351
f 2014/2352 2016/2401 787/2362
f 2017/2399 2015/2402 1992/2368
f 2015/2402 2014/2352 1992/2368
f 2014/2352 2015/2402 2016/2401
f 2054/4469 2071/4470 2076/4471
f 2068/4472 2058/4473 2069/4474
f 2077/2386 2005/2397 2006/2387
f 2022/2405 2009/2406 2011/2404
f 2104/2168 2007/2153 2100/2164
f 2022/2176 2003/2154 2104/2168
f 2109/2160 2019/2178 2021/2163
f 2022/4440 2011/4437 2010/4439
f 2019/2178 2009/2179 2021/2163
f 2009/2406 2019/2407 2018/2403
f 2104/2168 2003/2154 2007/2153
f 2009/2179 2022/2176 2021/2163
f 2019/2407 2020/2378 2018/2403
f 2020/2150 2019/2178 2109/2160
f 2011/2404 2009/2406 2018/2403
f 2021/2163 2022/2176 2104/2168
f 762/2146 2020/2150 2109/2160
f 2018/2403 2020/2378 802/2356
f 2109/2160 2021/2163 2108/2158
f 802/2356 803/2367 2018/2403
f 2227/4475 2222/4476 2132/4477
f 2142/1756 2144/1757 2151/1758
f 2144/4478 2501/4479 2138/4480
f 2151/1758 2425/1759 2142/1756
f 2501/4479 2318/4481 2138/4480
f 2144/4478 2142/4482 2501/4479
f 2142/4482 2498/4483 2501/4479
f 2148/4484 2164/4485 2360/4486
f 2140/4487 2148/4484 2341/4488
f 2424/1760 2498/1761 2142/1756
f 2262/4552 2406/4553 2223/4554
f 2166/4573 2159/4574 2215/4575
f 2157/3721 2162/3722 2172/3723
f 2162/3722 2157/3721 2166/3724
f 2157/3721 2168/3714 2287/3725
f 2201/3716 1713/3718 2168/3714
f 2173/4489 2355/4490 2144/4478
f 2172/3723 2175/3726 2168/3714
f 2168/3714 2175/3726 2201/3716
f 2172/3723 2168/3714 2157/3721
f 2138/4480 2318/4481 2173/4489
f 2144/4478 2138/4480 2173/4489
f 2183/4595 2171/4596 2188/4597
f 2229/4598 2183/4595 2188/4597
f 2187/4491 2188/4492 2492/4493
f 2187/4491 2186/4494 2188/4492
f 2184/4605 2189/4606 2492/4607
f 2188/4492 2186/4494 2229/4495
f 2188/4492 2184/4496 2492/4493
f 2376/1762 2198/1763 2200/1764
f 2198/1763 2376/1762 2397/1765
f 2194/1766 2266/1767 2195/1768
f 2266/1767 2196/1769 2199/1770
f 2266/1767 2193/1771 2196/1769
f 2199/1770 2275/1772 2266/1767
f 2198/1763 2397/1765 2396/1773
f 2198/1763 2396/1773 2349/1774
f 2202/3727 2197/3719 2201/3716
f 2193/4612 2198/4613 2196/4614
f 2196/1769 2198/1763 2349/1774
f 2194/1766 2198/1763 2193/1771
f 2193/1771 2266/1767 2194/1766
f 2420/1775 2196/1769 2349/1774
f 2175/3726 2299/3728 2202/3727
f 2361/4497 2343/4498 2358/4499
f 2213/4500 2211/4501 2217/4502
f 2501/4479 2499/4503 2318/4481
f 2162/3722 2175/3726 2172/3723
f 2307/4695 2241/4696 2284/4697
f 2244/4715 2441/4716 2242/4717
f 2239/4698 2307/4695 2335/4699
f 2414/4700 2241/4696 2251/4701
f 2272/4718 2421/4719 2249/4720
f 2239/4698 2251/4701 2241/4696
f 2239/4698 2241/4696 2307/4695
f 2249/4702 2251/4701 2239/4698
f 2249/4739 2421/4740 2251/4741
f 2249/4702 2239/4698 2335/4699
f 2272/4718 2249/4720 2264/4721
f 2256/4742 2254/4743 2406/4744
f 2257/4748 2252/4749 2256/4750
f 2262/4745 2256/4742 2406/4744
f 2252/4749 2257/4748 2258/4751
f 2315/4504 2217/4502 2207/4505
f 2257/4746 2256/4742 2262/4745
f 2266/1767 2267/1776 2364/1777
f 2207/4505 2217/4502 2211/4501
f 2267/1776 2422/1778 2364/1777
f 2422/1778 2267/1776 2496/1779
f 2275/1772 2304/1780 2266/1767
f 2304/1780 2275/1772 2264/1781
f 2335/4722 2269/4723 2264/4721
f 2432/1782 2422/1778 2496/1779
f 2275/4752 2272/4753 2264/4754
f 2364/1777 2195/1768 2266/1767
f 2267/1776 2264/1781 2496/1779
f 2267/1776 2266/1767 2304/1780
f 2199/4755 2272/4753 2275/4752
f 2264/1781 2267/1776 2304/1780
f 2401/4776 2288/4777 2285/4778
f 2168/3714 2286/3720 2287/3725
f 2286/4779 2281/4780 2287/4781
f 2296/3729 2291/3730 2297/3731
f 2281/4780 2286/4779 1736/4782
f 2291/3730 2206/3732 2295/3733
f 2175/3726 2162/3722 2299/3728
f 2162/3722 2297/3731 2291/3730
f 2299/3728 2162/3722 2291/3730
f 2305/4783 2301/4784 2279/4785
f 2295/3733 2299/3728 2291/3730
f 2206/3732 2291/3730 2296/3729
f 2302/4724 2269/4723 2335/4722
f 2305/4783 2279/4785 287/4786
f 2268/4506 2213/4500 2217/4502
f 2284/4799 2308/4800 2307/4801
f 2268/4506 2217/4502 2460/4507
f 2386/4508 2313/4509 2309/4510
f 2302/4703 2335/4699 2480/4704
f 2463/4511 2315/4504 2317/4512
f 2313/4509 2386/4508 2312/4513
f 2310/4514 2317/4512 2315/4504
f 2315/4504 2460/4507 2217/4502
f 2314/4515 2317/4512 2310/4514
f 2318/4481 2463/4511 2317/4512
f 2314/4515 2318/4481 2317/4512
f 2249/4720 2335/4722 2264/4721
f 2502/4516 2324/4517 2320/4518
f 2314/4515 2173/4489 2318/4481
f 2312/4513 2320/4518 2340/4519
f 2371/4520 2320/4518 2312/4513
f 2340/4519 2314/4515 2312/4513
f 2320/4518 2324/4517 2340/4519
f 2340/4519 2342/4521 2314/4515
f 2341/4488 2319/4522 2346/4523
f 2324/4517 2319/4522 2340/4519
f 2340/4519 2319/4522 2342/4521
f 2314/4515 2342/4521 2173/4489
f 2324/4517 2346/4523 2319/4522
f 2341/4488 2342/4521 2319/4522
f 2355/4490 2173/4489 2342/4521
f 2175/3726 2202/3727 2201/3716
f 2354/1783 2420/1775 2349/1774
f 2342/4521 2353/4524 2355/4490
f 2355/4490 2353/4524 2361/4497
f 2358/1784 2356/1785 2357/1786
f 2376/1762 2194/1766 2359/1787
f 2359/1787 2195/1768 2356/1785
f 2360/4486 2361/4497 2353/4524
f 2359/1787 2378/1788 2376/1762
f 2358/1784 2357/1786 2363/1789
f 2360/4486 2343/4498 2361/4497
f 2186/4494 2187/4491 2502/4516
f 2353/4524 2342/4521 2341/4488
f 2200/1764 2194/1766 2376/1762
f 2355/1790 2151/1758 2144/1757
f 2320/4518 2366/4525 2502/4516
f 2151/1758 2355/1790 2363/1789
f 2194/1766 2195/1768 2359/1787
f 2363/1789 2357/1786 2151/1758
f 2362/4838 2211/4839 2213/4840
f 2353/4524 2341/4488 2360/4486
f 2309/4510 2372/4526 2386/4508
f 2362/4838 2372/4841 2211/4839
f 2211/4501 2372/4526 2309/4510
f 2399/4842 2378/4843 2379/4844
f 2376/1762 2399/1791 2397/1765
f 2378/4843 2399/4842 2376/4845
f 2358/4499 2343/4498 2375/4527
f 2375/4527 2378/4528 2358/4499
f 2387/4851 2385/4852 2383/4853
f 2350/4854 2409/4855 2390/4856
f 2407/4882 2406/4883 2404/4884
f 2418/1715 2338/1717 2421/1718
f 2403/4747 2406/4744 2254/4743
f 2420/1775 2416/1753 2418/1792
f 2416/1753 2352/1793 677/1751
f 2416/1753 2354/1783 2352/1793
f 2424/1760 2425/1759 2422/1778
f 2424/1760 2435/1794 2147/1795
f 2422/1778 2425/1759 2423/1796
f 2422/1778 2432/1782 2435/1794
f 2195/1768 2364/1777 2422/1778
f 677/1751 671/1754 2416/1753
f 2422/1778 2423/1796 2195/1768
f 2425/1759 2356/1785 2423/1796
f 2354/1783 2416/1753 2420/1775
f 2195/1768 2423/1796 2356/1785
f 2357/1786 2356/1785 2425/1759
f 2424/1760 2422/1778 2435/1794
f 2357/1786 2425/1759 2151/1758
f 2312/4513 2386/4508 2371/4520
f 2425/1759 2424/1760 2142/1756
f 2207/4505 2310/4514 2315/4504
f 2498/1761 2424/1760 2147/1795
f 2414/4895 2220/4896 2428/4897
f 2189/4898 2426/4899 2273/4900
f 2432/1782 2430/1797 2435/1794
f 2436/4725 2437/4726 661/4727
f 2494/1798 2495/1799 2437/1800
f 2432/1782 2436/1801 2430/1797
f 2436/1801 2494/1798 2437/1800
f 2164/4485 2343/4498 2360/4486
f 2148/4484 2360/4486 2341/4488
f 2366/4525 2320/4518 2371/4520
f 2324/4517 2502/4516 2187/4491
f 2379/4920 226/4921 2452/4922
f 2456/4923 2457/4924 2455/4925
f 2457/4924 2456/4923 2463/4926
f 2463/4511 2318/4481 2457/4529
f 2463/4511 2460/4507 2315/4504
f 2460/4507 2463/4511 2456/4530
f 2458/4531 2460/4507 2456/4530
f 2318/4481 2499/4503 2457/4529
f 2458/4531 2268/4506 2460/4507
f 661/4727 2437/4726 2468/4728
f 2468/4728 2437/4726 2493/4729
f 2480/4704 2335/4699 2307/4695
f 2477/4933 2348/4934 2476/4935
f 2185/4532 2148/4484 2140/4487
f 2279/4785 2301/4784 2489/4787
f 2341/4488 2346/4523 2140/4487
f 2301/4533 2346/4523 2489/4534
f 2489/4534 2346/4523 2488/4535
f 2488/4535 2324/4517 2187/4491
f 2270/4788 2189/4789 2273/4790
f 2489/4787 2270/4788 2279/4785
f 2346/4523 2324/4517 2488/4535
f 2270/4788 2489/4787 2189/4789
f 2490/4730 2495/4731 2491/4732
f 2488/4535 2189/4536 2489/4534
f 2491/4936 2480/4937 2490/4938
f 2492/4493 2488/4535 2187/4491
f 2495/4731 2496/4733 2269/4723
f 2493/4729 2495/4731 2490/4730
f 2189/4606 2488/4608 2492/4607
f 2302/4724 2491/4732 2269/4723
f 2269/4723 2491/4732 2495/4731
f 2432/1782 2494/1798 2436/1801
f 2496/1779 2494/1798 2432/1782
f 2493/4729 2437/4726 2495/4731
f 2447/4945 2388/4946 2474/4947
f 2199/1770 2418/1792 2272/1802
f 2420/1775 2199/1770 2196/1769
f 2420/1775 2418/1792 2199/1770
f 43/65 44/66 3/67
f 44/66 43/65 91/68
f 41/69 43/65 3/67
f 315/197 285/198 297/199
f 84/266 67/267 86/268
f 2163/200 296/201 2161/202
f 285/198 349/203 297/199
f 67/267 84/266 82/269
f 350/204 297/199 349/203
f 286/205 285/198 315/197
f 350/204 325/206 297/199
f 347/207 355/208 354/209
f 349/203 285/198 292/210
f 349/203 292/210 293/211
f 293/211 372/212 296/201
f 360/213 346/214 354/209
f 2431/215 296/201 372/212
f 296/201 2163/200 293/211
f 293/211 2163/200 349/203
f 293/211 291/216 372/212
f 293/211 292/210 291/216
f 2431/215 372/212 2426/217
f 347/207 345/218 353/219
f 325/206 350/204 344/220
f 354/209 346/214 347/207
f 355/208 347/207 353/219
f 344/220 350/204 345/218
f 351/221 348/222 2163/200
f 347/207 346/214 345/218
f 345/218 348/222 353/219
f 345/218 349/203 348/222
f 328/223 326/224 336/225
f 325/206 314/226 315/197
f 317/227 336/225 326/224
f 344/220 345/218 346/214
f 325/206 313/228 314/226
f 345/218 350/204 349/203
f 348/222 351/221 353/219
f 313/228 317/227 314/226
f 313/228 323/229 317/227
f 349/203 2163/200 348/222
f 314/226 317/227 312/230
f 316/231 315/197 314/226
f 294/232 315/197 316/231
f 304/233 316/231 322/234
f 311/235 306/236 322/234
f 312/230 316/231 314/226
f 301/237 304/233 322/234
f 322/234 316/231 312/230
f 46/70 44/66 91/68
f 46/70 12/71 44/66
f 91/68 45/72 46/70
f 46/70 98/73 12/71
f 45/72 95/74 89/75
f 106/76 80/77 98/73
f 114/78 80/77 106/76
f 45/72 89/75 46/70
f 95/74 104/79 89/75
f 98/73 80/77 12/71
f 98/73 46/70 89/75
f 104/79 106/76 89/75
f 106/76 98/73 89/75
f 62/270 77/271 70/272
f 72/273 62/270 70/272
f 71/274 72/273 667/275
f 62/270 67/267 64/276
f 67/267 62/270 71/274
f 64/276 77/271 62/270
f 66/277 70/272 77/271
f 71/274 62/270 72/273
f 2/80 4/81 76/82
f 1/83 76/82 4/81
f 75/84 41/69 2/80
f 41/69 3/67 2/80
f 4/81 2391/85 1/83
f 9/86 3/67 44/66
f 9/86 7/87 2/80
f 4/81 6/88 2391/85
f 7/87 4/81 2/80
f 2139/278 2351/279 665/280
f 9/86 2/80 3/67
f 143/281 667/275 676/282
f 148/283 665/280 2351/279
f 144/284 665/280 148/283
f 143/281 676/282 144/284
f 143/281 74/285 667/275
f 144/284 676/282 665/280
f 148/283 146/286 144/284
f 154/287 74/285 143/281
f 154/287 143/281 144/284
f 144/284 153/288 154/287
f 153/288 144/284 145/289
f 86/268 74/285 147/290
f 363/238 325/206 344/220
f 356/239 324/240 325/206
f 325/206 363/238 356/239
f 147/290 84/266 86/268
f 363/238 344/220 346/214
f 313/228 325/206 324/240
f 359/241 356/239 363/238
f 356/239 359/241 324/240
f 358/242 328/223 336/225
f 358/242 323/229 324/240
f 324/240 359/241 358/242
f 357/243 359/241 363/238
f 358/242 357/243 361/244
f 358/242 359/241 357/243
f 360/213 363/238 346/214
f 365/760 364/761 341/762
f 343/763 341/762 1199/764
f 1199/764 341/762 364/761
f 294/232 304/233 284/245
f 294/232 316/231 304/233
f 301/237 305/246 304/233
f 322/234 306/236 301/237
f 304/233 305/246 303/247
f 304/233 303/247 284/245
f 342/765 339/766 327/767
f 339/766 274/768 327/767
f 1205/769 339/766 342/765
f 342/765 340/770 1205/769
f 343/763 340/770 342/765
f 5/89 4/81 7/87
f 5/89 367/90 6/88
f 10/91 7/87 9/86
f 10/91 8/92 13/93
f 15/94 367/90 24/95
f 12/71 8/92 44/66
f 5/89 10/91 14/96
f 9/86 8/92 10/91
f 367/90 16/97 24/95
f 6/88 367/90 15/94
f 7/87 10/91 5/89
f 44/66 8/92 9/86
f 6/88 4/81 5/89
f 12/71 11/98 13/93
f 14/96 367/90 5/89
f 16/97 367/90 14/96
f 11/98 12/71 80/77
f 23/99 16/97 14/96
f 23/99 14/96 22/100
f 22/100 26/101 23/99
f 23/99 24/95 16/97
f 20/102 2243/103 18/104
f 29/105 18/104 26/101
f 24/95 17/106 2445/107
f 19/108 26/101 18/104
f 19/108 2243/103 17/106
f 287/248 279/249 289/250
f 287/248 2279/251 279/249
f 19/108 18/104 2243/103
f 17/106 26/101 19/108
f 289/250 279/249 2274/252
f 289/250 2274/252 2306/253
f 289/250 2306/253 291/216
f 288/254 287/248 289/250
f 295/255 282/256 281/257
f 295/255 281/257 288/254
f 2306/253 2426/217 291/216
f 288/254 281/257 287/248
f 284/245 303/247 295/255
f 292/210 290/258 291/216
f 294/232 284/245 295/255
f 294/232 292/210 286/205
f 294/232 288/254 290/258
f 295/255 288/254 294/232
f 291/216 290/258 289/250
f 286/205 315/197 294/232
f 294/232 290/258 292/210
f 285/198 286/205 292/210
f 315/197 297/199 325/206
f 317/227 323/229 336/225
f 313/228 324/240 323/229
f 295/255 303/247 282/256
f 147/290 74/285 154/287
f 514/1092 510/1093 502/1094
f 502/1094 495/1095 507/1096
f 606/1097 608/1098 604/1099
f 586/1100 604/1099 583/1101
f 604/1099 634/1102 583/1101
f 591/1143 570/1144 585/1145
f 568/1146 585/1145 570/1144
f 503/1103 514/1092 519/1104
f 510/1093 489/1105 502/1094
f 585/1145 605/1147 591/1143
f 585/1145 568/1146 584/1148
f 606/1097 604/1099 586/1100
f 586/1100 610/1106 601/1107
f 586/1100 601/1107 606/1097
f 586/1100 583/1101 610/1106
f 510/1093 491/1108 489/1105
f 489/1105 491/1108 488/1109
f 585/1145 584/1148 605/1147
f 514/1092 502/1094 519/1104
f 608/1098 601/1107 491/1108
f 488/1109 491/1108 588/1110
f 610/1106 587/1111 601/1107
f 601/1107 608/1098 606/1097
f 607/1112 601/1107 587/1111
f 491/1108 601/1107 588/1110
f 502/1094 507/1096 519/1104
f 476/1113 462/1114 493/1115
f 475/1116 476/1113 493/1115
f 474/1117 476/1113 475/1116
f 474/1117 475/1116 463/1118
f 463/1118 475/1116 487/1119
f 506/1120 493/1115 462/1114
f 475/1116 493/1115 498/1121
f 501/1122 515/1123 475/1116
f 492/1124 467/1125 505/1126
f 505/1126 467/1125 515/1123
f 515/1123 467/1125 487/1119
f 475/1116 515/1123 487/1119
f 504/1127 498/1121 506/1120
f 506/1120 498/1121 493/1115
f 500/1128 475/1116 498/1121
f 488/1109 492/1124 505/1126
f 489/1105 515/1123 495/1095
f 588/1110 589/1129 492/1124
f 515/1123 489/1105 505/1126
f 495/1095 502/1094 489/1105
f 488/1109 505/1126 489/1105
f 488/1109 588/1110 492/1124
f 494/1130 604/1099 608/1098
f 515/1123 501/1122 495/1095
f 491/1108 508/1131 608/1098
f 608/1098 536/1132 494/1130
f 496/1133 536/1132 608/1098
f 536/1132 496/1133 499/1134
f 598/1149 592/1150 599/1151
f 602/1152 599/1151 577/1153
f 592/1150 577/1153 599/1151
f 596/1154 651/1155 595/1156
f 651/1155 596/1154 602/1152
f 595/1156 614/1157 645/1158
f 614/1157 663/1159 645/1158
f 605/1147 584/1148 592/1150
f 592/1150 584/1148 577/1153
f 602/1152 577/1153 569/1160
f 602/1152 569/1160 572/1161
f 572/1161 650/1162 651/1155
f 602/1152 572/1161 651/1155
f 650/1162 572/1161 653/1163
f 650/1162 2263/1164 652/1165
f 652/1165 614/1157 650/1162
f 584/1148 571/1166 577/1153
f 584/1148 568/1146 571/1166
f 577/1153 571/1166 569/1160
f 2263/1164 650/1162 653/1163
f 572/1161 569/1160 571/1166
f 572/1161 571/1166 597/1167
f 572/1161 597/1167 647/1168
f 646/1169 2265/1170 2263/1164
f 2263/1164 653/1163 646/1169
f 568/1146 597/1167 571/1166
f 649/1171 647/1168 597/1167
f 647/1168 649/1171 646/1169
f 497/1135 496/1133 608/1098
f 499/1134 496/1133 497/1135
f 499/1134 516/1136 528/1137
f 508/1131 497/1135 608/1098
f 491/1108 510/1093 508/1131
f 497/1135 516/1136 499/1134
f 516/1136 497/1135 503/1103
f 503/1103 497/1135 508/1131
f 508/1131 510/1093 503/1103
f 519/1104 516/1136 503/1103
f 593/1172 595/1156 549/1173
f 595/1156 645/1158 549/1173
f 510/1093 514/1092 503/1103
f 501/1122 475/1116 500/1128
f 662/1174 645/1158 663/1159
f 660/1175 2177/1176 661/1177
f 661/1177 548/1178 660/1175
f 548/1178 549/1173 660/1175
f 549/1173 659/1179 660/1175
f 596/1154 593/1172 598/1149
f 659/1179 2177/1176 660/1175
f 549/1173 645/1158 659/1179
f 593/1172 596/1154 595/1156
f 659/1179 645/1158 662/1174
f 693/1704 669/1705 2415/1706
f 2412/1707 669/1705 684/1708
f 669/1705 2412/1707 2415/1706
f 675/291 2347/292 690/293
f 673/294 675/291 672/295
f 2347/292 675/291 673/294
f 680/296 678/297 679/298
f 679/298 672/295 680/296
f 672/295 679/298 681/299
f 693/300 681/299 679/298
f 669/1705 693/1704 679/1709
f 679/1709 678/1710 684/1708
f 681/299 671/301 673/294
f 680/296 672/295 675/291
f 680/296 688/302 678/297
f 682/303 680/296 675/291
f 2137/304 674/305 683/306
f 680/296 682/303 688/302
f 684/1708 669/1705 679/1709
f 667/275 74/285 71/274
f 673/294 672/295 681/299
f 686/1711 684/1708 678/1710
f 686/307 688/302 687/308
f 688/302 686/307 678/297
f 674/305 688/302 683/306
f 674/305 692/309 687/308
f 674/305 687/308 688/302
f 2139/278 665/280 2137/304
f 2176/310 690/293 2347/292
f 682/303 683/306 688/302
f 2137/304 690/293 2176/310
f 683/306 690/293 2137/304
f 674/305 2137/304 665/280
f 692/309 691/311 687/308
f 1250/2036 1231/2037 1220/2038
f 1879/2414 1876/2415 1874/2416
f 739/2417 725/2418 721/2419
f 739/2417 1874/2416 725/2418
f 1874/2416 739/2417 1879/2414
f 755/2420 739/2417 721/2419
f 721/2419 726/2421 722/2422
f 721/2419 725/2418 726/2421
f 743/2423 741/2424 746/2425
f 733/2426 746/2425 741/2424
f 1926/2427 746/2425 733/2426
f 1262/2428 746/2425 1924/2429
f 733/2426 1337/2430 1926/2427
f 824/2582 843/2583 1337/2584
f 824/2582 842/2585 839/2586
f 841/2587 842/2585 840/2588
f 864/2589 843/2583 839/2586
f 839/2586 842/2585 841/2587
f 842/2585 826/2590 830/2591
f 863/2592 868/2593 862/2594
f 864/2589 839/2586 865/2595
f 832/2596 830/2591 836/2597
f 843/2583 824/2582 839/2586
f 865/2595 840/2588 868/2593
f 833/2598 842/2585 830/2591
f 866/2599 867/2600 868/2593
f 865/2595 839/2586 841/2587
f 862/2594 856/2601 863/2592
f 866/2599 868/2593 840/2588
f 840/2588 842/2585 833/2598
f 840/2588 865/2595 841/2587
f 862/2594 868/2593 867/2600
f 832/2596 833/2598 830/2591
f 851/2602 834/2603 852/2604
f 833/2598 832/2596 852/2604
f 852/2604 834/2603 849/2605
f 851/2602 852/2604 832/2596
f 988/2670 1018/2671 992/2672
f 833/2598 860/2606 840/2588
f 1008/2673 1018/2671 988/2670
f 860/2606 866/2599 840/2588
f 867/2600 866/2599 859/2607
f 980/2674 1048/2675 992/2672
f 1046/2676 1047/2677 1563/2678
f 1046/2608 1563/2609 1260/2610
f 1048/2675 988/2670 992/2672
f 854/2611 1260/2610 862/2594
f 861/2612 859/2607 860/2606
f 866/2599 860/2606 859/2607
f 861/2612 867/2600 859/2607
f 854/2611 862/2594 867/2600
f 1260/2610 854/2611 1046/2608
f 833/2598 852/2604 860/2606
f 1045/2613 867/2600 861/2612
f 854/2611 867/2600 1045/2613
f 849/2605 860/2606 852/2604
f 849/2605 858/2614 860/2606
f 834/2603 858/2614 849/2605
f 855/2615 988/2616 1048/2617
f 858/2614 861/2612 860/2606
f 861/2612 858/2614 1048/2617
f 858/2614 855/2615 1048/2617
f 1048/2617 1045/2613 861/2612
f 1042/2679 981/2680 987/2681
f 1041/2682 1559/2683 1042/2679
f 981/2680 1042/2679 1000/2684
f 1042/2679 1559/2683 1000/2684
f 983/2685 987/2681 981/2680
f 982/2686 1000/2684 1046/2676
f 987/2681 1040/2687 1042/2679
f 1000/2684 1559/2683 997/2688
f 1000/2684 997/2688 1046/2676
f 992/2672 1010/2689 993/2690
f 1021/2691 987/2681 983/2685
f 1000/2684 984/2692 981/2680
f 982/2686 984/2692 1000/2684
f 993/2690 984/2692 980/2674
f 891/2864 906/2865 899/2866
f 898/2867 891/2864 899/2866
f 893/2868 898/2867 899/2866
f 980/2674 1036/2693 1045/2694
f 1046/2608 854/2611 982/2618
f 992/2672 993/2690 980/2674
f 1045/2694 1048/2675 980/2674
f 980/2674 984/2692 982/2686
f 885/2869 893/2868 887/2870
f 893/2868 885/2869 898/2867
f 885/2869 887/2870 873/2871
f 887/2870 966/2872 873/2871
f 890/2873 885/2869 873/2871
f 885/2869 890/2873 898/2867
f 884/2904 904/2905 886/2906
f 904/2905 965/2907 886/2906
f 886/2906 1062/2908 884/2904
f 870/2909 907/2910 884/2904
f 870/2909 884/2904 869/2911
f 1062/2908 886/2906 1063/2912
f 886/2906 965/2907 1065/2913
f 1062/2908 869/2911 884/2904
f 870/2909 871/2914 907/2910
f 871/2914 1095/2915 919/2916
f 870/2909 1064/2917 1095/2915
f 1095/2915 871/2914 870/2909
f 972/2918 919/2916 913/2919
f 1064/2917 870/2909 869/2911
f 919/2916 1095/2915 913/2919
f 913/2919 1095/2915 1099/2920
f 1095/2915 1064/2917 1096/2921
f 1099/2920 1095/2915 1093/2922
f 951/2923 972/2918 913/2919
f 951/2923 913/2919 1099/2920
f 952/2924 951/2923 1099/2920
f 912/2925 971/2926 951/2923
f 971/2926 912/2925 970/2927
f 912/2925 953/2928 909/2929
f 952/2924 953/2928 951/2923
f 1100/2930 1099/2920 1093/2922
f 953/2928 912/2925 951/2923
f 1101/2931 952/2924 1100/2930
f 952/2924 1099/2920 1100/2930
f 1163/2039 1225/2040 1162/2041
f 1225/2040 1250/2036 1162/2041
f 1231/2037 1250/2036 1225/2040
f 1155/2042 1151/2043 1156/2044
f 886/2906 1065/2913 1063/2912
f 1163/2039 1166/2045 1225/2040
f 1059/2932 1055/2933 1078/2934
f 1053/2935 1055/2933 1059/2932
f 1239/771 1242/772 1205/769
f 339/766 1244/773 1247/774
f 1199/764 1239/771 340/770
f 1205/769 340/770 1239/771
f 1237/3066 1233/3067 1218/3068
f 1244/773 1205/769 1242/772
f 1244/773 1208/775 1247/774
f 1208/775 1244/773 1242/772
f 1235/3069 1218/3068 1233/3067
f 1208/775 1251/776 1247/774
f 1242/772 1232/777 1208/775
f 1208/775 1243/778 1251/776
f 1232/777 1243/778 1208/775
f 1055/2933 1065/2913 1078/2934
f 1055/2933 1080/2936 1063/2912
f 1063/2912 1065/2913 1055/2933
f 1081/2937 1062/2908 1063/2912
f 1056/2938 1055/2933 1053/2935
f 1232/3070 1237/3066 1243/3071
f 1232/3070 1233/3067 1237/3066
f 1081/2937 1063/2912 1080/2936
f 1061/2939 1055/2933 1056/2938
f 1080/2936 1055/2933 1061/2939
f 1064/2917 869/2911 1081/2937
f 1081/2937 1080/2936 1061/2939
f 1093/2922 1095/2915 1096/2921
f 1116/2940 1081/2937 1061/2939
f 1116/2940 1096/2921 1081/2937
f 1096/2921 1064/2917 1081/2937
f 1116/2940 1061/2939 1070/2941
f 1061/2939 1056/2938 1070/2941
f 1116/2940 1118/2942 1096/2921
f 1082/2943 1116/2940 1070/2941
f 1118/2942 1093/2922 1096/2921
f 1090/2944 1116/2940 1117/2945
f 1090/2944 1118/2942 1116/2940
f 1117/2945 1116/2940 1082/2943
f 1100/2930 1093/2922 1101/2931
f 1090/2944 1117/2945 1121/2946
f 1093/2922 1118/2942 1091/2947
f 1120/2948 1090/2944 1121/2946
f 1090/2944 1089/2949 1091/2947
f 1090/2944 1091/2947 1118/2942
f 1093/2922 1092/2950 1101/2931
f 1089/2949 1093/2922 1091/2947
f 1090/2944 1120/2948 1122/2951
f 1089/2949 1092/2950 1093/2922
f 1123/2952 1122/2951 1120/2948
f 1169/2046 1177/2047 1173/2048
f 1173/2048 1180/2049 1156/2044
f 339/766 1205/769 1244/773
f 1199/764 340/770 343/763
f 1155/2042 1156/2044 1180/2049
f 1104/2953 1101/2931 1092/2950
f 1094/2954 1122/2951 1123/2952
f 1042/2679 1040/2687 1041/2682
f 1171/2050 1156/2044 1166/2045
f 1155/2042 1180/2049 1153/2051
f 1041/2682 1040/2687 1006/2695
f 1156/2044 1171/2050 1173/2048
f 1171/2050 1172/2052 1173/2048
f 1172/2052 1169/2046 1173/2048
f 1101/2931 1104/2953 952/2924
f 735/2431 755/2420 752/2432
f 738/2433 740/2434 737/2435
f 739/2417 755/2420 735/2431
f 735/2431 737/2435 740/2434
f 1262/2428 738/2433 737/2435
f 755/2420 721/2419 751/2436
f 751/2436 752/2432 755/2420
f 1262/2428 1921/2437 738/2433
f 752/2432 737/2435 735/2431
f 736/2438 746/2425 1262/2428
f 1262/2428 737/2435 736/2438
f 743/2423 736/2438 749/2439
f 752/2432 749/2439 736/2438
f 746/2425 736/2438 743/2423
f 734/2440 741/2424 749/2439
f 743/2423 749/2439 741/2424
f 1157/2053 1185/2054 1187/2055
f 1157/2053 1159/2056 1195/2057
f 1169/2046 1185/2054 1157/2053
f 1157/2053 1195/2057 1169/2046
f 1171/2050 1164/2058 1172/2052
f 1166/2045 1163/2039 1164/2058
f 1177/2047 1169/2046 1195/2057
f 1166/2045 1164/2058 1171/2050
f 1177/2047 1180/2049 1173/2048
f 1434/2619 1428/2620 1429/2621
f 1431/2622 856/2601 1564/2623
f 1431/2622 1433/2624 1428/2620
f 856/2601 1431/2622 1428/2620
f 1565/2625 1566/2626 1563/2609
f 1432/2627 1428/2620 1433/2624
f 1260/2610 1563/2609 1564/2623
f 862/2594 1564/2623 856/2601
f 1564/2623 862/2594 1260/2610
f 1563/2678 1047/2677 1565/2696
f 1564/2623 1566/2626 1431/2622
f 1564/2623 1563/2609 1566/2626
f 1565/2696 1557/2697 1566/2698
f 1428/2620 863/2592 856/2601
f 863/2592 1428/2620 864/2589
f 1339/2441 1340/2442 1916/2443
f 843/2583 864/2589 1428/2620
f 1566/2626 1412/2628 1433/2624
f 1566/2698 1549/2699 1550/2700
f 1428/2620 1432/2627 1418/2629
f 1566/2698 1557/2697 1549/2699
f 1432/2627 1422/2630 1418/2629
f 1412/2628 1566/2626 1550/2631
f 1433/2624 1431/2622 1566/2626
f 1422/2630 1420/2632 1418/2629
f 1295/3782 1296/3783 1892/3784
f 1291/3785 1379/3786 1370/3787
f 1291/3785 1296/3783 1295/3782
f 1381/3788 1379/3786 1291/3785
f 1292/3789 1381/3788 1291/3785
f 1297/3829 1892/3830 1891/3831
f 1291/3785 1295/3782 1292/3789
f 1891/3831 1895/3832 1297/3829
f 1292/3789 1295/3782 1371/3790
f 1297/3829 1295/3833 1892/3830
f 1294/3791 1371/3790 1295/3782
f 1310/3868 1320/3869 1901/3870
f 1286/3792 1284/3793 1281/3794
f 1324/3871 1334/3872 1335/3873
f 1283/3795 1284/3793 1359/3796
f 1287/3797 1364/3798 1359/3796
f 1284/3793 1286/3792 1285/3799
f 1284/3793 1283/3795 1281/3794
f 1282/3800 1287/3797 1285/3799
f 1284/3793 1287/3797 1359/3796
f 1282/3800 1889/3801 1290/3802
f 1287/3797 1284/3793 1285/3799
f 1285/3799 1286/3792 1889/3801
f 1290/3802 1291/3785 1282/3800
f 1296/3783 1290/3802 1892/3784
f 1291/3785 1290/3802 1296/3783
f 1370/3787 1282/3800 1291/3785
f 1356/3803 1283/3795 1359/3796
f 1359/3796 1358/3804 1356/3803
f 1368/3805 1358/3804 1359/3796
f 1368/3805 1359/3796 1364/3798
f 1287/3797 1365/3806 1364/3798
f 1365/3806 1369/3807 1364/3798
f 1369/3807 1365/3806 1370/3787
f 1369/3807 1370/3787 1379/3786
f 1370/3787 1287/3797 1282/3800
f 1282/3800 1285/3799 1889/3801
f 1370/3787 1365/3806 1287/3797
f 1469/3935 1465/3936 1474/3937
f 1380/3808 1388/3809 1383/3810
f 1375/3938 1376/3939 1378/3940
f 1464/3941 1462/3942 1465/3936
f 1378/3940 1382/3943 1474/3937
f 1378/3940 1465/3936 1375/3938
f 1378/3940 1474/3937 1465/3936
f 1465/3936 1377/3944 1375/3938
f 1465/3936 1469/3935 1475/3945
f 1464/3941 1465/3936 1475/3945
f 1376/3811 1372/3812 1380/3808
f 1462/3942 1377/3944 1465/3936
f 1434/2619 1329/2633 1343/2634
f 1381/3788 1371/3790 1388/3809
f 1343/2634 1329/2633 1332/2635
f 1332/2635 1342/2636 1343/2634
f 1420/2632 1329/2633 1434/2619
f 1388/3809 1380/3808 1381/3788
f 1434/2619 1429/2621 1420/2632
f 1376/3939 1375/3938 1372/3946
f 1381/3788 1380/3808 1372/3812
f 1371/3790 1381/3788 1292/3789
f 1464/3941 1463/3947 1462/3942
f 1464/3941 1461/3948 1463/3947
f 1471/3949 1475/3945 1469/3935
f 1006/2695 1690/2701 1041/2682
f 1338/2637 1336/2638 1340/2639
f 1333/2640 1342/2636 1332/2635
f 1334/3872 1324/3871 1333/3874
f 1329/2633 1334/2641 1332/2635
f 1338/2637 843/2583 1336/2638
f 1343/2634 1336/2638 1434/2619
f 1340/2442 1339/2441 1338/2444
f 1337/2584 843/2583 1338/2637
f 1337/2430 1338/2444 1339/2441
f 1560/2702 1540/2703 1562/2704
f 1557/2697 1540/2703 1549/2699
f 1557/2697 1562/2704 1540/2703
f 1558/2705 1561/2706 1562/2704
f 1558/2705 1559/2683 1561/2706
f 1561/2706 1559/2683 1041/2682
f 997/2688 1559/2683 1558/2705
f 1557/2697 1558/2705 1562/2704
f 997/2688 1558/2705 1565/2696
f 1565/2696 1558/2705 1557/2697
f 1565/2696 1047/2677 997/2688
f 1340/2639 1336/2638 1342/2636
f 1325/3875 1309/3876 1311/3877
f 1324/2445 1920/2446 1333/2447
f 1310/3868 1311/3877 1309/3876
f 1333/2447 1920/2446 1738/2448
f 1738/2448 1916/2443 1341/2449
f 1342/2636 1341/2642 1340/2639
f 1333/2447 1738/2448 1341/2449
f 1341/2449 1916/2443 1340/2442
f 1325/3875 1919/3878 1324/3871
f 1325/3875 1335/3873 1309/3876
f 1324/3871 1335/3873 1325/3875
f 1341/2642 1342/2636 1333/2640
f 1878/2450 1877/2451 738/2433
f 1861/2452 1859/2453 1876/2415
f 1875/2454 1876/2415 1859/2453
f 1876/2415 724/2455 1874/2416
f 1875/2454 724/2455 1876/2415
f 1286/3792 1886/3813 1888/3814
f 1758/3815 1888/3814 1886/3813
f 1286/3792 1281/3794 1886/3813
f 1889/3801 1764/3816 1890/3817
f 1764/3816 1774/3818 1890/3817
f 1889/3801 1888/3814 1760/3819
f 1888/3814 1758/3815 1760/3819
f 1889/3801 1286/3792 1888/3814
f 1290/3802 1889/3801 1890/3817
f 1764/3816 1889/3801 1760/3819
f 1822/2456 1829/2457 1862/2458
f 1862/2458 1927/2459 1822/2456
f 1835/2460 1822/2456 1927/2459
f 1837/2461 1835/2460 1868/2462
f 1861/2452 1876/2415 1863/2463
f 1863/2463 1835/2460 1865/2464
f 1865/2464 1927/2459 1858/2465
f 1890/3817 1892/3784 1290/3802
f 1868/2462 1835/2460 1863/2463
f 1865/2464 1858/2465 1861/2452
f 1835/2460 1927/2459 1865/2464
f 1862/2458 1858/2465 1927/2459
f 1868/2462 1869/2466 1909/2467
f 1863/2463 1869/2466 1868/2462
f 1924/2429 1915/2468 1923/2469
f 1262/2428 1924/2429 1923/2469
f 1759/3820 1760/3819 1758/3815
f 1759/3820 1761/3821 1760/3819
f 1760/3819 1761/3821 1767/3822
f 1760/3819 1767/3822 1764/3816
f 1763/3823 1764/3816 1767/3822
f 1764/3816 1763/3823 1774/3818
f 1765/3824 1774/3818 1763/3823
f 1765/3824 1771/3825 1774/3818
f 1920/2446 1905/2470 1903/2471
f 1913/2472 1916/2443 1920/2446
f 1913/2472 1920/2446 1903/2471
f 1920/2446 1907/2473 1905/2470
f 1917/2474 1923/2469 1915/2468
f 1876/2415 1879/2414 1877/2451
f 1325/3875 1904/3879 1919/3878
f 1903/2471 1914/2475 1913/2472
f 1738/2448 1920/2446 1916/2443
f 1919/2476 1907/2473 1920/2446
f 1877/2451 1879/2414 740/2434
f 738/2433 1877/2451 740/2434
f 1911/2477 1912/2478 1921/2437
f 1878/2450 1912/2478 1877/2451
f 1262/2428 1922/2479 1921/2437
f 1922/2479 1925/2480 1911/2477
f 1923/2469 1925/2480 1262/2428
f 1925/2480 1922/2479 1262/2428
f 1925/2480 1923/2469 1911/2477
f 1922/2479 1911/2477 1921/2437
f 1771/3825 1772/3826 1894/3827
f 1863/2463 1876/2415 1877/2451
f 1861/2452 1863/2463 1865/2464
f 1863/2463 1877/2451 1912/2478
f 1840/2481 1837/2461 1909/2467
f 1918/2482 1840/2481 1909/2467
f 1903/2471 1908/2483 1914/2475
f 1912/2478 1911/2477 1869/2466
f 1912/2478 1869/2466 1863/2463
f 1910/2484 1908/2483 1909/2467
f 1917/2474 1913/2472 1914/2475
f 1908/2483 1918/2482 1909/2467
f 1908/2483 1910/2484 1914/2475
f 1903/2471 1918/2482 1908/2483
f 1910/2484 1911/2477 1914/2475
f 1843/3880 1906/3881 1896/3882
f 1917/2474 1914/2475 1923/2469
f 1898/3883 1804/3884 1896/3882
f 1911/2477 1923/2469 1914/2475
f 1901/3870 1896/3882 1906/3881
f 1901/3870 1898/3883 1896/3882
f 1901/3870 1906/3881 1310/3868
f 1310/3868 1906/3881 1311/3877
f 1906/3881 1904/3879 1311/3877
f 1774/3818 1894/3827 1890/3817
f 1891/3828 1892/3784 1894/3827
f 1892/3784 1890/3817 1894/3827
f 1774/3818 1771/3825 1894/3827
f 1895/3832 1891/3831 1893/3834
f 1899/3835 1895/3832 1893/3834
f 1862/2458 1823/2485 1858/2465
f 1858/2465 1859/2453 1861/2452
f 1858/2465 1823/2485 1864/2486
f 1904/3879 1325/3875 1311/3877
f 2003/4169 2005/4170 2000/4171
f 1990/4172 2081/4173 2080/4174
f 2078/4175 2000/4171 2005/4170
f 2081/4173 1990/4172 1989/4176
f 2077/4177 2080/4174 2078/4175
f 2077/4177 2078/4175 2005/4170
f 2118/4279 2031/4280 2037/4281
f 2174/4282 2120/4283 2031/4280
f 2118/4279 2174/4282 2031/4280
f 2129/4332 2073/4333 2132/4334
f 2132/4334 2073/4333 2131/4335
f 2073/4333 2072/4336 2075/4337
f 2083/4338 2074/4339 2130/4340
f 2073/4333 2129/4332 2072/4336
f 2131/4335 2130/4340 2132/4334
f 2078/4341 2075/4337 2082/4342
f 2075/4337 2072/4336 2082/4342
f 2075/4178 2078/4175 2080/4174
f 2125/4343 2250/4344 2124/4345
f 2036/4284 2120/4283 2174/4282
f 2031/4280 2120/4283 2037/4281
f 2036/4284 2174/4282 2247/4285
f 2080/4174 2077/4177 1990/4172
f 2055/4346 2125/4343 2124/4345
f 2071/4347 2054/4348 2130/4340
f 2126/4349 2055/4346 2124/4345
f 2231/4350 2132/4334 2130/4340
f 2071/4347 2130/4340 2074/4339
f 2122/4351 2126/4349 2121/4352
f 2055/4346 2057/4353 2125/4343
f 2231/4350 2130/4340 2054/4348
f 2120/4283 2035/4286 2037/4281
f 2446/109 2471/110 2233/111
f 2155/4287 2152/4288 2448/4289
f 351/221 2163/200 2325/259
f 2163/200 2161/202 2230/260
f 2230/260 2167/261 2325/259
f 2161/202 2171/262 2230/260
f 2163/200 2230/260 2325/259
f 2139/278 2176/310 2351/279
f 2329/4290 2247/4285 2174/4282
f 2238/4291 2180/4292 2174/4282
f 2180/4292 2329/4290 2174/4282
f 2174/4282 2118/4279 2115/4293
f 2174/4282 2115/4293 2238/4291
f 2500/1180 2177/1176 662/1174
f 2296/4622 2261/4623 2289/4624
f 2255/1181 662/1174 2205/1182
f 2228/4354 2122/4351 2121/4352
f 2296/4622 2289/4624 2206/4625
f 2215/4626 2261/4623 2296/4622
f 2126/4349 2214/4355 2121/4352
f 2276/112 2227/113 2444/114
f 2121/4352 2214/4355 2228/4354
f 2228/4354 2227/4356 2231/4350
f 2231/4350 2122/4351 2228/4354
f 2227/4356 2132/4334 2231/4350
f 2337/1712 2226/1713 2469/1714
f 2419/115 20/102 2222/116
f 2227/113 2419/115 2222/116
f 2419/115 2227/113 2276/112
f 2276/112 2278/117 2233/111
f 2244/4294 2240/4295 2252/4296
f 2431/215 2161/202 296/201
f 2161/202 2431/215 2171/262
f 2252/4296 2240/4295 2256/4297
f 2448/4289 2330/4298 2258/4299
f 2155/4287 2448/4289 2258/4299
f 2252/4296 2330/4298 2244/4294
f 2330/4298 2252/4296 2258/4299
f 2155/4287 2258/4299 2257/4300
f 2257/4300 2262/4301 2150/4302
f 2257/4300 2150/4302 2155/4287
f 2306/253 2274/252 2270/263
f 2426/217 2306/253 2273/264
f 2276/112 2444/114 2278/117
f 2446/109 2234/118 2487/119
f 2279/251 2274/252 279/249
f 2444/114 2271/120 2278/117
f 2271/120 2427/121 2278/117
f 2306/253 2270/263 2273/264
f 2280/122 2427/121 2487/119
f 2487/119 2427/121 2481/123
f 2427/121 2280/122 2278/117
f 2234/118 2233/111 2278/117
f 2289/4624 2290/4627 2206/4625
f 2206/4625 2290/4627 2295/4628
f 2290/4627 2300/4629 2295/4628
f 2290/4627 2294/4630 2300/4629
f 2274/252 2279/251 2270/263
f 2311/124 2339/125 2394/126
f 2176/310 2139/278 2137/304
f 2394/126 2339/125 2484/127
f 2313/4809 2310/4810 2309/4811
f 2314/4812 2310/4810 2313/4809
f 2167/261 2322/265 2325/259
f 2330/4298 2333/4303 2433/4304
f 2330/4298 2433/4304 2244/4294
f 2331/4305 2330/4298 2448/4289
f 2180/4292 2328/4306 2329/4290
f 2331/4305 2333/4303 2330/4298
f 2329/4290 2328/4306 2433/4304
f 2329/4290 2449/4307 2247/4285
f 2333/4303 2331/4305 2329/4290
f 2433/4304 2333/4303 2329/4290
f 2482/128 15/94 2446/109
f 2482/128 2339/125 15/94
f 2339/125 6/88 15/94
f 6/88 2339/125 2311/124
f 2309/4811 2207/4813 2211/4814
f 2310/4810 2207/4813 2309/4811
f 2409/4857 2413/4858 2390/4859
f 2391/85 2311/124 2394/126
f 6/88 2311/124 2391/85
f 2391/4860 2394/4861 2479/4862
f 2390/4859 2413/4858 2479/4862
f 2479/4862 2413/4858 1/4863
f 2391/4860 2479/4862 1/4863
f 2412/1707 2337/1712 2415/1706
f 2436/1183 2429/1184 2430/1185
f 2430/1185 2147/1186 2435/1187
f 2429/1184 2436/1183 661/1177
f 2244/4294 2433/4304 2328/4306
f 2244/4294 2440/4308 2441/4309
f 2440/4308 2244/4294 2328/4306
f 2445/107 17/106 2471/110
f 2227/113 2228/129 2444/114
f 2419/115 2243/103 20/102
f 2331/4305 2448/4289 2450/4310
f 2152/4288 2450/4310 2448/4289
f 2450/4310 2329/4290 2331/4305
f 2152/4288 2451/4311 2450/4310
f 2449/4307 2329/4290 2450/4310
f 2450/4310 2434/4312 2449/4307
f 2450/4310 2451/4311 2434/4312
f 2444/114 2228/129 2271/120
f 2451/4311 2486/4313 2434/4312
f 2205/1182 2457/1188 2500/1180
f 2205/1182 2455/1189 2457/1188
f 2214/4355 2124/4345 2459/4357
f 2250/4344 2459/4357 2124/4345
f 2126/4349 2124/4345 2214/4355
f 2469/1714 2415/1706 2337/1712
f 2429/1184 661/1177 2177/1176
f 2234/118 2446/109 2233/111
f 2471/110 2446/109 15/94
f 2390/4859 2479/4862 2394/4861
f 2475/4864 2477/4865 2476/4866
f 2486/130 2478/131 2483/132
f 2486/130 2483/132 2481/123
f 2478/131 2484/127 2483/132
f 2477/133 2394/126 2484/127
f 2446/109 2487/119 2482/128
f 2475/4864 2394/4861 2477/4865
f 2483/132 2482/128 2487/119
f 2487/119 2481/123 2483/132
f 2427/121 2486/130 2481/123
f 2394/4861 2475/4864 2390/4859
f 2482/128 2483/132 2484/127
f 2339/125 2482/128 2484/127
f 2147/1186 2430/1185 2429/1184
f 2500/1180 2497/1190 2429/1184
f 2177/1176 2500/1180 2429/1184
f 2497/1190 2498/1191 2147/1186
f 2205/1182 2461/1192 2455/1189
f 2500/1180 2457/1188 2499/1193
f 2497/1190 2147/1186 2429/1184
f 2499/1193 2498/1191 2497/1190
f 2255/1181 2205/1182 2500/1180
f 2497/1190 2500/1180 2499/1193
f 2445/107 2471/110 15/94
f 2499/1193 2501/1194 2498/1191
f 2243/103 2419/115 2471/110
f 2419/115 2276/112 2233/111
f 2243/103 2471/110 17/106
f 2233/111 2471/110 2419/115
f 662/1174 2177/1176 659/1179
f 83/188 88/189 42/190
f 82/191 88/189 83/188
f 88/189 43/192 42/190
f 82/191 83/188 64/193
f 64/193 83/188 42/190
f 43/192 41/194 42/190
f 82/191 64/193 81/195
f 238/503 240/504 215/505
f 139/605 125/606 124/607
f 139/605 136/608 138/609
f 136/608 139/605 124/607
f 107/675 174/676 179/677
f 178/678 174/676 173/679
f 177/680 174/676 107/675
f 182/681 179/677 174/676
f 177/680 173/679 174/676
f 179/677 182/681 189/682
f 179/677 189/682 191/683
f 667/689 72/690 65/691
f 689/692 65/691 2470/693
f 68/720 70/721 76/722
f 68/720 72/723 70/721
f 75/196 42/190 41/194
f 66/724 76/722 70/721
f 2413/694 63/695 1/696
f 239/506 212/507 213/508
f 213/508 212/507 214/509
f 215/505 240/504 239/506
f 213/508 215/505 239/506
f 245/779 307/780 250/781
f 245/779 250/781 252/782
f 18/819 2128/820 20/821
f 18/819 28/822 2128/820
f 2128/820 2222/823 20/821
f 29/824 28/822 18/819
f 238/850 216/851 228/852
f 242/783 243/784 237/785
f 242/853 237/854 238/850
f 235/855 242/853 228/852
f 243/784 242/783 234/786
f 228/852 242/853 238/850
f 244/787 243/784 234/786
f 235/855 228/852 300/856
f 235/861 308/862 298/863
f 235/788 234/786 242/783
f 244/787 234/786 248/789
f 310/864 309/865 308/862
f 234/786 235/788 298/790
f 298/863 309/865 302/866
f 298/863 308/862 309/865
f 245/779 234/786 298/790
f 234/786 245/779 246/791
f 302/866 309/865 305/867
f 301/868 302/866 305/867
f 307/780 245/779 298/790
f 302/792 307/780 298/790
f 310/864 282/869 309/865
f 303/870 309/865 282/869
f 246/791 245/779 251/793
f 309/865 303/870 305/867
f 245/779 253/794 251/793
f 252/782 253/794 245/779
f 301/795 307/780 302/792
f 306/796 307/780 301/795
f 216/851 217/857 228/852
f 307/780 306/796 250/781
f 280/885 2305/886 287/887
f 280/885 287/887 281/888
f 895/610 138/609 136/608
f 393/1388 506/1389 462/1390
f 462/1390 374/1391 393/1388
f 468/1396 463/1397 487/1398
f 504/1392 506/1389 376/1393
f 393/1388 377/1394 376/1393
f 468/1396 467/1399 492/1400
f 487/1398 467/1399 468/1396
f 376/1393 506/1389 393/1388
f 490/1401 554/1402 468/1396
f 490/1401 468/1396 492/1400
f 492/1400 589/1403 594/1404
f 600/1405 490/1401 492/1400
f 492/1400 594/1404 600/1405
f 535/1545 1349/1546 1348/1547
f 1348/1547 533/1548 535/1545
f 480/1592 483/1593 541/1594
f 2165/1595 2145/1596 541/1594
f 541/1594 483/1593 2165/1595
f 2165/1595 483/1593 544/1597
f 480/1592 541/1594 482/1598
f 480/1592 469/1599 483/1593
f 469/1599 544/1597 483/1593
f 2165/1595 544/1597 643/1600
f 639/1601 643/1600 544/1597
f 472/1630 469/1631 470/1632
f 480/1633 470/1632 469/1631
f 562/1634 544/1635 469/1631
f 482/1598 541/1594 2439/1602
f 562/1634 469/1631 472/1630
f 393/1388 404/1395 377/1394
f 639/1636 640/1637 638/1638
f 490/1401 600/1405 554/1402
f 562/1634 640/1637 639/1636
f 561/1639 562/1634 472/1630
f 566/1640 640/1637 562/1634
f 644/1641 636/1642 640/1637
f 639/1636 544/1635 562/1634
f 642/1643 644/1641 637/1644
f 566/1640 644/1641 640/1637
f 636/1642 644/1641 642/1643
f 661/1694 2468/1695 642/1696
f 642/1643 637/1644 635/1645
f 661/1694 642/1696 635/1697
f 661/1694 635/1697 548/1698
f 670/697 685/698 2235/699
f 666/1736 693/1737 668/1738
f 676/1807 692/1808 674/1809
f 65/691 689/692 667/689
f 689/692 692/700 667/689
f 2470/693 2235/699 689/692
f 693/1737 2415/1739 668/1738
f 667/1810 692/1808 676/1807
f 676/1807 674/1809 665/1811
f 691/701 689/692 2235/699
f 1214/1885 1146/1886 1167/1887
f 1238/1888 1203/1889 1200/1890
f 1249/1891 1214/1885 1207/1892
f 1249/1891 1238/1888 1214/1885
f 1214/1885 1228/1893 1146/1886
f 1238/1888 1228/1893 1214/1885
f 1201/1894 1228/1893 1200/1890
f 1151/1895 1148/1896 1201/1894
f 1228/1893 1201/1894 1148/1896
f 1238/1888 1200/1890 1228/1893
f 1148/1896 1146/1886 1228/1893
f 1200/1890 1203/1889 1217/1897
f 1146/1886 1148/1896 1155/1898
f 1234/2218 352/2219 1160/2220
f 1148/1896 1151/1895 1155/1898
f 1926/2549 1924/2550 746/2551
f 837/2568 838/2569 734/2570
f 831/2571 837/2568 748/2572
f 826/2573 838/2569 830/2574
f 827/2575 837/2568 831/2571
f 837/2568 734/2570 748/2572
f 829/2576 827/2575 831/2571
f 837/2568 827/2575 836/2577
f 836/2577 838/2569 837/2568
f 830/2574 838/2569 836/2577
f 1002/2726 1040/2727 987/2728
f 983/2729 981/2730 984/2731
f 996/2732 1021/2733 1003/2734
f 983/2729 993/2735 1021/2733
f 1023/2736 1002/2726 987/2728
f 987/2728 1021/2733 1023/2736
f 993/2735 983/2729 984/2731
f 1022/2737 996/2732 1003/2734
f 1012/2738 1034/2739 1016/2740
f 1034/2787 1013/2788 1016/2789
f 1033/2794 1035/2795 1013/2796
f 1001/2797 1033/2794 1013/2796
f 1012/2798 1001/2797 1034/2799
f 1034/2787 1001/2790 1013/2788
f 1001/2797 1012/2798 1136/2800
f 1001/2797 1136/2800 1033/2794
f 1133/2801 1033/2794 1136/2800
f 1106/2802 1144/2803 1033/2794
f 1144/2803 1109/2804 1033/2794
f 1106/2802 1033/2794 1133/2801
f 1144/2803 1105/2805 1109/2804
f 1144/2803 1106/2802 1102/2806
f 1108/2807 1106/2802 1133/2801
f 1014/2843 1024/2844 1015/2845
f 1015/2845 978/2846 1014/2843
f 1144/2803 1107/2808 1105/2805
f 1124/2809 1107/2808 1144/2803
f 994/2810 1035/2795 1109/2804
f 1003/2734 993/2735 1010/2741
f 1016/2740 1010/2741 1012/2738
f 1022/2791 1003/2792 1016/2789
f 1016/2740 1003/2734 1010/2741
f 993/2735 1003/2734 1021/2733
f 1035/2793 1022/2791 1013/2788
f 1016/2789 1013/2788 1022/2791
f 767/2877 775/2878 769/2879
f 786/2880 763/2881 780/2882
f 780/2882 763/2881 775/2878
f 769/2879 775/2878 763/2881
f 775/2878 767/2877 797/2883
f 793/2884 797/2883 767/2877
f 872/2894 890/2895 964/2896
f 964/2896 963/2897 896/2898
f 897/2899 902/2900 900/2901
f 896/2898 872/2894 964/2896
f 963/2897 905/2902 896/2898
f 874/2903 902/2900 897/2899
f 931/2979 810/2980 804/2981
f 804/2981 774/2982 931/2979
f 806/2983 816/2984 807/2985
f 874/2903 897/2899 896/2898
f 804/2981 810/2980 806/2983
f 905/2902 874/2903 896/2898
f 806/2983 939/2986 816/2984
f 814/2987 806/2983 805/2988
f 810/2980 805/2988 806/2983
f 806/2983 814/2987 939/2986
f 1216/2221 1234/2218 1160/2220
f 1200/1890 1217/1897 1248/1899
f 1033/2794 1109/2804 1035/2795
f 1035/2742 994/2743 995/2744
f 995/2744 994/2743 1019/2745
f 1021/2733 996/2732 1023/2736
f 998/2746 996/2732 995/2744
f 999/2747 998/2746 995/2744
f 1022/2737 1035/2742 995/2744
f 999/2747 995/2744 1019/2745
f 1044/2748 989/2749 1043/2750
f 1038/2751 998/2746 999/2747
f 1023/2736 996/2732 998/2746
f 989/2749 1044/2748 1019/2745
f 1023/2736 998/2746 986/2752
f 1023/2736 986/2752 985/2753
f 1038/2751 1007/2754 998/2746
f 1007/2754 990/2755 986/2752
f 1044/2748 999/2747 1019/2745
f 1038/2751 999/2747 1044/2748
f 986/2752 998/2746 1007/2754
f 985/2753 986/2752 990/2755
f 1236/1900 1217/1897 1221/1901
f 1221/1901 1217/1897 1203/1889
f 995/2744 996/2732 1022/2737
f 1221/1901 1215/1902 1236/1900
f 1227/1903 1221/1901 1249/1891
f 1227/1903 1215/1902 1221/1901
f 1227/1903 1249/1891 1207/1892
f 1226/1904 1227/1903 1207/1892
f 1227/1903 1226/1904 1240/1905
f 1226/1904 1254/1906 1259/1907
f 1259/1907 1245/1908 1224/1909
f 1226/1904 1259/1907 1240/1905
f 1258/1910 1245/1908 1259/1907
f 1258/1910 1259/1907 1254/1906
f 1087/2811 1127/2812 1097/2813
f 1123/2814 1112/2815 1087/2811
f 1085/2816 1123/2814 1087/2811
f 985/2753 990/2755 1002/2726
f 1007/2754 1029/2756 1031/2757
f 1106/2802 1108/2807 1084/2817
f 1142/3133 1122/3134 1114/3135
f 1098/3136 1142/3133 1111/3137
f 1102/2806 1143/2818 1144/2803
f 1102/2806 1106/2802 1084/2817
f 1110/2819 1111/2820 1114/2821
f 1094/2822 1123/2814 1085/2816
f 1108/2807 1110/2819 1114/2821
f 1102/2806 1088/2823 1143/2818
f 1084/2817 1119/2824 1102/2806
f 1087/2811 1097/2813 1085/2816
f 1102/2806 1086/2825 1088/2823
f 1114/3135 1122/3134 1094/3138
f 1088/2823 1124/2809 1143/2818
f 1111/3137 1142/3133 1114/3135
f 1130/2826 1103/2827 1133/2801
f 1114/2821 1119/2824 1084/2817
f 1114/2821 1084/2817 1108/2807
f 1094/2822 1086/2825 1119/2824
f 1110/2819 1108/2807 1103/2827
f 1103/2827 1108/2807 1133/2801
f 1114/2821 1094/2822 1119/2824
f 1102/2806 1119/2824 1086/2825
f 1094/2822 1085/2816 1086/2825
f 1031/2757 990/2755 1007/2754
f 1029/2756 1030/2758 1031/2757
f 1004/2759 1002/2726 990/2755
f 1004/2759 1040/2727 1002/2726
f 1688/2760 1004/2759 1005/2761
f 1004/2759 1031/2757 1005/2761
f 1688/2760 1006/2762 1004/2759
f 1006/2762 1040/2727 1004/2759
f 1004/2759 990/2755 1031/2757
f 1031/2757 1030/2758 1005/2761
f 953/3151 916/3152 909/3153
f 916/3152 953/3151 952/3154
f 1104/3155 916/3152 952/3154
f 1158/3184 1175/3185 1174/3186
f 1430/3362 1412/3363 1542/3364
f 1495/3370 1500/3371 1498/3372
f 1495/3370 1498/3372 1497/3373
f 1408/3390 1417/3391 1396/3392
f 1400/3393 1408/3390 1396/3392
f 1405/3394 1407/3395 1411/3396
f 1423/3397 1396/3392 1417/3391
f 1425/3398 1413/3399 1427/3400
f 1409/3401 1425/3398 1410/3402
f 1426/3403 1396/3392 1423/3397
f 1423/3397 1419/3404 1422/3405
f 1419/3404 1423/3397 1417/3391
f 1422/3405 1424/3406 1423/3397
f 1425/3398 1426/3403 1413/3399
f 1425/3398 1409/3401 1407/3395
f 1543/3407 1414/3408 1416/3409
f 1415/3410 1423/3397 1424/3406
f 1426/3403 1423/3397 1413/3399
f 1414/3408 1413/3399 1415/3410
f 1410/3402 1425/3398 1427/3400
f 1415/3410 1413/3399 1423/3397
f 1542/3364 1545/3365 1543/3366
f 1544/3367 1543/3366 1545/3365
f 1416/3368 1542/3364 1543/3366
f 1542/3411 1416/3409 1430/3412
f 1414/3408 1415/3410 1416/3409
f 1410/3402 1427/3400 1525/3413
f 1555/3414 1527/3415 1427/3400
f 1543/3407 1555/3414 1556/3416
f 1555/3414 1427/3400 1556/3416
f 1546/3417 1555/3414 1544/3418
f 1612/3454 1607/3455 1611/3456
f 1430/3412 1416/3409 1415/3410
f 1555/3414 1543/3407 1544/3418
f 1556/3416 1414/3408 1543/3407
f 1414/3408 1556/3416 1427/3400
f 1546/3417 1527/3415 1555/3414
f 1637/3463 1694/3464 1609/3465
f 1611/3456 1605/3457 1612/3454
f 1643/3466 1699/3467 1637/3463
f 1699/3467 1694/3464 1637/3463
f 1644/3586 1647/3587 1659/3588
f 1412/3363 1550/3369 1545/3365
f 1542/3364 1412/3363 1545/3365
f 1175/3185 1724/3187 1728/3188
f 1729/3189 1728/3188 1724/3187
f 1729/3189 1724/3187 1723/3190
f 1158/3184 1724/3187 1175/3185
f 1158/3184 1725/3191 1724/3187
f 1724/3187 1725/3191 1723/3190
f 1605/3457 1569/3458 1568/3459
f 1612/3454 1605/3457 1568/3459
f 1656/3589 1659/3588 1669/3590
f 1647/3587 1669/3590 1659/3588
f 1670/3759 1666/3760 1669/3761
f 1669/3761 1666/3760 1667/3762
f 1675/3763 1685/3764 1681/3765
f 1674/3766 1670/3759 1671/3767
f 1674/3766 1676/3768 1667/3762
f 1682/3769 1681/3765 1685/3764
f 1674/3766 1667/3762 1666/3760
f 1672/3770 1675/3763 1671/3767
f 1676/3768 1674/3766 1675/3763
f 1675/3763 1674/3766 1671/3767
f 1675/3763 1681/3765 1676/3768
f 1687/2763 1686/2764 1685/2765
f 1685/3764 1675/3763 1687/3771
f 1680/2766 1561/2767 1689/2768
f 1672/3770 1687/3771 1675/3763
f 1701/3468 1698/3469 1712/3470
f 1698/3469 1699/3467 1712/3470
f 1382/3374 1384/3375 1473/3376
f 1500/3371 1492/3377 1477/3378
f 1477/3378 1473/3376 1384/3375
f 1384/3375 1498/3372 1500/3371
f 1708/3891 1709/3892 1707/3893
f 2197/3894 1709/3892 1708/3891
f 1384/3375 1500/3371 1477/3378
f 1642/3471 1699/3467 1643/3466
f 1699/3467 1642/3471 1712/3470
f 1701/3468 1712/3470 1664/3472
f 1664/3472 1661/3473 1701/3468
f 1712/3470 1642/3471 1664/3472
f 1473/3376 1474/3379 1382/3374
f 1473/3376 1471/3380 1469/3381
f 1473/3376 1469/3381 1474/3379
f 1926/2549 1339/2552 1916/2553
f 1421/3419 1422/3405 1419/3404
f 1525/3413 1523/3420 1398/3421
f 1523/3420 1524/3422 1398/3421
f 1411/3396 1400/3393 1405/3394
f 1524/3422 1523/3420 1489/3423
f 1411/3396 1409/3401 1397/3424
f 1527/3415 1523/3420 1525/3413
f 1407/3395 1409/3401 1411/3396
f 1397/3424 1409/3401 1525/3413
f 1410/3402 1525/3413 1409/3401
f 1427/3400 1527/3415 1525/3413
f 1599/3978 1597/3979 1466/3980
f 1461/3981 1597/3979 1463/3982
f 1475/3983 1461/3981 1464/3984
f 1482/3985 1467/3986 1466/3980
f 1466/3980 1597/3979 1461/3981
f 1482/3985 1485/3987 1467/3986
f 1461/3981 1476/3988 1472/3989
f 1461/3981 1475/3983 1471/3990
f 1472/3989 1466/3980 1461/3981
f 1461/3981 1471/3990 1476/3988
f 1472/3989 1482/3985 1466/3980
f 1473/3376 1477/3378 1471/3380
f 1477/3378 1476/3382 1471/3380
f 1472/3383 1476/3382 1492/3377
f 1476/3382 1477/3378 1492/3377
f 1014/2843 978/2846 1679/2847
f 1030/3772 1011/3773 1683/3774
f 1683/3774 1684/3775 1682/3769
f 1685/3764 1683/3774 1682/3769
f 1011/3773 1684/3775 1683/3774
f 1688/2760 1030/2758 1686/2764
f 1686/2764 1687/2763 1688/2760
f 1688/2760 1005/2761 1030/2758
f 1689/2768 1690/2769 1688/2760
f 1561/2767 1690/2769 1689/2768
f 1006/2762 1688/2760 1690/2769
f 1690/2769 1561/2767 1041/2770
f 1694/3464 1699/3467 1698/3469
f 1339/2552 1926/2549 1337/2554
f 1541/4015 1536/4016 1539/4017
f 1541/4015 1539/4017 1535/4018
f 1536/4016 1541/4015 1537/4019
f 1537/4019 1541/4015 1560/4020
f 1679/2847 978/2846 1734/2848
f 1679/2847 1734/2848 1678/2849
f 535/1545 1347/1549 1349/1546
f 1349/1546 1347/1549 1345/1550
f 1924/2550 1916/2553 1915/2555
f 1926/2549 1916/2553 1924/2550
f 1917/2556 1915/2555 1916/2553
f 1916/2553 1913/2557 1917/2556
f 2060/4179 2081/4180 1989/4181
f 2000/4200 2078/4201 2096/4202
f 2000/4200 2096/4202 1999/4203
f 1966/4213 1964/4214 1977/4215
f 1975/4216 2063/4217 1985/4218
f 1975/4216 1976/4219 1978/4220
f 1976/4219 1975/4216 1985/4218
f 1965/4221 1969/4222 1966/4213
f 1971/4223 1966/4213 1977/4215
f 1986/4224 1976/4219 1985/4218
f 1971/4223 1965/4221 1966/4213
f 1977/4215 1978/4220 1980/4225
f 1978/4220 2062/4226 1975/4216
f 1980/4225 1978/4220 1976/4219
f 1975/4216 2062/4226 2063/4217
f 1971/4223 1977/4215 1980/4225
f 1963/4227 1966/4213 1969/4222
f 2248/4242 2036/4243 2247/4244
f 2119/4245 2248/4242 2245/4246
f 2034/4247 2248/4242 2119/4245
f 2034/4247 2036/4243 2248/4242
f 1969/4222 1962/4228 1963/4227
f 1963/4227 1948/4229 1967/4230
f 1963/4227 1967/4230 1966/4213
f 1948/4229 1968/4231 1967/4230
f 2050/4232 1966/4213 1967/4230
f 1966/4213 2050/4232 1964/4214
f 2086/825 2089/826 2087/827
f 2092/828 2087/827 2089/826
f 2086/4366 2087/4367 2133/4368
f 2091/4204 2086/4205 2090/4206
f 28/822 2092/828 2128/820
f 2083/4378 2130/4379 2131/4380
f 2087/827 2092/828 28/822
f 2073/4381 2085/4382 2083/4378
f 2083/4378 2131/4380 2073/4381
f 2097/4369 2088/4370 2086/4366
f 2084/4383 2083/4378 2079/4384
f 2074/4385 2084/4383 2076/4386
f 1999/4203 2096/4202 2088/4207
f 2085/4382 2073/4381 2075/4387
f 2090/4206 2086/4205 2088/4207
f 2079/4182 2075/4183 2080/4184
f 2081/4180 2060/4179 2079/4182
f 2096/4202 2090/4206 2088/4207
f 2075/4387 2079/4384 2085/4382
f 2085/4382 2079/4384 2083/4378
f 2097/4369 2086/4366 2093/4371
f 2086/4366 2133/4368 2093/4371
f 2079/4182 2080/4184 2081/4180
f 2082/4208 2091/4204 2090/4206
f 2067/4233 1964/4214 2050/4232
f 2060/4179 1989/4181 1974/4185
f 1974/4185 2063/4186 2064/4187
f 2062/4226 2064/4234 2063/4217
f 2066/4235 1978/4220 2067/4233
f 2062/4226 1978/4220 2066/4235
f 2046/4399 2047/4400 2051/4401
f 2039/4402 2048/4403 2046/4399
f 2043/4404 2047/4400 2046/4399
f 2044/4405 2047/4400 2043/4404
f 2067/4233 1978/4220 1964/4214
f 1977/4215 1964/4214 1978/4220
f 2067/4233 2050/4232 2052/4236
f 2042/4406 2043/4404 2048/4403
f 2043/4404 2046/4399 2048/4403
f 2044/4405 2052/4407 2047/4400
f 2043/4404 2042/4406 2040/4408
f 2042/4406 2048/4403 2045/4409
f 2034/4247 2119/4245 2041/4248
f 2120/4249 2036/4243 2034/4247
f 2044/4405 2040/4408 2056/4410
f 2041/4248 2119/4245 2125/4250
f 2042/4251 2041/4248 2125/4250
f 2125/4250 2119/4245 2250/4252
f 2122/4455 2123/4456 2055/4457
f 2122/4455 2127/4458 2123/4456
f 2076/4386 2071/4388 2074/4385
f 2040/4408 2044/4405 2043/4404
f 2052/4236 2068/4237 2067/4233
f 2052/4407 2051/4401 2047/4400
f 2127/4188 2059/4189 2123/4190
f 2231/4459 2054/4460 2122/4455
f 2068/4191 2065/4192 2066/4193
f 2066/4193 2067/4194 2068/4191
f 2059/4189 2070/4195 2065/4192
f 2127/4188 2054/4196 2059/4189
f 2126/4461 2122/4455 2055/4457
f 2065/4192 2069/4197 2059/4189
f 2054/4460 2127/4458 2122/4455
f 2065/4192 2068/4191 2069/4197
f 2060/4389 2070/4390 2076/4386
f 2064/4234 2062/4226 2066/4235
f 2060/4389 2076/4386 2084/4383
f 2076/4198 2059/4189 2054/4196
f 2064/4187 2065/4192 2070/4195
f 2061/4391 2070/4390 2060/4389
f 2070/4195 2061/4199 2064/4187
f 2070/4195 2059/4189 2076/4198
f 2066/4193 2065/4192 2064/4187
f 2060/4179 2064/4187 2061/4199
f 1974/4185 2064/4187 2060/4179
f 2079/4384 2060/4389 2084/4383
f 2143/4546 2155/4547 2150/4548
f 2155/4547 2143/4546 2152/4549
f 2143/4546 2150/4548 2224/4550
f 2406/4555 2154/4556 2223/4557
f 2152/4549 2143/4546 2443/4551
f 2153/1603 2254/1604 2158/1605
f 2145/1596 2160/1606 2146/1607
f 2145/1596 2165/1595 2160/1606
f 2179/1608 2285/1609 2153/1603
f 2153/1603 2242/1610 2179/1608
f 2153/1603 2158/1605 2242/1610
f 2179/1608 2160/1606 2285/1609
f 2439/4590 2145/4591 2204/4592
f 2197/3894 2202/3895 1709/3892
f 2202/3895 2408/3896 2203/3897
f 2299/3898 2408/3896 2202/3895
f 2202/3895 2203/3897 1709/3892
f 2146/1607 2160/1606 2179/1608
f 2299/3898 2295/3899 2408/3896
f 2146/4631 2179/4632 2204/4633
f 2208/4636 2209/4637 2216/4638
f 2208/4636 2265/4639 2294/4640
f 2208/4636 2216/4638 2265/4639
f 2220/4668 2221/4669 2218/4670
f 2213/4641 2268/4642 2260/4643
f 2223/4557 2154/4556 2224/4558
f 2220/1740 2469/1741 2226/1742
f 2226/1742 2221/1743 2220/1740
f 2218/4670 2221/4669 2154/4671
f 2407/4672 2218/4670 2154/4671
f 2224/4558 2154/4556 2226/4559
f 2221/4560 2226/4559 2154/4556
f 2284/4705 2241/4706 2411/4707
f 2204/4592 2242/4593 2441/4594
f 2204/4633 2179/4632 2242/4634
f 2208/4636 2260/4643 2209/4637
f 2235/699 2472/702 670/697
f 2250/4252 2119/4245 2245/4246
f 2248/4242 2449/4253 2389/4254
f 2250/4252 2245/4246 2246/4255
f 2247/4244 2449/4253 2248/4242
f 2245/4246 2248/4242 2389/4254
f 2146/4631 2204/4633 2145/4635
f 2462/4644 2467/4645 2209/4637
f 2216/4638 2263/4646 2265/4639
f 2209/4637 2263/4646 2216/4638
f 2263/4646 2209/4637 2467/4645
f 2219/4647 2462/4644 2209/4637
f 2282/4708 2277/4709 2284/4705
f 2277/4709 2282/4708 2288/4710
f 2411/4707 2282/4708 2284/4705
f 2402/4711 2288/4710 2282/4708
f 2153/1603 2285/1609 2288/1611
f 2153/1603 2288/1611 2402/1612
f 2260/4643 2219/4647 2209/4637
f 2260/4643 2268/4642 2219/4647
f 2307/4802 2308/4803 2283/4804
f 2458/4648 2219/4647 2268/4642
f 2345/4818 2344/4819 2348/4820
f 2348/4820 2344/4819 2476/4821
f 2348/4820 2485/4822 2332/4823
f 2332/4823 2345/4818 2348/4820
f 2358/4834 2359/4835 2356/4836
f 2358/4834 2378/4837 2359/4835
f 2373/4256 2246/4255 2245/4246
f 2245/4246 2389/4254 2373/4256
f 641/4867 2388/4868 2392/4869
f 2400/4870 2398/4871 2401/4872
f 2403/4873 2411/4874 2428/4875
f 2398/4871 2400/4870 2392/4869
f 641/4867 2392/4869 2400/4870
f 2282/4876 2411/4874 2403/4873
f 2404/4877 2428/4875 2407/4878
f 2402/1612 2403/1613 2254/1604
f 2402/1612 2254/1604 2153/1603
f 2407/4561 2154/4556 2406/4555
f 2403/4712 2402/4711 2282/4708
f 69/703 2413/694 2409/704
f 2409/704 2410/705 69/703
f 2404/4877 2403/4873 2428/4875
f 63/695 2413/694 69/703
f 2417/1744 668/1738 2469/1741
f 2220/4668 2218/4670 2428/4673
f 2414/4713 2428/4714 2241/4706
f 2407/4672 2428/4673 2218/4670
f 2241/4706 2428/4714 2411/4707
f 2439/4590 2204/4592 2441/4594
f 2443/4912 2451/4913 2152/4914
f 2455/4649 2462/4644 2458/4648
f 2219/4647 2458/4648 2462/4644
f 2461/4650 2465/4651 2455/4649
f 2455/4649 2465/4651 2462/4644
f 652/4652 2263/4646 663/4653
f 2467/4645 663/4653 2263/4646
f 2459/4257 2250/4252 2246/4255
f 2493/1699 642/1696 2468/1695
f 2415/1739 2469/1741 668/1738
f 2220/1740 2417/1744 2469/1741
f 2467/4645 2462/4644 2465/4651
f 2470/693 65/691 2410/705
f 2472/702 2409/704 2350/706
f 2409/704 2472/702 2410/705
f 2480/4805 2283/4804 2474/4806
f 2283/4804 2308/4803 2284/4807
f 2485/4822 2348/4820 2477/4824
f 2477/4915 2484/4916 2485/4917
f 2235/699 2470/693 2472/702
f 2480/4805 2307/4802 2283/4804
f 2451/4913 2478/4918 2486/4919
f 2410/705 2472/702 2470/693
f 2485/4917 2484/4916 2478/4918
f 2485/4917 2478/4918 2443/4912
f 2443/4912 2478/4918 2451/4913
f 2474/4806 2490/4808 2480/4805
