#
# Wavefront OBJ file
# Created in RealityCapture
# Engine version v1.0.3.10393
# 2501 vertices, 4998 faces
#
mtllib Sphalerite.mtl

v -6.0648825019598025e-003 3.7992984056472771e-002 6.0918800532817854e-002 0.294118 0.298039 0.305882
v -8.8592944666743296e-003 2.0103067159652706e-002 7.3356576263904585e-002 0.223529 0.231373 0.250980
v -7.0559298619627970e-003 3.6433011293411248e-002 6.4568854868412032e-002 0.321569 0.341176 0.360784
v -1.0384862311184408e-002 2.8482243418693539e-002 7.0527300238609328e-002 0.286275 0.290196 0.309804
v -5.6065660901367673e-003 3.1769126653671258e-002 7.0325240492820754e-002 0.376471 0.380392 0.400000
v -8.1067634746432322e-003 3.0845195055007931e-002 7.0543147623538985e-002 0.345098 0.349020 0.372549
v -6.5167732536792772e-003 2.9954805970191952e-002 7.2352916002273573e-002 0.396078 0.407843 0.435294
v -9.3072652816772478e-003 3.6695241928100579e-002 6.3208095729351058e-002 0.258824 0.239216 0.219608
v -8.6191082373261469e-003 3.5035520792007439e-002 6.5864168107509627e-002 0.356863 0.364706 0.380392
v -9.2190941795706766e-003 3.2848864793777459e-002 6.7821472883224501e-002 0.298039 0.309804 0.333333
v -7.5587951578199881e-003 2.7892276644706723e-002 7.4063837528228774e-002 0.313726 0.317647 0.345098
v -1.3474944978952411e-002 3.9269343018531792e-002 5.9965409338474288e-002 0.278431 0.278431 0.274510
v -1.0841701179742815e-002 3.1114786863327023e-002 6.7816682159900679e-002 0.305882 0.290196 0.274510
v -1.3444685377180580e-002 3.4086808562278741e-002 6.4801119267940535e-002 0.286275 0.294118 0.294118
v -3.2042877282947311e-003 2.1472662687301632e-002 1.3480335474014284e-003 0.294118 0.305882 0.325490
v -1.2455661781132225e-002 3.6176696419715874e-002 6.2822781503200545e-002 0.286275 0.290196 0.305882
v -1.2723727151751522e-002 3.7598937749862664e-002 6.1201989650726332e-002 0.301961 0.286275 0.274510
v -3.5351809114217765e-002 7.3758214712142936e-003 3.7561923265457160e-002 0.294118 0.298039 0.305882
v -1.2033777311444286e-002 3.3375963568687432e-002 6.6282182931900038e-002 0.274510 0.274510 0.286275
v -4.4192611239850530e-003 2.7360141277313229e-002 1.7766654491424561e-004 0.309804 0.309804 0.337255
v -1.5066601336002353e-002 3.1159430742263790e-002 6.8372212350368514e-002 0.301961 0.298039 0.325490
v -1.0324149392545225e-002 3.7400647997856133e-002 6.1185702681541457e-002 0.294118 0.298039 0.298039
v -2.0515157375484709e-003 1.7923712730407711e-002 2.9547065496444711e-003 0.349020 0.337255 0.349020
v -1.8297634087502961e-003 2.6474401354789730e-002 2.2041499614715581e-003 0.200000 0.196078 0.207843
v -1.5703808516263965e-002 3.5578384995460503e-002 6.4708627760410323e-002 0.301961 0.301961 0.301961
v -1.4814937487244609e-002 2.7864709496498104e-002 6.9744706153869643e-002 0.298039 0.294118 0.294118
v -3.2506508287042388e-003 2.8884306550025936e-002 1.8819421529769902e-003 0.172549 0.172549 0.188235
v -1.6143057495355610e-002 3.3152297139167779e-002 6.6580064594745650e-002 0.317647 0.321569 0.329412
v -1.3557784259319308e-003 2.8514862060546872e-002 8.3728134632110617e-004 0.219608 0.227451 0.258824
v -3.2477369531989106e-003 2.4778619408607479e-002 1.9083321094512944e-003 0.278431 0.282353 0.294118
v -1.0742302052676679e-002 2.0585104823112484e-002 7.3296353220939650e-002 0.443137 0.466667 0.474510
v -9.7488956525921839e-003 2.7648866176605221e-002 7.2291091084480300e-002 0.286275 0.294118 0.309804
v -1.6269400715827945e-002 3.7611678242683404e-002 6.2293969094753279e-002 0.282353 0.290196 0.313726
v -1.1571115814149381e-002 2.9499813914299008e-002 6.9694548845291152e-002 0.337255 0.352941 0.384314
v -1.5019529499113563e-002 2.6003941893577572e-002 7.1427322924137129e-002 0.235294 0.219608 0.207843
v -3.8297539576888093e-003 2.8688028454780575e-002 1.2950301170349123e-003 0.207843 0.207843 0.203922
v -1.3357171788811687e-002 2.2129625082015988e-002 7.3388874530792250e-002 0.356863 0.368627 0.392157
v -5.0143473781645307e-003 3.0930370092391964e-002 2.0602196455001835e-003 0.505882 0.541176 0.607843
v -1.7941130325198177e-002 3.6010473966598504e-002 6.4248561859130873e-002 0.333333 0.345098 0.376471
v -5.1981322467327127e-003 2.2529080510139462e-002 7.7126920223236106e-004 0.243137 0.243137 0.262745
v -1.6901029273867611e-002 3.9462059736251824e-002 5.3520590066909804e-002 0.286275 0.290196 0.286275
v -1.3993860920891168e-004 2.2286996245384213e-002 7.5760483741760276e-004 0.294118 0.294118 0.313726
v -1.9323608139529829e-003 3.1614914536476128e-002 2.8022378683090214e-003 0.423529 0.443137 0.478431
v -1.8516752868890766e-002 3.8436129689216607e-002 5.7492628693580641e-002 0.333333 0.341176 0.372549
v -1.3830575160682205e-002 2.0144402980804440e-002 7.3151290416717543e-002 0.349020 0.356863 0.380392
v -1.4062423259019855e-002 2.5166571140289303e-002 7.3005102574825301e-002 0.372549 0.372549 0.396078
v -1.7910446971654895e-002 2.8959214687347409e-002 6.8840764462947859e-002 0.294118 0.286275 0.282353
v -1.8215870484709743e-002 3.7044182419776910e-002 6.0780800879001631e-002 0.325490 0.333333 0.360784
v 3.6858845851384114e-004 2.3988813161849972e-002 1.7566978931427006e-003 0.258824 0.258824 0.278431
v -1.7902562394738201e-002 2.6471704244613644e-002 7.1202717721462264e-002 0.341176 0.360784 0.392157
v -9.1270369011908791e-004 3.1775757670402520e-002 4.3272674083709725e-003 0.321569 0.321569 0.368627
v -1.9072327762842182e-002 2.3916706442832943e-002 7.3944158852100386e-002 0.278431 0.254902 0.239216
v -2.0147293806076053e-002 2.9943034052848812e-002 6.6976256668567671e-002 0.231373 0.231373 0.235294
v 1.3572201132774355e-003 2.0257145166397091e-002 2.0934194326400761e-003 0.329412 0.337255 0.364706
v -2.9866709373891362e-003 3.3886939287185662e-002 9.1842710971832293e-003 0.227451 0.231373 0.235294
v -1.9972849637269977e-002 8.0842971801757795e-003 6.5641619265079512e-002 0.215686 0.203922 0.200000
v -2.7054245583713059e-003 3.3032029867172234e-002 5.0825327634811410e-003 0.329412 0.337255 0.329412
v -1.9267387688159946e-002 3.8799375295639031e-002 5.3497992455959334e-002 0.364706 0.376471 0.411765
v -2.3782847449183471e-002 2.3017972707748410e-002 6.8751573562622084e-002 0.313726 0.325490 0.333333
v -4.7306180931627759e-003 3.2019719481468194e-002 4.8176646232604989e-003 0.121569 0.117647 0.125490
v -1.9526764750480655e-002 3.2214060425758355e-002 6.6166862845420851e-002 0.313726 0.309804 0.321569
v -1.9572407007217411e-002 3.5529851913452141e-002 6.1816357076168074e-002 0.294118 0.301961 0.317647
v -1.9890898838639263e-002 3.4407243132591241e-002 6.3643537461757674e-002 0.360784 0.368627 0.415686
v -2.0930238068103794e-002 3.6645352840423577e-002 5.8077171444892897e-002 0.333333 0.333333 0.337255
v -2.4397879838943488e-002 3.0568614602088925e-002 3.8673296570777900e-002 0.301961 0.317647 0.333333
v -2.3963913321495063e-002 3.1628698110580437e-002 4.0819600224494941e-002 0.278431 0.290196 0.305882
v -2.1587843075394634e-002 3.1736686825752251e-002 3.9529770612716682e-002 0.294118 0.317647 0.341176
v -2.5387210771441467e-002 3.1901195645332329e-002 4.4650584459304817e-002 0.250980 0.254902 0.250980
v -2.1758072078228000e-002 3.0892938375473019e-002 3.5753488540649421e-002 0.282353 0.305882 0.333333
v -2.2907208651304248e-002 3.2884106040000909e-002 4.2867593467235572e-002 0.235294 0.243137 0.266667
v -2.5238912552595145e-002 3.1967431306838982e-002 4.9541369080543532e-002 0.309804 0.329412 0.356863
v -2.5180554017424590e-002 3.2007336616516106e-002 4.7636434435844435e-002 0.294118 0.305882 0.333333
v -2.3593133315444000e-002 3.4051582217216485e-002 4.6490885317325599e-002 0.203922 0.211765 0.231373
v -2.1215695887804035e-002 3.3655881881713860e-002 4.3255150318145759e-002 0.317647 0.337255 0.349020
v -2.5183873251080520e-002 3.3706545829772942e-002 5.2210278809070601e-002 0.290196 0.298039 0.321569
v -1.8536642193794254e-002 3.4723892807960503e-002 4.1851684451103217e-002 0.321569 0.345098 0.356863
v -1.9200509414076809e-002 3.4326359629631036e-002 3.7259489297866828e-002 0.325490 0.341176 0.364706
v -2.2771360352635387e-002 3.5388872027397149e-002 4.9696259200572981e-002 0.321569 0.329412 0.349020
v -2.1396143361926082e-002 3.6430552601814263e-002 5.1044449210166945e-002 0.317647 0.290196 0.258824
v -2.2818639874458316e-002 3.6719456315040581e-002 5.3944721817970290e-002 0.278431 0.278431 0.294118
v -1.8110524863004688e-002 3.5387471318244927e-002 3.9106085896492011e-002 0.215686 0.243137 0.258824
v -1.8060911446809772e-002 3.5998225212097161e-002 3.6401584744453437e-002 0.262745 0.266667 0.286275
v -1.9304776564240459e-002 3.2619759440422051e-002 3.4935265779495246e-002 0.294118 0.313726 0.325490
v -2.0030098035931591e-002 3.5912498831748955e-002 4.6698808670043952e-002 0.313726 0.325490 0.349020
v -1.9347889348864559e-002 3.5785362124443047e-002 4.4721670448780067e-002 0.219608 0.227451 0.235294
v -1.6512565314769748e-002 3.7771031260490411e-002 3.6687791347503669e-002 0.305882 0.313726 0.298039
v -1.9717134535312656e-002 3.7650346755981438e-002 4.8703581094741835e-002 0.321569 0.329412 0.356863
v -1.6227988526225093e-002 3.7544772028923028e-002 4.4091954827308662e-002 0.278431 0.282353 0.286275
v -1.7358005046844486e-002 3.6448612809181206e-002 3.3248841762542732e-002 0.160784 0.160784 0.168627
v -1.7508840188384060e-002 3.7683233618736260e-002 4.7907702624797835e-002 0.243137 0.247059 0.266667
v -1.5974421054124836e-002 3.9160653948783868e-002 5.1226891577243819e-002 0.294118 0.301961 0.309804
v -1.8339831382036213e-002 3.8921907544136040e-002 5.1508069038391127e-002 0.247059 0.239216 0.247059
v -1.4922565780580047e-002 3.7798136472702019e-002 3.9914727210998542e-002 0.215686 0.223529 0.239216
v -1.4716406352818016e-002 4.0494009852409356e-002 3.1882241368293769e-002 0.341176 0.345098 0.372549
v -1.4655573293566707e-002 3.8941755890846246e-002 2.8726264834403999e-002 0.290196 0.298039 0.329412
v -9.8357964307069796e-003 4.0508940815925591e-002 2.7270048856735236e-002 0.301961 0.309804 0.321569
v -9.9101951345801371e-003 4.0434375405311578e-002 3.0082717537879951e-002 0.274510 0.274510 0.278431
v -1.0391036048531534e-002 4.3383330106735223e-002 3.2062232494354255e-002 0.290196 0.262745 0.247059
v -6.6955448128283041e-003 4.2435571551322930e-002 2.7599155902862556e-002 0.270588 0.286275 0.298039
v -8.8332314044237154e-003 4.1915133595466607e-002 2.9311373829841621e-002 0.227451 0.231373 0.247059
v -6.7039388231933134e-003 4.4658586382865899e-002 2.9625087976455695e-002 0.184314 0.184314 0.184314
v -7.7247652225196379e-003 4.5653969049453728e-002 3.2797470688819892e-002 0.278431 0.270588 0.282353
v -7.9398397356271761e-003 4.3132945895195000e-002 3.1145483255386359e-002 0.223529 0.219608 0.231373
v -7.8253680840134638e-003 4.7193691134452813e-002 3.3645793795585639e-002 0.380392 0.400000 0.415686
v -1.6167350113391880e-002 3.9477616548538201e-002 3.3024370670318610e-002 0.290196 0.301961 0.301961
v -6.6203665919601935e-003 3.9895594120025628e-002 2.4533554911613471e-002 0.325490 0.341176 0.352941
v -1.6203727573156360e-002 3.6397889256477349e-002 3.9599716663360603e-002 0.266667 0.274510 0.282353
v -6.1540408059954661e-003 4.4534102082252496e-002 2.7502939105033881e-002 0.250980 0.243137 0.243137
v -4.0077243000268943e-002 1.2136355042457579e-002 1.6702890396118168e-002 0.286275 0.294118 0.313726
v -3.9819587022066123e-002 9.2437863349914533e-003 1.9635230302810672e-002 0.443137 0.450980 0.454902
v -3.7795525044202812e-002 1.4083951711654661e-002 1.3337507843971256e-002 0.309804 0.317647 0.325490
v -3.8987029343843467e-002 9.1969668865203840e-003 2.1835118532180790e-002 0.270588 0.274510 0.286275
v -3.8713302463293083e-002 1.4191880822181700e-002 1.7555639147758487e-002 0.305882 0.309804 0.329412
v -3.8536485284566886e-002 8.4880590438842756e-003 2.3289456963539127e-002 0.427451 0.439216 0.458824
v -3.9255633950233466e-002 1.3041943311691282e-002 2.1441996097564701e-002 0.301961 0.301961 0.317647
v -3.9862055331468589e-002 9.7155272960662824e-003 1.5725329518318180e-002 0.321569 0.337255 0.360784
v -3.8174472749233253e-002 9.6078962087631208e-003 2.6596069335937507e-002 0.278431 0.290196 0.305882
v -3.6858119070529945e-002 1.6242906451225277e-002 1.5044108033180240e-002 0.376471 0.388235 0.415686
v -3.7653420120477683e-002 1.2867525219917296e-002 2.5233685970306403e-002 0.278431 0.282353 0.290196
v -3.8333773612976081e-002 1.3779789209365843e-002 1.9534856081008915e-002 0.258824 0.258824 0.270588
v -3.6846030503511436e-002 1.2011989951133726e-002 2.7379482984542854e-002 0.270588 0.270588 0.278431
v -3.7846431136131294e-002 1.0610297322273253e-002 2.9397398233413703e-002 0.286275 0.290196 0.301961
v -3.6338485777378089e-002 9.6741765737533552e-003 3.3045843243598945e-002 0.239216 0.243137 0.262745
v -3.7004534155130393e-002 1.7073154449462887e-002 2.4659618735313422e-002 0.321569 0.325490 0.341176
v -3.7458274513483054e-002 1.6900241374969479e-002 2.2116199135780338e-002 0.352941 0.372549 0.396078
v -3.5092353820800788e-002 1.5517428517341612e-002 3.0021995306015022e-002 0.239216 0.235294 0.239216
v -3.5551991313695915e-002 1.2615293264389036e-002 3.4646540880203254e-002 0.321569 0.329412 0.337255
v -3.7527516484260566e-002 1.7653658986091610e-002 1.9771054387092594e-002 0.345098 0.364706 0.392157
v -3.6672554910182960e-002 1.2035459280014036e-002 3.2418340444564826e-002 0.258824 0.247059 0.247059
v -3.6261953413486488e-002 1.6914546489715573e-002 2.6521801948547370e-002 0.360784 0.368627 0.392157
v -3.6231145262718208e-002 1.3162657618522642e-002 3.0200332403182990e-002 0.219608 0.219608 0.227451
v -3.6336403340101249e-002 1.8508255481719967e-002 1.7355367541313175e-002 0.223529 0.227451 0.235294
v -3.6060407757759101e-002 2.0878002047538754e-002 2.0658940076828006e-002 0.298039 0.309804 0.325490
v -3.4911531955003745e-002 1.9393682479858395e-002 2.4086371064186103e-002 0.278431 0.290196 0.317647
v -3.5104069858789451e-002 1.8133774399757382e-002 3.0509650707244880e-002 0.219608 0.223529 0.239216
v -3.5995524376630790e-002 1.7449915409088131e-002 2.9045984148979194e-002 0.278431 0.266667 0.278431
v -1.7523191869258884e-002 2.0669430494308468e-002 7.3197349905967726e-002 0.258824 0.262745 0.286275
v -2.0624203607439998e-002 2.0868495106697079e-002 7.3503315448761000e-002 0.317647 0.333333 0.360784
v -1.2385125271975998e-002 2.4822965264320370e-002 7.4136987328529372e-002 0.388235 0.403922 0.435294
v -2.2941088303923610e-002 1.9596964120864865e-002 7.3696158826351180e-002 0.537255 0.560784 0.607843
v -1.6501171514391903e-002 2.3981988430023190e-002 7.4436686933040633e-002 0.443137 0.454902 0.494118
v -2.1926088258624080e-002 2.4077773094177243e-002 7.3722943663597121e-002 0.403922 0.411765 0.423529
v -1.1047157458961012e-002 2.3320510983467099e-002 7.3738545179367079e-002 0.243137 0.254902 0.266667
v -1.5364360995590690e-002 2.2504329681396481e-002 7.3920540511608138e-002 0.423529 0.427451 0.447059
v -9.0314764529466646e-003 2.2646754980087277e-002 7.4301011860370650e-002 0.298039 0.313726 0.333333
v -1.0148284956812860e-002 2.5851398706436154e-002 7.4616886675357832e-002 0.400000 0.411765 0.450980
v -6.2191854231059569e-003 2.4389356374740597e-002 7.4014551937580123e-002 0.301961 0.317647 0.329412
v -8.0245090648531931e-003 2.5537908077239987e-002 7.5011149048805251e-002 0.388235 0.396078 0.419608
v -5.3108511492609986e-003 4.9169003963470452e-002 4.7671727836132063e-002 0.301961 0.309804 0.325490
v -2.3680108133703475e-003 5.1212161779403680e-002 3.6782070994377143e-002 0.250980 0.266667 0.274510
v -4.5148991048336038e-003 5.0314724445343011e-002 3.9143443107604987e-002 0.317647 0.317647 0.329412
v -3.5208032932132491e-003 4.4537231326103204e-002 5.4118178784847273e-002 0.294118 0.270588 0.247059
v -3.9229383692145356e-003 4.9858987331390374e-002 3.4995585680007942e-002 0.396078 0.435294 0.454902
v -3.4926549997180709e-003 5.0401195883750909e-002 4.5694969594478614e-002 0.227451 0.227451 0.239216
v -1.8519572913646702e-003 5.0896659493446343e-002 3.9561390876770026e-002 0.254902 0.254902 0.266667
v -2.3170104250311856e-003 4.9096629023551934e-002 4.7259368002414717e-002 0.305882 0.313726 0.333333
v -2.0716553553938870e-003 5.0954148173332207e-002 4.1734956204891212e-002 0.223529 0.223529 0.239216
v -4.7299531288445005e-003 5.0372168421745293e-002 4.3224245309829719e-002 0.286275 0.282353 0.290196
v 2.8874856070615357e-004 4.9211606383323662e-002 4.7170728445053114e-002 0.317647 0.333333 0.345098
v -6.2406313372775923e-004 5.0747647881507867e-002 4.2998753488063819e-002 0.376471 0.411765 0.435294
v -1.5545472269877796e-003 5.1431491971015923e-002 3.3916160464286811e-002 0.349020 0.372549 0.392157
v -2.0305807702243332e-003 4.7691419720649712e-002 5.0559811294078841e-002 0.239216 0.250980 0.274510
v -1.2154924479546028e-004 5.1938995718955987e-002 3.7693098187446601e-002 0.286275 0.298039 0.313726
v -2.8874247800558810e-003 4.5535221695899956e-002 5.2083611488342299e-002 0.317647 0.321569 0.317647
v -2.0768389105796817e-002 3.4428805112838738e-002 6.0299649834632887e-002 0.337255 0.349020 0.376471
v -2.0776428282260898e-002 3.1678095459938042e-002 6.4218059182167067e-002 0.262745 0.266667 0.270588
v -2.0832104608416561e-002 3.2036647200584405e-002 6.1861440539360060e-002 0.356863 0.372549 0.392157
v -2.2862246260046962e-002 3.1895712018012994e-002 5.6906841695308699e-002 0.447059 0.470588 0.498039
v -2.1271793171763424e-002 2.8526842594146725e-002 6.7521616816520705e-002 0.298039 0.294118 0.290196
v -2.3305254057049755e-002 2.4401515722274777e-002 7.2378344833850874e-002 0.376471 0.396078 0.431373
v -1.8228594213724140e-002 1.9141033291816708e-002 7.3204010725021376e-002 0.305882 0.321569 0.341176
v -2.0912764593958858e-002 2.7289047837257382e-002 6.9687396287918105e-002 0.372549 0.356863 0.333333
v -2.2785402834415439e-002 3.0052706599235531e-002 5.8283127844333663e-002 0.364706 0.372549 0.380392
v -5.3175934590399274e-003 3.2569110393524163e-002 7.9089105129241961e-003 0.149020 0.145098 0.145098
v -9.4880978576838992e-004 3.3901065587997430e-002 5.9925466775894182e-003 0.356863 0.380392 0.411765
v -7.3424703441560290e-004 3.5203948616981499e-002 1.1154040694236757e-002 0.207843 0.196078 0.188235
v 2.6952318148687487e-004 3.5364717245101922e-002 8.9689344167709368e-003 0.364706 0.376471 0.423529
v -2.2415561601519588e-002 2.9467299580574032e-002 6.0307949781417861e-002 0.411765 0.427451 0.443137
v -7.4584386311471480e-003 1.5912055969238278e-002 6.9840528070926680e-002 0.301961 0.305882 0.321569
v -2.2804101929068569e-002 3.4955486655235284e-002 5.7322375476360335e-002 0.313726 0.333333 0.352941
v -2.2223019972443584e-002 2.7563154697418209e-002 6.4464285969734206e-002 0.262745 0.262745 0.266667
v -2.2722624242305759e-002 2.5684371590614315e-002 6.7237891256809248e-002 0.313726 0.313726 0.317647
v -5.3963856771588334e-003 3.2180264592170708e-002 1.0903611779212953e-002 0.227451 0.207843 0.207843
v -2.1291395649313930e-002 2.9031604528427121e-002 6.3048481941223158e-002 0.305882 0.309804 0.309804
v -2.2728204727172855e-002 2.6121437549591061e-002 6.5037973225116744e-002 0.282353 0.274510 0.282353
v -1.7103835707530384e-003 3.5909235477447503e-002 9.8061561584472674e-003 0.258824 0.266667 0.262745
v -6.4316613133996736e-004 3.5071939229965203e-002 1.2497618794441227e-002 0.121569 0.113725 0.105882
v -1.2534802779555324e-002 1.3538494706153868e-002 6.8789996206760420e-002 0.254902 0.266667 0.270588
v -2.9230807558633393e-004 2.4739816784858700e-002 7.3803424835205092e-002 0.176471 0.188235 0.207843
v -2.4780757725238807e-002 3.0161172151565548e-002 5.5767729878425612e-002 0.345098 0.349020 0.364706
v -2.1678244695067409e-002 2.5135114789009091e-002 7.1033611893653884e-002 0.203922 0.203922 0.200000
v -3.9590895175933847e-003 3.3797755837440484e-002 1.3450041413307193e-002 0.258824 0.282353 0.321569
v -9.8009854555130022e-003 1.7411157488822934e-002 7.0680178701877608e-002 0.325490 0.341176 0.356863
v -2.1916998550295833e-002 2.6170030236244198e-002 6.8888030946254744e-002 0.290196 0.286275 0.282353
v -9.0191746130585688e-003 1.4089360833168028e-002 6.7650541663169875e-002 0.325490 0.337255 0.364706
v -2.3234441876411441e-002 9.7680389881134016e-003 3.9768368005752572e-003 0.352941 0.368627 0.407843
v -2.5863414630293853e-002 2.1134972572326657e-002 7.2517856955528273e-002 0.329412 0.337255 0.360784
v -2.3286430165171627e-002 2.7385875582695004e-002 5.8179751038551344e-002 0.384314 0.392157 0.411765
v -2.4845900014042861e-002 2.5620132684707638e-002 5.7251930236816420e-002 0.301961 0.290196 0.282353
v -2.6131866499781616e-002 2.1580472588539120e-002 6.8590469658374800e-002 0.313726 0.313726 0.317647
v -8.7669920176267641e-003 1.0626167058944700e-002 6.5489113330841078e-002 0.356863 0.352941 0.329412
v -2.4269469082355506e-002 2.4058878421783444e-002 6.5906584262847914e-002 0.266667 0.270588 0.286275
v -1.0410890914499761e-002 1.3993367552757261e-002 6.8701289594173445e-002 0.239216 0.243137 0.243137
v -2.4409867823123939e-002 2.3984551429748532e-002 6.2778145074844374e-002 0.243137 0.243137 0.247059
v -2.3572331294417388e-002 2.6467800140380856e-002 6.1545901000499739e-002 0.290196 0.298039 0.313726
v -2.5370575487613685e-002 2.7367919683456417e-002 5.5037043988704695e-002 0.305882 0.301961 0.313726
v -2.6007907465100295e-002 2.1947667002677914e-002 6.5715819597244277e-002 0.262745 0.258824 0.262745
v -6.5528377890586870e-003 1.2844398617744444e-002 6.5470740199089064e-002 0.145098 0.152941 0.164706
v -6.5263616852462309e-003 9.9419802427291853e-003 6.4192712306976332e-002 0.164706 0.168627 0.176471
v -1.1533836834132673e-002 1.6895160079002377e-002 7.1186050772666945e-002 0.321569 0.329412 0.337255
v -1.6050294041633609e-002 1.3694554567337034e-002 6.9329001009464278e-002 0.333333 0.341176 0.321569
v -1.8636580789461736e-003 2.5467962026596066e-002 7.2357304394245162e-002 0.278431 0.290196 0.309804
v -6.5500056371092807e-004 2.7101948857307431e-002 7.4195817112922682e-002 0.309804 0.317647 0.317647
v -2.5926854461431510e-002 2.5112941861152645e-002 5.3391560912132277e-002 0.270588 0.274510 0.298039
v -2.5790115818381316e-002 1.5547826886177061e-002 6.9208085536956801e-002 0.290196 0.294118 0.294118
v -2.6415336877107627e-002 2.1993070840835568e-002 6.0891449451446547e-002 0.298039 0.305882 0.313726
v -1.3277964666485790e-002 1.1067941784858702e-002 6.7874543368816390e-002 0.266667 0.282353 0.294118
v -7.3447765316814206e-004 2.6313334703445431e-002 7.5412891805171980e-002 0.380392 0.396078 0.415686
v -2.7902854606509216e-002 2.0173370838165280e-002 6.2275029718875899e-002 0.290196 0.286275 0.294118
v -4.4746524654328832e-003 2.7115061879158017e-002 7.4291065335273757e-002 0.325490 0.329412 0.356863
v -2.5955965742468841e-002 2.3883223533630368e-002 5.9425607323646559e-002 0.286275 0.305882 0.325490
v -2.7576787397265441e-002 2.0481556653976437e-002 5.9594631195068373e-002 0.262745 0.286275 0.298039
v -2.5690883398056037e-002 2.4427801370620724e-002 5.5051445960998549e-002 0.325490 0.325490 0.333333
v -2.7081718668341644e-002 2.1861717104911801e-002 5.7162284851074233e-002 0.294118 0.298039 0.321569
v -2.7854165062308318e-002 1.9617557525634762e-002 5.7340838015079512e-002 0.298039 0.305882 0.317647
v -2.7355621568858628e-003 3.9058327674865716e-002 1.7904907464981083e-002 0.156863 0.160784 0.176471
v -3.4701249096542605e-003 4.3427720665931695e-002 2.2551000118255619e-002 0.211765 0.207843 0.211765
v -9.8271272145211718e-004 4.1697129607200616e-002 1.7089486122131351e-002 0.470588 0.505882 0.525490
v -4.9483701586723336e-003 3.9782077074050896e-002 2.2070124745368961e-002 0.329412 0.333333 0.329412
v -3.8158129900693902e-003 4.4035613536834710e-002 2.4873152375221259e-002 0.301961 0.309804 0.337255
v -3.3206057269126186e-003 4.0557011961936944e-002 1.9624128937721256e-002 0.266667 0.258824 0.278431
v -1.3382770121097567e-003 4.2841404676437371e-002 1.9345134496688846e-002 0.270588 0.286275 0.309804
v -5.2877184934914121e-003 4.3230175971984856e-002 2.5996267795562751e-002 0.200000 0.192157 0.231373
v -2.8945764526724822e-002 1.4832347631454466e-002 6.4906328916549696e-002 0.294118 0.290196 0.290196
v 7.0400018012151133e-004 4.2742192745208733e-002 1.6940876841545108e-002 0.294118 0.274510 0.254902
v 6.5249582985416066e-004 4.7097191214561455e-002 2.1177798509597782e-002 0.282353 0.294118 0.325490
v 6.1954412376508128e-004 4.4785633683204644e-002 1.9350513815879825e-002 0.239216 0.239216 0.247059
v -1.6670105978846554e-003 5.0609230995178216e-002 2.6596382260322578e-002 0.231373 0.211765 0.215686
v -5.1230876706540593e-003 4.6205312013626092e-002 2.8458297252655036e-002 0.231373 0.223529 0.227451
v -2.8926152735948567e-003 4.8696205019950860e-002 2.9170230031013496e-002 0.345098 0.333333 0.325490
v -1.7814078601077203e-003 4.5473858714103692e-002 2.3584768176078803e-002 0.345098 0.352941 0.384314
v -2.7221166528761391e-003 4.7410592436790459e-002 2.6863723993301399e-002 0.305882 0.278431 0.262745
v 9.3363499036058805e-004 4.4963300228118890e-002 2.0225405693054203e-002 0.196078 0.188235 0.180392
v -1.1518741957843306e-003 4.7677904367446892e-002 2.4439841508865363e-002 0.298039 0.294118 0.298039
v -5.0043915398418912e-003 4.8820137977600091e-002 3.1781554222106941e-002 0.227451 0.231373 0.239216
v -3.5679535940289506e-003 5.0749018788337701e-002 3.2467097043991096e-002 0.392157 0.411765 0.447059
v -2.1311040036380295e-003 5.1404520869255059e-002 2.9630035161972053e-002 0.325490 0.333333 0.352941
v -7.0228840922936808e-004 5.1877319812774651e-002 2.8559699654579170e-002 0.274510 0.282353 0.301961
v 6.5491491113789393e-005 5.2138105034828179e-002 3.1684294342994697e-002 0.325490 0.341176 0.356863
v -2.7326656505465514e-002 2.9350176453590390e-002 4.6302132308483131e-002 0.309804 0.321569 0.349020
v -2.7625842019915588e-002 1.6689971089363095e-002 6.9809056818485274e-002 0.250980 0.247059 0.250980
v -1.4280708506703380e-002 1.5231415629386900e-002 6.9794669747352614e-002 0.247059 0.266667 0.278431
v -1.0995000600814821e-002 1.2201488018035887e-002 6.7233964800834670e-002 0.239216 0.262745 0.282353
v -3.0110863968729980e-002 1.7910957336425778e-002 5.3966045379638686e-002 0.247059 0.250980 0.258824
v -2.7204785495996482e-002 1.7379134893417355e-002 7.0987626910209670e-002 0.184314 0.192157 0.192157
v -2.7982704341411598e-002 1.8434733152389523e-002 6.7292124032974257e-002 0.211765 0.196078 0.188235
v -2.9103673994541175e-002 1.8668681383132931e-002 6.4171992242336287e-002 0.270588 0.274510 0.282353
v -3.0178587883710868e-002 1.6681030392646786e-002 5.8424808084964766e-002 0.286275 0.290196 0.301961
v -2.7093376964330680e-002 1.2911126017570494e-002 6.8937450647354140e-002 0.270588 0.294118 0.317647
v -1.5544555149972442e-002 1.6689136624336239e-002 7.0878863334655776e-002 0.254902 0.250980 0.243137
v -1.3061476871371273e-002 9.1936886310577375e-003 6.5946258604526534e-002 0.231373 0.243137 0.254902
v -3.6320547224022453e-004 8.0794692039489729e-003 6.8761855363845843e-003 0.192157 0.196078 0.211765
v -2.9723547399044044e-002 1.2517943978309630e-002 6.8276003003120436e-002 0.403922 0.415686 0.431373
v -2.5190988555550582e-002 1.0684639215469359e-002 6.8807184696197524e-002 0.627451 0.658824 0.623529
v -1.8751945346593860e-002 1.5503093600273131e-002 7.2152376174926772e-002 0.352941 0.384314 0.407843
v -1.6460506245493892e-002 1.8003016710281369e-002 7.1785204112529769e-002 0.243137 0.258824 0.274510
v -1.2658558785915378e-002 1.0602653026580809e-002 6.6586472094059004e-002 0.329412 0.329412 0.349020
v -2.9806252568960197e-002 1.6200050711631771e-002 6.1674736440181746e-002 0.317647 0.294118 0.270588
v -3.0733190476894386e-002 1.3460695743560789e-002 6.2851794064044966e-002 0.329412 0.317647 0.313726
v -1.0702922008931639e-002 9.2756152153015119e-003 6.4970277249813094e-002 0.329412 0.376471 0.400000
v -3.2245837152004249e-002 1.5328481793403624e-002 5.4726988077163710e-002 0.219608 0.215686 0.223529
v -3.2037887722253806e-002 1.4959663152694700e-002 5.7493157684803023e-002 0.286275 0.282353 0.294118
v -2.0289063453674320e-002 1.6646221280097958e-002 7.1696192026138320e-002 0.266667 0.309804 0.317647
v -1.6672842204570774e-002 1.1606603860855101e-002 6.8874225020408644e-002 0.419608 0.431373 0.458824
v -3.0735567212104804e-002 1.0680019855499266e-002 6.4809553325176253e-002 0.274510 0.274510 0.274510
v -3.1840730458498008e-002 1.1665180325508116e-002 6.0948200523853316e-002 0.368627 0.380392 0.384314
v -3.1593568623065955e-002 1.3810589909553526e-002 5.9626489877700820e-002 0.349020 0.329412 0.325490
v -3.2881200313568122e-002 9.6999257802963239e-003 5.9726618230342879e-002 0.309804 0.329412 0.345098
v -3.1931951642036445e-002 8.8586807250976545e-003 6.5322995185852065e-002 0.266667 0.262745 0.262745
v -3.4282878041267402e-002 7.8832507133483869e-003 5.3856946527957930e-002 0.294118 0.305882 0.317647
v -3.3419772982597358e-002 1.2520805001258848e-002 5.4951861500740065e-002 0.309804 0.313726 0.317647
v -3.3208746463060386e-002 1.1785313487052916e-002 5.7256177067756667e-002 0.282353 0.278431 0.298039
v -2.5961745530366905e-002 2.0726948976516720e-002 2.3082643747329716e-003 0.486275 0.525490 0.584314
v -2.7633588761091239e-002 2.1452397108077999e-002 1.0064318776130678e-002 0.380392 0.392157 0.407843
v -3.5875281901098793e-004 3.7175565958023064e-002 1.3589367270469669e-002 0.223529 0.223529 0.227451
v -2.3954748176038270e-003 3.5924598574638360e-002 1.5352234244346622e-002 0.180392 0.180392 0.184314
v -1.0087931150337684e-004 3.7906304001808160e-002 1.5486150979995731e-002 0.266667 0.282353 0.317647
v -5.1504643633961686e-003 3.6167174577713006e-002 1.6483798623085025e-002 0.313726 0.325490 0.337255
v -2.5914482772350318e-002 2.4085879325866696e-002 1.4337599277496341e-002 0.278431 0.294118 0.305882
v -4.5071600470691930e-004 3.9863079786300652e-002 1.6758561134338382e-002 0.164706 0.149020 0.141176
v -2.8901625424623496e-002 1.9972518086433407e-002 1.0228201746940615e-002 0.239216 0.239216 0.250980
v -2.5357490405440337e-002 2.3168653249740597e-002 9.9767297506332415e-003 0.345098 0.360784 0.376471
v -2.2553341463208202e-002 2.6989772915840145e-002 1.8373683094978336e-002 0.396078 0.411765 0.419608
v -2.4784803390502937e-002 2.6373088359832760e-002 2.7436375617980964e-002 0.282353 0.290196 0.294118
v -2.7023686096072204e-002 2.1283969283103939e-002 8.3405226469039934e-003 0.176471 0.180392 0.188235
v -2.0878005772829059e-002 2.9575034976005551e-002 1.8305778503417972e-002 0.270588 0.282353 0.294118
v -2.2328656166791919e-002 2.9036089777946469e-002 2.5619432330131538e-002 0.200000 0.203922 0.207843
v -2.4355297908186919e-002 2.5083512067794796e-002 2.3487865924835212e-002 0.223529 0.231373 0.250980
v -2.0881503820419315e-002 2.8340026736259457e-002 2.1597489714622501e-002 0.215686 0.223529 0.231373
v -2.4771142750978477e-002 2.6313230395317074e-002 1.8835932016372684e-002 0.290196 0.313726 0.333333
v -2.2268081083893779e-002 2.7074739336967465e-002 2.1976649761199955e-002 0.356863 0.376471 0.384314
v -2.4861613288521774e-002 2.7721136808395382e-002 3.1672149896621711e-002 0.286275 0.278431 0.270588
v -2.3464333266019828e-002 2.7772322297096249e-002 1.6150385141372684e-002 0.345098 0.352941 0.372549
v -2.4238619953393943e-002 2.5613620877265927e-002 1.5025585889816288e-002 0.247059 0.254902 0.258824
v -2.2987080737948421e-002 2.8689712285995480e-002 3.0607447028160102e-002 0.219608 0.207843 0.200000
v -2.3052085191011432e-002 2.9179498553276059e-002 1.5662059187889103e-002 0.364706 0.364706 0.384314
v -1.8519366160035137e-002 3.2449066638946526e-002 1.4998823404312137e-002 0.349020 0.341176 0.360784
v -2.0322872325778011e-002 3.0585974454879757e-002 2.6317596435546882e-002 0.215686 0.235294 0.250980
v -2.4177996441721923e-002 2.5789305567741391e-002 2.5233909487724311e-002 0.298039 0.305882 0.341176
v -2.1898513659834865e-002 3.0226275324821469e-002 1.4088794589042667e-002 0.211765 0.211765 0.207843
v -2.2964734584093097e-002 2.8209537267684933e-002 2.7911558747291572e-002 0.219608 0.223529 0.235294
v -2.0008267834782604e-002 3.1351774930953973e-002 2.3930937051773078e-002 0.301961 0.313726 0.341176
v -2.0246056839823726e-002 3.0330002307891842e-002 2.0542144775390628e-002 0.317647 0.341176 0.360784
v -2.1347394213080410e-002 3.0009239912033078e-002 2.9033765196800239e-002 0.270588 0.290196 0.294118
v -2.2111102938652042e-002 3.1551748514175408e-002 3.3319637179374702e-002 0.341176 0.364706 0.396078
v -1.7682120203971866e-002 3.2212033867835992e-002 1.9840031862258915e-002 0.294118 0.298039 0.294118
v -2.3816198110580451e-002 2.9516726732254025e-002 3.2724693417549140e-002 0.274510 0.282353 0.294118
v -1.8688041716814045e-002 3.2466724514961236e-002 2.3576378822326667e-002 0.262745 0.270588 0.282353
v -2.1594921126961712e-002 3.0959174036979672e-002 3.0986040830612190e-002 0.274510 0.266667 0.247059
v -1.7579067498445514e-002 3.2834053039550774e-002 1.8452867865562442e-002 0.290196 0.305882 0.317647
v -2.0072301849722866e-002 3.2063513994216912e-002 2.9090851545333869e-002 0.243137 0.250980 0.274510
v -2.0162865519523624e-002 3.1111940741538998e-002 1.7051637172698978e-002 0.254902 0.254902 0.266667
v -1.7632439732551578e-002 3.3741533756256097e-002 2.2431954741477970e-002 0.337255 0.345098 0.352941
v -1.8230870366096500e-002 3.4020900726318352e-002 2.6260331273078925e-002 0.196078 0.200000 0.207843
v -2.0026370882987980e-002 3.2258987426757806e-002 2.6023030281066901e-002 0.207843 0.207843 0.231373
v -2.0176742225885395e-002 3.2182902097702019e-002 3.3351838588714607e-002 0.215686 0.223529 0.231373
v -1.8098125234246257e-002 3.4939557313919060e-002 3.0053898692131049e-002 0.247059 0.250980 0.266667
v -1.8324522301554683e-002 3.4933850169181817e-002 2.8380379080772407e-002 0.294118 0.290196 0.286275
v -1.5691205859184269e-002 3.5412535071372979e-002 2.5655061006546027e-002 0.258824 0.262745 0.290196
v -1.3620647601783279e-002 3.2828494906425469e-002 1.5875801444053653e-002 0.282353 0.305882 0.337255
v -1.5186074189841751e-002 3.6077037453651421e-002 2.2506535053253177e-002 0.400000 0.423529 0.435294
v -1.6266083344817165e-002 3.8060352206230157e-002 2.9872238636016853e-002 0.286275 0.298039 0.317647
v -1.4285939745604995e-002 3.6214664578437798e-002 2.4522274732589729e-002 0.250980 0.247059 0.250980
v -9.3938801437616366e-003 3.5135030746459954e-002 2.0677670836448673e-002 0.258824 0.250980 0.258824
v -7.8267240896821039e-003 3.4677594900131219e-002 1.5535071492195133e-002 0.219608 0.231373 0.262745
v -1.0397442616522314e-002 3.3523902297019952e-002 1.8249541521072391e-002 0.211765 0.258824 0.266667
v -1.0015339590609075e-002 3.1689852476119988e-002 1.3676688075065616e-002 0.188235 0.200000 0.219608
v -7.2420719079673308e-003 3.3169835805892937e-002 1.3014078140258793e-002 0.364706 0.392157 0.411765
v -6.6813481971621531e-003 3.6098569631576531e-002 1.8192708492279056e-002 0.141176 0.145098 0.149020
v -1.3064060360193256e-002 3.5134851932525628e-002 2.0875796675682071e-002 0.094118 0.094118 0.094118
v -1.0127330198884012e-002 3.3861353993415826e-002 1.7059475183486942e-002 0.137255 0.141176 0.145098
v -1.4475049450993541e-002 3.7914052605628960e-002 2.6570394635200507e-002 0.223529 0.227451 0.243137
v -1.1558465659618379e-002 3.6098897457122796e-002 2.4562492966651923e-002 0.200000 0.219608 0.250980
v -6.6290567629039305e-003 3.8778439164161675e-002 2.1512836217880252e-002 0.176471 0.176471 0.196078
v -9.3051288276910799e-003 3.6678686738014214e-002 2.3070484399795536e-002 0.298039 0.313726 0.345098
v -8.3462931215763109e-003 3.7327930331230157e-002 2.1279409527778629e-002 0.239216 0.239216 0.235294
v -1.4337367378175262e-002 3.4878820180892937e-002 1.9184589385986332e-002 0.278431 0.282353 0.290196
v -1.0463616810739042e-002 3.8095206022262566e-002 2.5507330894470222e-002 0.325490 0.337255 0.349020
v -8.4600979462265986e-003 3.8994252681732171e-002 2.5076508522033698e-002 0.274510 0.282353 0.301961
v -1.8699567764997486e-002 3.3227115869522088e-002 3.1734570860862739e-002 0.294118 0.298039 0.313726
v -1.4406536705791954e-002 4.0641754865646355e-002 3.7358701229095466e-002 0.294118 0.278431 0.254902
v -1.2346404604613784e-002 3.3855304121971123e-002 1.8542587757110599e-002 0.090196 0.090196 0.094118
v -1.6118381172418598e-002 3.6335647106170647e-002 2.7544379234313972e-002 0.301961 0.309804 0.333333
v -1.2188555672764782e-002 3.3019319176673882e-002 2.1383866667747501e-002 0.090196 0.094118 0.109804
v -1.2521964497864250e-002 4.0876358747482293e-002 3.1199976801872260e-002 0.184314 0.180392 0.188235
v -1.2075101956725124e-002 3.8294538855552666e-002 2.8251633048057563e-002 0.239216 0.254902 0.266667
v -1.5079140663146976e-002 4.0531486272811883e-002 3.5743117332458503e-002 0.266667 0.250980 0.258824
v -1.2104880064725879e-002 4.2704895138740533e-002 3.3378854393959052e-002 0.305882 0.317647 0.345098
v -1.4061294496059421e-002 4.0421694517135613e-002 4.3800517916679389e-002 0.431373 0.431373 0.427451
v -1.4395195059478286e-002 4.1184306144714349e-002 4.9530684947967543e-002 0.227451 0.223529 0.223529
v -1.4246473088860515e-002 4.0020674467086785e-002 3.9545029401779182e-002 0.215686 0.227451 0.254902
v -1.3058841228485111e-002 4.3016076087951653e-002 4.1066676378250129e-002 0.301961 0.305882 0.321569
v -1.2886783108115200e-002 4.2618215084075921e-002 3.7809178233146674e-002 0.290196 0.282353 0.278431
v -1.2952407822012905e-002 4.3660834431648247e-002 4.5051172375679023e-002 0.207843 0.215686 0.231373
v -1.3722064904868606e-002 4.2015731334686272e-002 4.6103417873382575e-002 0.290196 0.298039 0.301961
v -1.4422135427594188e-002 4.0483742952346795e-002 4.6378254890441901e-002 0.301961 0.317647 0.329412
v -1.1742867529392246e-002 4.4772684574127190e-002 3.5644769668579109e-002 0.384314 0.356863 0.325490
v -1.5686763450503353e-002 3.9218395948410027e-002 4.8046670854091658e-002 0.278431 0.278431 0.290196
v -1.1850842274725441e-002 4.5667782425880425e-002 4.0543347597122199e-002 0.341176 0.364706 0.411765
v -1.2449335306882862e-002 4.4541865587234490e-002 4.2299062013626106e-002 0.313726 0.341176 0.372549
v -9.9057685583829897e-003 4.6173229813575738e-002 3.8664713501930244e-002 0.266667 0.282353 0.305882
v -1.2877989560365680e-002 4.5585364103317254e-002 4.9800880253314986e-002 0.262745 0.266667 0.286275
v -1.3829803094267849e-002 4.3797492980957024e-002 4.9585163593292250e-002 0.309804 0.321569 0.356863
v -1.2705481611192230e-002 4.5820996165275567e-002 4.5680254697799690e-002 0.337255 0.349020 0.364706
v -9.4948215410113352e-003 4.6562179923057549e-002 3.4977823495864875e-002 0.349020 0.345098 0.337255
v -8.4843430668115633e-003 4.8244133591651910e-002 3.7352755665779121e-002 0.298039 0.317647 0.364706
v -5.9955217875540274e-003 4.8987954854965203e-002 3.3947318792343147e-002 0.215686 0.227451 0.235294
v -8.1657627597451227e-003 4.8533439636230462e-002 4.2237900197505958e-002 0.333333 0.337255 0.349020
v -9.3121137470006960e-003 4.7254130244255059e-002 3.9394825696945197e-002 0.219608 0.227451 0.227451
v -1.0231515392661096e-002 4.7226250171661370e-002 4.3631739914417274e-002 0.282353 0.286275 0.294118
v -7.0400796830654162e-003 4.4494614005088799e-002 5.2015818655490889e-002 0.286275 0.258824 0.235294
v -6.0047251172363775e-003 4.8664689064025872e-002 3.9372041821479804e-002 0.215686 0.211765 0.203922
v -6.7189391702413576e-003 4.8173859715461724e-002 3.7137642502784736e-002 0.188235 0.200000 0.207843
v -1.1388015933334829e-002 4.7794148325920098e-002 4.7633156180381789e-002 0.301961 0.305882 0.317647
v -1.1397792026400568e-002 4.5550629496574395e-002 5.1678605377674117e-002 0.243137 0.231373 0.211765
v -7.1862675249576586e-003 4.6965941786766045e-002 4.9574203789234175e-002 0.407843 0.411765 0.407843
v -7.0780143141746538e-003 4.9807012081146233e-002 4.5899301767349250e-002 0.286275 0.290196 0.298039
v -8.9641232043504732e-003 4.8634171485900872e-002 4.5655027031898505e-002 0.223529 0.219608 0.235294
v -7.5775450095534342e-003 4.8570141196250909e-002 4.8436440527439131e-002 0.317647 0.317647 0.333333
v -2.5331594049930579e-002 1.2311488389968870e-002 4.2402595281600961e-003 0.349020 0.364706 0.384314
v -2.3824617266654975e-002 1.3755410909652708e-002 4.0603876113891610e-003 0.262745 0.266667 0.274510
v -2.0577000454068187e-002 1.4127805829048155e-002 3.2603293657302865e-003 0.313726 0.298039 0.290196
v -2.2253889590501789e-002 1.0969698429107664e-002 3.3607631921768197e-003 0.274510 0.286275 0.301961
v -2.3236278444528583e-002 1.6947925090789791e-002 3.9100050926208505e-003 0.227451 0.231373 0.266667
v -1.7633480951189998e-002 1.2975841760635374e-002 3.5215765237808236e-003 0.415686 0.427451 0.454902
v -2.2828426212072376e-002 2.0246729254722592e-002 1.9780248403549199e-003 0.325490 0.317647 0.329412
v -1.9896294921636585e-002 1.6686022281646725e-002 4.1649490594863900e-003 0.490196 0.560784 0.615686
v -2.0919568836688999e-002 1.7557397484779354e-002 3.8659274578094491e-003 0.235294 0.254902 0.286275
v -1.3860852457582954e-002 1.2973070144653319e-002 4.8973709344863900e-003 0.290196 0.305882 0.349020
v -1.3742533512413505e-002 1.6855478286743161e-002 3.3836215734481820e-003 0.317647 0.345098 0.384314
v -1.6043458133935932e-002 1.0841310024261473e-002 3.9574056863784799e-003 0.290196 0.294118 0.317647
v -1.2829185463488105e-002 1.0802537202835081e-002 5.8310776948928842e-003 0.262745 0.266667 0.282353
v -1.1519022285938265e-002 1.6583666205406185e-002 3.4303665161132821e-003 0.200000 0.200000 0.203922
v -1.6102170571684841e-002 2.0224452018737789e-002 2.5323182344436650e-003 0.305882 0.309804 0.341176
v -1.4680853113532070e-002 1.5091553330421446e-002 4.3980032205581674e-003 0.203922 0.207843 0.211765
v -9.5932036638259905e-003 9.6539855003356916e-003 6.9335550069808977e-003 0.231373 0.215686 0.207843
v -1.0290513746440412e-002 1.7944380640983578e-002 2.7668625116348271e-003 0.282353 0.282353 0.301961
v -1.6757296398282055e-002 1.7091438174247738e-002 3.5301595926284799e-003 0.227451 0.235294 0.258824
v -9.4528635963797587e-003 1.4841765165328978e-002 4.6687871217727670e-003 0.290196 0.294118 0.309804
v -6.7901043221354502e-003 1.0855689644813536e-002 7.6637715101242083e-003 0.188235 0.192157 0.215686
v -1.2431828305125240e-002 1.9224271178245541e-002 1.9702464342117314e-003 0.223529 0.223529 0.231373
v -1.8439434468746189e-002 9.9567621946334822e-003 3.8687437772750863e-003 0.270588 0.274510 0.298039
v -7.6249972917139548e-003 1.8421992659568783e-002 2.6423037052154545e-003 0.227451 0.227451 0.247059
v -1.0952017270028593e-002 1.3038232922554014e-002 6.0426294803619402e-003 0.490196 0.533333 0.588235
v -1.7942612990736965e-002 1.3642743229866026e-002 7.0475913584232344e-002 0.368627 0.388235 0.415686
v -4.1401879861950883e-003 1.7949983477592465e-002 3.4324526786804208e-003 0.349020 0.349020 0.372549
v -7.4687991291284579e-003 1.6220539808273312e-002 4.0959566831588754e-003 0.266667 0.278431 0.286275
v -1.9639644771814350e-002 1.0591596364974974e-002 6.7870303988456740e-002 0.372549 0.388235 0.419608
v -2.0526643842458728e-002 1.7932817339897152e-002 7.3451951146125807e-002 0.325490 0.333333 0.337255
v -8.1433448940515536e-003 1.3834565877914427e-002 6.1467438936233538e-003 0.337255 0.356863 0.380392
v -5.4997089318931111e-003 3.9196491241455071e-002 1.8993780016899112e-002 0.145098 0.145098 0.145098
v -2.6876257732510574e-002 2.1485224366188046e-002 5.6896507740020761e-003 0.239216 0.243137 0.258824
v -2.1853512153029445e-002 1.4662519097328184e-002 7.0315577089786543e-002 0.352941 0.368627 0.384314
v -2.7640089392662055e-002 2.2248208522796627e-002 1.2854054570198063e-002 0.321569 0.313726 0.313726
v -2.9083618894219405e-002 1.8906742334365841e-002 2.9675662517547616e-003 0.227451 0.223529 0.227451
v -2.9290508478879936e-002 2.0612105727195736e-002 1.2398511171340946e-002 0.227451 0.227451 0.250980
v -2.8898499906063087e-002 1.9136205315589901e-002 7.3720514774322527e-003 0.384314 0.400000 0.427451
v -2.5192301720380790e-002 1.9070059061050412e-002 7.2770394384861006e-002 0.301961 0.321569 0.329412
v -2.5990318506956107e-002 1.8845245242118832e-002 2.9298067092895516e-003 0.376471 0.380392 0.411765
v -3.4691497683525092e-002 1.9277989864349362e-002 1.2769341468811039e-002 0.290196 0.301961 0.325490
v -3.3129647374153144e-002 1.9705191254615780e-002 1.4243900775909427e-002 0.235294 0.231373 0.207843
v -1.7239479348063472e-002 1.0109484195709227e-002 6.7004166543483748e-002 0.411765 0.392157 0.352941
v 1.7835314793046567e-004 4.1397973895072930e-002 5.9970796108245863e-002 0.258824 0.254902 0.250980
v -1.6970083815976982e-003 3.9044082164764397e-002 6.4530827105045332e-002 0.250980 0.262745 0.278431
v -2.2833954542875293e-002 1.7018109560012814e-002 7.2195537388324751e-002 0.172549 0.180392 0.196078
v -2.6525522116571670e-004 4.1461989283561700e-002 5.8628350496292128e-002 0.294118 0.278431 0.262745
v -3.0290647409856328e-003 4.2187422513961785e-002 5.6923337280750289e-002 0.290196 0.278431 0.266667
v 3.9860024116933357e-004 4.4384539127349847e-002 5.4760843515396132e-002 0.235294 0.223529 0.215686
v -1.3731409795582298e-002 4.0113493800163262e-002 5.7866796851158156e-002 0.329412 0.337255 0.360784
v -5.0500347279012212e-003 3.9569944143295281e-002 6.0099922120571150e-002 0.313726 0.325490 0.341176
v -1.6278879484161739e-003 4.4347479939460747e-002 5.5942788720130934e-002 0.352941 0.360784 0.396078
v -2.5897575542330746e-003 3.9823815226554864e-002 6.0223929584026351e-002 0.345098 0.349020 0.352941
v -2.5026977062225349e-002 2.2027209401130673e-002 2.2109746932983403e-003 0.341176 0.356863 0.376471
v -2.1014915779232982e-002 2.0200312137603756e-002 2.6365220546722416e-003 0.439216 0.431373 0.447059
v -2.5199290364980705e-002 2.3653313517570492e-002 7.5092315673828142e-003 0.290196 0.305882 0.317647
v -2.2117847576737407e-002 2.5210991501808163e-002 3.7415623664855966e-003 0.282353 0.309804 0.349020
v -2.2860990837216381e-002 2.3421034216880795e-002 2.6795268058776860e-003 0.313726 0.317647 0.360784
v -2.4246627464890487e-002 2.4437934160232540e-002 5.4999738931655892e-003 0.149020 0.160784 0.180392
v -1.9806785508990291e-002 2.2566765546798703e-002 2.0723789930343632e-003 0.392157 0.419608 0.458824
v -2.3711323738098151e-002 2.4768382310867306e-002 1.0276108980178835e-002 0.243137 0.243137 0.250980
v -2.1477807313203815e-002 2.8905853629112240e-002 7.9886466264724749e-003 0.501961 0.525490 0.568627
v -2.2076679393649105e-002 2.6051089167594906e-002 6.5194219350814837e-003 0.192157 0.207843 0.235294
v -2.4455802515149123e-002 2.6602700352668759e-002 1.2837305665016178e-002 0.352941 0.329412 0.298039
v -2.3012321442365650e-002 2.6535257697105404e-002 1.0129258036613466e-002 0.192157 0.203922 0.215686
v -2.2339029237627987e-002 2.8213798999786373e-002 1.1505097150802614e-002 0.290196 0.294118 0.298039
v -1.8546307459473613e-002 2.9477193951606747e-002 8.8101178407669085e-003 0.113725 0.105882 0.109804
v -1.8388194963335994e-002 1.9728317856788632e-002 3.9118826389312753e-003 0.258824 0.278431 0.317647
v -1.7657376825809482e-002 2.5802671909332272e-002 1.3430416584014893e-004 0.294118 0.305882 0.337255
v -2.0002700388431553e-002 2.7037039399147030e-002 6.0656219720840471e-003 0.262745 0.282353 0.305882
v -1.6651479527354244e-002 2.3491322994232174e-002 1.0063499212265017e-003 0.305882 0.305882 0.329412
v -1.9587205722928051e-002 2.5129318237304684e-002 1.7017573118209843e-003 0.364706 0.376471 0.427451
v -1.9570205360651020e-002 2.6476830244064328e-002 3.3714473247528085e-003 0.231373 0.235294 0.258824
v -1.6604203730821613e-002 2.7157172560691830e-002 2.4842023849487309e-003 0.215686 0.215686 0.239216
v -1.5315610915422443e-002 2.5623038411140438e-002 8.1722438335418723e-004 0.211765 0.215686 0.247059
v -2.0704565569758419e-002 3.2499313354492181e-002 1.3191580772399906e-002 0.247059 0.247059 0.266667
v -1.3820327818393711e-002 2.1702125668525692e-002 9.5000863075256369e-004 0.431373 0.423529 0.439216
v -1.6020258888602260e-002 2.9672473669052121e-002 7.6599866151809710e-003 0.184314 0.200000 0.227451
v -1.6579227522015575e-002 2.8716281056404110e-002 5.1610767841339120e-003 0.258824 0.266667 0.290196
v -1.4217132702469829e-002 2.9464483261108395e-002 7.2877854108810442e-003 0.223529 0.235294 0.254902
v -2.1077569574117664e-002 3.0857935547828671e-002 1.0535687208175661e-002 0.243137 0.254902 0.282353
v -1.7623994499444965e-002 3.1540185213088982e-002 1.1189207434654238e-002 0.231373 0.247059 0.270588
v -1.4569840393960479e-002 2.7398079633712765e-002 2.5392770767211918e-003 0.321569 0.333333 0.356863
v -1.3407490216195587e-002 2.4366304278373715e-002 -3.9742887020111100e-004 0.274510 0.282353 0.290196
v -1.1595737189054491e-002 2.1067246794700619e-002 1.0616332292556765e-003 0.384314 0.380392 0.396078
v -1.4642545953392986e-002 2.7971342206001278e-002 5.3703784942626962e-003 0.196078 0.207843 0.231373
v -1.1480756103992464e-002 2.4385035037994381e-002 9.1910362243652330e-005 0.396078 0.454902 0.494118
v -1.2803003191947940e-002 2.6579052209854123e-002 -7.9712271690368674e-004 0.313726 0.333333 0.360784
v -1.2485377490520481e-002 2.6583015918731686e-002 1.0804086923599245e-003 0.172549 0.172549 0.168627
v -1.4537831768393520e-002 3.0298665165901181e-002 1.1164948344230654e-002 0.219608 0.231373 0.254902
v -1.0452144779264929e-002 2.9108732938766476e-002 -2.6361644268035900e-004 0.411765 0.423529 0.474510
v -8.7660271674394625e-003 2.6681125164031979e-002 -9.5866620540618918e-004 0.384314 0.376471 0.400000
v -8.3479527384042757e-003 2.0022124052047726e-002 4.4487416744232183e-004 0.313726 0.321569 0.368627
v -4.0863519534468659e-003 2.0015656948089596e-002 1.7902851104736332e-003 0.443137 0.450980 0.486275
v -7.4062659405171889e-003 2.1812111139297482e-002 3.4154951572418213e-004 0.376471 0.396078 0.427451
v -1.1921938508749012e-002 2.9795914888381955e-002 8.9162290096282976e-003 0.262745 0.290196 0.290196
v -1.1413635686039926e-002 2.7590408921241757e-002 5.7958662509918222e-003 0.266667 0.278431 0.286275
v -1.2276050634682182e-002 2.7282387018203732e-002 2.8556287288665776e-003 0.243137 0.235294 0.215686
v -9.5172971487045305e-003 2.4554312229156491e-002 7.5072050094604465e-005 0.254902 0.262745 0.290196
v -7.5570382177829760e-003 2.8942033648490902e-002 1.8925964832305908e-004 0.203922 0.192157 0.176471
v -1.0147009976208212e-002 2.8851419687271115e-002 3.8834214210510263e-003 0.129412 0.125490 0.133333
v -6.1717671342194098e-003 2.4193450808525082e-002 8.5957348346710227e-004 0.101961 0.101961 0.109804
v -1.5024525113403801e-002 3.2495290040969842e-002 1.3511806726455692e-002 0.168627 0.184314 0.200000
v -1.2054269202053550e-002 3.0696257948875424e-002 1.2691468000411991e-002 0.380392 0.427451 0.462745
v -6.9517670199275034e-003 2.5219887495040890e-002 6.5073370933532688e-005 0.384314 0.388235 0.403922
v -1.6093917191028598e-002 3.3000469207763665e-002 1.5857279300689701e-002 0.282353 0.290196 0.309804
v -9.9324081093072909e-003 2.8781563043594357e-002 5.9910714626312273e-003 0.501961 0.517647 0.537255
v -1.3361047953367237e-002 3.1233951449394223e-002 1.2438297271728519e-002 0.172549 0.188235 0.200000
v -9.6376342698931711e-003 2.2628337144851681e-002 3.6633014678955084e-004 0.298039 0.321569 0.356863
v -7.3370733298361319e-003 2.9776275157928463e-002 4.0925294160842904e-003 0.101961 0.101961 0.105882
v -9.9169099703431147e-003 3.0106559395790097e-002 9.4497650861740130e-003 0.156863 0.164706 0.172549
v -5.6765992194414147e-003 3.3053010702133172e-002 1.3423085212707523e-002 0.333333 0.349020 0.380392
v -8.7995417416095751e-003 3.0250877141952511e-002 1.0303109884262087e-002 0.203922 0.200000 0.188235
v -7.5015774928033369e-003 2.8620332479476925e-002 2.6849955320358281e-003 0.325490 0.333333 0.372549
v -2.8555307071655993e-003 1.2716487050056456e-002 6.5234497189521803e-002 0.168627 0.168627 0.176471
v 1.3557632919400933e-003 1.0331392288208006e-002 6.2389567494392409e-002 0.141176 0.141176 0.156863
v -2.1700354409404104e-004 8.9011639356613142e-003 6.3666142523288741e-002 0.207843 0.219608 0.231373
v -7.6870024204254168e-003 2.9734358191490170e-002 6.3645541667938250e-003 0.203922 0.211765 0.239216
v -6.3152080401778238e-003 1.7139360308647152e-002 7.0379547774791731e-002 0.243137 0.247059 0.247059
v -6.4631062559783476e-003 3.0444204807281491e-002 8.8099986314773577e-003 0.164706 0.168627 0.168627
v -5.6450995616614827e-003 1.7740279436111447e-002 7.1931518614292159e-002 0.349020 0.360784 0.364706
v -6.6759935580194014e-003 2.8056547045707699e-002 -9.7641348838806174e-004 0.435294 0.435294 0.462745
v -8.0304109724238537e-004 1.1552900075912474e-002 6.3992626965045943e-002 0.180392 0.168627 0.145098
v -5.2968678064644345e-003 1.4914363622665404e-002 6.8071484565734877e-002 0.325490 0.341176 0.368627
v -1.6715846722945575e-003 1.6099348664283749e-002 6.6619448363780989e-002 0.133333 0.133333 0.141176
v -3.5572480410337457e-003 1.9473642110824581e-002 7.1778580546379103e-002 0.250980 0.266667 0.274510
v -2.8778715059161191e-003 1.6751185059547421e-002 7.0125453174114241e-002 0.313726 0.329412 0.360784
v -6.7846379242837446e-003 4.3529957532882683e-002 5.4647251963615431e-002 0.262745 0.258824 0.266667
v -2.2405417636036876e-002 1.1557862162590025e-002 6.8266980350017561e-002 0.219608 0.215686 0.207843
v -5.8855419047176855e-003 4.1124343872070306e-002 5.8054365217685713e-002 0.298039 0.286275 0.266667
v -9.5138605684041994e-003 3.9540439844131463e-002 5.9752836823463454e-002 0.360784 0.360784 0.349020
v -7.7961129136383551e-003 4.1960909962654107e-002 5.7989940047264113e-002 0.305882 0.313726 0.333333
v -2.6896862313151366e-002 3.0910521745681759e-002 4.3187431991100318e-002 0.286275 0.298039 0.313726
v -2.6099773123860366e-002 2.7194455265998837e-002 5.2581064403057112e-002 0.360784 0.364706 0.368627
v -8.0832680687308329e-003 4.2934596538543694e-002 5.3957477211952223e-002 0.176471 0.164706 0.152941
v -2.5491390377283103e-002 3.2931223511695855e-002 5.3616449236869826e-002 0.341176 0.349020 0.368627
v -1.0884726420044901e-002 4.1647017002105706e-002 5.6738138198852553e-002 0.341176 0.356863 0.372549
v -1.2228484265506271e-002 4.2856708168983453e-002 5.4880738258361830e-002 0.384314 0.376471 0.384314
v -1.4216866344213489e-002 4.3495520949363702e-002 5.3765796124935164e-002 0.341176 0.360784 0.372549
v -1.4410026371479038e-002 4.1364952921867364e-002 5.5216632783412947e-002 0.211765 0.215686 0.227451
v -1.5921507030725483e-002 3.9470687508583062e-002 5.7977117598056807e-002 0.325490 0.337255 0.352941
v -3.7883352488279350e-002 1.0622695088386534e-002 6.8649947643280047e-003 0.247059 0.243137 0.254902
v -3.9210058748722083e-002 9.8252594470977766e-003 1.0400816798210146e-002 0.305882 0.313726 0.333333
v -4.0398009121418006e-002 9.7912997007369978e-003 1.2335121631622318e-002 0.298039 0.305882 0.321569
v -3.7560995668172843e-002 1.2730538845062254e-002 1.0852575302124025e-002 0.290196 0.294118 0.309804
v -3.5435579717159278e-002 1.1638566851615904e-002 4.7675967216491708e-003 0.180392 0.184314 0.180392
v -3.9003469049930579e-002 1.1987894773483275e-002 1.2937217950820926e-002 0.266667 0.270588 0.294118
v -3.7343971431255348e-002 1.1990427970886229e-002 8.9552700519561785e-003 0.294118 0.305882 0.333333
v -3.6500472575426109e-002 1.1494338512420653e-002 6.3755810260772722e-003 0.298039 0.298039 0.345098
v -3.4956630319356925e-002 1.3753145933151243e-002 5.2540451288223275e-003 0.380392 0.396078 0.427451
v -3.3088665455579765e-002 1.4532282948493956e-002 4.9946457147598275e-003 0.309804 0.333333 0.380392
v -3.4800078719854362e-002 1.5463545918464659e-002 6.8012177944183367e-003 0.345098 0.352941 0.376471
v -3.2024286687374122e-002 8.1216394901275617e-003 4.7601312398910531e-003 0.152941 0.152941 0.152941
v -3.2777603715658195e-002 1.9501104950904843e-002 1.1630624532699587e-002 0.235294 0.235294 0.243137
v -3.4610107541084296e-002 1.7177626490592953e-002 1.0515093803405763e-002 0.298039 0.301961 0.313726
v -3.2467104494571693e-002 1.1857405304908751e-002 6.1670839786529558e-003 0.235294 0.239216 0.254902
v -3.6732114851474769e-002 1.3917222619056700e-002 9.3372613191604632e-003 0.274510 0.282353 0.298039
v -3.0091241002082832e-002 1.2745410203933714e-002 4.5532733201980599e-003 0.196078 0.203922 0.223529
v -3.0657598748803146e-002 9.7735077142715437e-003 5.4034143686294564e-003 0.305882 0.325490 0.352941
v -2.6875386014580734e-002 1.3971924781799315e-002 4.6904534101486215e-003 0.239216 0.243137 0.266667
v -3.2492563128471381e-002 1.6119211912155148e-002 7.8251957893371599e-003 0.278431 0.278431 0.294118
v -2.7656745165586478e-002 1.0750129818916319e-002 4.1441470384597787e-003 0.368627 0.372549 0.400000
v -3.6048453301191337e-002 1.7725437879562374e-002 1.3255700469017032e-002 0.341176 0.356863 0.392157
v -3.1006691977381713e-002 1.7758116126060482e-002 6.1223506927490252e-003 0.254902 0.270588 0.270588
v -2.6192333549261100e-002 1.6773954033851620e-002 3.9335191249847421e-003 0.192157 0.200000 0.223529
v -2.5623977184295661e-002 1.0647416114807127e-002 5.2446275949478158e-003 0.454902 0.482353 0.549020
v -3.0108951032161720e-002 1.6148716211318966e-002 3.5921633243560800e-003 0.364706 0.392157 0.427451
v -2.9991953633725652e-003 9.2254430055618269e-003 7.1134269237518328e-003 0.294118 0.301961 0.317647
v -3.0502419918775565e-002 1.8373221158981320e-002 1.0630622506141664e-002 0.211765 0.239216 0.247059
v -3.4872931428253659e-003 1.5355616807937620e-002 4.9014240503311166e-003 0.298039 0.313726 0.349020
v -3.0731862410902984e-002 1.7728999257087704e-002 7.8346729278564470e-003 0.247059 0.250980 0.262745
v -5.0118854269385347e-003 1.2084230780601500e-002 6.5794885158538836e-003 0.274510 0.282353 0.321569
v -6.6817714832723152e-004 1.5142560005187987e-002 4.6377629041671762e-003 0.223529 0.227451 0.250980
v -8.6132262367755196e-004 1.3062596321105955e-002 5.9969425201416033e-003 0.196078 0.200000 0.215686
v 8.7149866158142708e-004 1.5948653221130368e-002 4.0787011384963998e-003 0.313726 0.325490 0.345098
v -2.9889200814068326e-003 1.2205675244331358e-002 6.4869672060012835e-003 0.258824 0.254902 0.270588
v -5.5444869212806233e-003 1.6426578164100644e-002 3.8663595914840707e-003 0.337255 0.349020 0.384314
v 9.8506326321512482e-004 1.0753184556961058e-002 5.0226300954818734e-003 0.184314 0.172549 0.156863
v -3.5549744963645942e-002 1.4836460351943968e-002 3.4496381878852851e-002 0.282353 0.294118 0.313726
v -3.6093041300773628e-002 1.0754957795143126e-002 3.5976007580757148e-002 0.207843 0.211765 0.223529
v -3.5039875656366355e-002 7.8410059213638288e-003 5.0445996224880232e-002 0.278431 0.278431 0.286275
v -3.5427134484052665e-002 1.4853119850158690e-002 4.0903106331825263e-002 0.309804 0.329412 0.364706
v -3.4450046718120582e-002 9.1841369867324812e-003 4.3185584247112281e-002 0.388235 0.403922 0.431373
v -3.4568991512060172e-002 9.3187987804412824e-003 3.8145899772644050e-002 0.298039 0.313726 0.345098
v -3.4642729908227927e-002 1.1863470077514647e-002 4.2121708393096931e-002 0.254902 0.258824 0.286275
v -3.5456944257020957e-002 1.5576630830764769e-002 4.4078044593334205e-002 0.349020 0.364706 0.392157
v -3.4981478005647666e-002 1.1570125818252562e-002 3.8530379533767707e-002 0.321569 0.341176 0.380392
v -3.4938175231218345e-002 1.6824766993522641e-002 3.4518480300903327e-002 0.231373 0.239216 0.250980
v -3.4785244613885886e-002 1.3610348105430601e-002 4.5793592929840095e-002 0.250980 0.262745 0.286275
v -3.4617271274328239e-002 1.4254838228225706e-002 4.9463987350463881e-002 0.309804 0.313726 0.329412
v -3.4891162067651756e-002 1.0055392980575560e-002 4.9918830394744887e-002 0.282353 0.294118 0.317647
v -3.3768922090530402e-002 1.9158437848091122e-002 3.4159854054450996e-002 0.219608 0.203922 0.192157
v -3.4989599138498313e-002 8.6661726236343366e-003 4.7506786882877364e-002 0.329412 0.341176 0.352941
v -3.4680739045143134e-002 1.1960223317146300e-002 4.8446074128150954e-002 0.372549 0.388235 0.392157
v -3.4232348203659065e-002 1.6844928264617916e-002 3.6550074815750129e-002 0.294118 0.301961 0.317647
v -3.4691121429204948e-002 1.7600223422050473e-002 4.7705486416816725e-002 0.356863 0.384314 0.431373
v -3.4104742109775550e-002 9.9209994077682478e-003 5.3309805691242232e-002 0.329412 0.345098 0.376471
v -3.4731667488813407e-002 1.8249541521072384e-002 4.4128872454166419e-002 0.286275 0.286275 0.298039
v -3.2898060977458961e-002 1.5941828489303585e-002 5.2538111805915846e-002 0.282353 0.286275 0.294118
v -3.4147631376981742e-002 1.5221789479255675e-002 3.8349300622940070e-002 0.262745 0.274510 0.286275
v -3.3595852553844459e-002 1.5695035457611081e-002 4.9857214093208327e-002 0.329412 0.333333 0.345098
v -3.3580493181943900e-002 1.8397986888885495e-002 3.9912745356559760e-002 0.262745 0.266667 0.274510
v -3.4874603152275092e-002 1.2490198016166685e-002 5.1463007926940932e-002 0.341176 0.337255 0.337255
v -3.3990710973739631e-002 2.2365450859069821e-002 1.8626675009727481e-002 0.411765 0.431373 0.478431
v -3.1132979318499572e-002 2.2694006562232968e-002 1.5708044171333316e-002 0.282353 0.282353 0.298039
v -3.1997501850128181e-002 1.8386051058769223e-002 5.0611987709999098e-002 0.258824 0.262745 0.274510
v -3.4177564084529884e-002 2.1604582667350766e-002 2.2111281752586368e-002 0.325490 0.341176 0.352941
v -3.5220220685005195e-002 2.0279318094253537e-002 1.5860810875892643e-002 0.266667 0.282353 0.301961
v -3.2326191663742072e-002 2.3703247308731076e-002 2.1540760993957523e-002 0.247059 0.243137 0.254902
v -2.9371595010161407e-002 2.2712677717208859e-002 1.4122903347015384e-002 0.368627 0.384314 0.396078
v -2.7055857703089721e-002 2.3914754390716549e-002 2.0759314298629764e-002 0.294118 0.298039 0.309804
v -3.2312180846929557e-002 2.1820738911628720e-002 3.0128195881843574e-002 0.305882 0.301961 0.298039
v -2.9649440199136741e-002 2.4257063865661618e-002 2.3146495223045353e-002 0.239216 0.262745 0.274510
v -2.9346924275159843e-002 2.4048656225204464e-002 1.7595216631889347e-002 0.313726 0.305882 0.294118
v -3.4055605530738838e-002 1.9605576992034909e-002 2.6264548301696784e-002 0.392157 0.403922 0.443137
v -2.9787361621856696e-002 2.3521661758422848e-002 1.9136950373649601e-002 0.317647 0.317647 0.298039
v -3.3921841531991966e-002 2.0167499780654904e-002 2.8429910540580756e-002 0.337255 0.349020 0.364706
v -3.2612822949886329e-002 2.1683141589164730e-002 2.4723678827285774e-002 0.274510 0.282353 0.290196
v -2.7092998847365386e-002 2.4290755391120907e-002 1.7266035079956058e-002 0.407843 0.415686 0.435294
v -3.3952586352825172e-002 2.0375996828079220e-002 3.1777486205101020e-002 0.254902 0.262745 0.282353
v -3.1804945319890983e-002 2.2702813148498532e-002 2.7495071291923530e-002 0.278431 0.286275 0.305882
v -2.9700348153710372e-002 2.4995386600494381e-002 2.7816742658615119e-002 0.262745 0.270588 0.286275
v -3.0992014333605773e-002 2.3792997002601620e-002 3.1989797949790962e-002 0.215686 0.211765 0.227451
v -2.6714785024523742e-002 2.4544626474380490e-002 2.3172870278358463e-002 0.325490 0.352941 0.372549
v -2.4175373837351806e-002 2.5580644607543942e-002 2.0709663629531864e-002 0.168627 0.176471 0.188235
v -3.1640045344829566e-002 2.4185061454772946e-002 2.4695664644241340e-002 0.243137 0.250980 0.278431
v -2.9941160231828697e-002 2.4562582373619076e-002 3.3824339509010322e-002 0.298039 0.298039 0.301961
v -2.9627259820699699e-002 2.5376990437507626e-002 2.4887368083000190e-002 0.301961 0.305882 0.333333
v -2.8038499876856811e-002 2.6152208447456356e-002 2.8670579195022590e-002 0.262745 0.266667 0.282353
v -3.0560774728655822e-002 2.5013878941535946e-002 3.0300259590148933e-002 0.317647 0.329412 0.352941
v -2.6719385758042342e-002 2.5775521993637081e-002 2.5984838604927070e-002 0.352941 0.356863 0.396078
v -3.0333150643855342e-003 2.6115149259567257e-002 7.4019439518451705e-002 0.164706 0.172549 0.180392
v -3.1155554577708251e-002 2.2129476070404049e-002 3.3396854996681220e-002 0.250980 0.254902 0.254902
v -2.6271341368556030e-002 2.8227701783180233e-002 3.3663958311080940e-002 0.282353 0.290196 0.309804
v -9.1714772861450932e-004 2.0780652761459347e-002 7.1517929434776320e-002 0.301961 0.309804 0.321569
v -2.8439622372388847e-002 2.7042031288146969e-002 3.1871527433395393e-002 0.235294 0.235294 0.243137
v -2.1551945246756081e-003 3.2813996076583855e-002 6.8736962974071517e-002 0.282353 0.270588 0.274510
v -5.8046127669513234e-003 2.1057039499282833e-002 7.3344744741916670e-002 0.254902 0.258824 0.270588
v -3.2937531359493741e-003 2.3293077945709225e-002 7.2978191077709212e-002 0.274510 0.266667 0.239216
v -3.4191056620329627e-003 3.3601358532905572e-002 6.8615727126598372e-002 0.423529 0.407843 0.384314
v -9.5503753982484362e-004 2.3509934544563290e-002 7.2283051908016219e-002 0.176471 0.176471 0.180392
v 2.1852910867892211e-004 2.9021993279457089e-002 7.2805747389793410e-002 0.396078 0.403922 0.443137
v -3.0370911117643127e-003 2.9696390032768246e-002 7.2807289659976973e-002 0.364706 0.380392 0.407843
v -2.1321421954780821e-003 3.6909148097038262e-002 6.5946102142333998e-002 0.309804 0.286275 0.262745
v -3.9318883791565904e-003 3.7341728806495660e-002 6.3937783241271987e-002 0.254902 0.250980 0.239216
v 8.2944735186174534e-004 3.0789062380790707e-002 7.1173124015331282e-002 0.337255 0.356863 0.400000
v 2.1792796906083828e-004 3.3352673053741448e-002 6.9274306297302260e-002 0.352941 0.384314 0.439216
v -6.3597597181797045e-003 3.4681797027587884e-002 6.7346312105655684e-002 0.329412 0.337255 0.352941
v 1.7396580660715704e-003 3.6955386400222771e-002 6.5931737422943129e-002 0.313726 0.286275 0.258824
v -3.3393438905477531e-002 2.0072862505912777e-002 3.5016685724258430e-002 0.227451 0.231373 0.247059
v -3.2680559903383262e-002 2.2922858595848080e-002 4.2736135423183448e-002 0.278431 0.274510 0.294118
v -3.2224684953689582e-002 2.0352780818939206e-002 4.6174027025699622e-002 0.298039 0.294118 0.286275
v -3.2794926315546043e-002 1.9984379410743710e-002 4.4020071625709541e-002 0.333333 0.337255 0.349020
v -3.1293820589780814e-002 2.1611288189887997e-002 3.6873981356620796e-002 0.254902 0.258824 0.270588
v -3.1508881598711021e-002 2.4216294288635250e-002 4.0962696075439460e-002 0.286275 0.282353 0.294118
v -3.0664285644888885e-002 2.3493230342864987e-002 3.7531405687332160e-002 0.329412 0.337255 0.352941
v -3.3039521425962455e-002 2.1069452166557309e-002 3.8728415966033942e-002 0.196078 0.196078 0.200000
v -3.0177069827914245e-002 2.5754123926162716e-002 3.7878304719924934e-002 0.270588 0.282353 0.313726
v -2.9087672010064132e-002 2.0290374755859372e-002 5.2777186036109938e-002 0.325490 0.337255 0.352941
v -2.9026534408330924e-002 2.5852024555206295e-002 3.5625040531158454e-002 0.360784 0.376471 0.396078
v -2.9234724119305618e-002 2.8051435947418209e-002 4.0350884199142463e-002 0.278431 0.282353 0.305882
v -3.1245255842804916e-002 2.2412538528442379e-002 4.6458661556243903e-002 0.360784 0.368627 0.380392
v -2.7284687384963043e-002 2.1283507347106930e-002 5.4487600922584548e-002 0.235294 0.247059 0.262745
v -2.8143497183918960e-002 2.4305075407028195e-002 4.8819959163665785e-002 0.270588 0.278431 0.278431
v -2.7567585930228240e-002 2.8700351715087887e-002 3.8103699684143073e-002 0.286275 0.294118 0.301961
v -2.5224570184946067e-002 2.9159575700759884e-002 3.6497980356216438e-002 0.301961 0.325490 0.360784
v -3.0756032094359405e-002 2.5501713156700131e-002 4.3846994638443000e-002 0.270588 0.278431 0.298039
v -2.8415489941835410e-002 2.1867766976356503e-002 5.1126770675182356e-002 0.309804 0.305882 0.313726
v -2.8672296553850181e-002 2.6209458708763119e-002 4.7458872199058547e-002 0.286275 0.274510 0.278431
v -2.9505483806133277e-002 2.6236549019813534e-002 4.1086122393608100e-002 0.301961 0.305882 0.325490
v -2.7094630524516113e-002 3.0605733394622799e-002 4.0645062923431403e-002 0.223529 0.223529 0.239216
v -2.7593469247221954e-002 2.5501921772956845e-002 5.0976991653442397e-002 0.286275 0.290196 0.301961
v -2.8393192216753967e-002 2.9480636119842526e-002 4.4258773326873786e-002 0.231373 0.231373 0.250980
v -2.9159465804696090e-002 2.7704015374183651e-002 4.5152112841606147e-002 0.352941 0.317647 0.286275
v -2.6337267830967910e-002 3.0610606074333187e-002 5.1347628235816969e-002 0.239216 0.250980 0.266667
v -2.7782225981354720e-002 2.7924433350563046e-002 4.9516238272190108e-002 0.286275 0.286275 0.298039
v 2.2409840021282439e-003 4.2362809181213372e-002 1.8572866916656498e-002 0.337255 0.333333 0.364706
v 7.5480656232684872e-004 5.0587967038154595e-002 2.5267034769058234e-002 0.356863 0.372549 0.407843
v -9.9733229726552981e-003 8.2569122314453108e-003 6.3668839633464827e-002 0.250980 0.247059 0.239216
v 7.0822617271915089e-004 4.3341070413589471e-002 5.7721413671970381e-002 0.356863 0.372549 0.403922
v -2.7882205904461449e-004 1.7404302954673764e-002 6.9701001048088088e-002 0.152941 0.145098 0.137255
v -6.7439349368214625e-003 7.6005756855010978e-003 8.3431899547576922e-003 0.160784 0.164706 0.184314
v 7.0574920391663920e-004 1.9329339265823361e-002 7.1388393640518202e-002 0.266667 0.266667 0.274510
v 2.1911803632974629e-003 1.9867166876792904e-002 7.4340291321277632e-002 0.262745 0.290196 0.294118
v 1.2813787907361986e-003 5.2411988377571099e-002 3.4304156899452216e-002 0.317647 0.329412 0.345098
v -2.9001987422816461e-004 4.6379148960113518e-002 5.2475675940513625e-002 0.294118 0.298039 0.305882
v 1.0175441857427361e-003 2.6955127716064450e-002 5.2040815353393566e-004 0.388235 0.419608 0.482353
v -3.5035450011491782e-002 6.1115026473999015e-003 4.0875121951103217e-002 0.286275 0.290196 0.305882
v -1.2242528609931472e-002 2.1918416023254390e-003 6.4917750656604781e-002 0.380392 0.376471 0.356863
v -7.8707067295908945e-003 6.6280961036682120e-003 6.3024193048477187e-002 0.211765 0.211765 0.215686
v -1.1052448302507402e-002 1.0652840137481687e-003 6.3930943608284010e-002 0.360784 0.380392 0.384314
v -1.1546785011887552e-002 5.2247792482376090e-003 6.5794110298156752e-002 0.188235 0.192157 0.200000
v -8.5798930376768130e-003 6.4605474472045888e-004 6.3337273895740523e-002 0.207843 0.211765 0.219608
v -1.6396483406424526e-002 7.3217600584030143e-003 6.5225169062614455e-002 0.274510 0.286275 0.282353
v -7.4009103700518625e-003 3.0857920646667476e-003 6.3528664410114302e-002 0.227451 0.239216 0.247059
v -9.2568863183259981e-003 3.2808333635330196e-003 6.4435504376888289e-002 0.196078 0.196078 0.207843
v -1.8645277246832851e-002 -1.3769865036010740e-003 6.5035909414291396e-002 0.305882 0.278431 0.247059
v -3.2361775636672981e-002 1.9785463809967037e-003 6.6435009241104140e-002 0.250980 0.250980 0.250980
v -1.5373239293694500e-002 -3.4885108470916743e-004 6.4218938350677504e-002 0.349020 0.345098 0.321569
v -1.3423099182546142e-002 3.7352740764617916e-003 6.5513007342815413e-002 0.364706 0.384314 0.388235
v -2.3457398638129241e-002 6.0015618801116935e-003 6.7240715026855483e-002 0.313726 0.313726 0.321569
v -1.7491329461336139e-002 4.0720999240875235e-003 6.5167628228664412e-002 0.352941 0.337255 0.305882
v -2.2719744592905048e-002 1.1126250028610227e-003 6.5604172646999373e-002 0.368627 0.364706 0.321569
v -2.2958345711231235e-002 8.1598609685897810e-003 6.7087531089782729e-002 0.258824 0.258824 0.258824
v -2.2251786664128307e-002 3.5663247108459468e-003 6.5753199160099043e-002 0.294118 0.294118 0.278431
v -1.9251592457294468e-002 1.0464191436767576e-003 6.4628608524799361e-002 0.266667 0.266667 0.258824
v -3.5040389746427543e-002 6.3232928514480582e-003 4.6440668404102332e-002 0.243137 0.247059 0.258824
v -1.9934255629777912e-002 5.3126811981201163e-003 6.5151534974575057e-002 0.321569 0.333333 0.329412
v 9.1301696375012419e-004 3.2989531755447383e-003 5.6094825267791757e-003 0.290196 0.301961 0.317647
v -2.6349725201725967e-002 2.5798380374908442e-004 6.6045016050338759e-002 0.180392 0.172549 0.160784
v -4.6010552905499944e-003 -9.2941522598266591e-004 6.5183937549591082e-003 0.184314 0.184314 0.196078
v -9.8581297788769028e-004 5.1663070917129508e-003 6.6346526145935076e-003 0.223529 0.231373 0.247059
v -2.6845496613532309e-003 2.1177530288696285e-003 7.2317719459533709e-003 0.219608 0.235294 0.262745
v -2.6005484163761146e-002 3.9910972118377677e-003 6.6515214741230025e-002 0.160784 0.164706 0.176471
v -2.5928335264325149e-002 2.2714287042617794e-003 6.6552817821502699e-002 0.223529 0.227451 0.231373
v -6.4017749391496199e-003 4.1717737913131705e-003 8.1556886434555071e-003 0.282353 0.294118 0.333333
v -1.0921845212578775e-002 6.9946944713592521e-003 8.6042582988739031e-003 0.215686 0.219608 0.231373
v -1.1549538932740690e-002 4.9461573362350455e-003 8.7814182043075579e-003 0.219608 0.219608 0.266667
v -8.4698032587766665e-003 5.3328275680541984e-003 8.7548196315765398e-003 0.258824 0.262745 0.274510
v -1.2319117784500126e-002 8.7865293025970442e-003 6.1680674552917498e-003 0.309804 0.317647 0.345098
v -4.7733904793858537e-003 6.7152529954910270e-003 8.0317258834838885e-003 0.219608 0.223529 0.235294
v -2.7935467660427100e-002 4.4051706790924064e-003 6.7073516547679915e-002 0.270588 0.282353 0.301961
v -1.1223221197724344e-002 3.0734837055206294e-003 9.6065253019332903e-003 0.341176 0.352941 0.372549
v -1.3863144442439083e-002 6.1049014329910270e-003 7.0889741182327288e-003 0.317647 0.317647 0.341176
v -6.2735471874475496e-003 1.5221834182739256e-003 7.4882954359054583e-003 0.329412 0.333333 0.376471
v -7.2881276719272154e-003 -1.9055604934692377e-004 6.7917704582214373e-003 0.235294 0.231373 0.247059
v -9.4924056902527826e-003 1.1728554964065550e-003 9.4352811574935930e-003 0.419608 0.462745 0.525490
v -1.6261037439107898e-002 8.0071091651916487e-003 4.6354234218597421e-003 0.266667 0.266667 0.294118
v -1.2865986675024036e-002 9.1300904750823964e-004 8.6574852466583269e-003 0.243137 0.258824 0.290196
v -1.3696345500648025e-002 4.3291151523590079e-003 7.6612383127212542e-003 0.286275 0.286275 0.317647
v -1.4538744464516643e-002 2.1346658468246456e-003 7.3109716176986712e-003 0.274510 0.286275 0.305882
v -1.7044801265001300e-002 1.7113387584686277e-003 7.0046931505203264e-003 0.290196 0.290196 0.309804
v -1.8994979560375217e-002 4.2310357093811026e-003 6.5302252769470232e-003 0.364706 0.396078 0.423529
v -1.9545424729585651e-002 -4.8300623893737788e-004 6.4603984355926531e-003 0.466667 0.494118 0.549020
v -2.0656771957874302e-002 5.0299316644668570e-003 5.8877468109130877e-003 0.427451 0.447059 0.482353
v -2.4495685473084457e-002 6.4229965209960929e-003 5.9701204299926775e-003 0.274510 0.301961 0.329412
v -1.8916582688689235e-002 2.1208822727203365e-003 6.5096020698547381e-003 0.282353 0.298039 0.321569
v -1.8771177157759670e-002 5.9316009283065787e-003 5.6551545858383187e-003 0.298039 0.298039 0.317647
v -2.3997759446501739e-002 9.8906457424163797e-004 4.9597471952438363e-003 0.215686 0.231373 0.258824
v -1.6544677317142490e-002 5.6327581405639640e-003 5.7786554098129281e-003 0.258824 0.266667 0.290196
v -2.8057543560862548e-002 2.4919211864471431e-003 6.5136402845382708e-003 0.243137 0.250980 0.266667
v -2.1933373063802723e-002 1.8800497055053709e-003 6.3080042600631731e-003 0.243137 0.254902 0.309804
v -3.1974766403436668e-002 7.4779242277145377e-003 6.7455552518367781e-002 0.227451 0.243137 0.258824
v -2.5043223053216941e-002 2.7880072593688961e-003 6.1452239751815813e-003 0.188235 0.196078 0.207843
v -3.1528614461421973e-002 5.2233636379241935e-003 6.6885210573673262e-002 0.215686 0.227451 0.247059
v -2.1043861284852031e-002 7.2840154170989982e-003 4.4507533311843881e-003 0.360784 0.376471 0.392157
v -2.4959042668342597e-002 8.6357146501541120e-003 6.7803889513015761e-002 0.313726 0.337255 0.356863
v -2.4059774354100234e-002 4.7461986541748038e-003 5.7958662509918222e-003 0.215686 0.215686 0.231373
v -3.0412610620260246e-002 5.1651597023010245e-003 5.7797580957412728e-003 0.309804 0.313726 0.337255
v -3.0921122059226043e-002 2.2056847810745235e-003 5.0081759691238412e-003 0.396078 0.447059 0.490196
v -2.9690571129322059e-002 -1.9000917673110960e-003 6.6377513110637679e-002 0.266667 0.270588 0.278431
v -2.9016777873039253e-002 6.3623636960983268e-003 5.5194944143295297e-003 0.439216 0.490196 0.541176
v -3.3044010400772102e-002 5.0029158592224112e-003 5.4375976324081430e-003 0.282353 0.250980 0.231373
v -2.5954375043511398e-002 7.7522546052932731e-003 4.9761086702346810e-003 0.278431 0.282353 0.309804
v -3.9912138134241111e-002 7.1057826280593863e-003 8.6319744586944597e-003 0.250980 0.258824 0.274510
v -3.4558594226837165e-002 7.0310682058334342e-003 4.2603164911270150e-003 0.403922 0.407843 0.439216
v -3.2558937091380366e-003 9.6308588981628401e-003 6.4135283231735243e-002 0.435294 0.478431 0.509804
v -3.7624239921569831e-002 3.6818087100982662e-003 3.4544795751571662e-002 0.266667 0.274510 0.286275
v -2.9372351244091995e-002 9.1955065727233876e-004 6.6438846290111556e-002 0.262745 0.266667 0.266667
v -5.0149466842412957e-003 5.3372383117675773e-003 6.2683768570423140e-002 0.168627 0.160784 0.149020
v -3.5098578780889518e-002 3.8975179195404048e-003 4.3710023164749154e-003 0.274510 0.266667 0.270588
v -2.7260966598987586e-002 4.1818320751190177e-003 5.9729218482971209e-003 0.419608 0.458824 0.501961
v -2.6668339967727668e-002 1.4401972293853760e-004 4.3743848800659188e-003 0.447059 0.478431 0.521569
v -2.9359254986047752e-002 9.3258470296859724e-003 6.7926935851573958e-002 0.592157 0.635294 0.635294
v -3.4513730555772788e-002 6.7949295043945313e-005 5.5054426193237313e-003 0.372549 0.392157 0.415686
v -3.9337053894996650e-002 6.9307535886764518e-003 2.9336526989936836e-002 0.266667 0.274510 0.294118
v -3.7917751818895347e-002 4.9917250871658317e-003 4.5231431722641000e-003 0.368627 0.388235 0.403922
v -3.5937406122684486e-002 9.0361535549163801e-003 4.6616643667221078e-003 0.423529 0.431373 0.454902
v -3.6841288208961494e-002 -1.5260726213455198e-003 3.3942759037017829e-002 0.345098 0.352941 0.356863
v -3.3812049776315696e-002 6.9237798452377311e-003 6.2949791550636305e-002 0.270588 0.274510 0.286275
v -2.7997208759188659e-002 -1.1520385742187498e-003 3.8257539272308358e-003 0.423529 0.454902 0.490196
v -3.6234393715858466e-002 9.2336535453796376e-004 5.8303773403167733e-003 0.274510 0.301961 0.305882
v -3.2905127853155143e-002 8.3553791046142567e-004 5.4977834224700936e-003 0.215686 0.215686 0.235294
v -3.8826465606689460e-002 6.3632577657699576e-003 2.7816206216812141e-002 0.309804 0.329412 0.349020
v -3.7944037467241294e-002 3.3912956714630123e-003 3.2430261373519904e-002 0.364706 0.376471 0.396078
v -3.7677902728319175e-002 7.2968900203704825e-003 3.3914178609848029e-002 0.247059 0.254902 0.274510
v -3.7663452327251441e-002 8.9324712753295881e-003 3.1494051218032844e-002 0.200000 0.200000 0.219608
v -3.8986116647720344e-002 4.1140764951705924e-003 3.0310422182083137e-002 0.400000 0.415686 0.423529
v -3.9065759629011161e-002 -2.5095492601394649e-003 2.9166042804718025e-002 0.243137 0.247059 0.254902
v -3.9208088070154197e-002 5.8683007955551139e-003 2.4903461337089546e-002 0.305882 0.317647 0.345098
v -4.0253259241580970e-002 2.5858134031295772e-003 2.6928424835205085e-002 0.274510 0.278431 0.282353
v -3.9977371692657478e-002 7.2187483310699454e-003 2.1515861153602604e-002 0.290196 0.286275 0.290196
v -3.8428835570812232e-002 1.8566846847534180e-004 3.2363519072532661e-002 0.219608 0.227451 0.243137
v -4.2692512273788459e-002 5.1671862602233878e-003 1.3806909322738651e-002 0.333333 0.329412 0.337255
v -4.0225714445114143e-002 3.5883933305740352e-003 2.2974580526351932e-002 0.278431 0.278431 0.290196
v -4.0921855717897422e-002 1.2740492820739744e-003 2.5941744446754463e-002 0.250980 0.258824 0.274510
v -3.9332468062639243e-002 1.6382932662963865e-003 3.0345439910888679e-002 0.188235 0.200000 0.215686
v -4.1075017303228385e-002 1.3386756181716917e-003 1.9201681017875675e-002 0.207843 0.211765 0.219608
v -4.2140617966651923e-002 -1.1245712637901304e-002 7.1043074131011980e-003 0.282353 0.286275 0.305882
v -4.2115248739719398e-002 -1.4459714293479918e-002 9.7168534994125384e-003 0.305882 0.313726 0.349020
v -3.9522275328636176e-002 -2.1398454904556271e-002 9.5363855361938494e-003 0.278431 0.294118 0.305882
v -4.1055504232645042e-002 -1.3812348246574400e-002 6.6215544939041155e-003 0.301961 0.305882 0.337255
v -4.4056635349988944e-002 -6.8057626485824576e-003 8.1914365291595476e-003 0.266667 0.270588 0.282353
v -4.2946927249431617e-002 -1.1801883578300474e-002 8.4092468023300188e-003 0.305882 0.305882 0.313726
v -4.0008295327425010e-002 -2.4166882038116452e-002 1.0941222310066225e-002 0.298039 0.305882 0.329412
v -3.9976198226213462e-002 -1.0378137230873106e-002 5.5311769247055062e-003 0.298039 0.317647 0.337255
v -3.8105130195617683e-002 -2.5068461894989010e-002 9.3913972377777117e-003 0.294118 0.301961 0.317647
v -3.7476196885108955e-002 -2.5644287467002865e-002 1.1621266603469850e-002 0.356863 0.360784 0.337255
v -3.6914169788360603e-002 -2.3301497101783749e-002 8.2956999540328997e-003 0.317647 0.321569 0.333333
v -4.3631676584482200e-002 -6.9869458675384513e-003 1.0259658098220827e-002 0.282353 0.286275 0.301961
v -3.9329051971435554e-002 -1.9924342632293698e-002 8.1046074628829973e-003 0.305882 0.282353 0.258824
v -3.9116416126489646e-002 -2.1235868334770199e-002 1.1838614940643314e-002 0.250980 0.250980 0.270588
v -3.7491708993911750e-002 -2.1113932132720944e-002 6.9750547409057635e-003 0.360784 0.368627 0.400000
v -3.9531204849481590e-002 -1.7423674464225766e-002 6.9556534290313738e-003 0.305882 0.317647 0.341176
v -3.9528939872980125e-002 -1.8624320626258847e-002 1.0479092597961428e-002 0.239216 0.239216 0.247059
v -4.0941435843706138e-002 -7.4991285800933829e-003 6.2798410654068011e-003 0.239216 0.231373 0.235294
v -3.4980937838554389e-002 -2.1831244230270382e-002 6.0675740242004412e-003 0.258824 0.270588 0.298039
v -4.1148904711008079e-002 -1.3195812702178953e-002 1.2929722666740421e-002 0.349020 0.329412 0.317647
v -3.7295792251825340e-002 -1.8519520759582516e-002 6.3181519508361834e-003 0.450980 0.462745 0.505882
v -3.9016317576169975e-002 -1.4848500490188597e-002 5.3587555885314950e-003 0.286275 0.294118 0.317647
v -4.2290706187486655e-002 -8.9704245328903181e-003 1.0891810059547426e-002 0.258824 0.262745 0.290196
v -4.1248749941587455e-002 -1.2118980288505552e-002 1.1073738336563112e-002 0.400000 0.384314 0.388235
v -4.0370214730501182e-002 -4.5304298400878898e-003 5.9017241001129168e-003 0.313726 0.321569 0.345098
v -3.9537433534860618e-002 -8.5024237632751447e-003 5.7135075330734262e-003 0.321569 0.337255 0.372549
v -4.2617458850145347e-002 -2.7984678745269771e-003 5.7276040315628060e-003 0.305882 0.305882 0.317647
v -4.3240707367658622e-002 -4.7847181558609000e-003 9.5295161008834856e-003 0.168627 0.172549 0.176471
v -4.0100567042827613e-002 -1.2210711836814879e-002 5.2475929260253915e-003 0.313726 0.325490 0.345098
v -4.1648857295513160e-002 -7.1547329425811759e-003 1.6167059540748600e-002 0.313726 0.329412 0.360784
v -4.1182596236467368e-002 -9.8873376846313459e-003 1.3697162270545963e-002 0.364706 0.376471 0.403922
v -3.5781092941761024e-002 -1.6856536269187924e-002 5.2153468132019052e-003 0.286275 0.282353 0.298039
v -4.0476687252521522e-002 -1.6490995883941647e-002 9.1463774442672747e-003 0.380392 0.376471 0.372549
v -4.2461771517992027e-002 -3.6707073450088497e-003 1.2158647179603580e-002 0.254902 0.250980 0.258824
v -3.6595411598682411e-002 -1.4833658933639525e-002 5.2379071712493905e-003 0.305882 0.325490 0.349020
v -3.6047436296939857e-002 -2.5511205196380612e-002 1.5079140663146976e-002 0.392157 0.392157 0.419608
v -3.1178181990981109e-002 -6.6848099231719960e-004 4.0176212787628183e-003 0.121569 0.125490 0.133333
v -3.7280954420566566e-002 -1.0418996214866636e-002 4.5883208513259896e-003 0.243137 0.247059 0.278431
v -4.2123273015022285e-002 -4.8090517520904536e-004 8.6232125759124773e-003 0.309804 0.313726 0.325490
v -4.3693475425243385e-002 -5.3503960371017447e-003 1.3079851865768436e-002 0.211765 0.219608 0.239216
v -3.5687707364559181e-002 -2.5959834456443783e-002 9.6457600593566912e-003 0.254902 0.258824 0.247059
v -3.8383584469556815e-002 -2.4094387888908383e-002 1.7291724681854252e-002 0.305882 0.313726 0.341176
v -3.9265897125005729e-002 -2.4352654814720150e-002 1.3661295175552372e-002 0.294118 0.305882 0.333333
v -3.7743031978607185e-002 -2.5098279118537899e-002 1.8418222665786747e-002 0.313726 0.325490 0.337255
v -3.8267273455858238e-002 -1.9303143024444577e-002 1.3306424021720890e-002 0.376471 0.380392 0.396078
v -3.8780994713306434e-002 -2.2044435143470761e-002 1.4545917510986332e-002 0.356863 0.372549 0.380392
v -4.0775511413812644e-002 -9.4965547323226911e-003 1.7038643360137943e-002 0.250980 0.262745 0.286275
v -4.2481247335672385e-002 -2.7213543653488155e-003 7.7507048845291155e-003 0.290196 0.290196 0.282353
v -4.3165128678083427e-002 -3.6598443984985347e-003 1.5526518225669864e-002 0.364706 0.372549 0.380392
v -3.7730854004621513e-002 -2.4041622877120968e-002 2.1241128444671634e-002 0.364706 0.368627 0.368627
v -3.6429192870855338e-002 -2.5897473096847531e-002 2.1016314625740055e-002 0.403922 0.423529 0.458824
v -3.8457553833723075e-002 -1.8043920397758480e-002 1.5705630183219913e-002 0.278431 0.278431 0.286275
v -3.8008853793144233e-002 -1.9619584083557125e-002 1.7275407910346988e-002 0.215686 0.207843 0.215686
v -3.7507295608520515e-002 -2.1165654063224789e-002 1.8838271498680118e-002 0.466667 0.486275 0.498039
v -3.9829149842262275e-002 -1.6799092292785641e-002 1.2823000550270084e-002 0.345098 0.360784 0.380392
v -3.9143290370702750e-002 -5.9018731117248526e-003 5.0049722194671640e-003 0.427451 0.447059 0.486275
v -3.9951507002115257e-002 -2.5845319032669063e-003 5.2173286676406869e-003 0.505882 0.537255 0.580392
v -3.6962229758501060e-002 -1.9057765603065487e-002 2.1848872303962711e-002 0.501961 0.494118 0.509804
v -4.0762893855571754e-002 -6.9700777530670157e-003 1.9524589180946354e-002 0.243137 0.235294 0.239216
v -4.2273748666048057e-002 -5.2417814731597892e-003 1.7763018608093265e-002 0.313726 0.321569 0.329412
v -3.5055156797170646e-002 -2.3713931441307064e-002 7.0007294416427630e-003 0.309804 0.317647 0.341176
v -4.2569044977426536e-002 -3.0281394720077510e-003 1.8045619130134586e-002 0.270588 0.278431 0.282353
v -4.2417000979185111e-002 -1.5684366226196287e-003 1.0552346706390383e-002 0.301961 0.274510 0.243137
v -3.3222556114196784e-002 -2.6988059282302853e-002 1.1001572012901308e-002 0.356863 0.368627 0.403922
v -3.9162773638963706e-002 -1.4512881636619566e-002 1.6130387783050541e-002 0.309804 0.321569 0.333333
v -4.0864232927560813e-002 -8.4003359079360945e-003 2.1051704883575443e-002 0.270588 0.274510 0.290196
v -3.3834364265203483e-002 -2.4630308151245114e-002 8.9897513389587420e-003 0.470588 0.498039 0.509804
v -4.2028449475765235e-002 -1.9128322601318357e-003 1.5512168407440189e-002 0.341176 0.352941 0.360784
v -3.6973178386688239e-002 -2.1124407649040219e-002 2.1435439586639408e-002 0.337255 0.360784 0.364706
v -3.6834035068750388e-002 -2.2330284118652340e-002 2.3180454969406131e-002 0.345098 0.325490 0.301961
v -3.6912970244884498e-002 -2.3980930447578427e-002 2.3198589682579044e-002 0.270588 0.278431 0.278431
v -4.1446018964052207e-002 -3.1474232673645015e-003 2.3303195834159855e-002 0.278431 0.286275 0.294118
v -4.2292375117540366e-002 1.4598816633224485e-003 2.2236660122871402e-002 0.329412 0.337255 0.345098
v -4.2055539786815650e-002 -3.2363384962081905e-003 2.0283341407775882e-002 0.415686 0.415686 0.454902
v -3.2210223376750953e-002 -2.4822637438774105e-002 7.6691806316375750e-003 0.294118 0.313726 0.329412
v -3.1723111867904670e-002 -2.7160242199897763e-002 1.1161193251609804e-002 0.313726 0.325490 0.345098
v -3.7574075162410743e-002 -1.6490340232849118e-002 1.8616363406181339e-002 0.321569 0.337255 0.352941
v -3.5950519144535072e-002 -2.3361876606941220e-002 2.5298655033111579e-002 0.278431 0.294118 0.313726
v -3.4585490822792060e-002 -1.9841283559799191e-002 6.6019147634506243e-003 0.333333 0.321569 0.290196
v -3.4788358956575401e-002 -1.0848492383956907e-002 2.8931498527526860e-003 0.435294 0.443137 0.482353
v -3.6230858415365226e-002 -2.1625190973281857e-002 2.7542740106582649e-002 0.266667 0.282353 0.321569
v -3.7102133035659797e-002 -2.0394042134284970e-002 2.4971708655357368e-002 0.286275 0.274510 0.278431
v -3.9457421749830253e-002 -1.1586099863052366e-002 1.7990201711654667e-002 0.286275 0.294118 0.298039
v -3.5879485309124000e-002 -1.8023654818534848e-002 2.2656694054603580e-002 0.329412 0.345098 0.345098
v -3.6317113786935813e-002 -1.6012832522392269e-002 2.0586043596267704e-002 0.333333 0.345098 0.360784
v -3.6900393664836890e-002 -2.0128548145294186e-002 2.8930351138114936e-002 0.278431 0.262745 0.239216
v -3.7350598722696311e-002 -1.4299198985099791e-002 1.9606694579124454e-002 0.282353 0.282353 0.294118
v -3.6144986748695380e-002 -1.9168943166732785e-002 2.6950314640998847e-002 0.262745 0.270588 0.274510
v -3.6365132778882987e-002 -7.4772834777832023e-003 4.6105235815048226e-003 0.466667 0.482353 0.501961
v -3.2695475965738303e-002 -1.9912898540496823e-002 6.3017606735229510e-003 0.219608 0.219608 0.223529
v -3.6949060857295997e-002 -5.0101429224014274e-003 4.7763586044311532e-003 0.274510 0.282353 0.301961
v -3.9464060217142112e-002 -2.1888315677642817e-004 4.6366304159164437e-003 0.215686 0.227451 0.239216
v -3.6471117287874229e-002 -3.3391863107681270e-003 4.5057386159896859e-003 0.337255 0.341176 0.356863
v -3.2815679907798774e-002 -1.6737639904022213e-002 5.9481114149093645e-003 0.266667 0.270588 0.298039
v -3.3806264400482185e-002 -1.5172392129898070e-002 2.9479071497917182e-002 0.215686 0.219608 0.215686
v -3.2161567360162742e-002 -2.7417153120040890e-002 1.5904292464256290e-002 0.329412 0.325490 0.325490
v -3.6290235817432411e-002 -1.7441511154174801e-002 3.1449854373931892e-002 0.282353 0.294118 0.309804
v -3.3351399004459388e-002 -2.5478795170783993e-002 2.3497819900512702e-002 0.290196 0.294118 0.298039
v -3.1487844884395606e-002 -2.6592299342155453e-002 1.3611897826194767e-002 0.313726 0.317647 0.313726
v -3.1251665204763419e-002 -2.5514796376228329e-002 9.9914819002151507e-003 0.321569 0.321569 0.325490
v -3.8395058363676078e-002 -1.1519372463226317e-002 2.1037444472312931e-002 0.356863 0.352941 0.333333
v -3.3831227570772178e-002 -2.6651591062545773e-002 2.0006924867630008e-002 0.352941 0.333333 0.309804
v -2.9070908203721053e-002 -2.7645215392112728e-002 1.1676475405693056e-002 0.313726 0.321569 0.341176
v -2.9640767723321922e-002 -2.5652363896369931e-002 8.3881616592407244e-003 0.203922 0.215686 0.239216
v -3.4539785236120231e-002 -2.6131704449653622e-002 1.7499417066574100e-002 0.349020 0.372549 0.392157
v -2.7551237493753440e-002 -2.0651832222938534e-002 6.3552409410476702e-003 0.325490 0.313726 0.309804
v -3.1230682507157333e-002 -2.3160025477409359e-002 6.9208294153213518e-003 0.352941 0.364706 0.407843
v -3.6933775991201408e-002 -1.2159362435340880e-002 3.9539188146591195e-003 0.392157 0.407843 0.427451
v -3.6326386034488685e-002 -1.6673922538757321e-002 3.5328060388565070e-002 0.247059 0.254902 0.266667
v -3.4415334463119514e-002 -6.6930800676345817e-003 3.3335387706756600e-003 0.290196 0.298039 0.321569
v -3.2493382692337043e-002 -1.3749390840530394e-002 3.9891600608825692e-003 0.427451 0.427451 0.427451
v -3.0902272090315826e-002 -8.7138414382934553e-003 3.5897791385650643e-003 0.129412 0.133333 0.172549
v -3.8552168756723411e-002 -1.0398402810096739e-002 2.3284628987312320e-002 0.290196 0.301961 0.329412
v -2.6926757767796523e-002 -2.3831740021705624e-002 6.8382471799850481e-003 0.294118 0.309804 0.325490
v -4.0347591042518623e-002 -4.3938010931015006e-003 2.6405766606330879e-002 0.247059 0.250980 0.250980
v -4.1261114180088050e-002 -6.1134248971939078e-003 2.3452922701835639e-002 0.321569 0.329412 0.337255
v -3.6178138107061393e-002 -1.4344528317451475e-002 2.4210870265960700e-002 0.439216 0.427451 0.396078
v -2.4737602099776275e-002 -1.5482902526855467e-002 5.6678652763366708e-003 0.572549 0.600000 0.654902
v -3.7205036729574210e-002 -1.0734856128692625e-002 2.5714024901390083e-002 0.235294 0.239216 0.247059
v -2.6926392689347274e-002 -2.6540502905845639e-002 9.3363374471664446e-003 0.407843 0.423529 0.458824
v -3.4464839845895774e-002 -1.5337124466896055e-002 4.0937066078186044e-003 0.376471 0.388235 0.431373
v -3.0291369184851653e-002 -2.0574972033500668e-002 6.6381245851516741e-003 0.321569 0.325490 0.325490
v -3.6940086632967002e-002 -7.3297768831253043e-003 2.8601422905921943e-002 0.274510 0.270588 0.266667
v -3.5464193671941764e-002 -1.0143816471099852e-002 2.8539061546325691e-002 0.270588 0.270588 0.290196
v -3.5435453057289130e-002 -2.1186441183090206e-002 2.9763847589492805e-002 0.384314 0.400000 0.392157
v -3.8707070052623756e-002 -7.9181641340255720e-003 2.5236263871192939e-002 0.301961 0.305882 0.313726
v -3.7161510437726981e-002 -3.5951137542724605e-003 3.0834928154945380e-002 0.419608 0.427451 0.431373
v -2.8737301006913192e-002 -2.6632815599441525e-002 1.6172230243682865e-002 0.305882 0.321569 0.341176
v -2.7796212583780296e-002 -2.7017444372177121e-002 1.4183253049850467e-002 0.239216 0.243137 0.254902
v -2.6282494887709625e-002 -2.8149753808975216e-002 1.0983690619468691e-002 0.274510 0.286275 0.313726
v -3.5157870501279838e-002 -1.9915014505386349e-002 3.2796770334243781e-002 0.254902 0.254902 0.254902
v -3.3388562500476844e-002 -2.3490056395530697e-002 2.8045579791069038e-002 0.337255 0.364706 0.415686
v -3.0860072001814849e-002 -2.5579988956451413e-002 2.4443343281745918e-002 0.298039 0.305882 0.309804
v -3.1747110188007362e-002 -1.0992884635925291e-002 2.9252022504806523e-003 0.278431 0.270588 0.262745
v -3.1096244230866439e-002 -2.6561096310615536e-002 1.9823670387268070e-002 0.294118 0.298039 0.301961
v -3.4551799297332771e-002 -1.6637966036796566e-002 2.6572272181510932e-002 0.325490 0.317647 0.305882
v -3.5644251853227622e-002 -4.1781365871429435e-003 3.3204525709152229e-002 0.235294 0.243137 0.250980
v -2.9446622356772430e-002 -1.3815149664878843e-002 4.1271746158599862e-003 0.341176 0.341176 0.368627
v -3.3046435564756400e-002 -6.8379938602447501e-003 2.6273131370544438e-003 0.125490 0.125490 0.137255
v -2.6821704581379897e-002 -2.7625486254692074e-002 1.7384827136993412e-002 0.235294 0.239216 0.250980
v -2.8900481760501869e-002 -2.7050599455833432e-002 1.9154906272888187e-002 0.305882 0.298039 0.294118
v -2.9269224032759673e-002 -2.5554746389389035e-002 2.4343311786651618e-002 0.219608 0.215686 0.211765
v -3.4401021897792823e-002 -1.4659479260444639e-002 2.6994258165359504e-002 0.160784 0.160784 0.160784
v -3.0450113117694862e-002 -6.8603456020355216e-003 1.2113600969314577e-003 0.345098 0.368627 0.384314
v -3.3243011683225639e-002 -3.4207701683044429e-003 4.0823370218276986e-003 0.345098 0.349020 0.368627
v -3.1010830774903304e-002 -1.6207769513130185e-002 6.6203624010086077e-003 0.345098 0.360784 0.392157
v -3.2040636986494071e-002 -2.2785753011703488e-002 2.9108852148056037e-002 0.278431 0.290196 0.290196
v -2.7724390849471099e-002 -2.6937603950500485e-002 2.2872209548950199e-002 0.203922 0.203922 0.203922
v -2.5493459776043899e-002 -2.7370631694793698e-002 2.2732317447662357e-002 0.164706 0.164706 0.160784
v -3.2339528203010566e-002 -2.0998433232307431e-002 3.2660007476806648e-002 0.333333 0.352941 0.368627
v -2.9536219313740737e-002 -2.4344176054000851e-002 2.8390944004058845e-002 0.313726 0.313726 0.298039
v -2.4692960083484657e-002 -2.5394842028617855e-002 2.9482766985893256e-002 0.294118 0.298039 0.305882
v -2.5233667343854911e-002 -2.5962159037590023e-002 2.4719372391700752e-002 0.247059 0.243137 0.239216
v -2.7109464630484588e-002 -2.5133088231086727e-002 2.6066854596138007e-002 0.219608 0.227451 0.219608
v -3.5311270505189903e-002 -1.2043744325637816e-002 2.6487067341804511e-002 0.278431 0.278431 0.282353
v -3.0330346897244460e-002 -2.2457465529441830e-002 3.2364264130592353e-002 0.427451 0.447059 0.450980
v -2.7214638888835914e-002 -2.4726659059524533e-002 2.8965994715690620e-002 0.270588 0.274510 0.278431
v -3.3268325030803687e-002 -1.2985348701477049e-002 3.1028598546981818e-002 0.298039 0.309804 0.321569
v -3.3409893512725837e-002 -9.7996443510055525e-003 3.3290207386016853e-002 0.200000 0.203922 0.215686
v -3.4933339804410941e-002 -6.8361610174179068e-003 3.5019159317016609e-002 0.352941 0.356863 0.372549
v -3.1213359907269485e-002 -3.8594752550125118e-003 3.1409561634063729e-003 0.341176 0.352941 0.376471
v -3.5038076341152198e-002 -7.7770948410034171e-003 3.0997186899185188e-002 0.427451 0.439216 0.454902
v -2.8075253590941436e-002 -1.7445787787437435e-002 5.9552192687988299e-003 0.360784 0.380392 0.400000
v -2.7813015505671508e-002 -1.1703833937644957e-002 1.8634945154190068e-003 0.423529 0.439216 0.490196
v -2.9223628342151649e-002 -1.0251507163047789e-002 1.7607361078262333e-003 0.360784 0.380392 0.419608
v -2.6826588436961181e-002 -2.4851799011230465e-002 3.1063407659530647e-002 0.380392 0.380392 0.384314
v -2.7479991316795356e-002 -1.4131352305412291e-002 3.5106688737869271e-003 0.333333 0.337255 0.360784
v -2.8422556817531593e-002 -7.0753395557403556e-003 4.3107569217681890e-004 0.282353 0.286275 0.309804
v -2.8943099081516273e-002 -2.3671239614486690e-003 2.2098273038864140e-003 0.266667 0.274510 0.298039
v -2.5257918983697898e-002 -3.2825022935867305e-003 1.6055256128311162e-003 0.380392 0.403922 0.447059
v -2.8061572462320335e-002 -3.9773285388946525e-003 1.4931857585906987e-003 0.368627 0.380392 0.407843
v -2.4336950853466995e-002 -2.6633247733116146e-002 9.5472186803817766e-003 0.341176 0.368627 0.388235
v -2.4001751095056541e-002 -2.3683220148086544e-002 7.9504698514938372e-003 0.345098 0.364706 0.403922
v -2.1308036521077160e-002 -2.5410592555999752e-002 9.8733305931091326e-003 0.305882 0.313726 0.341176
v -2.1302334964275364e-002 -2.7080461382865902e-002 1.4601200819015506e-002 0.278431 0.282353 0.290196
v -2.5331962853670127e-002 -2.1261081099510189e-002 6.8368911743164080e-003 0.321569 0.337255 0.368627
v -2.2807082161307338e-002 -2.7717351913452145e-002 1.3778269290924076e-002 0.211765 0.223529 0.243137
v -2.2876640781760219e-002 -2.7960240840911862e-002 1.1175617575645449e-002 0.388235 0.403922 0.431373
v -2.3171950131654743e-002 -2.6752725243568417e-002 1.8257558345794681e-002 0.243137 0.254902 0.270588
v -2.6760380715131767e-002 -2.6508033275604245e-002 1.9699603319168094e-002 0.380392 0.352941 0.313726
v -2.4970563128590591e-002 -2.7018576860427853e-002 1.4492645859718326e-002 0.247059 0.247059 0.254902
v -1.9873376935720447e-002 -2.7325794100761410e-002 1.5490114688873294e-002 0.254902 0.262745 0.270588
v -2.0626926794648174e-002 -2.7114078402519223e-002 1.1969655752182010e-002 0.372549 0.372549 0.396078
v -2.4700690060853965e-002 -1.3911828398704527e-002 4.0047317743301400e-003 0.356863 0.360784 0.392157
v -2.4809045717120178e-002 -1.7559051513671872e-002 5.3191930055618295e-003 0.321569 0.341176 0.364706
v -2.4215064942836768e-002 -1.9408524036407467e-002 5.3881108760833749e-003 0.274510 0.278431 0.290196
v -2.5944354012608535e-002 -1.1699348688125609e-002 1.9676387310028081e-003 0.411765 0.439216 0.494118
v -2.4494865909218795e-002 -1.2001112103462218e-002 4.0659755468368539e-003 0.423529 0.439216 0.454902
v -2.2027611732482914e-002 -1.0644853115081785e-002 4.5852512121200570e-003 0.450980 0.478431 0.521569
v -1.9561141729354862e-002 -1.7793178558349606e-002 7.0755332708358782e-003 0.305882 0.313726 0.317647
v -2.1571617573499683e-002 -1.6964316368103024e-002 6.5756589174270647e-003 0.184314 0.188235 0.196078
v -1.6999116167426113e-002 -2.6435345411300656e-002 1.3362690806388858e-002 0.388235 0.396078 0.435294
v -2.1057493984699253e-002 -1.9761323928833004e-002 6.7460089921951311e-003 0.360784 0.388235 0.423529
v -2.1823402494192127e-002 -2.7181535959243771e-002 1.9337683916091922e-002 0.372549 0.384314 0.407843
v -2.0259482786059383e-002 -2.1367847919464108e-002 8.2016885280609148e-003 0.337255 0.352941 0.384314
v -2.1022222936153415e-002 -1.4799579977989195e-002 5.8176666498184213e-003 0.392157 0.407843 0.435294
v -1.9993349909782413e-002 -2.3222893476486203e-002 9.5508396625518816e-003 0.298039 0.313726 0.341176
v -2.3722555488348014e-002 -2.5616437196731563e-003 3.3007264137268075e-003 0.317647 0.349020 0.384314
v -1.7944252118468288e-002 -2.7202218770980831e-002 1.7515316605567936e-002 0.388235 0.403922 0.427451
v -1.8061332404613498e-002 -1.8495321273803707e-002 8.5771679878234881e-003 0.380392 0.403922 0.419608
v -1.7708014696836475e-002 -2.4762198328971859e-002 1.1126592755317690e-002 0.231373 0.231373 0.262745
v -2.3954726755619056e-002 -2.7509152889251706e-002 2.0314738154411319e-002 0.247059 0.250980 0.254902
v -2.2022573277354244e-002 -2.7233362197875973e-002 2.2542998194694523e-002 0.258824 0.266667 0.270588
v -1.5889443457126621e-002 -2.1752461791038510e-002 1.0520741343498232e-002 0.309804 0.313726 0.325490
v -2.5979725643992431e-002 -7.2859972715377799e-003 3.7693977355957037e-004 0.392157 0.411765 0.431373
v -1.7351560294628147e-002 -1.3637378811836241e-002 6.3917785882949846e-003 0.345098 0.349020 0.380392
v -2.2250020876526836e-002 -7.1812570095062247e-003 2.1176189184188847e-003 0.196078 0.196078 0.219608
v -2.4037718772888191e-002 -9.3858987092971784e-003 1.8325001001358037e-003 0.282353 0.278431 0.278431
v -1.7543576657772068e-002 -2.1062731742858883e-002 9.0556442737579363e-003 0.325490 0.337255 0.360784
v -2.1491987630724910e-002 -1.2607306241989134e-002 4.8642158508300790e-003 0.258824 0.266667 0.270588
v -2.0554052665829662e-002 -6.7308843135833732e-003 3.8222074508667001e-003 0.427451 0.439216 0.462745
v -1.8591977655887607e-002 -1.2631222605705259e-002 3.8804709911346444e-003 0.372549 0.380392 0.415686
v -1.6803609207272533e-002 -1.7156302928924557e-002 7.7683180570602434e-003 0.298039 0.305882 0.321569
v -2.2057266905903820e-002 -3.3040344715118403e-004 5.4199844598770150e-003 0.192157 0.200000 0.215686
v -2.1790038794279102e-002 -4.0825009346008292e-003 2.9531270265579232e-003 0.282353 0.298039 0.321569
v -2.4148950353264816e-002 -2.4788573384284970e-002 2.6593655347824104e-002 0.325490 0.333333 0.325490
v -2.0367827266454700e-002 -2.6386797428131100e-002 2.2634655237197879e-002 0.345098 0.368627 0.376471
v -1.9840553402900699e-002 -2.6137039065361019e-002 2.5775343179702766e-002 0.349020 0.360784 0.376471
v -1.5555548481643203e-002 -2.6589736342430111e-002 2.0001575350761417e-002 0.407843 0.439216 0.450980
v -2.1003847941756252e-002 -2.6218891143798825e-002 2.6146501302719123e-002 0.403922 0.423529 0.454902
v -2.0722828805446628e-002 -2.4111658334732052e-002 3.0085206031799323e-002 0.325490 0.325490 0.325490
v -2.5162098929286010e-002 -2.4190038442611691e-002 3.2366558909416206e-002 0.321569 0.325490 0.329412
v -2.1890129894018177e-002 -2.2917598485946652e-002 3.3955216407775886e-002 0.368627 0.372549 0.364706
v -1.8256139010190967e-002 -2.4883255362510678e-002 2.4794071912765510e-002 0.313726 0.309804 0.298039
v -1.3742865063250068e-002 -2.4406477808952328e-002 1.2247547507286075e-002 0.184314 0.196078 0.207843
v -1.9283417612314228e-002 -2.6873379945755001e-002 2.0480692386627201e-002 0.388235 0.392157 0.400000
v -1.5651706606149677e-002 -2.6336774230003353e-002 2.2284448146820072e-002 0.270588 0.278431 0.294118
v -1.4576417393982414e-002 -2.7595996856689450e-002 1.3468697667121891e-002 0.368627 0.380392 0.388235
v -1.5870213508605961e-002 -2.3933365941047665e-002 1.2699633836746219e-002 0.392157 0.443137 0.498039
v -1.5521579422056678e-002 -2.6350393891334530e-002 1.6622528433799747e-002 0.309804 0.313726 0.309804
v -1.9550846889615062e-002 -4.9238502979278556e-003 4.1506886482238778e-003 0.345098 0.364706 0.392157
v -1.2851352803409103e-002 -2.6767969131469723e-002 1.2568354606628421e-002 0.345098 0.356863 0.400000
v -1.7351601272821430e-002 -1.1408075690269468e-002 4.3179839849472055e-003 0.235294 0.243137 0.266667
v -1.9517555832862857e-002 -1.0219454765319822e-002 5.1043331623077401e-003 0.384314 0.403922 0.435294
v -1.8166763707995418e-002 -3.0393004417419429e-003 5.7314336299896249e-003 0.364706 0.380392 0.411765
v -1.2458210811018947e-002 -2.7203336358070370e-002 1.9408389925956730e-002 0.298039 0.298039 0.321569
v -1.7105851322412494e-002 -5.7521164417266837e-003 5.3316652774810800e-003 0.317647 0.333333 0.356863
v -1.1654268018901350e-002 -2.8438791632652279e-002 1.4722988009452823e-002 0.301961 0.313726 0.329412
v -1.0401354171335699e-002 -2.4939045310020443e-002 1.2199863791465763e-002 0.356863 0.384314 0.415686
v -2.2582640871405605e-002 -1.5606880187988279e-003 4.1605383157730111e-003 0.400000 0.435294 0.474510
v -1.2132716365158561e-002 -2.8145939111709591e-002 1.8323749303817752e-002 0.427451 0.443137 0.462745
v -1.8742717802524570e-002 -7.8738331794738752e-003 4.5729577541351327e-003 0.403922 0.411765 0.447059
v -1.7341330647468570e-002 -2.4486780166625973e-002 2.6573941111564643e-002 0.337255 0.349020 0.341176
v -1.7750572413206104e-002 -2.3958504199981686e-002 2.9936328530311591e-002 0.356863 0.364706 0.392157
v -1.5330571681261066e-002 -2.4585664272308346e-002 2.3831456899642951e-002 0.333333 0.345098 0.341176
v -8.5320593789219874e-003 -2.7461096644401547e-002 1.4641910791397098e-002 0.254902 0.258824 0.286275
v -1.2707218527793888e-002 -2.6586160063743588e-002 2.1783307194709781e-002 0.301961 0.313726 0.317647
v -9.2307711020112055e-003 -2.5649935007095333e-002 1.3179793953895572e-002 0.349020 0.364706 0.403922
v -1.5741337090730671e-002 -1.8792137503623959e-002 9.7621977329254168e-003 0.427451 0.443137 0.482353
v -1.6562420874834064e-002 -2.1190211176872250e-002 3.1523838639259345e-002 0.294118 0.298039 0.294118
v -1.5307166613638405e-002 -2.3201584815979000e-002 2.7329653501510627e-002 0.360784 0.368627 0.376471
v -9.4681875780224817e-003 -2.8672859072685238e-002 1.6641065478324894e-002 0.286275 0.298039 0.317647
v -1.1512337252497675e-002 -2.5807574391365048e-002 2.3938909173011787e-002 0.364706 0.380392 0.396078
v -1.2130472809076313e-002 -2.2466883063316342e-002 1.2416779994964603e-002 0.317647 0.329412 0.337255
v -1.1952309869229797e-002 -1.5599936246871947e-002 1.0896503925323488e-002 0.360784 0.380392 0.419608
v -1.3062986545264724e-002 -2.1310091018676754e-002 1.1558637022972109e-002 0.364706 0.407843 0.454902
v -1.7648249864578251e-002 -2.0734637975692746e-002 3.4471109509468086e-002 0.345098 0.352941 0.356863
v -1.3009034097194675e-002 -1.9009873270988461e-002 1.0903045535087587e-002 0.274510 0.286275 0.321569
v -5.8234357275068769e-003 -2.6857167482376095e-002 1.5709713101387027e-002 0.329412 0.337255 0.352941
v -7.3332088068127649e-003 -2.8053000569343563e-002 1.7262428998947147e-002 0.219608 0.231373 0.250980
v -7.2723161429166811e-003 -2.2301256656646725e-002 1.3698965311050419e-002 0.282353 0.286275 0.274510
v -1.5525905415415767e-002 -1.4506012201309202e-002 7.3489993810653704e-003 0.270588 0.274510 0.286275
v -1.5961585566401485e-002 -7.5935870409011832e-003 4.5419335365295419e-003 0.447059 0.466667 0.509804
v -1.4070211909711364e-002 -8.8978111743926985e-003 6.2249600887298601e-003 0.164706 0.168627 0.180392
v -8.3335954695940035e-003 -2.6774764060974118e-002 1.8806874752044681e-002 0.262745 0.262745 0.266667
v -1.3457883149385456e-002 -2.1136105060577389e-002 3.1625390052795417e-002 0.380392 0.396078 0.407843
v -1.3771397061645988e-002 -1.5145018696784971e-002 9.5107257366180437e-003 0.341176 0.356863 0.376471
v -8.3217723295092600e-003 -2.7053102850913998e-002 2.1637216210365299e-002 0.258824 0.270588 0.278431
v -1.0765407234430315e-002 -9.9480748176574690e-003 7.5669288635253924e-003 0.254902 0.262745 0.298039
v -1.4319493435323242e-002 -1.0837569832801817e-002 5.8120936155319223e-003 0.364706 0.376471 0.388235
v -1.1251313611865045e-002 -2.0984932780265805e-002 3.2967537641525275e-002 0.325490 0.333333 0.345098
v -1.2524218298494819e-002 -2.2558629512786862e-002 2.9009684920310981e-002 0.454902 0.482353 0.486275
v -1.1975951492786411e-002 -1.3535425066947935e-002 9.3996673822402971e-003 0.364706 0.384314 0.419608
v -1.1303312145173551e-002 -2.2350221872329708e-002 3.0844971537590034e-002 0.305882 0.313726 0.325490
v -1.3253198936581615e-002 -1.3307243585586546e-002 6.9891512393951433e-003 0.364706 0.376471 0.411765
v -1.0880634188652040e-002 -1.1433422565460203e-002 7.4376314878463762e-003 0.227451 0.235294 0.262745
v -1.5653541311621669e-002 -4.3622404336929313e-003 5.4758787155151376e-003 0.262745 0.258824 0.266667
v -6.6787688992917555e-003 -1.1020407080650328e-002 9.4943791627883928e-003 0.239216 0.239216 0.247059
v -1.0789115913212301e-002 -2.3357987403869625e-002 2.5772348046302802e-002 0.309804 0.325490 0.329412
v -9.8113771528005617e-003 -1.7356917262077328e-002 1.1975899338722232e-002 0.247059 0.262745 0.274510
v -9.0473536401987093e-003 -1.5463590621948240e-002 1.0668739676475527e-002 0.203922 0.215686 0.219608
v -1.5615344978868965e-002 -1.8651038408279417e-003 6.6753327846527117e-003 0.270588 0.266667 0.266667
v -1.2475521303713325e-002 -5.8888792991638175e-003 7.2573125362396258e-003 0.298039 0.309804 0.333333
v -9.4874966889619845e-003 -5.3536593914031974e-003 7.5923353433609026e-003 0.490196 0.521569 0.568627
v -7.9828370362520235e-003 -1.8359288573265072e-002 1.1666998267173769e-002 0.333333 0.341176 0.364706
v -5.9101562947034853e-003 -1.6986340284347531e-002 1.0908290743827822e-002 0.396078 0.407843 0.450980
v -1.1060772463679315e-002 -1.1274158954620360e-002 9.6961408853530901e-003 0.231373 0.231373 0.254902
v -9.9233584478497523e-003 -1.3440936803817747e-002 9.5943957567214983e-003 0.392157 0.407843 0.431373
v -1.3179843313992027e-002 -2.6629567146301265e-003 7.3106139898300188e-003 0.286275 0.294118 0.321569
v -8.9356200769543665e-003 -1.0602474212646483e-002 9.5433592796325701e-003 0.329412 0.360784 0.411765
v -8.0773811787366884e-003 -1.3863027095794676e-002 9.6559524536132830e-003 0.435294 0.462745 0.513726
v -9.3012461438775080e-003 -1.9831001758575436e-002 1.2593194842338565e-002 0.345098 0.345098 0.337255
v -9.2719998210668581e-003 -8.0757439136505110e-003 7.8686028718948382e-003 0.329412 0.349020 0.392157
v -1.2236311100423339e-002 -7.5979083776473990e-003 6.2832236289978045e-003 0.443137 0.458824 0.494118
v -1.0572569444775583e-002 -3.0186772346496578e-003 7.1007758378982561e-003 0.188235 0.200000 0.215686
v -1.1352144181728365e-002 -2.3722648620605464e-003 8.1841796636581438e-003 0.168627 0.172549 0.180392
v -8.1172455102205294e-003 -5.6521445512771598e-003 6.8429261445999163e-003 0.411765 0.431373 0.454902
v -7.0814550854265707e-003 -3.8042515516281124e-003 6.4794719219207781e-003 0.368627 0.380392 0.400000
v -8.7048728018999117e-003 -2.1173179149627682e-002 3.2739460468292243e-002 0.349020 0.352941 0.372549
v -6.8523888476192969e-003 -2.5609388947486874e-002 2.5578141212463386e-002 0.403922 0.411765 0.423529
v -8.8109001517295855e-003 -2.2913441061973568e-002 2.7606189250946052e-002 0.301961 0.325490 0.333333
v -7.9227471724152582e-003 -2.2485077381134030e-002 2.9834285378456123e-002 0.407843 0.396078 0.380392
v -5.8408742770552644e-003 -2.0292356610298153e-002 3.1337112188339240e-002 0.223529 0.231373 0.239216
v -5.7932599447667607e-003 -1.7634332180023190e-002 3.3511906862258918e-002 0.196078 0.192157 0.188235
v -1.7712479457259182e-003 -1.7745763063430783e-002 3.4239932894706733e-002 0.305882 0.301961 0.290196
v -4.0507234632968910e-002 4.6284347772598258e-003 1.9992008805274967e-002 0.266667 0.262745 0.270588
v -2.2045101504772906e-003 -1.0140538215637205e-002 4.5305639505386359e-002 0.262745 0.270588 0.270588
v -3.7680347450077542e-003 -1.2596577405929564e-002 4.2574733495712287e-002 0.345098 0.364706 0.380392
v -4.1271086782217033e-002 6.8030655384063712e-003 1.1286750435829164e-002 0.305882 0.317647 0.337255
v -3.6601491738110789e-003 -8.6580216884613020e-003 4.8260271549224867e-002 0.360784 0.368627 0.380392
v -3.2119934912770995e-003 -1.6706034541130062e-002 3.7099272012710578e-002 0.439216 0.443137 0.439216
v -6.7866081371903437e-003 -6.5722614526748649e-003 5.2369095385074629e-002 0.270588 0.270588 0.270588
v -1.4682410983368757e-004 -1.1053636670112608e-002 4.5513093471527107e-002 0.290196 0.298039 0.317647
v -5.1970798522233972e-003 -9.2908442020416242e-003 4.5712538063526161e-002 0.247059 0.250980 0.247059
v -4.1905795224010953e-003 -6.7535489797592154e-003 5.0916686654090895e-002 0.313726 0.317647 0.325490
v -5.5905152112245568e-003 -2.4520158767700191e-003 5.7679556310176863e-002 0.286275 0.290196 0.298039
v -4.2094481177628049e-003 -6.0220956802368155e-003 5.2922911942005171e-002 0.301961 0.313726 0.317647
v -8.1871816655620954e-004 -5.2535384893417350e-003 5.2252084016799941e-002 0.219608 0.227451 0.239216
v -6.0055130161345022e-003 -1.6260147094726560e-003 6.0686945915222182e-002 0.349020 0.364706 0.388235
v -9.3954952899366639e-004 -1.4836832880973814e-002 3.9856046438217170e-002 0.403922 0.411765 0.439216
v -1.6166269779205327e-003 -7.3269754648208609e-003 4.9539811909198775e-002 0.282353 0.294118 0.301961
v -2.7545855846256022e-003 -1.8414109945297239e-003 5.8987736701965346e-002 0.274510 0.282353 0.301961
v -2.7622159104794268e-003 -7.5891613960266100e-005 6.0727410018444075e-002 0.317647 0.337255 0.341176
v 6.1372469644993554e-004 -5.2695721387863151e-003 5.0960205495357527e-002 0.368627 0.368627 0.356863
v 2.0707447547465567e-003 -2.0507276058197017e-003 5.5137261748313918e-002 0.333333 0.333333 0.337255
v -4.0982780046761045e-003 -1.8538385629653928e-003 5.7492390275001540e-002 0.352941 0.360784 0.356863
v -2.3440602235496048e-003 -3.5428851842880245e-003 5.5080361664295210e-002 0.309804 0.317647 0.341176
v -3.2896496122702962e-004 -1.6748309135437010e-003 5.6420333683490767e-002 0.333333 0.337255 0.345098
v -3.3663574606180198e-002 1.8155574798583982e-003 6.2200553715229048e-002 0.243137 0.243137 0.250980
v -1.0138156358152630e-003 -3.7908405065536495e-003 5.3139686584472670e-002 0.184314 0.188235 0.192157
v -4.1841197758913047e-002 6.1985999345779410e-003 1.6693636775016788e-002 0.376471 0.388235 0.411765
v -4.1913870722055442e-002 9.2044472694396962e-004 1.2453883886337284e-002 0.266667 0.266667 0.282353
v -4.1614674031734473e-002 2.8387904167175289e-003 1.7785012722015384e-002 0.325490 0.333333 0.337255
v -3.3000823110342033e-002 5.2482783794403067e-003 6.4217895269393935e-002 0.266667 0.270588 0.270588
v -4.1017726063728339e-002 4.1971951723098746e-003 9.3041211366653460e-003 0.321569 0.317647 0.325490
v -3.3002268522977836e-002 8.7985247373580915e-003 5.7211302220821394e-002 0.250980 0.258824 0.278431
v -3.4697771072387702e-002 6.6001564264297477e-003 5.5580794811248793e-002 0.317647 0.325490 0.345098
v -3.1974036246538169e-002 3.2462328672409053e-003 6.6475614905357375e-002 0.313726 0.321569 0.325490
v -3.7312757223844535e-002 2.3392438888549800e-003 4.8182308673858651e-003 0.305882 0.305882 0.341176
v -3.7761092185974128e-002 -3.5792589187622065e-004 5.2675902843475350e-003 0.376471 0.376471 0.384314
v -3.3248007297515876e-002 2.2000372409820552e-003 6.0397960245609297e-002 0.325490 0.349020 0.380392
v -3.9715494960546500e-002 8.1083029508590681e-003 7.1606636047363299e-003 0.286275 0.294118 0.309804
v -4.1867703199386604e-002 7.8245997428894032e-004 1.4706343412399295e-002 0.364706 0.380392 0.411765
v -3.3606160432100303e-002 -1.0809302330017088e-004 5.9423826634883894e-002 0.286275 0.294118 0.290196
v -3.4179355949163444e-002 6.2547475099563590e-003 5.8231793344020857e-002 0.349020 0.372549 0.396078
v -3.2032530754804618e-002 9.6996277570724470e-003 6.1822645366191878e-002 0.309804 0.313726 0.317647
v -3.8600888103246696e-002 8.5196942090988142e-003 5.1943957805633554e-003 0.450980 0.470588 0.509804
v -3.3703863620758064e-002 2.7660727500915523e-003 5.7555854320526137e-002 0.309804 0.317647 0.325490
v -4.0938470512628562e-002 3.1812191009521480e-003 5.6786239147186288e-003 0.356863 0.376471 0.403922
v -4.0433049201965339e-002 1.1905282735824583e-003 4.1099190711975106e-003 0.403922 0.415686 0.458824
v -4.2040962725877769e-002 1.4939606189727781e-003 6.4312368631362932e-003 0.313726 0.329412 0.352941
v -4.0716320276260383e-002 4.8241764307022086e-003 5.4437965154647836e-003 0.301961 0.290196 0.274510
v -4.2242839932441718e-002 2.6778280735015865e-003 1.0411381721496584e-002 0.262745 0.262745 0.278431
v -3.3955637365579612e-002 3.8293600082397457e-003 5.9470437467098250e-002 0.294118 0.294118 0.305882
v -3.2883055508136756e-002 1.0292232036590575e-004 6.2674954533576979e-002 0.282353 0.282353 0.286275
v -3.4026183187961585e-002 5.4070353507995597e-003 5.5096380412578597e-002 0.435294 0.450980 0.474510
v -3.5807020962238319e-002 -1.4258325099945067e-002 3.8517758250236518e-002 0.317647 0.321569 0.317647
v -3.5621941089630134e-002 -1.8889755010604855e-002 3.6468148231506355e-002 0.301961 0.305882 0.321569
v -3.4743610769510276e-002 -2.4382770061492916e-003 3.9229050278663642e-002 0.278431 0.290196 0.317647
v -2.9015766456723220e-002 -1.9730418920516964e-002 3.7265598773956306e-002 0.239216 0.243137 0.239216
v -3.6508325487375266e-002 -1.9294917583465574e-003 3.6487728357315070e-002 0.250980 0.258824 0.270588
v -3.5693563520908363e-002 -1.4632761478424071e-002 3.4330651164054878e-002 0.388235 0.400000 0.415686
v -3.5728286951780326e-002 -1.1607438325881956e-002 3.8044184446334846e-002 0.219608 0.223529 0.219608
v -3.1936876475811012e-002 -2.0828947424888607e-002 3.6058798432350166e-002 0.364706 0.376471 0.392157
v -2.8210803866386421e-002 -2.2704437375068661e-002 3.2781377434730537e-002 0.372549 0.368627 0.356863
v -2.6282044127583511e-002 -1.9265010952949520e-002 3.7719041109085090e-002 0.333333 0.352941 0.364706
v -3.4906156361103065e-002 -1.8040329217910763e-002 3.8848653435707099e-002 0.372549 0.407843 0.411765
v -2.6004055514931686e-002 -2.2534713149070736e-002 3.5141333937644965e-002 0.294118 0.317647 0.337255
v -3.4145273268222816e-002 -1.6881465911865231e-002 4.0438219904899604e-002 0.321569 0.329412 0.325490
v -3.3121343702077873e-002 -1.9164830446243283e-002 3.9257064461708076e-002 0.352941 0.380392 0.415686
v -3.5178553313016898e-002 -1.0969176888465880e-002 4.0514007210731513e-002 0.349020 0.356863 0.376471
v -3.4119535237550742e-002 -1.8958583474159237e-002 4.0886268019676215e-002 0.439216 0.470588 0.501961
v -3.0890490859746940e-002 -2.0069107413291928e-002 3.8864627480506904e-002 0.388235 0.403922 0.411765
v -3.3949773758649833e-002 -1.4952421188354490e-002 4.1988044977188117e-002 0.317647 0.333333 0.352941
v -3.4459799528121955e-002 -1.3979002833366392e-002 3.9904341101646430e-002 0.301961 0.305882 0.313726
v -3.3243358135223396e-002 -1.8228113651275631e-002 4.4323161244392402e-002 0.352941 0.364706 0.384314
v -2.9394621029496200e-002 -1.9003257155418393e-002 4.0118187665939338e-002 0.368627 0.368627 0.364706
v -3.4538827836513526e-002 -1.6120404005050656e-002 4.3938204646110542e-002 0.298039 0.305882 0.309804
v -3.4188043326139457e-002 -1.4399155974388121e-002 4.5536682009696967e-002 0.317647 0.329412 0.349020
v -3.4474879503250129e-002 -1.1020466685295103e-002 4.3325312435626991e-002 0.278431 0.290196 0.298039
v -3.3469319343566901e-002 -6.0999244451522818e-003 3.9470717310905463e-002 0.270588 0.278431 0.286275
v -3.3556785434484489e-002 -1.0425999760627745e-002 3.5764724016189582e-002 0.235294 0.243137 0.247059
v -3.4181565046310432e-002 -1.3245761394500731e-002 4.4049523770809181e-002 0.345098 0.360784 0.384314
v -3.3516295254230506e-002 -1.0465353727340697e-002 4.9451991915702834e-002 0.227451 0.235294 0.254902
v -3.3537153154611594e-002 -1.2401774525642393e-002 4.6067275106906898e-002 0.419608 0.427451 0.419608
v -3.2209556549787528e-002 -1.6718372702598568e-002 4.8329427838325514e-002 0.407843 0.415686 0.400000
v -3.4169983118772514e-002 -9.7967088222503645e-003 4.1464358568191535e-002 0.129412 0.133333 0.145098
v -3.3546235412359245e-002 -8.0381035804748518e-003 3.6727711558341987e-002 0.329412 0.305882 0.282353
v -3.4210383892059333e-002 -7.9975426197051985e-003 4.3013066053390510e-002 0.227451 0.231373 0.235294
v -3.4550741314888007e-002 -4.6485662460327140e-003 3.7609353661537177e-002 0.309804 0.313726 0.329412
v -3.4080449491739280e-002 -9.7758919000625593e-003 4.6591944992542274e-002 0.286275 0.301961 0.317647
v -3.2971721142530448e-002 -1.3860076665878294e-002 4.7880642116069808e-002 0.352941 0.372549 0.403922
v -3.3662591129541404e-002 -6.7804455757141105e-003 4.6726360917091377e-002 0.227451 0.231373 0.235294
v -3.3233333379030235e-002 -1.1089265346527098e-002 5.1540501415729537e-002 0.333333 0.341176 0.372549
v -3.4608613699674613e-002 -8.8044703006744367e-003 5.2525669336318984e-002 0.372549 0.392157 0.423529
v -3.4418523311614997e-002 -1.3521313667297361e-003 4.6289779245853431e-002 0.188235 0.192157 0.211765
v -3.3219289034605033e-002 -7.4276626110076896e-003 4.0899664163589484e-002 0.192157 0.192157 0.196078
v -3.1956981867551811e-002 -1.5020325779914854e-002 5.0295025110244765e-002 0.427451 0.458824 0.458824
v -3.4686043858528144e-002 -1.2698024511337278e-003 5.0460323691368117e-002 0.223529 0.231373 0.250980
v -3.1428463757038123e-002 -1.4043956995010374e-002 5.2738778293132796e-002 0.360784 0.372549 0.396078
v -3.0515588819980628e-002 -1.8679812550544735e-002 4.4009700417518623e-002 0.282353 0.294118 0.301961
v -3.4619297832250602e-002 -1.2450814247131345e-003 4.1820727288722999e-002 0.431373 0.443137 0.458824
v -3.2896257936954505e-002 -5.5354237556457511e-003 4.2755901813507087e-002 0.337255 0.356863 0.352941
v -3.3663816750049598e-002 -3.9205700159072867e-003 4.6560503542423255e-002 0.321569 0.337255 0.368627
v -3.4468919038772590e-002 -6.9554150104522696e-003 4.9478232860565199e-002 0.235294 0.227451 0.215686
v -3.4562867134809501e-002 -8.9068412780761701e-003 5.0587818026542677e-002 0.266667 0.270588 0.274510
v -3.3784963190555579e-002 -4.9147903919219962e-003 5.0958178937435164e-002 0.278431 0.270588 0.262745
v -2.8471881523728378e-002 -1.7270296812057492e-002 4.6958163380622878e-002 0.301961 0.313726 0.341176
v -3.3269703388214118e-002 -3.2063275575637813e-003 4.3866842985153205e-002 0.203922 0.203922 0.215686
v -2.8180368244647987e-002 -1.9321620464324948e-002 4.2781569063663490e-002 0.301961 0.301961 0.282353
v -2.7227515354752548e-002 -1.7170190811157223e-002 4.4538818299770362e-002 0.345098 0.341176 0.337255
v -3.4218568354845054e-002 -9.3903243541717512e-003 5.4792970418930068e-002 0.219608 0.227451 0.254902
v -3.4733287990093238e-002 -2.2843182086944576e-003 5.2001118659973158e-002 0.219608 0.223529 0.227451
v -3.4499406814575202e-002 -6.7302584648132316e-003 5.3243286907672896e-002 0.239216 0.243137 0.247059
v -3.0074656009674079e-002 -1.5609502792358397e-002 5.1516488194465651e-002 0.364706 0.364706 0.333333
v -3.4086547791957862e-002 -8.2741677761077864e-003 5.6193351745605483e-002 0.294118 0.305882 0.325490
v -3.3465370535850532e-002 -2.7146786451339717e-003 4.9708478152751936e-002 0.333333 0.364706 0.392157
v -3.4817729145288474e-002 -7.3684602975845328e-003 5.8137066662311568e-002 0.270588 0.274510 0.290196
v -3.3576134592294700e-002 -4.9842894077301017e-003 5.5358856916427626e-002 0.349020 0.372549 0.384314
v -3.2483268529176719e-002 -1.1066406965255736e-002 5.3965054452419295e-002 0.333333 0.360784 0.388235
v -3.1837161630392082e-002 -1.3181120157241820e-002 5.4602429270744338e-002 0.403922 0.435294 0.458824
v -3.2484423369169242e-002 -1.0578632354736326e-002 5.6900821626186385e-002 0.317647 0.325490 0.325490
v -3.3838845789432533e-002 -4.2641609907150260e-003 5.9339374303817763e-002 0.305882 0.325490 0.345098
v -3.2259706407785423e-002 -8.8391005992889387e-003 5.8787859976291670e-002 0.282353 0.317647 0.419608
v -2.9504911974072463e-002 -1.6160696744918820e-002 4.8278339207172408e-002 0.337255 0.356863 0.368627
v -3.4678537398576743e-002 -5.7353973388671866e-003 6.1596557497978224e-002 0.345098 0.337255 0.333333
v -3.3376697450876243e-002 -3.6537349224090572e-003 5.6613601744174971e-002 0.349020 0.337255 0.317647
v -3.4408945590257652e-002 -1.7780065536499021e-003 5.3162612020969405e-002 0.200000 0.192157 0.188235
v -3.4485109150409705e-002 -2.8813481330871578e-003 5.8538444340229048e-002 0.274510 0.294118 0.313726
v -2.7539007365703590e-002 -1.7048060894012448e-002 4.9268260598182692e-002 0.345098 0.345098 0.349020
v -2.5672836229205138e-002 -1.6518011689186093e-002 4.7088019549846663e-002 0.149020 0.152941 0.156863
v -2.9591796919703491e-002 -1.2459024786949156e-002 5.6720398366451277e-002 0.274510 0.286275 0.298039
v -3.4894291311502464e-002 -2.2122561931610103e-003 5.6948691606521620e-002 0.298039 0.305882 0.329412
v -3.3311992883682258e-002 -2.1357387304306026e-003 6.5415985882282271e-002 0.274510 0.282353 0.294118
v -3.3428486436605460e-002 -4.7627538442611686e-003 6.4818471670150771e-002 0.301961 0.313726 0.325490
v -3.4008793532848365e-002 -3.0563622713088985e-003 6.1686158180236830e-002 0.262745 0.262745 0.270588
v -2.8224930167198188e-002 -1.4992505311965941e-002 5.4712302982807173e-002 0.400000 0.419608 0.462745
v -2.6333156973123557e-002 -1.6074255108833310e-002 5.2819468080997481e-002 0.364706 0.372549 0.384314
v -3.1057333573699004e-002 -3.7890374660491939e-003 6.5752021968364729e-002 0.270588 0.270588 0.270588
v -3.3449895679950721e-002 -6.9782137870788561e-005 6.5390191972255721e-002 0.372549 0.384314 0.396078
v -3.2919224351644523e-002 -6.5675824880599967e-003 6.2939830124378218e-002 0.333333 0.345098 0.356863
v -2.7586841955780990e-002 -1.1005088686943052e-002 5.8118820190429701e-002 0.250980 0.254902 0.258824
v -2.5575798004865653e-002 -7.5103789567947379e-003 6.4134597778320326e-002 0.325490 0.337255 0.345098
v -2.9210202395915992e-002 -5.7074427604675284e-003 6.5479025244712843e-002 0.254902 0.254902 0.266667
v -2.5664797052741058e-002 -1.3815984129905699e-002 5.6338600814342513e-002 0.294118 0.294118 0.305882
v -2.8853707015514381e-002 -8.1958472728729231e-003 6.0139253735542311e-002 0.266667 0.270588 0.274510
v -2.3679161444306381e-002 -1.9048422574996945e-002 3.7471592426300056e-002 0.352941 0.349020 0.349020
v -2.2614959627389911e-002 -2.0139619708061215e-002 3.6134079098701484e-002 0.317647 0.329412 0.345098
v -2.2408157587051395e-002 -1.8979668617248532e-002 3.8519203662872321e-002 0.294118 0.298039 0.294118
v -2.4167418479919441e-002 -1.8302917480468747e-002 4.3421268463134773e-002 0.364706 0.376471 0.411765
v -1.7893403768539432e-002 -1.8843948841094967e-002 3.6549806594848640e-002 0.392157 0.396078 0.403922
v -2.7485555037856109e-002 -5.9902071952819816e-003 6.6291667520999922e-002 0.266667 0.266667 0.266667
v -1.9111746922135357e-002 -1.7738282680511471e-002 3.9065748453140266e-002 0.301961 0.301961 0.298039
v -2.4412635713815696e-002 -1.6829326748847958e-002 4.6063475310802467e-002 0.321569 0.333333 0.345098
v -2.2009432315826419e-002 -1.6263961791992184e-002 4.3343596160411842e-002 0.301961 0.294118 0.298039
v -2.1280320361256603e-002 -1.7566561698913571e-002 4.0409356355667121e-002 0.333333 0.329412 0.321569
v -2.5611240416765220e-002 -1.8391057848930355e-002 3.9897486567497260e-002 0.337255 0.341176 0.345098
v -2.4958191439509399e-002 -1.5382170677185057e-002 5.0503499805927290e-002 0.341176 0.345098 0.352941
v -1.8769141286611560e-002 -1.5804633498191830e-002 4.2837679386138923e-002 0.372549 0.360784 0.352941
v -2.2626701742410663e-002 -1.5459552407264708e-002 4.6530649065971381e-002 0.376471 0.384314 0.388235
v -2.3133855313062671e-002 -1.4814242720603941e-002 4.9329280853271498e-002 0.274510 0.270588 0.258824
v -1.9588995724916462e-002 -1.4081075787544249e-002 4.6323187649250037e-002 0.250980 0.254902 0.262745
v -2.1669331938028339e-002 -1.3700336217880247e-002 5.2993908524513259e-002 0.396078 0.396078 0.392157
v -1.6747027635574344e-002 -1.2779667973518370e-002 4.4296719133853919e-002 0.274510 0.278431 0.278431
v -2.4530798196792609e-002 -1.5599623322486876e-002 5.3376689553260817e-002 0.376471 0.380392 0.384314
v -1.7281824722886089e-002 -1.2291014194488524e-002 4.9903273582458510e-002 0.309804 0.317647 0.337255
v -1.6775446012616161e-002 -1.6318738460540768e-002 3.9606913924217231e-002 0.317647 0.309804 0.301961
v -1.3940173201262954e-002 -1.1020004749298094e-002 4.7074295580387129e-002 0.317647 0.298039 0.274510
v -1.6160482540726665e-002 -1.5334770083427427e-002 4.2270086705684669e-002 0.250980 0.258824 0.266667
v -2.0593129098415378e-002 -1.4261826872825621e-002 4.8996523022651686e-002 0.270588 0.262745 0.258824
v -1.4869681559503082e-002 -9.7500383853912336e-003 5.0428688526153578e-002 0.400000 0.423529 0.427451
v -2.2085873410105709e-002 -1.1993691325187681e-002 5.6266240775585188e-002 0.305882 0.309804 0.321569
v -2.3685611784458167e-002 -8.2353949546813947e-003 6.4189583063125624e-002 0.439216 0.450980 0.482353
v -2.3876763880252845e-002 -9.7231864929199201e-003 5.8534234762191786e-002 0.368627 0.341176 0.309804
v -2.3097384721040729e-002 -8.7338238954544050e-003 5.9999033808708205e-002 0.305882 0.317647 0.317647
v -2.5563005357980735e-002 -9.2473924160003645e-003 5.9987984597682967e-002 0.321569 0.321569 0.325490
v -1.9796825945377353e-002 -1.1604219675064085e-002 5.4903469979763045e-002 0.396078 0.407843 0.415686
v -1.4715717174112800e-002 -2.0488649606704708e-002 3.3630833029747016e-002 0.352941 0.368627 0.392157
v -1.7233101651072506e-002 -1.2486219406127928e-002 4.6990923583507552e-002 0.411765 0.419608 0.427451
v -1.9782193005084995e-002 -8.5606873035430891e-003 5.8727964758873000e-002 0.349020 0.360784 0.384314
v -1.8444275483489040e-002 -9.9577754735946638e-003 5.6938901543617262e-002 0.356863 0.360784 0.368627
v -1.4616667293012146e-002 -8.7224990129470808e-003 5.1623739302158370e-002 0.368627 0.396078 0.419608
v -1.8367800861597065e-002 -1.2574940919876097e-002 5.2882783114910140e-002 0.317647 0.325490 0.345098
v -1.0277469642460348e-002 -1.7495825886726376e-002 3.9145305752754218e-002 0.250980 0.262745 0.278431
v -1.3337215408682827e-002 -1.5532910823822020e-002 4.2392082512378700e-002 0.329412 0.337255 0.356863
v -2.1744500845670704e-002 -6.6193491220474234e-003 6.5235517919063582e-002 0.411765 0.435294 0.443137
v -1.2541536241769794e-002 -2.0231544971466061e-002 3.5912036895751960e-002 0.356863 0.368627 0.372549
v -1.6012422740459446e-002 -6.9229006767272941e-003 5.6747891008853926e-002 0.380392 0.388235 0.396078
v -8.7917838245630282e-003 -1.9116550683975216e-002 3.6226272583007819e-002 0.262745 0.262745 0.262745
v -5.9419600293040293e-003 -1.5934392809867855e-002 3.8133531808853156e-002 0.298039 0.290196 0.282353
v -7.1099693886935728e-003 -1.7765253782272335e-002 3.5864830017089851e-002 0.231373 0.231373 0.250980
v -2.0658716559410099e-002 -7.4604600667953483e-003 6.2323808670043959e-002 0.282353 0.282353 0.290196
v -1.3674000278115276e-002 -1.8301129341125485e-002 3.8334742188453681e-002 0.470588 0.474510 0.466667
v -1.1675006709992887e-002 -1.3594195246696470e-002 4.4266797602176673e-002 0.254902 0.258824 0.266667
v -1.7436550930142406e-002 -6.5331757068634025e-003 5.9989005327224745e-002 0.337255 0.345098 0.345098
v -1.3995766639709476e-002 -1.1599689722061155e-002 4.5047953724861152e-002 0.250980 0.247059 0.239216
v -9.9526215344667452e-003 -1.5206366777420042e-002 4.0780127048492439e-002 0.313726 0.298039 0.286275
v -2.1915338933467868e-002 -4.1840672492980948e-003 6.6590778529644026e-002 0.282353 0.278431 0.278431
v -2.5252159684896476e-002 -6.4094066619873038e-003 6.5874867141246810e-002 0.278431 0.278431 0.274510
v -1.5543348155915741e-002 -4.1005909442901603e-003 5.8582060039043440e-002 0.313726 0.313726 0.309804
v -1.8375884741544727e-002 -4.9109756946563712e-003 6.4388811588287367e-002 0.313726 0.301961 0.305882
v -2.4166582152247436e-002 -1.0938495397567747e-003 6.6463775932788863e-002 0.235294 0.235294 0.243137
v -8.9393686503171938e-003 -1.2335360050201414e-002 4.3763250112533576e-002 0.333333 0.341176 0.345098
v -1.2352325022220615e-002 -1.6536682844161984e-002 4.1754975914955146e-002 0.282353 0.282353 0.294118
v -4.0632048621773728e-003 -1.3967722654342650e-002 4.1398227214813239e-002 0.345098 0.345098 0.352941
v -1.6778955236077312e-002 -9.9598318338394148e-003 5.4684832692146315e-002 0.286275 0.290196 0.305882
v -1.1351075954735281e-002 -1.0235235095024107e-002 4.6506807208061225e-002 0.356863 0.364706 0.392157
v -6.4870193600654619e-003 -1.3045936822891234e-002 4.3193131685256965e-002 0.337255 0.341176 0.341176
v -1.4008993282914165e-002 -6.8834275007247916e-003 5.5762767791748061e-002 0.376471 0.384314 0.380392
v -1.1400751769542696e-002 -7.1658939123153678e-003 5.3126178681850447e-002 0.298039 0.305882 0.321569
v -6.9783399812877196e-003 -1.5334531664848326e-002 4.0932625532150275e-002 0.388235 0.400000 0.423529
v -8.3212256431579607e-003 -8.3600729703903181e-003 4.9619384109973921e-002 0.482353 0.486275 0.478431
v -8.0359363928437250e-003 -8.8918656110763532e-003 4.7389931976795210e-002 0.435294 0.462745 0.474510
v -1.1250316165387632e-002 -7.8901350498199446e-003 4.9820281565189375e-002 0.356863 0.349020 0.341176
v -8.8649624958634394e-003 -5.9585869312286368e-003 5.3496681153774275e-002 0.364706 0.372549 0.392157
v -1.0967052541673185e-002 -4.9545019865036002e-003 5.6157484650611891e-002 0.384314 0.380392 0.364706
v -1.4981376938521865e-002 -1.8723160028457639e-003 6.4393363893032088e-002 0.400000 0.372549 0.325490
v -1.2494390830397609e-002 -1.8336921930313108e-003 6.4314737915992751e-002 0.364706 0.345098 0.329412
v -6.0761091299355047e-003 -7.9807341098785383e-003 4.8322580754756941e-002 0.349020 0.349020 0.341176
v -1.2165805324912075e-002 -4.0585100650787345e-003 5.7928107678890242e-002 0.388235 0.384314 0.384314
v -7.8221261501312273e-003 -3.0144304037094112e-003 5.9797465801239028e-002 0.294118 0.294118 0.298039
v -8.3146682009100931e-003 -4.0007084608077994e-003 5.6950375437736525e-002 0.396078 0.396078 0.384314
v -1.5201345086097721e-002 -3.2642483711242671e-003 6.1587840318679823e-002 0.360784 0.376471 0.388235
v -1.0559966787695886e-002 -2.7459263801574703e-003 6.0713477432727828e-002 0.309804 0.321569 0.321569
v -9.7142495214939135e-003 -2.5105327367782588e-003 6.3347116112709059e-002 0.372549 0.380392 0.372549
v -6.9851251319050806e-003 -1.4764368534088133e-003 6.2635339796543135e-002 0.349020 0.352941 0.345098
v -5.2776131778955468e-003 6.7080557346343983e-004 6.2703102827072157e-002 0.337255 0.337255 0.333333
v -5.5522681213915357e-003 -4.9878060817718497e-003 5.4513812065124526e-002 0.305882 0.313726 0.325490
v -3.5239275544881828e-002 1.4699399471282957e-003 5.3282804787158980e-002 0.298039 0.298039 0.298039
v -3.4171659499406822e-002 4.2494237422943107e-003 5.6531503796577467e-002 0.564706 0.588235 0.603922
v -3.1190083827823409e-003 5.0692260265350333e-003 6.2428586184978499e-002 0.380392 0.384314 0.384314
v -5.4364982061088094e-003 3.8812607526779170e-003 6.3851617276668562e-002 0.321569 0.325490 0.325490
v -1.2637673644348981e-003 6.6438019275665275e-003 6.2363944947719588e-002 0.305882 0.321569 0.329412
v -5.2731693722307693e-004 1.5743225812911985e-003 6.3365414738655104e-002 0.219608 0.223529 0.215686
v 7.4202462565153859e-004 2.5641918182373041e-004 5.9651553630828871e-002 0.356863 0.368627 0.356863
v -3.3949796110391624e-002 4.3553113937377924e-004 5.5815979838371291e-002 0.262745 0.274510 0.286275
v -3.5494085401296623e-002 8.0707520246505720e-003 4.4771455228328712e-002 0.368627 0.360784 0.352941
v 1.3437792658805849e-003 1.4270693063735960e-003 6.2294796109199538e-002 0.513726 0.541176 0.572549
v 2.8681365074589854e-004 4.5978873968124381e-003 6.2710493803024306e-002 0.227451 0.239216 0.254902
v -6.0654627159237879e-003 -2.8101205825805661e-002 1.8403694033622745e-002 0.321569 0.325490 0.341176
v -4.5038824900984773e-003 -2.1629825234413144e-002 1.3543978333473209e-002 0.352941 0.352941 0.380392
v -5.3602210246026525e-003 -1.8694505095481869e-002 1.2616485357284549e-002 0.345098 0.364706 0.396078
v -5.2107488736510285e-003 -2.4503409862518307e-002 1.4550045132637027e-002 0.258824 0.266667 0.290196
v -2.3876854684203867e-003 -2.4214625358581539e-002 1.5710473060607914e-002 0.286275 0.301961 0.333333
v -2.4349100422114138e-003 -2.5515392422676083e-002 2.1687105298042301e-002 0.372549 0.376471 0.376471
v -4.1697733104228982e-003 -2.6622489094734188e-002 1.9904270768165592e-002 0.396078 0.372549 0.329412
v 2.2933044238016015e-004 -2.5504708290100094e-002 1.8279746174812320e-002 0.380392 0.392157 0.419608
v -6.6303592175245302e-003 -2.6519209146499630e-002 2.2887736558914188e-002 0.345098 0.356863 0.376471
v -3.2016227487474689e-003 -2.4865627288818356e-002 2.4480208754539497e-002 0.372549 0.392157 0.419608
v -2.9228236526250844e-003 -2.6719242334365841e-002 1.7147675156593326e-002 0.243137 0.247059 0.254902
v -1.0314426617696883e-003 -2.1792665123939511e-002 1.4973267912864689e-002 0.262745 0.278431 0.305882
v -2.3796607274562125e-003 -1.5086486935615538e-002 1.1566892266273500e-002 0.313726 0.321569 0.341176
v -5.4979058913886556e-003 -1.4653831720352171e-002 9.9482983350753802e-003 0.278431 0.278431 0.270588
v -4.5649586245417604e-003 -1.2967944145202635e-002 9.8519623279571551e-003 0.360784 0.360784 0.384314
v -5.4923323914408692e-003 -6.8198740482330314e-003 6.0497075319290178e-003 0.231373 0.231373 0.247059
v -2.5732133071869616e-003 -1.1917412281036375e-002 9.4735622406005877e-003 0.411765 0.435294 0.470588
v -1.5408488688990478e-003 -1.9864588975906369e-002 1.3931989669799808e-002 0.294118 0.309804 0.329412
v -3.2940804958343515e-003 -5.9947818517684928e-003 5.2807182073593148e-003 0.313726 0.333333 0.360784
v -5.3636762313544759e-003 -9.0191215276718122e-003 8.0043375492095965e-003 0.360784 0.372549 0.400000
v -7.4712134664878271e-004 -2.2411346435546872e-002 2.8061047196388252e-002 0.388235 0.392157 0.368627
v -8.4554217755794547e-004 -1.6841232776641842e-002 1.3162583112716678e-002 0.439216 0.454902 0.470588
v -6.3433554023504275e-003 -2.1763443946838375e-002 2.8351172804832465e-002 0.427451 0.411765 0.396078
v -4.7423266805708417e-003 -2.2505044937133786e-002 2.7285590767860420e-002 0.396078 0.411765 0.415686
v -7.1146921254694473e-004 -9.1786086559295637e-003 7.2485655546188372e-003 0.349020 0.349020 0.368627
v -1.1529568582773211e-003 -1.0958313941955565e-002 8.7513029575347918e-003 0.431373 0.439216 0.474510
v -2.7226706151850527e-004 -1.4471352100372313e-002 1.1600941419601442e-002 0.411765 0.431373 0.462745
v -2.3292549885809426e-003 -9.6806734800338728e-003 7.1557760238647478e-003 0.333333 0.341176 0.360784
v -1.0820496827363970e-003 -7.9555064439773542e-003 5.4371058940887460e-003 0.250980 0.258824 0.282353
v 8.6216587806120537e-004 -1.9166782498359677e-002 1.3413324952125553e-002 0.223529 0.223529 0.227451
v -1.0597327491268518e-003 -2.4181351065635678e-002 2.5277286767959602e-002 0.380392 0.380392 0.380392
v -1.7328649992123251e-003 -3.9508044719696036e-003 4.6128779649734506e-003 0.352941 0.337255 0.325490
v 1.1688716476783159e-003 -1.1499330401420592e-002 9.5955133438110369e-003 0.356863 0.352941 0.372549
v -3.5852625966072089e-002 3.5309791564941401e-004 5.1106303930282607e-002 0.294118 0.298039 0.313726
v 6.3951598713174473e-004 -2.8437674045562740e-003 3.3517926931381234e-003 0.321569 0.341176 0.376471
v -4.2821601964533338e-003 -2.1032243967056271e-002 3.0048638582229621e-002 0.356863 0.368627 0.380392
v -3.6599610000848777e-002 1.4975368976593015e-003 3.5787016153335578e-002 0.223529 0.227451 0.239216
v -3.5737767815589912e-002 1.5434175729751585e-003 3.9536133408546455e-002 0.270588 0.274510 0.290196
v -1.0742142330855133e-003 -2.0241990685462948e-002 3.1025111675262458e-002 0.380392 0.364706 0.352941
v -3.5225093364715583e-002 3.2411515712738032e-004 4.3002001941204078e-002 0.329412 0.325490 0.352941
v -3.6332927644252784e-002 6.2552094459533681e-004 4.4479988515377052e-002 0.258824 0.262745 0.266667
v -3.6204479634761817e-002 3.3076107501983638e-003 3.9770677685737617e-002 0.282353 0.266667 0.270588
v -3.5269893705844886e-002 1.4949738979339597e-003 4.1464030742645271e-002 0.305882 0.309804 0.305882
v -3.5784192383289344e-002 5.5586844682693473e-003 3.5903349518775947e-002 0.254902 0.250980 0.262745
v -3.6632258445024497e-002 7.2349607944488515e-004 3.7592843174934394e-002 0.211765 0.215686 0.227451
v -3.7030398845672614e-002 2.3680925369262695e-004 4.6783208847045905e-002 0.329412 0.341176 0.356863
v -3.5928491503000266e-002 2.2061616182327266e-003 5.0263084471225752e-002 0.239216 0.243137 0.258824
v -3.5556558519601829e-002 5.2248239517211905e-003 4.3928124010562904e-002 0.313726 0.301961 0.309804
v -2.3020487278699879e-003 -6.2228739261627186e-004 5.4612755775451669e-003 0.231373 0.231373 0.247059
v -3.5567790269851692e-002 2.8049200773239131e-003 4.7874279320240035e-002 0.219608 0.231373 0.235294
v -3.5409796983003623e-002 4.8956125974655143e-003 3.8067743182182319e-002 0.227451 0.223529 0.231373
v -3.4735985100269325e-002 3.9569586515426627e-003 5.0188958644866957e-002 0.270588 0.278431 0.286275
v -3.4070294350385673e-002 4.6496838331222526e-003 5.2289836108684554e-002 0.301961 0.313726 0.337255
v -3.5332623869180686e-002 5.2565336227416984e-003 4.8634313046932234e-002 0.494118 0.513726 0.533333
v -3.4805245697498328e-002 6.3347518444061271e-003 5.2644595503807082e-002 0.341176 0.349020 0.376471
v -3.4992195665836341e-002 -1.0995715856552122e-003 5.4712995886802687e-002 0.266667 0.274510 0.286275
v 1.9171508029103283e-003 -6.5956562757492057e-003 4.9341313540935530e-002 0.356863 0.364706 0.384314
v 1.6621951945126061e-003 -2.3685872554779049e-002 2.8267055749893195e-002 0.376471 0.392157 0.435294
v 2.4412568658590324e-002 -2.0782500505447383e-003 8.4824860095977805e-004 0.321569 0.317647 0.325490
v 5.5242874659597882e-003 2.0420551300048828e-004 1.2010037899017336e-003 0.345098 0.341176 0.364706
v 9.3391593545675295e-003 5.0364136695861808e-003 1.8597245216369633e-003 0.337255 0.349020 0.384314
v 8.6504807695746439e-003 7.3590427637100211e-003 1.2408345937728884e-003 0.435294 0.439216 0.470588
v 1.0691749863326551e-002 7.4589550495147696e-003 1.4847964048385624e-003 0.325490 0.337255 0.384314
v 2.4107292294502265e-002 2.1363347768783565e-003 7.7739357948303196e-005 0.376471 0.392157 0.443137
v 2.2209620103240017e-002 3.7214308977127071e-003 6.4805150032043430e-005 0.356863 0.368627 0.403922
v 1.9741289317607883e-002 1.2940615415573118e-003 4.0824711322784429e-004 0.278431 0.274510 0.258824
v 2.5020439177751548e-002 -6.0588121414184550e-005 2.0794570446014404e-004 0.317647 0.329412 0.360784
v 1.9989114254713062e-002 5.2039176225662223e-003 7.4367225170135520e-004 0.352941 0.380392 0.415686
v 6.3921143300831335e-003 1.8909230828285214e-002 6.9245696067810069e-004 0.298039 0.305882 0.337255
v 1.1241315864026548e-002 1.6146525740623471e-002 5.7508051395416271e-004 0.301961 0.305882 0.286275
v 1.0771968401968481e-002 1.7461165785789486e-002 9.6848607063293479e-004 0.180392 0.176471 0.156863
v 3.8391381967812785e-003 2.4251565337181088e-002 6.8601965904235851e-004 0.227451 0.235294 0.258824
v 8.8852765038609522e-003 2.0586758852005001e-002 8.9323520660400412e-004 0.360784 0.376471 0.419608
v 6.9361673668026941e-003 2.3853853344917294e-002 1.1963844299316408e-003 0.415686 0.435294 0.466667
v 6.5943361259996908e-003 2.1260857582092282e-002 5.6028366088866789e-006 0.301961 0.313726 0.325490
v 3.3382656984031209e-003 2.2315293550491330e-002 3.1392276287078857e-004 0.160784 0.176471 0.180392
v 4.1359604801982652e-004 2.9878899455070492e-002 1.6134530305862431e-003 0.368627 0.380392 0.419608
v 1.1496522463858129e-002 -1.3649985194206236e-002 1.1931866407394413e-002 0.321569 0.329412 0.345098
v 1.0464033111929895e-002 -1.5938803553581234e-002 1.4315113425254825e-002 0.258824 0.243137 0.223529
v 5.3119314834475526e-003 -1.6932949423789975e-002 1.4794439077377323e-002 0.184314 0.200000 0.227451
v 3.9845886640250692e-003 -1.5479430556297301e-002 1.3435125350952152e-002 0.145098 0.141176 0.137255
v 6.8711130879819411e-003 -1.6059473156929013e-002 1.3804525136947635e-002 0.341176 0.333333 0.337255
v 4.4232755899429330e-003 -1.3377606868743895e-002 1.2477740645408634e-002 0.286275 0.294118 0.305882
v 1.7359070479869847e-003 -1.3778284192085264e-002 1.1862322688102726e-002 0.219608 0.223529 0.235294
v 2.7045502793043856e-003 -1.5690192580223080e-002 1.3815075159072879e-002 0.333333 0.301961 0.247059
v 1.1136124376207592e-003 -1.7213270068168637e-002 1.3487070798873905e-002 0.203922 0.207843 0.227451
v 2.6189573109149940e-002 -1.4082625508308409e-002 8.4268897771835344e-003 0.282353 0.274510 0.286275
v 1.5726901590824131e-002 -1.3178735971450804e-002 1.0941341519355776e-002 0.349020 0.356863 0.368627
v 1.8031898885965351e-002 -1.4354124665260313e-002 1.1588454246520998e-002 0.321569 0.325490 0.337255
v 1.5563643537461761e-002 -1.5550345182418822e-002 1.3218671083450321e-002 0.317647 0.290196 0.239216
v 2.2384636104106907e-002 -1.6123846173286435e-002 1.1917337775230411e-002 0.337255 0.345098 0.360784
v 2.0890770480036739e-002 -1.4015942811965941e-002 9.7420513629913347e-003 0.403922 0.407843 0.439216
v 2.0069038495421413e-002 -1.4916583895683287e-002 1.1464938521385195e-002 0.341176 0.356863 0.384314
v 2.1605685353279117e-002 -1.6954213380813595e-002 1.4299705624580387e-002 0.341176 0.352941 0.368627
v 2.6226714253425605e-002 -1.9227311015129086e-002 1.2833520770072940e-002 0.301961 0.313726 0.337255
v 2.7371756732463844e-002 -1.6268789768218991e-002 1.1061072349548342e-002 0.380392 0.368627 0.372549
v 2.3819820955395705e-002 -1.4560148119926451e-002 9.4005912542343157e-003 0.270588 0.258824 0.243137
v 2.4924248456954963e-002 -1.6171678900718685e-002 1.0936394333839418e-002 0.266667 0.262745 0.270588
v 3.3859040588140495e-002 -1.7588049173355099e-002 1.1630386114120485e-002 0.466667 0.482353 0.545098
v 2.8784632682800300e-002 -1.4962360262870787e-002 9.0805888175964373e-003 0.266667 0.247059 0.247059
v 3.1554464250803001e-002 -1.5890911221504208e-002 9.2419981956481951e-003 0.207843 0.188235 0.180392
v 3.5512588918209083e-002 -1.4839947223663328e-002 1.4890611171722416e-002 0.458824 0.478431 0.509804
v 3.6325592547655113e-002 -1.5194639563560484e-002 1.2556806206703190e-002 0.294118 0.309804 0.352941
v 3.1116349622607238e-002 -1.2708276510238646e-002 6.8622082471847552e-003 0.247059 0.235294 0.231373
v 2.9464606195688255e-002 -1.8559128046035763e-002 1.2064605951309208e-002 0.349020 0.392157 0.498039
v 3.4592434763908393e-002 -1.5773400664329525e-002 9.3213617801666277e-003 0.294118 0.305882 0.329412
v 3.1364932656288154e-002 -1.7951622605323788e-002 1.0385394096374513e-002 0.341176 0.356863 0.396078
v 3.3887300640344627e-002 -1.4592990279197691e-002 7.8925043344497698e-003 0.274510 0.305882 0.411765
v 2.4319000076502566e-003 -9.1077387332916249e-004 2.4592131376266484e-003 0.192157 0.180392 0.184314
v 2.0063433330506091e-003 -9.5798820257186872e-003 8.1427097320556658e-003 0.227451 0.219608 0.215686
v 1.2457592412829403e-002 -1.2752562761306761e-002 1.1360853910446169e-002 0.266667 0.262745 0.274510
v 1.4822277240455154e-002 -9.0115815401077253e-003 9.1395080089569109e-003 0.278431 0.290196 0.298039
v 1.1394310742616655e-002 -5.0401687622070304e-003 6.6217780113220232e-003 0.313726 0.313726 0.313726
v 1.4147834852337841e-002 -1.1279076337814329e-002 1.0140180587768556e-002 0.184314 0.164706 0.145098
v 1.5198991633951667e-002 -7.4674040079116813e-003 6.9603919982910174e-003 0.180392 0.176471 0.176471
v 1.1669419705867769e-002 -6.8693161010742179e-003 8.3401948213577288e-003 0.298039 0.270588 0.239216
v 8.7348194792866724e-003 -1.3561233878135679e-002 1.2957587838172916e-002 0.262745 0.239216 0.219608
v 1.2097723782062534e-002 -9.4428807497024519e-003 1.0254159569740297e-002 0.219608 0.196078 0.176471
v 2.9034968465566639e-003 -1.1982336640357969e-002 1.1802777647972110e-002 0.207843 0.207843 0.211765
v 8.0898785963654535e-003 -1.1959105730056761e-002 1.1984422802925113e-002 0.207843 0.211765 0.227451
v 7.0938337594270724e-003 -8.4285438060760481e-003 9.6675753593444842e-003 0.207843 0.211765 0.219608
v 5.1878457888960847e-003 -1.1013150215148924e-002 1.1634826660156252e-002 0.172549 0.164706 0.149020
v 7.9734632745385187e-003 -6.6345036029815665e-003 6.8272203207016009e-003 0.160784 0.168627 0.176471
v 8.5999891161918657e-003 -1.0446161031723021e-002 1.1146590113639833e-002 0.109804 0.109804 0.101961
v 1.0820636525750162e-002 -3.7561357021331783e-003 5.0531923770904550e-003 0.270588 0.278431 0.294118
v 1.5367447398602966e-002 -5.7078748941421500e-003 6.2042325735092180e-003 0.235294 0.227451 0.223529
v 9.5780305564403551e-003 -8.3166360855102522e-003 9.6642225980758684e-003 0.247059 0.235294 0.219608
v 9.7330976277589815e-003 -7.6003670692443839e-003 7.5283348560333269e-003 0.235294 0.231373 0.223529
v 1.9578808860387657e-005 -6.5466165542602530e-003 3.7570595741271981e-003 0.305882 0.301961 0.317647
v 2.6779884938150649e-003 -7.7053308486938468e-003 5.2043944597244271e-003 0.290196 0.282353 0.290196
v 4.2570075020194062e-003 -9.8001062870025617e-003 9.1667771339416521e-003 0.203922 0.196078 0.188235
v 4.0392968803644189e-003 -3.9424300193786612e-003 3.6144852638244638e-003 0.270588 0.286275 0.317647
v 4.6420586295425901e-003 -6.0967504978179923e-003 3.9232373237609872e-003 0.317647 0.321569 0.345098
v 4.3348809704184541e-003 -8.3778500556945783e-003 6.9717615842819231e-003 0.258824 0.239216 0.223529
v 5.7615307159721860e-003 -7.0068687200546256e-003 7.6712071895599383e-003 0.352941 0.345098 0.329412
v 6.8649863824248331e-003 -5.2970200777053824e-003 5.1412135362625131e-003 0.478431 0.490196 0.513726
v 7.3408172465860861e-003 -3.5890787839889522e-003 3.1054466962814340e-003 0.180392 0.176471 0.188235
v 1.3596258126199249e-002 2.6683509349822993e-004 3.2146424055099496e-003 0.325490 0.321569 0.349020
v 1.2451798655092720e-002 -2.5562793016433711e-003 3.1389892101287850e-003 0.454902 0.458824 0.490196
v 1.0585140436887743e-002 -1.0204017162322996e-003 2.1224915981292729e-003 0.227451 0.227451 0.262745
v 6.1576436273753660e-003 -1.4342516660690305e-003 2.5588124990463261e-003 0.364706 0.384314 0.423529
v 1.9324062392115596e-002 -1.1619910597801207e-002 8.7165385484695452e-003 0.235294 0.223529 0.219608
v 2.4782434105873115e-002 -9.8794102668762190e-003 6.4494907855987566e-003 0.215686 0.203922 0.200000
v 2.2245502099394802e-002 -1.1030882596969603e-002 7.6358914375305193e-003 0.196078 0.184314 0.180392
v 2.5831079110503204e-002 -1.2191221117973326e-002 7.5986236333847063e-003 0.250980 0.243137 0.239216
v 1.8320778384804729e-002 -9.0086311101913435e-003 7.3555260896682757e-003 0.196078 0.184314 0.172549
v 1.6459405422210697e-002 -1.0786056518554686e-002 9.6477568149566668e-003 0.223529 0.211765 0.203922
v 2.5776058435440070e-002 -7.2039812803268424e-003 4.1931271553039559e-003 0.152941 0.149020 0.149020
v 2.6052312925457961e-002 -5.0677657127380362e-003 3.3016651868820199e-003 0.156863 0.152941 0.160784
v 2.0362775772809986e-002 -9.7588151693344099e-003 7.0655047893524187e-003 0.192157 0.180392 0.184314
v 2.3605532944202430e-002 -5.1080286502838126e-003 3.0713081359863290e-003 0.368627 0.380392 0.415686
v 2.0018359646201137e-002 -6.5499991178512565e-003 4.7630518674850473e-003 0.156863 0.137255 0.129412
v 2.2479441016912464e-002 -8.0776810646057112e-003 5.8102607727050790e-003 0.250980 0.250980 0.262745
v 1.6475662589073185e-002 -3.7770271301269527e-003 4.7449022531509408e-003 0.396078 0.407843 0.439216
v 2.0380306988954548e-002 -1.9323974847793577e-003 2.8436630964279179e-003 0.188235 0.152941 0.137255
v 2.1672444418072704e-002 -5.9652328491210929e-003 3.4492164850234994e-003 0.309804 0.317647 0.337255
v 2.7193199843168266e-002 -3.7145912647247310e-003 1.9384920597076420e-003 0.392157 0.423529 0.450980
v 1.8270229920744899e-002 -5.1090270280838004e-003 5.0332099199295053e-003 0.278431 0.278431 0.294118
v 2.0641818642616275e-002 -1.1765509843826292e-003 1.0342150926589968e-003 0.219608 0.211765 0.203922
v 2.3387867957353595e-002 -3.6426037549972530e-003 3.2132118940353402e-003 0.200000 0.180392 0.172549
v 2.7066370472311981e-002 -5.0966441631317128e-004 2.2154003381729130e-003 0.419608 0.439216 0.501961
v 1.4761287719011310e-002 -3.8628280162811275e-003 3.6680102348327645e-003 0.231373 0.235294 0.250980
v 1.6386095434427265e-002 -1.8312186002731321e-003 3.8538128137588510e-003 0.235294 0.235294 0.247059
v 2.9692670330405242e-002 -1.1817067861557005e-003 9.6538811922073382e-003 0.262745 0.282353 0.309804
v 2.8730448335409171e-002 -1.2759387493133543e-002 6.5163224935531634e-003 0.258824 0.254902 0.270588
v 3.6444559693336494e-002 -8.2568377256393415e-003 1.3925522565841678e-002 0.341176 0.345098 0.376471
v 3.2509535551071174e-002 -7.8686475753784162e-003 7.7641904354095476e-003 0.325490 0.329412 0.337255
v 3.3536091446876533e-002 -8.7420940399169905e-003 8.6708068847656267e-003 0.337255 0.341176 0.356863
v 3.4243006259202964e-002 -5.0555765628814689e-003 1.3939723372459415e-002 0.423529 0.458824 0.501961
v 3.1229250133037574e-002 -2.4979114532470699e-003 1.1940822005271915e-002 0.235294 0.247059 0.266667
v 3.0768431723117835e-002 -2.3043751716613765e-003 9.5007270574569719e-003 0.286275 0.298039 0.321569
v 3.1257249414920814e-002 -5.4280906915664664e-003 6.4506828784942644e-003 0.282353 0.301961 0.321569
v 2.9524806886911399e-002 1.4761835336685178e-003 1.1678054928779604e-002 0.203922 0.192157 0.188235
v 3.2933175563812263e-002 -1.2204006314277647e-002 6.2693059444427508e-003 0.317647 0.341176 0.364706
v 3.1387299299240119e-002 -1.0540157556533812e-002 4.7903507947921762e-003 0.333333 0.341176 0.341176
v 3.4959837794303901e-002 -8.8256746530532820e-003 1.0294288396835329e-002 0.294118 0.301961 0.325490
v 3.5755105316638953e-002 -5.8291107416152945e-003 1.4610558748245243e-002 0.262745 0.274510 0.301961
v 3.4719210118055351e-002 -1.2287750840187071e-002 7.9167932271957415e-003 0.400000 0.427451 0.466667
v 3.5714913159608848e-002 -1.2400045990943907e-002 9.9281519651412981e-003 0.207843 0.207843 0.223529
v 3.4055884927511222e-002 -5.9096515178680411e-003 1.0714545845985414e-002 0.325490 0.333333 0.368627
v 3.6277193576097495e-002 -1.1972829699516295e-002 1.1370360851287844e-002 0.278431 0.294118 0.317647
v 2.8537303209304817e-002 -2.5822520256042476e-003 3.8071870803833016e-003 0.309804 0.313726 0.337255
v 3.0639221891760833e-002 -3.0577182769775386e-003 6.1270594596862810e-003 0.325490 0.321569 0.321569
v 2.7617694810032851e-002 -1.0955154895782469e-002 5.9403777122497576e-003 0.376471 0.356863 0.333333
v 2.9435103759169585e-002 -4.4062733650207511e-003 4.8381686210632333e-003 0.250980 0.270588 0.301961
v 3.0004795640707023e-002 -8.3345770835876447e-003 4.0064305067062387e-003 0.180392 0.180392 0.184314
v 2.7991436421871192e-002 -5.5463612079620353e-003 2.4009048938751225e-003 0.556863 0.580392 0.654902
v 2.7972538024187095e-002 -9.4969421625137312e-003 4.0448307991027841e-003 0.333333 0.333333 0.352941
v 3.0361786484718330e-002 -6.9321691989898673e-003 5.7357847690582284e-003 0.258824 0.262745 0.274510
v 2.9458655044436462e-002 -6.9837719202041617e-003 3.1156837940216073e-003 0.227451 0.227451 0.235294
v 8.1821139901876467e-003 1.1612325906753538e-003 1.2295544147491457e-003 0.341176 0.364706 0.415686
v 4.0716803632676610e-003 2.9022842645645137e-003 2.6547610759735112e-003 0.227451 0.231373 0.250980
v 2.6016309857368474e-003 2.6083439588546749e-003 3.7886500358581552e-003 0.196078 0.203922 0.215686
v 6.6495686769485491e-003 3.4505575895309444e-003 1.3244897127151491e-003 0.356863 0.372549 0.400000
v 5.4866020946064977e-005 -2.1317601203918452e-004 4.5713782310485849e-003 0.164706 0.168627 0.184314
v 3.2511609606444844e-003 4.5241713523864737e-003 2.9278844594955449e-003 0.145098 0.145098 0.145098
v 2.2788064088672404e-003 6.7573189735412589e-003 4.3042898178100595e-003 0.250980 0.258824 0.290196
v 9.0612620115280169e-003 2.3122578859329219e-003 1.8058866262435917e-003 0.231373 0.239216 0.258824
v 5.4146861657500276e-003 1.0139659047126768e-002 3.4018307924270639e-003 0.266667 0.278431 0.301961
v 3.1128283590078363e-003 1.1293321847915648e-002 3.5845488309860238e-003 0.192157 0.200000 0.211765
v 7.4745384044945257e-003 9.9277645349502546e-003 2.0384639501571660e-003 0.250980 0.250980 0.266667
v 6.2791206873953360e-003 7.1458816528320304e-003 2.0201802253723149e-003 0.200000 0.207843 0.227451
v 9.8157711327075976e-003 1.0578960180282591e-002 1.9062459468841557e-003 0.352941 0.360784 0.380392
v 1.2094411998987201e-002 9.4323903322219831e-003 2.1165013313293461e-003 0.274510 0.258824 0.243137
v 1.3718468137085441e-002 1.2229040265083311e-002 1.7841011285781865e-003 0.333333 0.345098 0.356863
v 1.2323628179728988e-002 6.4665675163269034e-003 2.1647363901138310e-003 0.223529 0.231373 0.247059
v 1.3994623906910423e-002 4.1624605655670157e-003 2.3959279060363774e-003 0.325490 0.349020 0.376471
v 1.1637890711426737e-002 2.8024613857269283e-003 2.0105987787246708e-003 0.188235 0.192157 0.200000
v 2.7224257588386543e-002 5.0444900989532460e-004 6.2348544597625750e-003 0.203922 0.203922 0.196078
v 2.8127554804086692e-002 1.0229051113128660e-003 8.7356269359588640e-003 0.254902 0.266667 0.282353
v 1.7594974488019947e-002 1.3958618044853209e-002 5.7528167963027963e-003 0.290196 0.298039 0.317647
v 2.6332298293709762e-002 4.6359598636627189e-003 9.2951655387878435e-003 0.231373 0.231373 0.239216
v 2.6779338717460639e-002 6.3278824090957633e-003 1.4365315437316898e-002 0.235294 0.243137 0.254902
v 2.4534365162253387e-002 8.1666558980941755e-003 1.3046234846115116e-002 0.313726 0.309804 0.325490
v 2.4116070941090591e-002 6.8117082118988028e-003 7.7776461839675921e-003 0.254902 0.215686 0.176471
v 2.2190749645233158e-002 1.1266544461250303e-002 1.0201573371887209e-002 0.325490 0.325490 0.345098
v 2.1670039743185047e-002 9.5851570367813093e-003 8.5534900426864641e-003 0.250980 0.258824 0.254902
v 2.3304915055632595e-002 8.9235901832580549e-003 1.1780947446823124e-002 0.380392 0.380392 0.400000
v 2.0396014675498012e-002 1.0785803198814390e-002 9.1092139482498186e-003 0.396078 0.450980 0.478431
v 2.5302940979599960e-002 6.5944343805313102e-003 1.0105386376380922e-002 0.254902 0.258824 0.286275
v 2.6202367618680007e-002 2.8497725725173946e-003 7.7448636293411272e-003 0.282353 0.286275 0.301961
v 1.4087493531405929e-002 1.9796192646026607e-003 1.7261505126953129e-003 0.325490 0.333333 0.364706
v 1.6588006168603901e-002 1.5477389097213743e-003 1.5385597944259648e-003 0.172549 0.176471 0.180392
v 2.5226606056094177e-002 2.8533637523651119e-003 3.1006038188934335e-003 0.305882 0.313726 0.341176
v 1.4313203282654289e-002 9.1005712747573835e-003 2.2733211517333989e-003 0.192157 0.176471 0.156863
v 2.4397201836109168e-002 4.5482069253921500e-003 6.7336261272430437e-003 0.298039 0.309804 0.309804
v 2.3138117045164112e-002 4.3691247701644889e-003 3.4317821264266976e-003 0.203922 0.207843 0.211765
v 2.1618293598294262e-002 7.0959776639938346e-003 3.3064037561416635e-003 0.172549 0.188235 0.211765
v 2.1221507340669635e-002 5.9788525104522696e-003 1.6551613807678227e-003 0.298039 0.309804 0.345098
v 1.9154978916049007e-002 1.2642413377761839e-002 7.0689171552658098e-003 0.435294 0.474510 0.509804
v 1.8906479701399807e-002 1.0066971182823179e-002 2.6212036609649663e-003 0.298039 0.305882 0.305882
v 1.9819693639874462e-002 9.5346719026565534e-003 5.3214132785797128e-003 0.207843 0.207843 0.203922
v 1.8659250810742382e-002 6.4872056245803824e-003 1.4754682779312138e-003 0.156863 0.156863 0.149020
v 2.1709458902478222e-002 7.1511417627334586e-003 5.0060749053955087e-003 0.254902 0.274510 0.301961
v 1.4864516444504264e-002 6.7543238401412955e-003 2.6686489582061772e-003 0.482353 0.490196 0.517647
v 1.6650157049298290e-002 9.7730457782745344e-003 1.8929690122604374e-003 0.184314 0.176471 0.172549
v 2.7583461254835136e-002 4.8043578863143912e-003 1.2846648693084720e-002 0.290196 0.294118 0.313726
v 2.6948153972625739e-002 3.6812573671340938e-003 1.0957241058349611e-002 0.247059 0.254902 0.266667
v 2.9119256883859641e-002 -8.2160532474517811e-004 6.3771605491638201e-003 0.345098 0.368627 0.400000
v 1.3501479988917711e-003 1.8324300646781918e-002 3.5317838191986093e-003 0.258824 0.270588 0.290196
v 1.1445022188127043e-002 2.6492863893508908e-002 1.2896299362182621e-002 0.313726 0.325490 0.360784
v 1.1856156401336197e-002 2.4410948157310482e-002 1.1014357209205629e-002 0.282353 0.290196 0.309804
v 1.4282283373177055e-002 1.9848078489303585e-002 7.4452161788940447e-003 0.294118 0.298039 0.317647
v 9.8761953413486498e-003 2.6019528508186337e-002 7.7865719795227068e-003 0.274510 0.282353 0.298039
v 1.3146522454917434e-002 1.9397377967834469e-002 5.4695010185241708e-003 0.317647 0.321569 0.341176
v 1.3528321869671348e-002 1.5563160181045530e-002 9.6271932125091574e-004 0.333333 0.345098 0.368627
v 1.0657167062163355e-002 1.4273509383201597e-002 1.7796158790588383e-003 0.188235 0.184314 0.176471
v 8.2980096340179461e-003 1.4612510800361632e-002 1.6498118638992314e-003 0.129412 0.137255 0.156863
v 2.4238794576376681e-003 1.4519587159156798e-002 3.4807622432708749e-003 0.270588 0.278431 0.301961
v 6.0820272192358988e-003 1.2478291988372801e-002 2.8192996978759770e-003 0.321569 0.321569 0.341176
v 6.5401843748986738e-003 1.6214773058891293e-002 1.7373859882354741e-003 0.290196 0.298039 0.286275
v 5.0143687985837468e-003 1.7436504364013668e-002 2.4773478507995610e-003 0.243137 0.243137 0.247059
v 1.1663333512842657e-002 2.3290142416954037e-002 7.2433948516845720e-003 0.274510 0.286275 0.321569
v 2.9600495472550401e-003 1.8988937139511105e-002 1.9584000110626225e-003 0.290196 0.294118 0.305882
v 1.1460695415735246e-002 2.0626351237297055e-002 3.6231130361557016e-003 0.286275 0.290196 0.313726
v 9.1952318325638788e-003 2.3963615298271176e-002 4.7793090343475350e-003 0.247059 0.262745 0.290196
v 1.3202186673879627e-002 2.3496985435485836e-002 1.3751760125160221e-002 0.262745 0.258824 0.282353
v 1.7831562086939815e-002 1.7785593867301937e-002 1.4895558357238773e-002 0.219608 0.219608 0.227451
v 1.7664561048150066e-002 1.5820175409317013e-002 6.9512575864791887e-003 0.392157 0.443137 0.474510
v 1.8726851791143421e-002 1.5755832195281979e-002 1.0041311383247377e-002 0.294118 0.301961 0.305882
v 1.7974818125367168e-002 1.6501739621162411e-002 1.2387484312057499e-002 0.223529 0.215686 0.227451
v 1.9829917699098591e-002 1.2465968728065489e-002 1.0119840502738954e-002 0.219608 0.223529 0.231373
v 1.6669942066073421e-002 1.9788488745689389e-002 1.5240311622619632e-002 0.352941 0.349020 0.352941
v 1.5810335054993633e-002 1.8827691674232479e-002 1.1703729629516603e-002 0.254902 0.270588 0.294118
v 2.0326128229498867e-002 1.3464346528053282e-002 1.3179868459701542e-002 0.254902 0.243137 0.231373
v 1.3872212730348114e-002 2.1920263767242428e-002 1.1473968625068666e-002 0.313726 0.317647 0.349020
v 1.4827749691903595e-002 1.9929185509681698e-002 9.4152539968490618e-003 0.215686 0.219608 0.231373
v 1.6209207475185398e-002 1.7688810825347897e-002 7.9351812601089495e-003 0.321569 0.309804 0.309804
v 1.5521325170993808e-002 1.5879780054092404e-002 4.2952448129653939e-003 0.337255 0.337255 0.360784
v 1.4449028298258785e-002 1.7243504524230954e-002 5.0477832555770883e-003 0.247059 0.258824 0.286275
v 1.6668817028403286e-002 1.2107536196708677e-002 1.6819387674331669e-003 0.364706 0.384314 0.415686
v 1.5131405554711822e-002 2.0604774355888363e-002 1.4271184802055362e-002 0.368627 0.380392 0.403922
v 2.8787909541279082e-003 3.5844951868057244e-002 1.1646091938018801e-002 0.239216 0.247059 0.262745
v 2.3784709628671412e-003 3.8237437605857842e-002 1.3626247644424442e-002 0.223529 0.223529 0.254902
v 1.3473838334903123e-003 3.2816126942634576e-002 5.7506412267684945e-003 0.458824 0.462745 0.513726
v 2.5537046603858475e-003 3.2560899853706353e-002 7.8130066394805926e-003 0.231373 0.239216 0.266667
v 3.4748089965432891e-003 3.1142830848693844e-002 6.0689151287078875e-003 0.227451 0.196078 0.168627
v 5.0747091881930837e-003 3.4030467271804803e-002 1.3594359159469608e-002 0.498039 0.513726 0.552941
v 3.7283017300069341e-003 3.6406487226486199e-002 1.3830035924911502e-002 0.329412 0.329412 0.341176
v 6.7946701310575026e-003 3.1877771019935601e-002 1.1851817369461063e-002 0.176471 0.168627 0.176471
v 1.2415812816470864e-003 3.1261995434761040e-002 3.3715069293975839e-003 0.298039 0.298039 0.321569
v 6.9840229116380232e-003 2.7906537055969235e-002 8.0365687608718889e-003 0.266667 0.274510 0.294118
v 1.6730598872527484e-003 3.3738762140274041e-002 9.2850327491760271e-003 0.227451 0.227451 0.262745
v 4.6741641126573094e-003 3.2972320914268487e-002 1.1422008275985720e-002 0.360784 0.372549 0.407843
v 7.6078032143414038e-003 3.2579585909843438e-002 1.3966113328933719e-002 0.184314 0.176471 0.188235
v 6.8471520207822340e-003 2.6848807930946347e-002 4.1283071041107186e-003 0.400000 0.419608 0.478431
v 3.3993825782090434e-003 2.6597499847412106e-002 2.6746243238449101e-003 0.196078 0.203922 0.215686
v 4.6072574332356462e-003 2.8962463140487667e-002 6.5798908472061175e-003 0.337255 0.364706 0.403922
v 8.9093660935759562e-003 2.8926119208335873e-002 1.1287063360214235e-002 0.419608 0.439216 0.490196
v 6.9798179902136343e-003 2.9370054602622982e-002 9.5176100730896013e-003 0.247059 0.243137 0.243137
v 1.0694192722439768e-002 2.6440277695655819e-002 1.0541781783103945e-002 0.298039 0.298039 0.313726
v 4.1817869059741506e-003 3.0838698148727414e-002 8.3599984645843523e-003 0.294118 0.305882 0.325490
v 8.4381988272070902e-003 2.5256261229515072e-002 6.0592889785766619e-003 0.239216 0.243137 0.247059
v 1.0287662036716940e-002 2.9163822531700131e-002 1.3801276683807377e-002 0.235294 0.231373 0.250980
v 1.2604300864040855e-002 -2.0574972033500668e-002 1.5985041856765751e-002 0.286275 0.305882 0.333333
v 9.2248646542429941e-003 -2.1202057600021359e-002 1.5996262431144718e-002 0.286275 0.286275 0.286275
v 8.3601018413901346e-003 -2.1563634276390072e-002 1.7471894621849064e-002 0.200000 0.184314 0.176471
v 7.8819133341312426e-003 -1.7841935157775875e-002 1.4090210199356083e-002 0.345098 0.333333 0.329412
v 1.0532844811677934e-002 -1.7317473888397213e-002 1.5067905187606815e-002 0.282353 0.274510 0.274510
v 1.2577752582728866e-002 -2.4529501795768734e-002 1.8487706780433658e-002 0.207843 0.203922 0.196078
v 1.1022984981536867e-002 -2.2655740380287167e-002 1.8056690692901615e-002 0.345098 0.341176 0.333333
v 1.1418405920267107e-002 -2.4091482162475582e-002 2.0120739936828617e-002 0.341176 0.341176 0.337255
v 8.2769095897674578e-003 -2.5649100542068478e-002 2.0193189382553104e-002 0.470588 0.474510 0.490196
v -1.7450752784498039e-004 -2.4553194642066952e-002 1.6776442527771000e-002 0.286275 0.294118 0.337255
v 1.6315680695697670e-003 -2.6173025369644162e-002 1.8862336874008182e-002 0.345098 0.356863 0.392157
v 7.4842059984803217e-003 -2.5017142295837399e-002 2.2970065474510196e-002 0.388235 0.411765 0.443137
v 1.9379339646548037e-003 -2.5503471493721005e-002 2.1758899092674259e-002 0.376471 0.368627 0.349020
v 1.0444402694702150e-002 -2.3904249072074887e-002 2.1233499050140384e-002 0.231373 0.219608 0.207843
v 1.1389434337615969e-002 -2.3476660251617428e-002 2.3380801081657413e-002 0.345098 0.341176 0.341176
v 2.0306720398366456e-003 -2.2917091846466061e-002 1.6762718558311466e-002 0.200000 0.203922 0.223529
v 1.0465883649885656e-002 -2.4387955665588375e-002 1.8881440162658695e-002 0.368627 0.368627 0.400000
v 4.4566118158400067e-003 -2.3832082748413082e-002 1.8854051828384403e-002 0.352941 0.372549 0.400000
v 6.7931227385997790e-003 -2.3293912410736081e-002 1.8881693482398990e-002 0.278431 0.301961 0.321569
v 2.7984173502773051e-003 -2.0317748188972470e-002 1.5596762299537662e-002 0.333333 0.290196 0.243137
v 4.6611530706286439e-003 -2.1654307842254635e-002 1.6090944409370426e-002 0.313726 0.309804 0.317647
v 5.5407867766916761e-003 -2.0122960209846493e-002 1.5775874257087711e-002 0.415686 0.415686 0.431373
v 8.1993518397212046e-003 -1.9358664751052853e-002 1.5465274453163150e-002 0.380392 0.349020 0.294118
v 3.5978369414806375e-003 -2.3465469479560849e-002 1.7034947872161869e-002 0.235294 0.250980 0.270588
v 1.2893463484942917e-002 -2.1747156977653500e-002 2.4917259812355048e-002 0.298039 0.301961 0.309804
v 4.2343377135694036e-003 -2.6319056749343869e-002 2.0379215478897098e-002 0.411765 0.423529 0.447059
v 7.2774331783875834e-004 -2.5187581777572628e-002 2.4339437484741218e-002 0.325490 0.317647 0.298039
v 4.6766116283833989e-003 -2.5622993707656857e-002 2.3996636271476753e-002 0.396078 0.400000 0.423529
v 9.2543326318264025e-003 -2.3328945040702816e-002 2.5117561221122749e-002 0.400000 0.407843 0.431373
v 9.4106588512659090e-003 -2.2156149148941037e-002 2.7739807963371284e-002 0.372549 0.376471 0.364706
v 5.9067029505968111e-003 -2.3605823516845700e-002 2.6513665914535529e-002 0.262745 0.262745 0.266667
v 1.4725657179951671e-002 -1.8026903271675106e-002 1.5748634934425357e-002 0.349020 0.360784 0.384314
v 1.8163325265049938e-002 -1.6771152615547177e-002 1.4597401022911075e-002 0.247059 0.227451 0.211765
v 1.3922916725277904e-002 -1.6041681170463559e-002 1.4768749475479129e-002 0.211765 0.196078 0.184314
v 1.9283205270767215e-002 -2.2103145718574520e-002 2.1455973386764530e-002 0.290196 0.298039 0.321569
v 1.6479497775435451e-002 -2.0263537764549252e-002 1.6361653804779056e-002 0.450980 0.462745 0.501961
v 1.8867772072553638e-002 -1.9882723689079281e-002 1.6988053917884830e-002 0.274510 0.270588 0.282353
v 2.6413723826408393e-002 -1.7185449600219723e-002 1.9701182842254642e-002 0.321569 0.333333 0.352941
v 1.4747645705938343e-002 -2.2830173373222348e-002 1.6895905137062076e-002 0.309804 0.313726 0.309804
v 1.8293367698788646e-002 -1.8378853797912594e-002 2.5629892945289619e-002 0.243137 0.239216 0.247059
v 2.1037662401795391e-002 -1.9787877798080441e-002 2.3227334022521976e-002 0.372549 0.384314 0.392157
v 2.5026729330420501e-002 -2.0114421844482418e-002 1.6650289297103885e-002 0.529412 0.552941 0.592157
v 1.6833588480949405e-002 -2.2110998630523678e-002 1.7559394240379337e-002 0.345098 0.337255 0.333333
v 1.5670649707317356e-002 -2.4032548069953915e-002 1.9033461809158329e-002 0.301961 0.313726 0.333333
v 1.8340548500418666e-002 -2.3490712046623227e-002 1.8356144428253177e-002 0.349020 0.356863 0.392157
v 1.5000070445239547e-002 -2.2991999983787533e-002 2.0680233836174015e-002 0.164706 0.160784 0.164706
v 2.4615015834569938e-002 -1.7245441675186154e-002 2.1979197859764103e-002 0.349020 0.372549 0.384314
v 1.9693378359079364e-002 -2.1981000900268551e-002 1.8608674407005314e-002 0.388235 0.364706 0.337255
v 2.2483915090560917e-002 -1.6905561089515683e-002 2.3652762174606330e-002 0.274510 0.278431 0.286275
v 2.2797623649239544e-002 -1.8851459026336666e-002 2.1392673254013065e-002 0.313726 0.321569 0.345098
v 2.7033742517232902e-002 -1.5113070607185362e-002 2.1432399749755863e-002 0.294118 0.298039 0.317647
v 2.5498870760202415e-002 -1.4865979552268980e-002 2.3398354649543766e-002 0.286275 0.301961 0.309804
v 1.8408983945846561e-002 -1.9944757223129269e-002 2.4208366870880134e-002 0.415686 0.431373 0.431373
v 1.6968050971627239e-002 -2.2966429591178891e-002 2.1320581436157230e-002 0.301961 0.298039 0.309804
v 2.2502958774566654e-002 -2.0499303936958310e-002 1.8012166023254398e-002 0.329412 0.333333 0.360784
v 2.0466199144721035e-002 -1.8153294920921322e-002 1.6686886548995975e-002 0.188235 0.192157 0.203922
v 2.3772187530994422e-002 -1.8681019544601437e-002 1.5531301498413089e-002 0.184314 0.180392 0.176471
v 2.2047441452741626e-002 -1.4664977788925169e-002 2.6809111237525947e-002 0.380392 0.415686 0.431373
v 1.7662728205323223e-002 -1.6232326626777645e-002 2.7532041072845466e-002 0.215686 0.219608 0.223529
v 2.0318673923611644e-002 -1.7320215702056881e-002 2.5052055716514594e-002 0.294118 0.301961 0.313726
v 1.4582583680748943e-002 -2.1528229117393490e-002 2.3294448852539066e-002 0.376471 0.380392 0.384314
v 2.8545157983899123e-002 -1.5871450304985043e-002 1.8416136503219608e-002 0.313726 0.313726 0.325490
v 3.4382447600364692e-002 -1.3768538832664488e-002 1.6548961400985721e-002 0.294118 0.301961 0.305882
v 3.3341534435749061e-002 -1.6390830278396603e-002 1.4621749520301822e-002 0.325490 0.333333 0.352941
v 3.2701939344406135e-002 -1.4847621321678160e-002 1.6778498888015751e-002 0.372549 0.384314 0.407843
v 2.7213487774133689e-002 -1.8918409943580624e-002 1.5238672494888309e-002 0.305882 0.301961 0.305882
v 3.0213775113224990e-002 -1.3070836663246153e-002 1.9834011793136600e-002 0.403922 0.423529 0.431373
v 2.9941383749246604e-002 -1.6824781894683834e-002 1.5525966882705692e-002 0.349020 0.345098 0.352941
v 2.4206310510635383e-002 -1.3879403471946715e-002 2.5600224733352668e-002 0.294118 0.290196 0.290196
v 3.8375429809093482e-002 -9.0056657791137684e-004 2.6736050844192512e-002 0.360784 0.372549 0.415686
v 3.8612797856330879e-002 -4.3204277753829947e-003 2.4771660566329963e-002 0.266667 0.270588 0.301961
v 3.7957306951284416e-002 -7.0948749780654899e-003 2.2802039980888370e-002 0.435294 0.458824 0.552941
v 3.6643300205469138e-002 -3.7504881620407100e-003 2.2770181298255924e-002 0.282353 0.290196 0.301961
v 3.5348512232303626e-002 -8.0735236406326277e-003 2.3904517292976386e-002 0.337255 0.337255 0.352941
v 3.7224847823381431e-002 -9.5197558403015119e-003 1.6818299889564518e-002 0.490196 0.494118 0.529412
v 3.6640875041484840e-002 -1.1661127209663389e-002 1.3525143265724186e-002 0.376471 0.376471 0.396078
v 3.7183620035648353e-002 -5.8899819850921622e-003 2.0268574357032779e-002 0.290196 0.301961 0.321569
v 3.7544649094343192e-002 -9.3594342470169050e-003 1.8827721476554874e-002 0.349020 0.341176 0.372549
v 3.6341492086648948e-002 -4.1833519935607905e-004 2.3599594831466682e-002 0.278431 0.270588 0.278431
v 3.6372750997543342e-002 -2.0360350608825679e-003 2.3913115262985236e-002 0.400000 0.407843 0.439216
v 3.6377910524606712e-002 -9.8623186349868757e-003 2.1035298705101017e-002 0.247059 0.243137 0.247059
v 3.4537624567747123e-002 -1.4692991971969602e-003 1.9552156329154972e-002 0.266667 0.270588 0.290196
v 3.3884972333908088e-002 -3.6082416772842403e-003 1.5411213040351871e-002 0.305882 0.298039 0.305882
v 3.3496405929327018e-002 -1.9516348838806150e-003 1.7699122428894046e-002 0.345098 0.352941 0.380392
v 3.0845107510685928e-002 -1.4278873801231383e-002 1.7528250813484195e-002 0.368627 0.368627 0.364706
v 3.5872086882591254e-002 -4.0681064128875724e-003 1.8026053905487064e-002 0.337255 0.337255 0.352941
v 3.1872879713773734e-002 -1.8404275178909300e-003 1.4941588044166568e-002 0.286275 0.254902 0.239216
v 3.5443365573883064e-002 -1.2034326791763304e-002 1.8542602658271793e-002 0.380392 0.392157 0.415686
v 3.2491590827703483e-002 9.0709328651428212e-004 1.7557963728904728e-002 0.227451 0.227451 0.243137
v 3.7431105971336372e-002 -6.9472640752792350e-003 2.5116637349128730e-002 0.305882 0.305882 0.313726
v 2.9271064326167114e-002 -1.3507664203643797e-002 2.2640869021415714e-002 0.376471 0.392157 0.407843
v 3.6408901214599616e-002 -1.3425305485725401e-002 1.6302496194839481e-002 0.435294 0.450980 0.470588
v 3.3123869448900230e-002 -1.0179087519645689e-002 2.1888360381126407e-002 0.349020 0.376471 0.396078
v 2.7932479977607734e-002 -1.2752547860145567e-002 2.6375770568847663e-002 0.337255 0.352941 0.364706
v 3.0374294146895416e-002 -1.1911362409591673e-002 2.2289350628852848e-002 0.305882 0.313726 0.329412
v 3.3136349171400077e-002 -1.1653080582618712e-002 2.0422980189323429e-002 0.384314 0.388235 0.384314
v 3.1973984092473991e-002 -1.0690346360206602e-002 2.4326935410499580e-002 0.286275 0.290196 0.298039
v 3.4582711756229408e-002 -8.8427513837814314e-003 2.4582535028457649e-002 0.423529 0.427451 0.423529
v 3.2389093190431602e-002 -9.4896852970123274e-003 2.7991801500320442e-002 0.368627 0.384314 0.396078
v 3.0093558132648475e-002 -1.1731237173080443e-002 2.7554780244827277e-002 0.411765 0.431373 0.474510
v 2.7148639783263213e-002 1.1058747768402098e-002 1.9950404763221744e-002 0.305882 0.317647 0.352941
v 2.6891425251960761e-002 9.1761499643325788e-003 1.7564460635185245e-002 0.239216 0.243137 0.258824
v 2.5407020002603538e-002 9.4479173421859724e-003 1.5645980834960941e-002 0.376471 0.403922 0.435294
v 2.4636862799525268e-002 1.1427104473114012e-002 1.7540916800498966e-002 0.305882 0.313726 0.337255
v 3.7969879806041724e-002 9.4050168991088856e-004 2.8980702161788947e-002 0.368627 0.380392 0.400000
v 3.5906422883272178e-002 5.9193372726440419e-004 2.4893537163734443e-002 0.176471 0.168627 0.160784
v 3.0790317803621299e-002 1.1293023824691771e-002 2.4902358651161201e-002 0.407843 0.419608 0.458824
v 3.7278957664966590e-002 2.5478601455688472e-003 2.8932467103004463e-002 0.466667 0.466667 0.482353
v 3.6188330501317985e-002 1.9294172525405882e-003 2.5598749518394477e-002 0.403922 0.415686 0.443137
v 3.4527115523815162e-002 5.1321983337402335e-003 2.5936737656593330e-002 0.498039 0.505882 0.525490
v 2.7752980589866645e-002 1.2668371200561522e-002 2.1633729338645939e-002 0.439216 0.462745 0.509804
v 3.4113157540559776e-002 6.1797946691513053e-003 2.7363389730453498e-002 0.321569 0.325490 0.349020
v 3.4629926085472114e-002 1.8085539340972900e-004 2.2087410092353824e-002 0.298039 0.298039 0.313726
v 3.2996982336044318e-002 6.0149580240249625e-003 2.2202715277671817e-002 0.321569 0.317647 0.333333
v 3.3639900386333473e-002 3.5616308450698848e-003 2.3277312517166141e-002 0.294118 0.294118 0.305882
v 3.1388480216264732e-002 5.7079195976257316e-003 1.8963217735290531e-002 0.450980 0.454902 0.486275
v 3.0155899003148086e-002 8.5977762937545759e-003 1.9881308078765873e-002 0.329412 0.349020 0.384314
v 3.1422328203916557e-002 7.3015838861465445e-003 2.0749405026435856e-002 0.247059 0.247059 0.262745
v 3.0128881335258491e-002 1.4348030090332029e-003 1.4151886105537418e-002 0.200000 0.203922 0.211765
v 3.2554876059293754e-002 3.6268532276153560e-003 2.0471751689910892e-002 0.568627 0.611765 0.662745
v 2.9345089569687850e-002 5.8983266353607169e-003 1.6432642936706546e-002 0.305882 0.309804 0.329412
v 3.0986834317445762e-002 2.4518370628356929e-003 1.6975969076156620e-002 0.380392 0.392157 0.419608
v 2.8903475031256683e-002 7.3889046907424918e-003 1.7892122268676761e-002 0.333333 0.337255 0.349020
v 2.9275465756654746e-002 3.7792921066284175e-003 1.5531927347183231e-002 0.172549 0.180392 0.196078
v 3.0218292027711875e-002 1.0101884603500364e-002 2.2966668009757999e-002 0.278431 0.274510 0.290196
v 3.1029826030135162e-002 1.3483300805091856e-002 2.7813687920570380e-002 0.356863 0.360784 0.380392
v 3.3067684620618827e-002 8.2498341798782331e-003 2.5573030114173896e-002 0.400000 0.415686 0.439216
v 1.2814551591873172e-002 2.6240736246109005e-002 1.5598565340042118e-002 0.341176 0.352941 0.384314
v 2.5444177910685546e-002 1.6034096479415890e-002 2.3597598075866706e-002 0.313726 0.294118 0.294118
v 2.4592651054263122e-002 1.3703376054763792e-002 2.1309539675712589e-002 0.368627 0.372549 0.396078
v 2.0561771467328075e-002 1.5706479549407956e-002 1.5138655900955204e-002 0.250980 0.258824 0.278431
v 2.2302508354187015e-002 1.4200180768966673e-002 1.6865238547325138e-002 0.509804 0.517647 0.545098
v 2.3248927667737011e-002 1.2081265449523924e-002 1.5060171484947208e-002 0.411765 0.411765 0.423529
v 1.8430894240736965e-002 1.9615411758422848e-002 1.8078699707984928e-002 0.274510 0.290196 0.317647
v 1.8985867500305179e-002 2.0150810480117794e-002 2.0182222127914432e-002 0.352941 0.356863 0.384314
v 2.0130345597863201e-002 1.7565146088600155e-002 1.7783865332603458e-002 0.243137 0.258824 0.274510
v 1.6581293195486072e-002 2.0583108067512509e-002 1.7355337738990787e-002 0.313726 0.317647 0.321569
v 2.3536494001746185e-002 1.6578927636146542e-002 2.3118540644645694e-002 0.262745 0.254902 0.266667
v 2.3369098082184795e-002 2.1113514900207516e-002 2.8733283281326301e-002 0.227451 0.235294 0.247059
v 2.3014659062027935e-002 1.9835889339447018e-002 2.6319518685340888e-002 0.305882 0.301961 0.321569
v 1.9858662039041523e-002 2.3350790143012997e-002 2.6019185781478889e-002 0.360784 0.364706 0.341176
v 1.5853080898523334e-002 2.5837019085884091e-002 2.1834075450897220e-002 0.258824 0.266667 0.282353
v 2.3164561018347744e-002 1.5181198716163634e-002 2.0412832498550419e-002 0.333333 0.360784 0.403922
v 1.7678884789347652e-002 2.3884296417236325e-002 2.3432388901710514e-002 0.317647 0.321569 0.329412
v 2.0905544981360439e-002 1.9162833690643307e-002 2.2612974047660831e-002 0.356863 0.360784 0.380392
v 2.1651493385434154e-002 2.2647127509117123e-002 2.7137100696563728e-002 0.247059 0.254902 0.254902
v 2.1194143220782283e-002 1.6650691628456112e-002 1.9270449876785282e-002 0.462745 0.466667 0.450980
v 2.2529227659106258e-002 1.2544259428977965e-002 1.3060122728347782e-002 0.239216 0.239216 0.258824
v 1.5298747457563881e-002 2.4208575487136837e-002 1.7412230372428898e-002 0.329412 0.352941 0.388235
v 1.8254471942782406e-002 2.1943747997283932e-002 2.0851328969001773e-002 0.266667 0.270588 0.262745
v 1.4787252061069015e-002 2.3084759712219235e-002 1.5128910541534427e-002 0.313726 0.317647 0.341176
v 2.7110632508993156e-002 1.3776361942291258e-002 2.3883745074272163e-002 0.376471 0.388235 0.431373
v 2.7279770001769073e-002 1.6241803765296933e-002 2.7534633874893195e-002 0.309804 0.317647 0.352941
v 2.7752825990319259e-002 1.4517188072204588e-002 2.4885237216949470e-002 0.337255 0.341176 0.376471
v 1.1180975474417211e-002 2.7938723564147946e-002 1.4572471380233768e-002 0.462745 0.470588 0.498039
v 1.0556830093264582e-002 3.8212999701499932e-002 2.6403486728668220e-002 0.305882 0.309804 0.333333
v 1.3176054693758491e-002 3.2898575067520135e-002 2.4267897009849555e-002 0.313726 0.325490 0.333333
v 7.3283426463603991e-003 3.8406804203987115e-002 1.9466564059257511e-002 0.278431 0.294118 0.325490
v 8.4833316504955309e-003 3.6471664905548089e-002 1.9264072179794315e-002 0.282353 0.286275 0.298039
v 9.0771075338125246e-003 3.0859664082527157e-002 1.5681669116020206e-002 0.388235 0.384314 0.392157
v 1.0336729697883131e-002 3.0537202954292294e-002 1.6524001955986026e-002 0.466667 0.447059 0.450980
v 8.1344507634639757e-003 3.4124314785003655e-002 1.5452027320861820e-002 0.376471 0.396078 0.431373
v 1.1163625866174700e-002 3.0641004443168637e-002 1.9131779670715336e-002 0.352941 0.364706 0.392157
v 6.5072155557572859e-003 3.5941004753112786e-002 1.5833184123039249e-002 0.258824 0.262745 0.286275
v 9.3220677226781862e-003 3.3701315522193902e-002 1.8930628895759586e-002 0.227451 0.211765 0.215686
v 4.3676225468516358e-003 3.7099406123161309e-002 1.5510633587837223e-002 0.364706 0.349020 0.333333
v 1.0259062051773073e-002 3.5391509532928460e-002 2.4378925561904914e-002 0.203922 0.211765 0.235294
v 1.2542774900794033e-002 3.3775866031646722e-002 2.5920659303665168e-002 0.207843 0.203922 0.196078
v 1.1200270615518095e-002 3.4564793109893792e-002 2.1807387471199039e-002 0.321569 0.329412 0.337255
v 1.1460579931735994e-002 3.1939566135406487e-002 2.1046474575996402e-002 0.454902 0.454902 0.478431
v 9.5443120226264017e-003 3.8336217403411858e-002 2.3065119981765751e-002 0.337255 0.345098 0.380392
v 1.3293040916323665e-002 3.0235245823860165e-002 2.1813750267028812e-002 0.423529 0.431373 0.462745
v 1.2881486676633361e-002 2.8678268194198605e-002 1.7685905098915104e-002 0.247059 0.250980 0.270588
v 1.5105431899428371e-002 3.0644431710243222e-002 2.7893617749214179e-002 0.294118 0.294118 0.298039
v 1.5066660940647129e-002 2.8417512774467465e-002 2.2697642445564273e-002 0.325490 0.329412 0.341176
v 1.6576807945966724e-002 2.6354894042015072e-002 2.5058224797248847e-002 0.282353 0.278431 0.262745
v 1.5485097654163841e-002 2.4669885635375973e-002 1.9326820969581607e-002 0.270588 0.270588 0.278431
v 1.5443059615790847e-002 2.8757214546203610e-002 2.5574028491973884e-002 0.243137 0.243137 0.247059
v 2.3326554801315074e-003 4.8022106289863579e-002 2.3304536938667301e-002 0.341176 0.352941 0.380392
v 5.3897383622825154e-003 3.9594739675521844e-002 1.9983321428298954e-002 0.235294 0.223529 0.235294
v 2.3757976014167075e-003 4.0555372834205621e-002 1.4979094266891483e-002 0.145098 0.145098 0.137255
v 6.0222931206226366e-003 4.3618649244308465e-002 2.6874199509620673e-002 0.278431 0.282353 0.309804
v 5.3175152279436597e-003 4.4387549161911004e-002 2.4493306875228889e-002 0.294118 0.309804 0.352941
v 8.4758764132857340e-003 4.1447654366493218e-002 2.5871604681015022e-002 0.341176 0.364706 0.407843
v 4.5032133348286161e-003 4.2795300483703606e-002 2.1096006035804752e-002 0.384314 0.396078 0.427451
v 7.5574982911348360e-003 3.9437383413314812e-002 2.1972954273223880e-002 0.431373 0.439216 0.470588
v 4.4358838349580773e-003 3.9517387747764580e-002 1.6721367835998539e-002 0.329412 0.372549 0.403922
v 7.2519956156611460e-003 4.1633740067481988e-002 2.4002447724342353e-002 0.321569 0.317647 0.341176
v 4.5673893764615068e-003 4.3528378009796136e-002 2.3234531283378605e-002 0.282353 0.290196 0.317647
v 3.9533930830657491e-003 4.4773146510124200e-002 2.2533088922500614e-002 0.372549 0.384314 0.431373
v 3.0652303248643884e-003 4.8562437295913689e-002 2.6056230068206794e-002 0.321569 0.329412 0.360784
v 3.6583892069756993e-003 4.2320519685745232e-002 2.0001769065856937e-002 0.290196 0.298039 0.321569
v 1.3310400769114498e-002 -1.9364595413208004e-002 2.9885992407798774e-002 0.435294 0.466667 0.490196
v 1.2134773656725887e-002 -1.7891049385070797e-002 3.4061476588249213e-002 0.305882 0.313726 0.325490
v 1.0556928813457491e-002 -2.2435635328292843e-002 2.6969879865646369e-002 0.301961 0.309804 0.333333
v 1.0588572360575201e-002 -2.0592600107192990e-002 3.0590906739234931e-002 0.301961 0.301961 0.305882
v 1.3804310932755474e-002 -2.0826756954193112e-002 2.8262943029403693e-002 0.305882 0.309804 0.325490
v 7.0472597144544142e-003 -1.6549214720726010e-002 3.8198575377464301e-002 0.329412 0.329412 0.329412
v 9.9000493064522761e-003 -1.7823934555053707e-002 3.5021185874938972e-002 0.247059 0.243137 0.243137
v 6.3057933002710360e-003 -1.7945349216461178e-002 3.5738140344619758e-002 0.305882 0.317647 0.317647
v 9.3245012685656565e-003 -1.9267424941062924e-002 3.3100038766860969e-002 0.411765 0.427451 0.458824
v 6.2948036938905733e-003 -1.5301212668418883e-002 4.0542915463447578e-002 0.164706 0.152941 0.149020
v 1.2214033631607892e-003 -1.7302885651588436e-002 3.6094874143600471e-002 0.329412 0.337255 0.360784
v 6.7444266751408594e-003 -2.2632867097854611e-002 2.8952643275260932e-002 0.294118 0.301961 0.325490
v 8.0056581646204012e-003 -2.1393820643424984e-002 3.0807852745056159e-002 0.447059 0.462745 0.498039
v 1.1219822801649572e-002 -1.6419023275375363e-002 3.7827894091606147e-002 0.364706 0.364706 0.368627
v 1.3001915998756889e-002 -1.4474451541900633e-002 3.9136081933975227e-002 0.290196 0.290196 0.290196
v 4.0984717197716245e-003 -2.3284792900085446e-002 2.8840824961662299e-002 0.333333 0.345098 0.368627
v 1.2490876251831653e-003 -2.1259590983390805e-002 3.0609190464019782e-002 0.313726 0.313726 0.313726
v 1.9353402312844996e-003 -1.5650629997253414e-002 3.8606017827987678e-002 0.356863 0.372549 0.396078
v 4.6574585139751443e-003 -1.6598999500274655e-002 3.7005379796028144e-002 0.341176 0.352941 0.356863
v 3.1859599985182294e-003 -2.0996451377868649e-002 3.3527359366416938e-002 0.313726 0.313726 0.313726
v 6.3736769370734709e-003 -2.0384952425956723e-002 3.3048853278160102e-002 0.396078 0.407843 0.439216
v 1.7213223502039913e-002 -1.4740273356437681e-002 3.7616536021232612e-002 0.360784 0.364706 0.400000
v 1.7649875953793529e-002 -1.5395537018775938e-002 3.5242468118667609e-002 0.274510 0.278431 0.290196
v 1.6321966424584392e-002 -1.5673369169235226e-002 3.3738642930984504e-002 0.407843 0.415686 0.450980
v 1.5501181595027450e-002 -1.7513006925582882e-002 3.1651481986045844e-002 0.301961 0.305882 0.333333
v 1.8206365406513218e-002 -1.4270260930061339e-002 3.2552048563957221e-002 0.298039 0.298039 0.294118
v 1.5488727018237117e-002 -1.5904575586318966e-002 3.5941600799560554e-002 0.392157 0.415686 0.454902
v 1.4036063104867939e-002 -1.6350641846656796e-002 3.7337705492973335e-002 0.309804 0.321569 0.337255
v 1.8206024542450908e-002 -1.8853232264518734e-002 2.7486145496368415e-002 0.192157 0.188235 0.200000
v 1.7187550663948063e-002 -1.7185389995574948e-002 2.9720351099967963e-002 0.384314 0.419608 0.431373
v 1.1108069680631162e-002 -1.4233767986297606e-002 3.9861291646957404e-002 0.396078 0.396078 0.388235
v 4.0940595790743836e-003 -1.4328628778457640e-002 4.0375158190727241e-002 0.203922 0.203922 0.196078
v 1.5551270917057995e-003 -1.4088794589042662e-002 4.0560320019721992e-002 0.384314 0.384314 0.376471
v 2.3426448926329616e-002 -1.1576265096664427e-002 3.6226451396942146e-002 0.309804 0.309804 0.321569
v 2.0561171695590023e-002 -1.1767283082008360e-002 3.7930682301521308e-002 0.333333 0.337255 0.329412
v 2.5673048570752151e-002 -1.2762069702148436e-002 3.0378922820091254e-002 0.337255 0.341176 0.360784
v 2.6634825393557555e-002 -1.1502146720886229e-002 3.1101018190383918e-002 0.219608 0.223529 0.231373
v 2.3476852104067809e-002 -1.0008081793785093e-002 4.0504604578018195e-002 0.654902 0.647059 0.576471
v 2.3015914484858516e-002 -1.0148122906684874e-002 3.9590790867805488e-002 0.286275 0.286275 0.305882
v 2.5387089699506767e-002 -1.1658653616905211e-002 3.5715013742446906e-002 0.360784 0.368627 0.392157
v 2.7210040017962463e-002 -9.6005350351333601e-003 3.6078304052352912e-002 0.282353 0.286275 0.298039
v 2.2883342579007152e-002 -1.2695148587226866e-002 3.3004701137542732e-002 0.400000 0.403922 0.415686
v 1.6941929236054424e-002 -1.2889832258224486e-002 4.0255889296531684e-002 0.333333 0.341176 0.356863
v 1.9474860280752185e-002 -1.3690620660781859e-002 3.6756411194801338e-002 0.290196 0.294118 0.321569
v 2.6293119415640838e-002 -9.1065615415573103e-003 3.8214847445487983e-002 0.427451 0.447059 0.474510
v 1.7823008820414547e-002 -1.1411771178245543e-002 4.1305512189865119e-002 0.356863 0.368627 0.380392
v 1.9212793558835987e-002 -1.4244928956031798e-002 3.0429631471633918e-002 0.431373 0.458824 0.470588
v 2.2500464692711834e-002 -1.3432398438453673e-002 2.8703108429908759e-002 0.356863 0.356863 0.380392
v 3.9293311536312110e-002 -1.0194331407546995e-003 3.0310809612274177e-002 0.407843 0.427451 0.462745
v 3.8659814745187766e-002 -4.0865987539291373e-003 2.7605548501014716e-002 0.282353 0.278431 0.294118
v 3.6774825304746635e-002 -5.9365332126617423e-003 2.8046011924743659e-002 0.219608 0.215686 0.215686
v 3.7325963377952583e-002 -3.6003589630126949e-003 3.1613439321517951e-002 0.321569 0.317647 0.317647
v 3.4347750246524818e-002 -8.1596374511718733e-003 2.8884977102279670e-002 0.396078 0.415686 0.439216
v 3.6371439695358283e-002 -3.6148875951766963e-003 3.3294141292572028e-002 0.349020 0.360784 0.392157
v 3.6217886954545982e-002 -2.0399391651153560e-003 3.6749169230461128e-002 0.305882 0.305882 0.317647
v 2.8770122677087791e-002 -7.3944628238677970e-003 4.0291696786880500e-002 0.450980 0.450980 0.411765
v 3.1035577878355987e-002 -6.3981860876083365e-003 3.6428168416023261e-002 0.380392 0.384314 0.392157
v 3.0723962932825095e-002 -5.4231286048889151e-003 3.9603576064109809e-002 0.345098 0.345098 0.356863
v 2.8290966525673873e-002 -7.8457146883010847e-003 3.8457661867141731e-002 0.231373 0.223529 0.219608
v 2.9610043391585357e-002 -1.0083869099617003e-002 3.1086742877960212e-002 0.325490 0.298039 0.270588
v 3.2781623303890235e-002 -3.0256807804107662e-003 4.1536778211593635e-002 0.329412 0.329412 0.341176
v 3.5306628793478019e-002 -4.3033063411712641e-004 3.9914280176162727e-002 0.278431 0.282353 0.290196
v 2.6795277372002609e-002 -9.9353343248367292e-003 3.8488596677780158e-002 0.709804 0.698039 0.623529
v 2.9687006026506431e-002 -8.7074041366577131e-003 3.5912126302719123e-002 0.325490 0.329412 0.337255
v 2.7619043365120895e-002 -9.9717825651168806e-003 3.2642424106597907e-002 0.243137 0.243137 0.239216
v 3.3395048230886466e-002 -6.1150640249252311e-003 3.2825931906700141e-002 0.270588 0.278431 0.286275
v 3.5507529973983772e-002 -5.5117309093475333e-003 3.0697077512741096e-002 0.247059 0.247059 0.250980
v 3.2910235226154334e-002 -3.2281875610351558e-003 3.7588328123092658e-002 0.341176 0.349020 0.352941
v 3.4846693277359016e-002 -4.0482580661773673e-003 3.4868329763412483e-002 0.376471 0.407843 0.431373
v 3.8807082921266563e-002 -7.3581933975219699e-005 3.0729174613952644e-002 0.282353 0.294118 0.321569
v 3.6312703043222434e-002 4.5952200889587394e-003 3.0771300196647651e-002 0.262745 0.270588 0.294118
v 3.7877108901739127e-002 2.5774687528610225e-003 3.3727511763572700e-002 0.282353 0.282353 0.294118
v 3.7088312208652503e-002 7.6279342174530021e-003 3.9962276816368110e-002 0.450980 0.466667 0.450980
v 3.6071397364139564e-002 1.0457068681716917e-002 4.0152058005332954e-002 0.270588 0.266667 0.278431
v 3.4589219838380821e-002 8.9605897665023786e-003 3.2650798559188850e-002 0.282353 0.290196 0.317647
v 3.6659259349107749e-002 5.6621730327606192e-003 3.3717051148414619e-002 0.270588 0.270588 0.294118
v 3.4791242331266410e-002 1.1134847998619078e-002 3.9326116442680366e-002 0.258824 0.262745 0.262745
v 3.4773953258991248e-002 1.1838391423225401e-002 4.2306855320930488e-002 0.235294 0.235294 0.243137
v 3.3379290252923972e-002 1.2817665934562681e-002 3.8366809487342841e-002 0.270588 0.235294 0.196078
v 3.5588826984167106e-002 8.9105069637298567e-003 3.8432240486145026e-002 0.294118 0.298039 0.301961
v 3.9186779409646995e-002 9.4576179981231679e-004 3.4843191504478462e-002 0.309804 0.321569 0.325490
v 3.8406711071729667e-002 -7.4826180934905995e-004 3.3872440457344062e-002 0.305882 0.317647 0.333333
v 3.8873754441738136e-002 3.0257850885391231e-003 4.2836330831050880e-002 0.258824 0.270588 0.282353
v 3.7286095321178443e-002 5.5660158395767203e-003 4.0104210376739509e-002 0.337255 0.329412 0.317647
v 3.7906598299741752e-002 2.9539614915847774e-003 3.8456201553344734e-002 0.250980 0.250980 0.262745
v 3.7917871028184898e-002 1.4911144971847532e-003 4.0862470865249641e-002 0.321569 0.321569 0.337255
v 3.3729784190654762e-002 1.2224763631820677e-002 3.5679027438163764e-002 0.325490 0.309804 0.290196
v 3.5418678075075156e-002 7.4064582586288443e-003 3.4613683819770820e-002 0.305882 0.321569 0.360784
v 3.8514412939548499e-002 2.3976415395736690e-003 3.6709830164909370e-002 0.262745 0.262745 0.274510
v 3.2951153814792640e-002 1.1696234345436094e-002 3.2474085688591010e-002 0.360784 0.376471 0.400000
v 3.4359384328126914e-002 1.0472327470779417e-002 3.4256502985954292e-002 0.298039 0.301961 0.325490
v 3.4538846462965019e-002 7.8595578670501692e-003 2.9646649956703193e-002 0.278431 0.286275 0.317647
v 3.3054418861866004e-002 1.0934159159660338e-002 2.9135301709175117e-002 0.458824 0.470588 0.498039
v 2.6875289157032974e-002 2.5042265653610226e-002 3.8427174091339118e-002 0.462745 0.470588 0.498039
v 2.6305608451366431e-002 2.0368292927742001e-002 3.0879318714141853e-002 0.352941 0.349020 0.384314
v 2.6341928169131286e-002 2.3506835103034970e-002 3.3884793519973762e-002 0.282353 0.282353 0.309804
v 2.4800987914204604e-002 2.2774159908294674e-002 3.1188830733299262e-002 0.227451 0.227451 0.243137
v 2.4024097248911865e-002 2.4675697088241574e-002 3.3043012022972114e-002 0.227451 0.231373 0.243137
v 2.0204178988933567e-002 2.6591956615447995e-002 3.0664458870887763e-002 0.439216 0.474510 0.521569
v 2.5039980188012130e-002 1.8180653452873227e-002 2.7822449803352363e-002 0.247059 0.250980 0.278431
v 2.7082243934273727e-002 1.8524751067161557e-002 2.9191091656684882e-002 0.384314 0.403922 0.427451
v 2.1215617656707767e-002 2.4937406182289120e-002 2.9243245720863349e-002 0.286275 0.290196 0.274510
v 2.7718978002667434e-002 2.2190809249877926e-002 3.3178344368934638e-002 0.545098 0.556863 0.596078
v 3.3109456300735481e-002 1.4424487948417662e-002 4.0383413434028632e-002 0.270588 0.274510 0.286275
v 3.0585687607526786e-002 2.0593509078025814e-002 3.9088651537895210e-002 0.168627 0.172549 0.184314
v 2.8626408427953727e-002 1.9146591424942013e-002 3.2255902886390693e-002 0.313726 0.317647 0.341176
v 2.9624721035361297e-002 1.6650304198265072e-002 3.1094327569007880e-002 0.278431 0.282353 0.301961
v 3.0290411785244949e-002 1.9160091876983639e-002 3.7350594997406013e-002 0.352941 0.352941 0.372549
v 3.0769748613238342e-002 1.6649484634399411e-002 3.6217346787452705e-002 0.298039 0.305882 0.341176
v 3.2399505376815803e-002 1.4053151011466978e-002 3.7014096975326545e-002 0.258824 0.262745 0.282353
v 3.0971743166446693e-002 1.4590069651603697e-002 3.0627846717834480e-002 0.278431 0.282353 0.309804
v 3.1707011163234718e-002 1.3693526387214659e-002 3.3967897295951850e-002 0.290196 0.309804 0.329412
v 2.9147271066904075e-002 2.1454498171806332e-002 3.5737842321395881e-002 0.309804 0.321569 0.341176
v 3.0476436018943794e-002 1.7122611403465268e-002 3.2869040966033942e-002 0.254902 0.250980 0.266667
v 2.9276520013809211e-002 2.3058012127876278e-002 4.1338741779327400e-002 0.254902 0.250980 0.239216
v 2.8400629758834846e-002 2.3414105176925656e-002 3.9035409688949592e-002 0.321569 0.333333 0.356863
v 1.1285000480711462e-002 3.9005056023597710e-002 3.5661727190017707e-002 0.403922 0.411765 0.447059
v 1.1321669444441797e-002 3.6477372050285332e-002 3.2098844647407539e-002 0.215686 0.211765 0.219608
v 1.3774375431239608e-002 3.8135915994644158e-002 3.9900794625282295e-002 0.545098 0.556863 0.600000
v 1.3355352915823463e-002 3.6165356636047356e-002 3.6673471331596381e-002 0.188235 0.188235 0.200000
v 1.3386652804911140e-002 3.5015568137168877e-002 3.2927036285400398e-002 0.270588 0.278431 0.298039
v 1.3232208788394931e-002 3.4291341900825494e-002 2.8985098004341132e-002 0.380392 0.384314 0.407843
v 1.4259859919548038e-002 3.3471360802650445e-002 3.1074166297912605e-002 0.313726 0.317647 0.337255
v 1.1054421775043012e-002 3.7591949105262749e-002 2.8847873210906989e-002 0.270588 0.282353 0.305882
v 1.1325561441481115e-002 3.4947708249092095e-002 2.6933714747428901e-002 0.196078 0.207843 0.231373
v 2.2660478949546817e-002 2.6358410716056820e-002 3.3747449517250068e-002 0.478431 0.486275 0.521569
v 2.3541526868939407e-002 2.8391152620315548e-002 3.9030551910400398e-002 0.231373 0.239216 0.258824
v 1.9863193854689602e-002 2.7194142341613766e-002 3.3486828207969672e-002 0.447059 0.462745 0.482353
v 1.8753152340650562e-002 3.4411802887916558e-002 4.0543392300605781e-002 0.352941 0.349020 0.341176
v 2.3048315197229389e-002 2.8674006462097164e-002 3.6990940570831306e-002 0.290196 0.294118 0.317647
v 1.6747239977121357e-002 3.1983673572540276e-002 3.3981397747993476e-002 0.447059 0.458824 0.498039
v 1.7206734046339992e-002 2.8102949261665341e-002 3.0230537056922920e-002 0.294118 0.286275 0.298039
v 1.8897382542490963e-002 3.2826557755470269e-002 3.9590984582901008e-002 0.301961 0.305882 0.298039
v 1.7004191875457767e-002 3.3494338393211358e-002 3.6457538604736335e-002 0.211765 0.215686 0.231373
v 1.9489081576466564e-002 3.0028462409973141e-002 3.4360945224761970e-002 0.356863 0.360784 0.396078
v 1.8134810030460361e-002 3.2180994749069207e-002 3.7221461534500129e-002 0.203922 0.203922 0.203922
v 2.1031357347965244e-002 3.0749812722206112e-002 3.8886472582817085e-002 0.325490 0.329412 0.356863
v 2.2507235407829288e-002 3.0316412448883053e-002 4.0377438068389900e-002 0.247059 0.243137 0.262745
v 2.0932586863636974e-002 2.9291793704032894e-002 3.6522760987281806e-002 0.388235 0.415686 0.462745
v 1.7317749559879306e-002 3.0420497059822079e-002 3.0533626675605781e-002 0.392157 0.415686 0.450980
v 2.3658363148570068e-002 2.6398047804832455e-002 3.5820528864860542e-002 0.462745 0.482353 0.498039
v 1.4302534051239494e-002 3.6704093217849725e-002 3.9164468646049506e-002 0.215686 0.211765 0.235294
v 1.9783535972237590e-002 2.8269633650779721e-002 3.2993987202644355e-002 0.345098 0.356863 0.384314
v 1.4784038998186592e-002 3.5790279507637017e-002 3.7354618310928352e-002 0.250980 0.254902 0.262745
v 1.8099566921591762e-002 2.7266383171081539e-002 2.8167396783828742e-002 0.227451 0.227451 0.223529
v 1.5946608036756519e-002 2.9202073812484738e-002 2.8716549277305610e-002 0.388235 0.372549 0.372549
v 3.6643359344452628e-003 4.8450842499732964e-002 2.9728502035140998e-002 0.290196 0.313726 0.333333
v 6.5787211060524004e-003 4.5021191239356988e-002 3.1693801283836372e-002 0.282353 0.294118 0.329412
v 7.4632177129387873e-003 4.3515503406524651e-002 2.8875052928924567e-002 0.356863 0.384314 0.439216
v 9.5971897244453448e-003 4.1250944137573235e-002 2.9128983616828925e-002 0.450980 0.478431 0.529412
v 5.2509489469230184e-003 4.6257063746452325e-002 3.0021578073501594e-002 0.317647 0.333333 0.368627
v 1.1640740558505060e-002 4.0360569953918450e-002 3.7877067923545844e-002 0.443137 0.466667 0.513726
v 9.7183855250477808e-003 4.1114360094070428e-002 3.5410985350608833e-002 0.313726 0.321569 0.352941
v 8.6520202457904833e-003 4.0986716747283929e-002 3.2537773251533515e-002 0.219608 0.215686 0.231373
v 6.5404395572841185e-003 4.6152636408805840e-002 3.5776317119598396e-002 0.282353 0.294118 0.321569
v 5.5702892132103452e-003 4.5958891510963433e-002 3.3180683851242072e-002 0.294118 0.317647 0.341176
v 2.2633576299995188e-003 5.0289392471313470e-002 2.9901280999183662e-002 0.262745 0.266667 0.282353
v 1.2224498204886915e-003 5.1507726311683648e-002 2.7450039982795722e-002 0.345098 0.356863 0.380392
v 1.3210981851443651e-003 5.2328526973724358e-002 3.7839606404304511e-002 0.337255 0.341176 0.364706
v 8.8894733926281355e-004 5.2551984786987298e-002 4.0775939822196967e-002 0.313726 0.321569 0.349020
v 8.0569656565785425e-003 4.3171912431716912e-002 3.3998116850852973e-002 0.388235 0.419608 0.443137
v 9.9686933681368845e-003 3.9656594395637505e-002 3.2141000032424934e-002 0.254902 0.258824 0.286275
v 3.1158172059804210e-003 4.9759447574615472e-002 3.8448676466941840e-002 0.368627 0.380392 0.411765
v 3.1409710645675668e-003 4.9894109368324273e-002 3.3054903149604804e-002 0.239216 0.235294 0.231373
v 3.9343028329312810e-003 4.7488287091255181e-002 3.2317638397216804e-002 0.235294 0.243137 0.258824
v 2.7288156561553483e-003 5.0942957401275628e-002 3.5680294036865241e-002 0.345098 0.352941 0.384314
v 4.6239723451435575e-003 4.8628777265548699e-002 3.5668179392814643e-002 0.227451 0.239216 0.250980
v 6.7740287631750124e-003 4.6782597899436944e-002 3.9694324135780341e-002 0.290196 0.298039 0.298039
v 9.4197280704975146e-003 4.3891564011573785e-002 4.0591508150100715e-002 0.333333 0.337255 0.360784
v 1.1089229024946691e-002 4.0705218911170953e-002 3.9355471730232246e-002 0.427451 0.450980 0.501961
v 6.2365438789129275e-003 4.6516656875610345e-002 3.7542209029197700e-002 0.384314 0.372549 0.396078
v 8.2299159839749354e-003 4.3346911668777459e-002 3.6240085959434516e-002 0.286275 0.305882 0.325490
v 4.5450939796864995e-003 4.8905804753303521e-002 3.7567824125289924e-002 0.376471 0.392157 0.423529
v 8.5766222327947634e-003 4.3352559208869927e-002 3.8799613714218147e-002 0.423529 0.407843 0.419608
v 5.4553747177124032e-003 4.6687409281730645e-002 2.6685580611228950e-002 0.286275 0.294118 0.341176
v 9.4965742900967615e-003 -1.4373376965522764e-002 4.1734196245670326e-002 0.427451 0.435294 0.462745
v 4.5258700847625741e-003 -6.6136568784713736e-003 4.9524746835231795e-002 0.364706 0.380392 0.411765
v 1.1491957120597364e-002 -3.6238431930541988e-003 5.1175706088542952e-002 0.372549 0.376471 0.415686
v 1.0921665234491231e-003 -8.8689029216766340e-003 4.7064460813999190e-002 0.243137 0.250980 0.258824
v 7.8468834981322306e-003 -1.2845084071159361e-002 4.2303599417209632e-002 0.282353 0.286275 0.294118
v 8.8922260329127329e-003 -1.1723428964614866e-002 4.4440902769565589e-002 0.482353 0.478431 0.462745
v 1.2944927439093593e-002 -4.9394667148590079e-003 5.0053350627422347e-002 0.345098 0.360784 0.380392
v 1.4524397440254692e-002 -1.1494129896163939e-002 4.1007518768310554e-002 0.329412 0.337255 0.352941
v 1.1874757707118992e-002 -1.1524081230163572e-002 4.2877741158008582e-002 0.298039 0.282353 0.270588
v 5.7209921069443235e-003 -1.0706871747970579e-002 4.4578760862350471e-002 0.427451 0.450980 0.454902
v 5.0123585388064393e-003 -8.5145980119705183e-003 4.6167470514774329e-002 0.325490 0.313726 0.305882
v 3.3199298195540914e-003 -1.0190427303314207e-002 4.5452646911144264e-002 0.231373 0.227451 0.219608
v 3.0213722493499526e-003 -1.2144863605499266e-002 4.2993910610675819e-002 0.388235 0.372549 0.345098
v 3.1678867526352414e-003 -8.5698962211608869e-003 4.7706343233585372e-002 0.231373 0.227451 0.223529
v 5.7782051153481015e-003 -1.1505931615829466e-002 4.2425788938999183e-002 0.368627 0.380392 0.380392
v 7.9744616523385065e-003 -4.1674077510833732e-003 5.0817497074604048e-002 0.266667 0.278431 0.298039
v -3.2463016395922757e-005 -1.2647256255149840e-002 4.3583944439888007e-002 0.203922 0.215686 0.227451
v 5.2122306078672418e-003 -4.3713599443435660e-003 5.2331835031509413e-002 0.317647 0.329412 0.345098
v 2.4537274148315196e-003 -3.4326314926147457e-003 5.3028561174869551e-002 0.458824 0.439216 0.411765
v 7.0453691296279448e-003 -2.9239505529403682e-003 5.4254323244094863e-002 0.380392 0.396078 0.407843
v 1.2876226566731933e-002 -9.6039026975631697e-003 4.5042134821414954e-002 0.509804 0.501961 0.482353
v 7.6527786441147345e-003 -9.7139328718185407e-003 4.5586720108985908e-002 0.298039 0.305882 0.309804
v 1.0697781108319761e-002 -5.2254945039749137e-003 4.9002051353454604e-002 0.356863 0.372549 0.388235
v 8.2340789958834665e-003 -6.4033269882202140e-003 4.8860445618629469e-002 0.423529 0.439216 0.435294
v 7.5288075022399443e-003 -7.9563111066818220e-003 4.7756306827068343e-002 0.235294 0.235294 0.235294
v 1.0493977926671507e-002 -9.3489438295364363e-003 4.7595143318176283e-002 0.337255 0.345098 0.364706
v 1.2444856576621536e-002 -7.1715414524078360e-003 4.7954164445400252e-002 0.274510 0.286275 0.305882
v 2.9253479093313224e-002 -2.0767897367477413e-003 4.8738479614257826e-002 0.611765 0.600000 0.533333
v 2.4965489283204086e-002 -6.2792748212814322e-003 4.5329250395298011e-002 0.686275 0.666667 0.584314
v 2.1604169160127643e-002 -8.4511935710906965e-003 4.3379597365856178e-002 0.278431 0.270588 0.262745
v 2.2842774167656902e-002 -5.9480071067810050e-003 4.7629892826080336e-002 0.670588 0.666667 0.627451
v 1.5093624591827396e-002 -4.0147602558135978e-003 5.1252454519271864e-002 0.333333 0.349020 0.388235
v 2.0831342786550525e-002 -9.5066726207733137e-003 4.1443154215812690e-002 0.286275 0.290196 0.305882
v 1.9667968153953556e-002 -2.6397258043289180e-003 5.4985441267490401e-002 0.317647 0.321569 0.341176
v 2.2475993260741237e-002 -2.6679635047912593e-003 5.2211366593837752e-002 0.337255 0.337255 0.341176
v 1.4748778194189075e-002 -9.3461275100707990e-003 4.3566249310970313e-002 0.352941 0.372549 0.392157
v 1.9729968160390857e-002 -3.9941817522048942e-003 5.1495105028152480e-002 0.411765 0.419608 0.439216
v 1.6660248860716823e-002 -5.8637261390686026e-003 4.9268819391727461e-002 0.345098 0.352941 0.356863
v 2.1913679316639904e-002 -5.4002404212951651e-003 4.8110604286193862e-002 0.494118 0.501961 0.517647
v 1.4109339565038684e-002 -7.3052793741226188e-003 4.8223212361335768e-002 0.337255 0.341176 0.364706
v 1.7744762822985653e-002 -1.0407999157905577e-002 4.3286658823490150e-002 0.321569 0.333333 0.356863
v 1.8963806331157688e-002 -7.9334974288940412e-003 4.6167358756065376e-002 0.258824 0.274510 0.309804
v 1.6565179452300075e-002 -3.3539831638336177e-003 5.4183565080165877e-002 0.450980 0.458824 0.482353
v 3.5156562924385078e-002 -8.0190598964691151e-004 4.2637705802917487e-002 0.298039 0.305882 0.321569
v 2.9079943895339973e-002 -3.8327127695083614e-003 4.5927643775939948e-002 0.305882 0.298039 0.294118
v 3.1028894707560546e-002 -2.4754106998443599e-003 4.3800234794616706e-002 0.298039 0.305882 0.321569
v 2.9542747884988792e-002 -1.1126697063446044e-004 5.1337234675884261e-002 0.549020 0.529412 0.458824
v 2.8666412457823760e-002 -5.9800595045089713e-003 4.0724933147430427e-002 0.278431 0.282353 0.294118
v 2.7478806674480445e-002 -6.9115757942199698e-003 4.2603723704814918e-002 0.588235 0.568627 0.505882
v 2.6667479425668723e-002 1.9448995590209961e-004 5.3976647555828108e-002 0.360784 0.360784 0.356863
v 3.7137717008590705e-002 1.1301875114440916e-002 5.2113026380538954e-002 0.286275 0.290196 0.313726
v 3.6096010357141502e-002 1.0292738676071165e-002 4.9398608505725874e-002 0.349020 0.352941 0.380392
v 3.7040784955024726e-002 7.2263628244400016e-003 4.5191645622253425e-002 0.466667 0.470588 0.466667
v 3.8037315011024482e-002 6.5113157033920279e-003 4.2784765362739570e-002 0.396078 0.403922 0.392157
v 3.8994502276182182e-002 4.9192905426025382e-003 4.7218598425388350e-002 0.403922 0.419608 0.454902
v 3.5240959376096732e-002 1.0250657796859739e-002 4.5125342905521400e-002 0.270588 0.270588 0.286275
v 3.8208115845918662e-002 7.9039335250854475e-003 4.7935448586940779e-002 0.282353 0.294118 0.313726
v 3.7007588893175132e-002 1.6572624444961546e-003 4.5904420316219337e-002 0.282353 0.286275 0.301961
v 3.5428289324045188e-002 1.1534541845321654e-002 4.7042749822139754e-002 0.325490 0.325490 0.360784
v 3.0793765559792526e-002 3.3386051654815669e-003 5.2060596644878401e-002 0.227451 0.227451 0.239216
v 3.6491598933935172e-002 4.0425211191177359e-003 4.8901908099651351e-002 0.282353 0.286275 0.313726
v 3.8709774613380439e-002 6.3289850950241080e-003 4.9725614488124861e-002 0.415686 0.419608 0.454902
v 3.5481937229633338e-002 6.2683224678039542e-003 5.3548909723758711e-002 0.286275 0.290196 0.298039
v 3.4470137208700187e-002 -2.9802322387695270e-006 4.5437283813953407e-002 0.286275 0.286275 0.298039
v 3.2691553235054023e-002 4.0233135223389005e-007 4.6753711998462684e-002 0.525490 0.541176 0.537255
v 3.6009721457958228e-002 4.0394812822341910e-003 5.1074206829071059e-002 0.294118 0.290196 0.301961
v 3.3915679901838310e-002 3.0376166105270381e-003 5.0090938806533827e-002 0.301961 0.301961 0.309804
v 3.7726465612649925e-002 7.4092149734497062e-003 5.2087120711803450e-002 0.341176 0.352941 0.396078
v 3.7963110953569419e-002 8.8498741388320906e-003 5.0722286105155959e-002 0.262745 0.266667 0.290196
v 3.0372546985745437e-002 1.8676370382308958e-003 5.1847718656063094e-002 0.258824 0.254902 0.262745
v 3.5899784415960319e-002 9.5382630825042707e-003 5.3821787238121047e-002 0.250980 0.258824 0.266667
v 3.1686477363109596e-002 -2.7525424957275385e-004 4.8275008797645583e-002 0.325490 0.341176 0.349020
v 2.6805372908711440e-002 2.6564061641693112e-002 4.4481255114078529e-002 0.278431 0.294118 0.313726
v 3.6122724413871772e-002 1.4680385589599608e-002 5.2886344492435469e-002 0.325490 0.337255 0.360784
v 3.5205293446779258e-002 1.3348102569580076e-002 5.2221201360225691e-002 0.262745 0.254902 0.262745
v 3.6092616617679603e-002 2.0528361201286312e-002 5.2480809390544905e-002 0.298039 0.290196 0.290196
v 3.3027946949005134e-002 2.0200699567794796e-002 4.7408141195774092e-002 0.278431 0.274510 0.298039
v 3.3274631947278983e-002 1.5212774276733397e-002 4.2902529239654548e-002 0.329412 0.305882 0.282353
v 3.2171618193387992e-002 1.9204005599021908e-002 4.4470258057117469e-002 0.329412 0.329412 0.345098
v 3.4324117004871375e-002 1.7111882567405697e-002 4.8001132905483260e-002 0.278431 0.274510 0.294118
v 3.5372219979763038e-002 1.8245726823806759e-002 5.1519066095352187e-002 0.254902 0.258824 0.290196
v 3.1879875808954246e-002 1.7078861594200131e-002 3.9499059319496162e-002 0.286275 0.290196 0.313726
v 3.2764796167612083e-002 1.6799747943878170e-002 4.4775247573852546e-002 0.298039 0.301961 0.305882
v 3.5359568893909461e-002 1.3586059212684630e-002 4.8570640385150923e-002 0.294118 0.290196 0.301961
v 3.4047570079565055e-002 1.3477355241775511e-002 4.5004181563854224e-002 0.388235 0.400000 0.431373
v 3.1446255743503577e-002 1.9887387752532956e-002 4.1789807379245765e-002 0.227451 0.227451 0.239216
v 3.4939754754304893e-002 2.3377060890197750e-002 5.1967278122901930e-002 0.349020 0.349020 0.368627
v 3.2653722912073142e-002 2.5318443775176998e-002 5.0622686743736281e-002 0.435294 0.431373 0.423529
v 3.6756530404090888e-002 1.9436776638031002e-002 5.4156422615051283e-002 0.458824 0.462745 0.494118
v 3.7240490317344672e-002 1.7203107476234433e-002 5.4477967321872725e-002 0.384314 0.396078 0.419608
v 2.7880528941750533e-002 2.4555087089538571e-002 4.1997902095317848e-002 0.168627 0.168627 0.172549
v 3.0604353174567230e-002 2.1227657794952389e-002 4.4149085879325874e-002 0.247059 0.250980 0.266667
v 3.1658910214900977e-002 2.1032959222793576e-002 4.6879217028617873e-002 0.290196 0.298039 0.313726
v 3.1159728765487678e-002 2.4991855025291439e-002 4.8721261322498335e-002 0.360784 0.349020 0.321569
v 2.7823802083730705e-002 2.7378931641578671e-002 4.6929121017456069e-002 0.415686 0.411765 0.400000
v 2.8826957568526275e-002 2.3627996444702145e-002 4.4567339122295387e-002 0.294118 0.301961 0.321569
v 3.0511986464262016e-002 2.3305833339691159e-002 4.6154431998729713e-002 0.337255 0.337255 0.333333
v 2.8783252462744720e-002 2.5167450308799740e-002 4.5952685177326209e-002 0.415686 0.415686 0.411765
v 3.3589787781238563e-002 2.2001206874847409e-002 5.0189495086669936e-002 0.396078 0.392157 0.396078
v 1.4786913059651855e-002 3.8180619478225701e-002 5.2533723413944258e-002 0.411765 0.447059 0.490196
v 1.3324361294507984e-002 3.9384335279464715e-002 4.6066060662269599e-002 0.380392 0.388235 0.411765
v 1.3233656063675884e-002 3.9850741624832146e-002 4.2112581431865699e-002 0.427451 0.439216 0.482353
v 1.3609494082629684e-002 3.8409993052482598e-002 4.9167640507221236e-002 0.513726 0.556863 0.615686
v 1.4105075038969520e-002 3.7264779210090630e-002 4.5538984239101417e-002 0.470588 0.501961 0.541176
v 1.4137350022792820e-002 3.6471337080001824e-002 4.3209455907344825e-002 0.168627 0.168627 0.168627
v 1.5698263421654705e-002 3.3812373876571648e-002 4.5014955103397376e-002 0.215686 0.200000 0.188235
v 1.7606243491172794e-002 3.2154962420463555e-002 4.7323018312454238e-002 0.125490 0.121569 0.105882
v 1.9982758909463886e-002 3.3694982528686516e-002 4.3415099382400520e-002 0.168627 0.156863 0.152941
v 1.7950791865587238e-002 3.3330246806144707e-002 4.9808874726295485e-002 0.164706 0.164706 0.172549
v 2.5952765718102462e-002 3.2382205128669732e-002 5.1079660654068007e-002 0.196078 0.184314 0.168627
v 2.5178154930472381e-002 2.7655169367790219e-002 4.1025072336196906e-002 0.333333 0.337255 0.349020
v 2.4485331028699882e-002 3.0181378126144406e-002 4.4936500489711768e-002 0.439216 0.454902 0.501961
v 2.5241544470191009e-002 3.1589433550834649e-002 4.7994814813137068e-002 0.415686 0.427451 0.458824
v 2.3422140628099445e-002 3.2725661993026726e-002 4.6255372464656837e-002 0.298039 0.321569 0.352941
v 2.4806652218103416e-002 2.9483929276466366e-002 4.2828336358070380e-002 0.294118 0.286275 0.301961
v 2.1915383636951450e-002 3.3739715814590447e-002 4.3583564460277564e-002 0.313726 0.317647 0.337255
v 1.7894415184855465e-002 3.3417299389839165e-002 4.3717183172702796e-002 0.458824 0.458824 0.450980
v 2.3549970239400871e-002 3.2440274953842156e-002 5.1554441452026381e-002 0.427451 0.447059 0.478431
v 1.9990324974060062e-002 3.4139841794967644e-002 5.2111253142356886e-002 0.305882 0.356863 0.396078
v 1.6982236877083782e-002 3.4941464662551873e-002 4.0383324027061469e-002 0.294118 0.278431 0.231373
v 2.6388315483927734e-002 3.0355617403984066e-002 4.9344360828399672e-002 0.290196 0.298039 0.325490
v 2.0723259076476101e-002 3.2199367880821221e-002 4.8103578388690962e-002 0.325490 0.360784 0.388235
v 2.0211739465594295e-002 3.2713770866394036e-002 4.6301804482936866e-002 0.098039 0.098039 0.090196
v 2.1524420008063320e-002 3.3750668168067925e-002 5.3022235631942763e-002 0.490196 0.513726 0.556863
v 2.2864773869514469e-002 3.2386958599090569e-002 4.9488216638565077e-002 0.305882 0.333333 0.364706
v 2.2568060085177425e-002 3.2341539859771722e-002 4.1921727359294898e-002 0.262745 0.270588 0.298039
v 2.2975919768214229e-002 3.2894432544708245e-002 5.4111398756504073e-002 0.533333 0.545098 0.588235
v 1.5936892479658130e-002 3.6352053284645074e-002 5.2013523876667037e-002 0.250980 0.250980 0.274510
v 1.6212459653615955e-002 3.5309553146362298e-002 4.9791030585765853e-002 0.411765 0.427451 0.474510
v 1.8424987792968753e-002 3.3560201525688164e-002 5.1686376333236708e-002 0.423529 0.462745 0.513726
v 1.6392575576901439e-002 3.3874645829200738e-002 4.7691352665424361e-002 0.223529 0.223529 0.235294
v 1.5352574177086357e-002 3.6329969763755791e-002 4.7080352902412428e-002 0.364706 0.415686 0.470588
v 1.4843098819255832e-002 3.5456597805023186e-002 4.1158661246299751e-002 0.372549 0.384314 0.400000
v 2.7630547061562545e-002 3.1926944851875298e-002 5.3881958127021803e-002 0.305882 0.294118 0.270588
v 2.8222376480698592e-002 2.8997942805290219e-002 5.1096558570861830e-002 0.321569 0.321569 0.321569
v 3.4761950373649604e-002 2.5255158543586727e-002 5.3610138595104231e-002 0.282353 0.290196 0.309804
v 2.7380513027310378e-002 3.1625404953956597e-002 5.1813870668411269e-002 0.368627 0.372549 0.396078
v 2.9338642954826362e-002 3.0466184020042416e-002 5.3480289876461043e-002 0.407843 0.447059 0.474510
v 2.9260817915201194e-002 2.7844712138175961e-002 5.0037428736686720e-002 0.266667 0.262745 0.262745
v 3.0445164069533355e-002 2.8453439474105831e-002 5.1788717508316054e-002 0.333333 0.337255 0.360784
v 3.1868681311607368e-002 2.7203515172004696e-002 5.2839256823062911e-002 0.203922 0.207843 0.219608
v 4.6146917156875142e-003 4.9034148454666131e-002 4.4444270431995399e-002 0.294118 0.305882 0.329412
v 2.8752177022397522e-003 4.8799544572830193e-002 4.8380225896835341e-002 0.254902 0.250980 0.262745
v 2.5032442063093190e-003 5.1802352070808404e-002 4.3323427438735969e-002 0.262745 0.262745 0.270588
v 7.3135793209075945e-003 4.7563016414642327e-002 4.6457760035991676e-002 0.305882 0.313726 0.337255
v 1.4620545553043487e-003 5.0947383046150201e-002 4.5851290225982673e-002 0.262745 0.262745 0.270588
v 4.1228714399039754e-003 4.8699766397476189e-002 4.1839472949504859e-002 0.450980 0.450980 0.490196
v 5.5562523193657407e-003 4.8444718122482293e-002 4.7810778021812453e-002 0.278431 0.290196 0.286275
v 6.2692407518625277e-003 4.8316776752471917e-002 4.3255701661109931e-002 0.298039 0.309804 0.345098
v 5.2047856152057656e-003 4.7611415386199944e-002 3.9982303977012641e-002 0.372549 0.384314 0.415686
v 4.3425322510302075e-003 4.9535647034645074e-002 4.7113321721553816e-002 0.290196 0.294118 0.305882
v 4.1916109621524819e-003 5.0390511751174920e-002 4.4774785637855537e-002 0.294118 0.298039 0.325490
v 1.1459415778517725e-002 4.2010992765426629e-002 4.7859616577625289e-002 0.388235 0.392157 0.407843
v 1.2492510490119461e-002 4.1410177946090691e-002 4.9586199223995223e-002 0.364706 0.368627 0.392157
v 1.1680970899760725e-002 4.0103211998939507e-002 4.4923402369022376e-002 0.294118 0.317647 0.352941
v 8.7257856503129023e-003 4.5578867197036736e-002 4.6890348196029677e-002 0.443137 0.470588 0.517647
v 9.1333314776420611e-003 4.3800637125968926e-002 4.5787602663040168e-002 0.345098 0.360784 0.368627
v 1.0356084443628790e-002 4.2312845587730401e-002 4.2937837541103370e-002 0.203922 0.207843 0.211765
v 8.0116996541619318e-003 4.4417291879653924e-002 4.3465673923492439e-002 0.380392 0.419608 0.474510
v 5.4253167472779759e-003 4.7786951065063470e-002 5.1452510058879866e-002 0.309804 0.313726 0.329412
v 5.6794127449393281e-003 4.7841012477874749e-002 4.9435049295425429e-002 0.231373 0.223529 0.219608
v 3.0886975582689056e-003 5.0782620906829827e-002 4.0869429707527168e-002 0.294118 0.294118 0.325490
v 7.7096158638596552e-003 4.6883061528205865e-002 5.1515549421310439e-002 0.266667 0.247059 0.215686
v 8.3642136305570620e-003 4.5017749071121209e-002 4.2060285806655891e-002 0.239216 0.235294 0.219608
v 1.2317437678575519e-002 4.5177072286605828e-002 5.3169101476669325e-002 0.313726 0.309804 0.345098
v 1.1655870825052263e-002 4.5667916536331170e-002 5.5024676024913802e-002 0.372549 0.380392 0.376471
v 1.2863565236330036e-002 4.3097078800201409e-002 5.1466502249240889e-002 0.313726 0.305882 0.290196
v 1.1069871485233309e-002 4.4435501098632806e-002 5.0526276230812087e-002 0.274510 0.309804 0.325490
v 1.2737827375531200e-002 4.0207549929618829e-002 4.8529788851737990e-002 0.450980 0.458824 0.505882
v 1.3013004325330261e-002 4.0637344121932976e-002 5.2971713244915022e-002 0.376471 0.376471 0.403922
v 9.6862809732556360e-003 4.5443743467330926e-002 5.0341881811618819e-002 0.149020 0.152941 0.156863
v 2.3179785348474984e-003 4.6503007411956780e-002 5.2184492349624648e-002 0.345098 0.333333 0.321569
v 8.0276811495423334e-003 4.7325789928436272e-002 4.9392290413379683e-002 0.235294 0.231373 0.247059
v 6.6021825186908262e-003 4.4967681169509881e-002 5.3904920816421523e-002 0.301961 0.282353 0.258824
v 3.0403728596866140e-003 4.5042723417282098e-002 5.2921541035175337e-002 0.258824 0.239216 0.211765
v 2.2394065745174889e-003 4.8624247312545769e-002 4.9817651510238661e-002 0.368627 0.380392 0.403922
v 7.5144018046557921e-003 -2.7901530265808101e-003 5.5882178246974959e-002 0.313726 0.313726 0.341176
v 1.1432923376560213e-002 -3.3697187900543209e-003 5.4235085844993605e-002 0.447059 0.450980 0.478431
v 8.3687538281083124e-003 4.6923756599426264e-004 6.1393536627292647e-002 0.352941 0.360784 0.380392
v 6.3334242440760153e-003 -1.5087574720382688e-003 5.9299960732460036e-002 0.364706 0.360784 0.360784
v 5.7459198869764814e-003 -4.6923756599426264e-004 6.1581492424011244e-002 0.309804 0.309804 0.337255
v 4.2310073040425786e-003 -2.1798014640808101e-003 5.7052187621593489e-002 0.333333 0.341176 0.364706
v 5.4159358842298399e-004 -1.3381689786911009e-003 5.8453872799873366e-002 0.254902 0.258824 0.262745
v 8.7121240794658678e-003 -2.2715628147125240e-003 5.9410974383354201e-002 0.466667 0.478431 0.490196
v 1.1679173447191717e-002 -1.6472190618515012e-003 5.8554761111736311e-002 0.400000 0.407843 0.423529
v 1.0870432481169702e-002 -3.1036734580993648e-003 5.6534327566623702e-002 0.321569 0.321569 0.345098
v 2.2816611453890804e-002 -1.0686069726943968e-003 5.5619537830352797e-002 0.427451 0.439216 0.466667
v 1.7535084858536724e-002 -2.3552030324935909e-003 5.7508520781993880e-002 0.282353 0.286275 0.301961
v 1.4638990163803104e-002 -2.4079829454421993e-003 5.7063348591327681e-002 0.337255 0.356863 0.384314
v 5.2277394570410260e-003 9.7728967666625959e-003 6.6438347101211562e-002 0.286275 0.278431 0.258824
v 1.4959666877985004e-002 -2.5540590286254879e-005 6.3137479126453414e-002 0.364706 0.376471 0.411765
v 1.1191825382411482e-002 6.9536268711090077e-004 6.2529332935810103e-002 0.333333 0.349020 0.368627
v 2.9452627059072265e-003 -2.6221573352813715e-004 6.0273908078670516e-002 0.372549 0.384314 0.400000
v 5.7681030593812474e-003 1.2369602918624876e-003 6.1910711228847518e-002 0.274510 0.294118 0.313726
v 2.4270860012620692e-003 4.5298784971237174e-003 6.3130423426628127e-002 0.290196 0.294118 0.313726
v 4.6137771569192418e-003 3.7836283445358272e-003 6.2165290117263808e-002 0.168627 0.176471 0.196078
v 2.9029774013906722e-003 2.0969510078430171e-003 6.3249871134758009e-002 0.223529 0.227451 0.243137
v 1.1186607182025911e-002 -1.3694316148757932e-003 6.1368890106678023e-002 0.227451 0.231373 0.235294
v 1.1062080040574076e-002 1.7026364803314207e-003 6.4090475440025343e-002 0.368627 0.380392 0.400000
v 8.3862328901886957e-003 4.5702010393142692e-003 6.3002191483974471e-002 0.254902 0.250980 0.250980
v 1.0994494892656805e-002 3.2208263874053951e-003 6.6585265100002303e-002 0.431373 0.443137 0.474510
v 4.5723207294940957e-003 8.5372030735015852e-003 6.3166506588459029e-002 0.211765 0.211765 0.219608
v 1.9034341676160698e-003 6.8514347076416007e-003 6.2386728823184981e-002 0.172549 0.172549 0.176471
v 5.9656137600541132e-003 6.2493532896041861e-003 6.2537141144275679e-002 0.164706 0.160784 0.172549
v 6.3444958068430441e-003 7.5003206729888907e-003 6.4004592597484603e-002 0.223529 0.223529 0.235294
v 4.0130950510501870e-003 7.1047842502593985e-003 6.2232568860054030e-002 0.164706 0.168627 0.160784
v 1.2605848722159866e-002 3.7076920270919795e-003 6.8063005805015578e-002 0.258824 0.262745 0.278431
v 1.2780136428773407e-002 -6.6523253917694081e-004 6.3731953501701369e-002 0.298039 0.305882 0.317647
v 8.3795636892318743e-003 7.0039480924606315e-003 6.6921398043632521e-002 0.388235 0.380392 0.384314
v 7.6171108521521109e-003 5.1025450229644767e-003 6.2251500785350813e-002 0.176471 0.180392 0.211765
v 9.9963638931512850e-003 5.4979324340820304e-003 6.6700026392936720e-002 0.286275 0.305882 0.333333
v 8.7273679673671740e-003 2.1158903837203975e-003 6.2170110642910018e-002 0.349020 0.384314 0.403922
v 9.7863618284463900e-003 4.6852976083755484e-003 6.4187750220298781e-002 0.262745 0.270588 0.282353
v 3.5552564077079305e-003 1.2381553649902342e-002 6.6012404859066023e-002 0.215686 0.215686 0.223529
v 2.1341727115213875e-003 1.1319354176521300e-002 6.4140960574150099e-002 0.250980 0.250980 0.243137
v 2.6006698608398444e-002 8.3944946527481062e-003 5.8390863239765181e-002 0.321569 0.321569 0.333333
v 2.5158572942018516e-002 4.2981058359146109e-003 5.6688517332077040e-002 0.290196 0.282353 0.290196
v 2.5137940421700485e-002 1.4708936214447019e-003 5.5440388619899764e-002 0.278431 0.286275 0.298039
v 1.3376588001847271e-002 2.0494163036346431e-003 6.6862560808658614e-002 0.392157 0.372549 0.349020
v 1.4814118854701522e-002 7.0804357528686513e-004 6.5821401774883284e-002 0.294118 0.298039 0.305882
v 1.6244858503341678e-002 3.6539733409881587e-003 6.7584194242954268e-002 0.231373 0.223529 0.223529
v 2.4437213316559799e-002 1.2235879898071287e-002 6.8066403269767775e-002 0.298039 0.286275 0.278431
v 2.0158465951681141e-002 7.7888518571853629e-003 6.6438131034374251e-002 0.384314 0.356863 0.337255
v 2.4019857868552215e-002 1.0238319635391234e-002 6.2890715897083296e-002 0.333333 0.329412 0.329412
v 2.3112324997782711e-002 1.0488823056221007e-002 6.8000815808773055e-002 0.329412 0.317647 0.309804
v 1.9718723371624950e-002 5.0372481346130362e-003 6.4456015825271620e-002 0.313726 0.301961 0.301961
v 2.2580159828066829e-002 9.3422085046768171e-003 6.5316230058670058e-002 0.290196 0.270588 0.266667
v 2.7333196252584464e-002 2.6508420705795284e-003 5.4365254938602461e-002 0.298039 0.294118 0.294118
v 2.1591775119304660e-002 1.6210377216339109e-003 5.7677939534187331e-002 0.329412 0.333333 0.352941
v 1.8847100436687473e-002 3.2427012920379634e-003 6.4353935420513167e-002 0.223529 0.227451 0.235294
v 1.6813103109598163e-002 1.4846175909042356e-003 6.2214680016040816e-002 0.270588 0.262745 0.247059
v 1.8645515665411953e-002 1.3976544141769407e-003 6.0942128300666823e-002 0.368627 0.352941 0.341176
v 2.2966705262660984e-002 4.4181644916534415e-003 5.8223940432071700e-002 0.368627 0.364706 0.384314
v 2.2027155384421352e-002 5.7402104139327994e-003 6.0855120420455946e-002 0.294118 0.294118 0.301961
v 2.0630691200494770e-002 3.4372657537460323e-003 6.2009640038013472e-002 0.219608 0.200000 0.184314
v 1.9729394465684894e-002 5.2809715270996083e-004 5.8643162250518813e-002 0.313726 0.298039 0.301961
v 2.2388909012079242e-002 7.2536766529083243e-003 6.2321260571479811e-002 0.356863 0.352941 0.356863
v 1.5271166339516643e-002 -1.2129098176956175e-003 6.0589022934436812e-002 0.219608 0.223529 0.227451
v 3.4526210278272636e-002 1.3473197817802427e-002 5.6948140263557448e-002 0.219608 0.215686 0.219608
v 3.3936813473701484e-002 8.6618065834045393e-003 5.5506780743598952e-002 0.450980 0.450980 0.478431
v 2.8332315385341651e-002 1.1703237891197203e-002 6.0573570430278792e-002 0.400000 0.392157 0.396078
v 2.8664290904998786e-002 9.6902251243591291e-003 5.8503754436969771e-002 0.368627 0.376471 0.403922
v 3.2069161534309394e-002 6.9280862808227530e-003 5.5519059300422682e-002 0.282353 0.278431 0.282353
v 3.0404986813664443e-002 5.0870925188064567e-003 5.4761499166488661e-002 0.282353 0.270588 0.258824
v 3.0441166833043105e-002 1.1435806751251219e-002 5.7923346757888808e-002 0.294118 0.298039 0.368627
v 2.8592970222234733e-002 7.3956549167633048e-003 5.7055830955505385e-002 0.258824 0.258824 0.270588
v 2.9940489679574973e-002 6.1924755573272696e-003 5.5801890790462508e-002 0.298039 0.282353 0.278431
v 3.1152980402112014e-002 9.8156929016113264e-003 5.7252235710620894e-002 0.270588 0.274510 0.282353
v 8.1622845027595780e-004 1.4000609517097471e-002 6.5933026373386397e-002 0.188235 0.176471 0.156863
v 2.8557803481817252e-002 1.3113945722579954e-002 6.3965633511543288e-002 0.364706 0.356863 0.372549
v 2.5802735239267356e-002 1.3208463788032530e-002 6.5084300935268416e-002 0.274510 0.266667 0.258824
v 3.1337499618530280e-002 2.7735456824302670e-002 6.4146481454372420e-002 0.364706 0.360784 0.376471
v 3.1473334878683097e-002 2.6066169142723080e-002 6.4129926264286055e-002 0.200000 0.207843 0.215686
v 3.2263517379760749e-002 2.4218440055847164e-002 6.4036190509796156e-002 0.290196 0.305882 0.325490
v 2.9883151873946197e-002 2.4842828512191769e-002 6.6796250641345992e-002 0.301961 0.325490 0.341176
v 3.6149837076663978e-002 1.5095382928848265e-002 5.5099152028560652e-002 0.333333 0.337255 0.352941
v 3.2454837113618858e-002 2.1925762295722958e-002 6.3366189599037184e-002 0.117647 0.117647 0.117647
v 3.5552635788917548e-002 1.2569040060043333e-002 5.4595351219177260e-002 0.384314 0.388235 0.423529
v 3.4018281847238548e-002 2.0063057541847226e-002 6.3152924180030837e-002 0.345098 0.341176 0.341176
v 3.3523511141538627e-002 1.8454596400260922e-002 6.1546072363853468e-002 0.309804 0.321569 0.337255
v 3.4683477133512504e-002 1.6636535525321957e-002 5.9215389192104353e-002 0.231373 0.239216 0.247059
v 2.9776323586702354e-002 1.8881827592849728e-002 6.5084025263786330e-002 0.196078 0.196078 0.200000
v 3.5710763186216361e-002 1.9090995192527768e-002 6.0498543083667769e-002 0.176471 0.180392 0.184314
v 3.1370706856250770e-002 1.7451912164688107e-002 6.3370570540428175e-002 0.188235 0.192157 0.196078
v 3.0130203813314445e-002 1.4005914330482481e-002 6.4931355416774764e-002 0.239216 0.235294 0.235294
v 3.6793835461139686e-002 2.2928372025489804e-002 6.0450606048107161e-002 0.352941 0.349020 0.352941
v 3.0596425756812103e-002 1.4482632279396055e-002 6.1118476092815413e-002 0.266667 0.254902 0.254902
v 3.6613564938306815e-002 1.9978135824203488e-002 5.9769906103611006e-002 0.309804 0.313726 0.321569
v 3.4471295773983009e-002 2.1883800625801083e-002 6.1116360127925887e-002 0.309804 0.329412 0.349020
v 3.5632126033306129e-002 2.3497939109802243e-002 5.5851995944976821e-002 0.294118 0.286275 0.282353
v 3.6245770752429969e-002 2.5568529963493344e-002 5.9403896331787123e-002 0.219608 0.219608 0.231373
v 3.3148657530546195e-002 2.5458112359046933e-002 6.1509482562541976e-002 0.223529 0.223529 0.215686
v 3.4694015979766853e-002 2.4935692548751828e-002 6.0435362160205855e-002 0.180392 0.184314 0.176471
v 3.7057463079690940e-002 2.0852535963058468e-002 5.7620182633399977e-002 0.294118 0.294118 0.317647
v 3.7398196756839759e-002 1.8636241555213925e-002 5.6407041847705855e-002 0.298039 0.301961 0.325490
v 3.5838861018419273e-002 1.8212348222732540e-002 5.8458149433136000e-002 0.294118 0.301961 0.317647
v 3.2460298389196403e-002 1.6285195946693417e-002 6.2154181301593794e-002 0.266667 0.266667 0.270588
v 3.3904429525136955e-002 1.5432119369506834e-002 6.0922518372535719e-002 0.407843 0.411765 0.435294
v 2.7451723814010627e-002 1.4294594526290892e-002 6.8091370165348067e-002 0.329412 0.313726 0.298039
v 3.2282859086990363e-002 1.3717249035835264e-002 5.7813018560409560e-002 0.250980 0.243137 0.258824
v 3.1267832964658744e-002 2.1556302905082699e-002 6.5789639949798598e-002 0.305882 0.325490 0.360784
v 1.2993923388421539e-002 3.5396799445152276e-002 6.7586474120616927e-002 0.329412 0.321569 0.298039
v 6.4759962260723131e-003 3.8077026605606072e-002 6.4167082309722914e-002 0.231373 0.207843 0.188235
v 9.5767388120293635e-003 3.7764430046081536e-002 6.5666623413562789e-002 0.376471 0.341176 0.301961
v 5.2835992537438878e-003 3.5901010036468499e-002 6.6725358366966261e-002 0.333333 0.345098 0.372549
v 4.1434476152062425e-003 3.7792563438415520e-002 6.5719716250896468e-002 0.282353 0.282353 0.294118
v 3.0940305441617974e-003 3.4297719597816460e-002 6.7492857575416579e-002 0.321569 0.294118 0.274510
v 1.3453369960188869e-002 3.8953021168708794e-002 6.4803197979927077e-002 0.290196 0.294118 0.298039
v 1.9673200324177745e-002 3.8395479321479790e-002 5.9451326727867140e-002 0.462745 0.529412 0.607843
v 2.7636790648102767e-002 3.4107849001884454e-002 6.6858761012554183e-002 0.231373 0.247059 0.270588
v 2.4982215836644180e-002 3.7804827094078057e-002 6.6313713788986220e-002 0.368627 0.384314 0.403922
v 2.4525580927729614e-002 3.8776040077209466e-002 6.4513526856899275e-002 0.301961 0.309804 0.337255
v 2.7005687355995185e-002 3.4639745950698846e-002 6.2203533947467818e-002 0.329412 0.325490 0.341176
v 2.5969414040446288e-002 3.7672579288482659e-002 6.4649552106857314e-002 0.262745 0.266667 0.286275
v 2.6675786823034293e-002 3.2151162624359124e-002 5.9873558580875411e-002 0.137255 0.137255 0.133333
v 2.6992268860340125e-002 3.1263574957847588e-002 6.7870683968067183e-002 0.176471 0.172549 0.176471
v 2.1859509870409969e-002 3.5005122423171990e-002 5.5428087711334242e-002 0.294118 0.294118 0.313726
v 1.9141566008329395e-002 3.5140588879585259e-002 5.5225111544132247e-002 0.313726 0.325490 0.341176
v 2.0747723057866100e-002 3.8388505578041070e-002 6.0257203876972212e-002 0.411765 0.419608 0.435294
v 1.8174234777688984e-002 3.8919702172279351e-002 6.0744576156139388e-002 0.435294 0.466667 0.517647
v 1.7754800617694858e-002 3.6570444703102105e-002 5.6063152849674239e-002 0.286275 0.282353 0.282353
v 2.4223005399107940e-002 3.4232929348945611e-002 5.6431584060192122e-002 0.207843 0.211765 0.211765
v 2.2844018414616588e-002 3.5125344991683953e-002 5.7317882776260390e-002 0.403922 0.415686 0.450980
v 2.4966463446617133e-002 3.2534644007682793e-002 5.5986098945140853e-002 0.192157 0.196078 0.219608
v 2.1427962929010395e-002 3.6836653947830193e-002 5.8494776487350478e-002 0.243137 0.235294 0.243137
v 1.5632463619112972e-002 3.7914827466011040e-002 5.6346952915191664e-002 0.250980 0.250980 0.247059
v 2.3822113871574409e-002 3.6657512187957757e-002 6.0559682548046126e-002 0.254902 0.254902 0.274510
v 1.8577586859464649e-002 3.5925239324569695e-002 5.8607742190361037e-002 0.105882 0.098039 0.098039
v 2.2843550890684131e-002 3.8568496704101556e-002 6.6862568259239211e-002 0.352941 0.360784 0.380392
v 2.0963009446859363e-002 3.7434592843055718e-002 6.6881358623504653e-002 0.341176 0.325490 0.325490
v 2.0111175253987316e-002 3.9027154445648186e-002 6.5058529376983656e-002 0.286275 0.290196 0.301961
v 2.6010595262050636e-002 3.3626452088356011e-002 5.9284038841724410e-002 0.321569 0.317647 0.333333
v 1.8156832084059719e-002 3.8449108600616448e-002 6.3431560993194594e-002 0.352941 0.349020 0.368627
v 2.7328316122293479e-002 3.0854344367980954e-002 5.7893387973308577e-002 0.364706 0.388235 0.415686
v 2.5790454819798476e-002 3.2839179039001458e-002 5.3890585899353041e-002 0.219608 0.219608 0.215686
v 1.3983727432787422e-002 3.8835883140563958e-002 5.3268685936927809e-002 0.313726 0.294118 0.301961
v 2.6794351637363441e-002 3.2035723328590386e-002 5.7154461741447463e-002 0.247059 0.243137 0.266667
v 2.3092910647392276e-002 3.9864122867584222e-002 6.3813000917434706e-002 0.317647 0.317647 0.360784
v 1.6524014994502071e-002 3.9259210228919976e-002 6.3656531274318709e-002 0.356863 0.329412 0.298039
v 1.5064865350723270e-002 3.8350775837898247e-002 6.5737456083297743e-002 0.250980 0.250980 0.258824
v 1.5523771755397323e-002 3.7531554698944085e-002 6.7391797900199904e-002 0.258824 0.254902 0.266667
v 1.8521912395954136e-002 3.7210583686828606e-002 6.6792212426662459e-002 0.309804 0.286275 0.262745
v 3.1797781586647041e-002 2.8906136751174923e-002 5.5112056434154524e-002 0.196078 0.223529 0.227451
v 3.0078737065196044e-002 2.9070809483528134e-002 6.4175918698310866e-002 0.227451 0.231373 0.235294
v 2.7857121080160148e-002 3.5886093974113457e-002 6.5482296049594893e-002 0.380392 0.392157 0.411765
v 3.0006980523467071e-002 3.3962085843086236e-002 6.4425706863403334e-002 0.298039 0.305882 0.317647
v 3.0008504167199142e-002 3.1569048762321465e-002 6.3791573047637953e-002 0.384314 0.388235 0.384314
v 2.7782594785094268e-002 2.9159620404243466e-002 6.5780378878116622e-002 0.376471 0.400000 0.415686
v 2.8164220973849304e-002 3.2928198575973504e-002 6.5432071685791030e-002 0.254902 0.247059 0.243137
v 2.8652181848883636e-002 3.2874882221221917e-002 6.2555529177188887e-002 0.207843 0.188235 0.192157
v 3.0493853613734252e-002 3.0714452266693112e-002 6.1517335474491133e-002 0.325490 0.329412 0.352941
v 2.9080340638756759e-002 3.1380698084831231e-002 5.8675579726696028e-002 0.282353 0.290196 0.294118
v 2.8222450986504562e-002 3.1956851482391350e-002 5.5942460894584670e-002 0.301961 0.317647 0.341176
v 3.0853640288114555e-002 2.9290720820426937e-002 6.0336351394653334e-002 0.227451 0.223529 0.231373
v 2.9774319380521781e-002 3.1169399619102475e-002 5.5657789111137404e-002 0.250980 0.258824 0.282353
v 2.8530802577734000e-002 3.1098186969757077e-002 6.0964278876781478e-002 0.156863 0.156863 0.168627
v 3.1173558905720718e-002 2.9560342431068417e-002 5.6674346327781691e-002 0.239216 0.290196 0.313726
v 3.2764956355094917e-002 2.9248833656311032e-002 6.0352303087711348e-002 0.329412 0.333333 0.356863
v 3.0421638861298568e-002 2.9808714985847470e-002 5.8547578752040877e-002 0.215686 0.227451 0.235294
v 3.2067164778709419e-002 2.9366031289100644e-002 6.2538869678974165e-002 0.266667 0.278431 0.298039
v 3.3255498856306083e-002 2.7112245559692379e-002 6.0337714850902571e-002 0.341176 0.345098 0.360784
v 3.4796364605426795e-002 2.8108432888984677e-002 5.7163260877132430e-002 0.243137 0.243137 0.254902
v 3.3555772155523307e-002 2.7013018727302548e-002 5.3143978118896498e-002 0.439216 0.450980 0.498039
v 3.4642513841390617e-002 2.6484102010726925e-002 5.5812545120716109e-002 0.317647 0.313726 0.321569
v 3.3931758254766471e-002 2.9480725526809689e-002 5.8064274489879622e-002 0.388235 0.407843 0.419608
v 8.1067560240626352e-003 4.4641837477684014e-002 5.7024389505386366e-002 0.388235 0.388235 0.400000
v 9.4685554504394549e-003 4.2224660515785210e-002 5.9363007545471205e-002 0.360784 0.349020 0.341176
v 1.0140626691281797e-002 4.0989696979522698e-002 6.1503641307353987e-002 0.450980 0.443137 0.439216
v 9.3137733638286608e-003 4.5910701155662530e-002 5.3763188421726241e-002 0.196078 0.192157 0.184314
v 7.1360594592988508e-003 4.2496949434280389e-002 5.8749079704284682e-002 0.509804 0.529412 0.545098
v 1.3507367111742500e-002 4.3154492974281304e-002 5.8774612843990340e-002 0.372549 0.364706 0.352941
v 1.1424311436712744e-002 4.4690892100334161e-002 5.6717865169048323e-002 0.376471 0.372549 0.368627
v 1.3372012414038185e-002 4.3472170829772942e-002 5.5849388241767897e-002 0.356863 0.360784 0.376471
v 1.4361904002726082e-002 3.9740160107612603e-002 5.5643953382968916e-002 0.290196 0.278431 0.286275
v 1.1801328510046009e-002 4.1811153292655938e-002 6.0507088899612441e-002 0.349020 0.349020 0.372549
v 1.1371726170182230e-002 3.9328932762145989e-002 6.4023993909358992e-002 0.317647 0.325490 0.341176
v 8.3067277446389216e-003 3.9225459098815911e-002 6.2732964754104628e-002 0.419608 0.403922 0.372549
v 1.3272636570036413e-003 4.0485024452209466e-002 6.1810635030269637e-002 0.333333 0.337255 0.364706
v 3.7542886566370734e-003 4.2174339294433587e-002 5.8615826070308699e-002 0.309804 0.286275 0.274510
v 5.3205611184239396e-003 4.0828645229339593e-002 6.0457549989223494e-002 0.298039 0.278431 0.258824
v 4.0772682987153539e-003 4.3343663215637200e-002 5.7459942996501936e-002 0.278431 0.258824 0.239216
v 5.5137290619313726e-003 4.4202387332916253e-002 5.5926904082298293e-002 0.266667 0.270588 0.266667
v 3.5449182614684114e-003 3.9500802755355828e-002 6.3659861683845534e-002 0.298039 0.301961 0.321569
v 1.3771736063063148e-002 4.1116327047348016e-002 6.2104843556880965e-002 0.282353 0.282353 0.294118
v 1.5266430564224723e-002 4.0821939706802361e-002 5.7167351245880141e-002 0.337255 0.321569 0.317647
v 1.7178377136588100e-002 3.8549348711967461e-002 5.8531716465950026e-002 0.321569 0.325490 0.345098
v 2.1477369591593746e-002 3.9553776383399956e-002 6.3148185610771193e-002 0.223529 0.235294 0.266667
v 2.0297762006521228e-002 3.9913818240165704e-002 6.2932245433330550e-002 0.415686 0.443137 0.474510
v 1.6277836635708812e-002 4.0994182229042046e-002 6.0114420950412764e-002 0.278431 0.258824 0.247059
v 1.4302373863756660e-002 3.2894611358642574e-003 7.0293501019477858e-002 0.329412 0.333333 0.349020
v 1.2791805900633339e-002 8.4784328937530500e-003 7.5031593441963210e-002 0.278431 0.294118 0.301961
v 9.4221429899334925e-003 1.3035520911216734e-002 7.8239358961582198e-002 0.290196 0.298039 0.313726
v 8.0512436106801050e-003 1.3836935162544249e-002 7.3241747915744795e-002 0.219608 0.215686 0.231373
v 1.4723174273967746e-002 1.0171040892601011e-002 7.6752506196498885e-002 0.200000 0.207843 0.203922
v 1.1499753221869470e-002 9.9427849054336531e-003 7.7449798583984389e-002 0.388235 0.400000 0.435294
v 1.1918352916836742e-002 7.5981020927429191e-003 7.3966071009635939e-002 0.278431 0.286275 0.290196
v 1.0419379919767381e-002 7.9759955406188947e-003 7.2503842413425459e-002 0.215686 0.215686 0.227451
v 9.0341279283165949e-003 1.2924745678901671e-002 7.6491378247737898e-002 0.282353 0.290196 0.298039
v 1.2361147440969947e-002 4.7956854104995719e-003 7.0248730480670943e-002 0.309804 0.352941 0.376471
v 1.0539678856730463e-002 5.9187859296798697e-003 7.0052064955234541e-002 0.184314 0.196078 0.219608
v 9.5992032438516634e-003 8.0215036869049055e-003 6.9008402526378645e-002 0.149020 0.145098 0.152941
v 8.8231181725859659e-003 8.9763849973678572e-003 7.0511214435100569e-002 0.364706 0.384314 0.415686
v 1.0062567889690401e-002 9.9816471338272077e-003 7.4619211256504073e-002 0.301961 0.313726 0.333333
v 8.4486808627843874e-003 1.1399313807487486e-002 7.3519773781299605e-002 0.325490 0.317647 0.317647
v 7.4529778212308901e-003 1.0263085365295408e-002 6.8684555590152754e-002 0.376471 0.356863 0.345098
v 1.4606917276978496e-002 1.0917127132415770e-002 7.8522317111492171e-002 0.325490 0.368627 0.380392
v 1.9962130114436153e-002 1.1680722236633299e-002 7.8907087445259108e-002 0.294118 0.298039 0.317647
v 2.0681047812104229e-002 1.1467725038528441e-002 7.6885893940925612e-002 0.254902 0.262745 0.278431
v 1.7949393019080166e-002 1.0662257671356199e-002 7.9009093344211592e-002 0.329412 0.317647 0.309804
v 2.1994479000568393e-002 1.1238679289817808e-002 6.9488570094108595e-002 0.349020 0.337255 0.329412
v 2.2283395752310756e-002 1.1290296912193297e-002 7.2120927274227156e-002 0.341176 0.329412 0.317647
v 2.4246763437986381e-002 1.3346374034881590e-002 7.3000207543373122e-002 0.388235 0.392157 0.407843
v 1.9978694617748264e-002 8.6283087730407697e-003 6.8942487239837660e-002 0.396078 0.403922 0.392157
v 1.7656557261943821e-002 7.3893368244171134e-003 7.3177918791770949e-002 0.352941 0.341176 0.329412
v 1.9146196544170383e-002 6.7198425531387320e-003 7.1443118155002608e-002 0.372549 0.376471 0.388235
v 1.6110660508275036e-002 8.0856233835220320e-003 7.5770728290081038e-002 0.290196 0.301961 0.333333
v 2.2467043250799183e-002 1.2476295232772825e-002 7.4430502951145186e-002 0.309804 0.317647 0.333333
v 1.8031200394034389e-002 1.0413169860839842e-002 7.4718482792377486e-002 0.384314 0.392157 0.403922
v 1.4683484099805359e-002 5.5754184722900382e-003 7.3411472141742720e-002 0.411765 0.419608 0.454902
v 1.7390318214893345e-002 5.5438280105590812e-003 7.0152983069419875e-002 0.282353 0.278431 0.286275
v 2.0054247230291370e-002 1.1228233575820921e-002 7.3858484625816359e-002 0.356863 0.341176 0.329412
v 1.0003724601119759e-003 2.4966269731521603e-002 7.6290376484394087e-002 0.458824 0.478431 0.525490
v 3.0655420850962409e-003 2.3081749677658078e-002 7.7523246407508864e-002 0.278431 0.290196 0.309804
v 6.5552943851798784e-004 2.2118464112281796e-002 7.4706122279167189e-002 0.278431 0.294118 0.294118
v 3.1413759570568809e-003 2.4811550974845883e-002 7.7628083527088179e-002 0.341176 0.352941 0.396078
v 1.1443562805652620e-002 1.4816045761108397e-002 7.9967983067035689e-002 0.188235 0.188235 0.196078
v 8.3761466667056101e-003 2.3911938071250912e-002 7.8358635306358351e-002 0.333333 0.345098 0.356863
v 1.2656110338866714e-002 2.1279409527778622e-002 8.1503406167030348e-002 0.494118 0.498039 0.494118
v 3.4440928138792523e-003 2.1001964807510373e-002 7.5705394148826613e-002 0.243137 0.274510 0.298039
v 1.2848841026425365e-002 2.3853152990341183e-002 7.9923465847969069e-002 0.196078 0.180392 0.164706
v 8.4491651505231875e-003 2.5307923555374142e-002 7.6094947755336775e-002 0.349020 0.301961 0.266667
v 1.0212028399109842e-002 2.3955658078193661e-002 7.8228905797004714e-002 0.309804 0.294118 0.286275
v 1.1479812674224378e-002 1.9747555255889889e-002 8.1795543432235732e-002 0.282353 0.282353 0.270588
v 1.2568097561597828e-002 1.5039682388305662e-002 8.1272579729557051e-002 0.243137 0.243137 0.250980
v 6.4447252079844492e-003 2.1773561835288998e-002 7.8799642622470870e-002 0.341176 0.356863 0.372549
v 1.1912606656551365e-002 1.1719942092895506e-002 7.9693570733070387e-002 0.290196 0.298039 0.313726
v 1.1544282548129560e-002 1.7833486199378964e-002 8.0800957977771773e-002 0.200000 0.211765 0.203922
v 8.8775996118783968e-003 1.9750565290451046e-002 7.7820181846618666e-002 0.254902 0.282353 0.290196
v 7.5471149757504481e-003 1.8792673945426937e-002 7.5929448008537306e-002 0.282353 0.298039 0.309804
v 9.8940813913941401e-003 1.6785442829132077e-002 7.6522298157215132e-002 0.239216 0.243137 0.250980
v 1.9286483293399219e-003 1.8195062875747677e-002 7.2384893894195571e-002 0.305882 0.333333 0.360784
v 7.9331342130899447e-003 1.6961589455604550e-002 7.5049750506877913e-002 0.286275 0.290196 0.298039
v 5.0055966712534436e-003 1.8690511584281918e-002 7.4571922421455397e-002 0.207843 0.211765 0.211765
v 6.1785238794982451e-003 1.9720539450645443e-002 7.6372303068637862e-002 0.396078 0.450980 0.474510
v 4.3878811411559590e-003 1.5335649251937864e-002 7.0681571960449233e-002 0.247059 0.247059 0.254902
v 1.4025050913915040e-003 1.7582565546035763e-002 7.0667676627635970e-002 0.239216 0.227451 0.215686
v 6.4645200036466139e-003 2.3404866456985470e-002 7.7810488641262068e-002 0.368627 0.380392 0.411765
v 4.0909498929977426e-003 1.7424866557121273e-002 7.2964362800121321e-002 0.325490 0.345098 0.352941
v 5.6489803828299054e-003 1.6594782471656796e-002 7.4148751795291915e-002 0.282353 0.294118 0.305882
v 9.3376170843839663e-003 2.1390229463577267e-002 7.9580545425415053e-002 0.345098 0.341176 0.360784
v 2.4540273007005457e-003 1.4293551445007322e-002 6.8080082535743727e-002 0.192157 0.192157 0.192157
v 5.5639930069446572e-003 1.4152854681015013e-002 6.9391369819641127e-002 0.176471 0.184314 0.200000
v 5.8739269152283686e-003 1.2346461415290831e-002 6.8742714822292342e-002 0.278431 0.298039 0.352941
v 1.5671983361244205e-002 1.2657776474952696e-002 8.0721296370029463e-002 0.274510 0.282353 0.278431
v 1.7784081399440769e-002 2.1626219153404232e-002 7.8681513667106642e-002 0.258824 0.266667 0.274510
v 1.9055921584367756e-002 1.8032163381576535e-002 7.7879562973976149e-002 0.321569 0.325490 0.317647
v 1.3942624442279342e-002 2.4685055017471310e-002 7.8249976038932814e-002 0.270588 0.270588 0.282353
v 1.8606204539537433e-002 1.8009752035140988e-002 8.0174781382083907e-002 0.301961 0.305882 0.325490
v 2.1782558411359790e-002 1.4647066593170164e-002 7.6327756047248854e-002 0.176471 0.180392 0.184314
v 2.6570050045847900e-002 2.4755969643592831e-002 7.1641691029071822e-002 0.298039 0.294118 0.294118
v 2.3656416684389121e-002 2.4510890245437619e-002 7.4291601777076735e-002 0.258824 0.258824 0.270588
v 1.6199357807636264e-002 2.1746754646301266e-002 7.9658769071102156e-002 0.305882 0.309804 0.313726
v 1.6868388280272487e-002 1.9154384732246395e-002 7.9744070768356337e-002 0.254902 0.262745 0.258824
v 2.5261225178837783e-002 2.1439537405967709e-002 7.2634287178516402e-002 0.274510 0.286275 0.290196
v 1.5486280433833603e-002 2.3466512560844418e-002 7.9256929457187666e-002 0.384314 0.396078 0.411765
v 1.9011428579688076e-002 2.4056538939476010e-002 7.6276838779449477e-002 0.239216 0.243137 0.262745
v 2.2335294634103778e-002 2.2323325276374813e-002 7.5596295297145857e-002 0.274510 0.278431 0.270588
v 2.6736786589026458e-002 2.3867279291152951e-002 7.0929907262325301e-002 0.313726 0.309804 0.309804
v 1.9582686945796016e-002 2.1492287516593930e-002 7.7331818640232100e-002 0.290196 0.290196 0.286275
v 2.6695797219872482e-002 1.6131162643432614e-002 6.9685854017734541e-002 0.305882 0.317647 0.341176
v 2.7546156197786338e-002 1.8441423773765560e-002 6.8796992301940932e-002 0.215686 0.219608 0.227451
v 2.2746702656149868e-002 1.4608085155487059e-002 7.4205897748470320e-002 0.243137 0.227451 0.211765
v 2.6222433894872672e-002 1.3264358043670653e-002 7.0141695439815535e-002 0.298039 0.305882 0.313726
v 2.0772535353899006e-002 1.4437973499298094e-002 7.9132638871669783e-002 0.239216 0.239216 0.243137
v 1.9188459962606434e-002 1.5500903129577635e-002 7.9080305993556990e-002 0.219608 0.215686 0.207843
v 2.1189028397202495e-002 1.9195318222045895e-002 7.6890856027603163e-002 0.215686 0.219608 0.223529
v 1.8241740763187412e-002 1.2945353984832762e-002 8.1073448061943068e-002 0.329412 0.329412 0.333333
v 2.2313294932246212e-002 1.6779854893684384e-002 7.4677780270576491e-002 0.403922 0.392157 0.376471
v 2.5360543280839927e-002 1.8788188695907589e-002 7.2393886744976058e-002 0.352941 0.360784 0.372549
v 2.5814753025770194e-002 1.6300261020660397e-002 7.1639180183410658e-002 0.380392 0.407843 0.427451
v 1.7290610820055011e-002 2.5140523910522457e-002 7.7837802469730391e-002 0.333333 0.341176 0.356863
v 2.4207970127463348e-002 2.0235627889633175e-002 7.4077449738979353e-002 0.298039 0.294118 0.290196
v 2.1494682878255848e-002 1.7162159085273739e-002 7.7393367886543288e-002 0.223529 0.219608 0.227451
v 2.2720761597156528e-002 1.9284933805465695e-002 7.4286706745624556e-002 0.337255 0.360784 0.360784
v 2.8893157839775092e-002 2.7112871408462521e-002 6.6322766244411482e-002 0.223529 0.211765 0.196078
v 2.9852919280529029e-002 2.3221045732498165e-002 6.8896025419235243e-002 0.223529 0.223529 0.223529
v 2.9109351336956031e-002 2.5554731488227841e-002 6.8203262984752669e-002 0.219608 0.219608 0.223529
v 2.7686763554811485e-002 2.0051136612892147e-002 7.0912130177021040e-002 0.388235 0.400000 0.415686
v 2.9169281944632537e-002 1.9699126482009884e-002 6.8381458520889296e-002 0.290196 0.294118 0.313726
v 2.7520451694726951e-002 2.1936848759651181e-002 7.1074217557907118e-002 0.364706 0.372549 0.376471
v 2.9285555705428130e-002 1.8107399344444271e-002 6.6866420209407820e-002 0.313726 0.325490 0.345098
v 3.2416223548352727e-003 2.9790341854095456e-002 7.2174690663814559e-002 0.282353 0.282353 0.298039
v 9.2335063964128512e-003 3.6509081721305840e-002 6.7268028855323805e-002 0.278431 0.278431 0.282353
v 1.3576217927038673e-002 2.6882469654083248e-002 7.6676465570926680e-002 0.231373 0.239216 0.247059
v 3.8545487914234408e-003 2.8227701783180233e-002 7.3696300387382521e-002 0.286275 0.266667 0.250980
v 6.5229870378971117e-003 2.6955381035804745e-002 7.4582695960998549e-002 0.247059 0.247059 0.254902
v 4.1836234740912923e-003 2.6965036988258358e-002 7.5588695704936995e-002 0.258824 0.258824 0.266667
v 7.0402724668383616e-003 2.8388962149620053e-002 7.2402589023113265e-002 0.329412 0.317647 0.313726
v 1.0238972492516043e-002 2.7868211269378659e-002 7.3867656290531172e-002 0.298039 0.290196 0.274510
v 1.2244481593370441e-002 2.8130799531936642e-002 7.4173420667648329e-002 0.294118 0.274510 0.258824
v 1.2353156693279747e-002 2.6217490434646603e-002 7.5891658663749709e-002 0.305882 0.266667 0.223529
v 9.9475216120481508e-003 3.4830883145332329e-002 6.8805038928985610e-002 0.262745 0.254902 0.254902
v 6.9845463149249571e-003 3.3718317747116082e-002 6.8354502320289626e-002 0.423529 0.419608 0.400000
v 1.1130853556096556e-002 3.2807141542434685e-002 6.9841340184211745e-002 0.278431 0.274510 0.278431
v 8.4770973771810549e-003 3.2055735588073724e-002 6.9067426025867476e-002 0.325490 0.294118 0.258824
v 9.8186917603015917e-003 2.9758214950561520e-002 7.1518592536449446e-002 0.290196 0.274510 0.270588
v 1.0048626922070982e-002 3.2224029302597039e-002 7.0787563920021071e-002 0.231373 0.227451 0.231373
v 1.3909203931689266e-002 3.5813018679618829e-002 6.9356337189674391e-002 0.333333 0.301961 0.270588
v 4.7372360713779935e-003 3.3573240041732781e-002 6.9206908345222487e-002 0.313726 0.317647 0.325490
v 7.0088226348161715e-003 3.1435221433639519e-002 6.9554008543491377e-002 0.466667 0.462745 0.466667
v 3.9372472092509278e-003 3.0687361955642697e-002 7.2326399385929122e-002 0.274510 0.274510 0.294118
v 2.5858879089355473e-003 3.2257482409477227e-002 6.9129541516304030e-002 0.392157 0.364706 0.325490
v 2.7343532070517547e-002 2.8572723269462582e-002 6.7666433751583113e-002 0.223529 0.227451 0.227451
v 2.6621408760547645e-002 3.5870596766471856e-002 6.7406475543975844e-002 0.290196 0.286275 0.298039
v 2.4529665708541877e-002 3.5503059625625603e-002 6.8890213966369643e-002 0.388235 0.396078 0.411765
v 2.6794599369168288e-002 3.1072705984115597e-002 6.9657467305660262e-002 0.533333 0.556863 0.556863
v 2.0683720707893375e-002 2.6734873652458187e-002 7.4291788041591658e-002 0.345098 0.349020 0.360784
v 2.3268379271030429e-002 2.7490243315696713e-002 7.2649918496608748e-002 0.341176 0.356863 0.360784
v 2.6481516659259803e-002 2.6746705174446102e-002 7.0905722677707686e-002 0.239216 0.247059 0.258824
v 2.6423361152410514e-002 2.6669815182685849e-002 6.9267675280570998e-002 0.247059 0.247059 0.239216
v 1.9844785332679752e-002 3.6189228296279900e-002 6.8860411643981947e-002 0.321569 0.313726 0.305882
v 2.2925153374671940e-002 3.3864483237266534e-002 7.0853292942047133e-002 0.160784 0.156863 0.145098
v 2.1605616435408596e-002 3.5973936319351189e-002 6.8457707762718215e-002 0.325490 0.325490 0.325490
v 1.9769448786973957e-002 2.7797132730484005e-002 7.2793893516063704e-002 0.243137 0.239216 0.235294
v 1.8056308850646022e-002 2.6624798774719235e-002 7.5390800833702101e-002 0.200000 0.203922 0.215686
v 1.9951703026890758e-002 3.2274603843688958e-002 7.2049751877784743e-002 0.360784 0.368627 0.364706
v 1.6500569880008701e-002 3.1409874558448785e-002 7.3204360902309432e-002 0.196078 0.200000 0.207843
v 1.6177605837583545e-002 2.7513697743415829e-002 7.5603134930133833e-002 0.250980 0.258824 0.266667
v 1.7633523792028431e-002 2.8767898678779599e-002 7.3544919490814223e-002 0.274510 0.290196 0.294118
v 1.3906787149608139e-002 3.1264930963516228e-002 7.1829043328762068e-002 0.294118 0.254902 0.207843
v 2.5079997256398208e-002 2.7569815516471859e-002 7.2031699120998396e-002 0.298039 0.309804 0.325490
v 2.6354091241955764e-002 3.3932358026504510e-002 6.9448292255401625e-002 0.270588 0.270588 0.274510
v 1.4764498919248584e-002 2.9751703143119809e-002 7.4880152940750136e-002 0.262745 0.262745 0.266667
v 2.2651627659797672e-002 3.0595749616622921e-002 7.1210518479347243e-002 0.403922 0.423529 0.435294
v 1.9187262281775478e-002 3.0509084463119503e-002 7.2096288204193129e-002 0.329412 0.317647 0.301961
v 1.6888229176402095e-002 3.6670520901679986e-002 6.8529024720191969e-002 0.239216 0.243137 0.254902
v 1.8512951210141185e-002 3.5900071263313287e-002 7.0932365953922286e-002 0.352941 0.360784 0.384314
v 2.0375452935695652e-002 3.3310279250144952e-002 7.0487029850482955e-002 0.239216 0.235294 0.235294
v 1.5097961761057380e-002 3.4739643335342400e-002 7.0884212851524367e-002 0.329412 0.329412 0.333333
v 1.4270558953285221e-002 1.6093611717224118e-002 8.2255490124225630e-002 0.501961 0.513726 0.568627
v 1.3245313428342346e-002 1.3396814465522764e-002 8.1772275269031539e-002 0.345098 0.345098 0.356863
v 1.7388269305229190e-002 1.4964789152145384e-002 8.2206189632415785e-002 0.294118 0.290196 0.290196
v 1.4415898360311988e-002 2.0314365625381466e-002 8.0258794128894820e-002 0.321569 0.309804 0.294118
v 1.4702953398227695e-002 1.4068692922592161e-002 8.2225471735000624e-002 0.305882 0.313726 0.325490
vn -1.9557039439678192e-001 7.5872719287872314e-001 6.2135761976242065e-001
vn 1.2449130415916443e-002 -5.4865735769271851e-001 8.3595460653305054e-001
vn -1.9646388292312622e-001 8.2462972402572632e-001 5.3045994043350220e-001
vn -3.5333234071731567e-001 6.4078515768051147e-001 6.8157947063446045e-001
vn -6.6735789179801941e-002 7.3934733867645264e-001 6.7000883817672729e-001
vn -4.2347934842109680e-001 6.6198623180389404e-001 6.1841690540313721e-001
vn -2.0351195335388184e-001 6.8001228570938110e-001 7.0439070463180542e-001
vn -1.7935851216316223e-001 8.7718981504440308e-001 4.4538590312004089e-001
vn -2.6149749755859375e-001 7.4686920642852783e-001 6.1139637231826782e-001
vn -3.3822309970855713e-001 6.3398641347885132e-001 6.9546121358871460e-001
vn -2.6497894525527954e-001 5.5436110496520996e-001 7.8896766901016235e-001
vn -5.8853860944509506e-002 8.2749164104461670e-001 5.5838495492935181e-001
vn -2.7102535963058472e-001 6.2972742319107056e-001 7.2800326347351074e-001
vn -8.1663981080055237e-002 6.3915276527404785e-001 7.6473176479339600e-001
vn 1.1477360874414444e-001 -1.6299943625926971e-001 -9.7992765903472900e-001
vn -8.9569780975580215e-003 7.7793389558792114e-001 6.2828224897384644e-001
vn 1.2808936834335327e-001 6.8485867977142334e-001 7.1732968091964722e-001
vn -9.6464318037033081e-001 1.0774511098861694e-001 2.4052955210208893e-001
vn -4.2398849129676819e-001 5.0123691558837891e-001 7.5431776046752930e-001
vn 5.3164535760879517e-001 6.3181728124618530e-002 -8.4460717439651489e-001
vn -1.3650858402252197e-001 5.6601077318191528e-001 8.1301736831665039e-001
vn -4.3804083019495010e-002 7.6347321271896362e-001 6.4435225725173950e-001
vn 6.6694957204163074e-003 -4.8803240060806274e-001 -8.7279999256134033e-001
vn -1.5933400392532349e-001 -2.4677886068820953e-001 -9.5588332414627075e-001
vn 1.7783039808273315e-001 6.7964404821395874e-001 7.1166032552719116e-001
vn -1.1236574500799179e-001 5.4727745056152344e-001 8.2937401533126831e-001
vn -1.1032089591026306e-001 6.0510897636413574e-001 -7.8846210241317749e-001
vn -3.9671618491411209e-002 5.9738248586654663e-001 8.0097460746765137e-001
vn -7.3822870850563049e-002 3.7797707319259644e-001 -9.2286700010299683e-001
vn 2.6953011751174927e-001 8.6202286183834076e-002 -9.5912599563598633e-001
vn -9.2320352792739868e-002 -4.2712703347206116e-001 8.9946615695953369e-001
vn -4.2491722106933594e-001 6.8097543716430664e-001 5.9642076492309570e-001
vn -1.3182929158210754e-001 8.4163671731948853e-001 5.2370661497116089e-001
vn -2.3810644447803497e-001 5.9382504224777222e-001 7.6855516433715820e-001
vn -8.9298464357852936e-002 7.7170389890670776e-001 6.2968152761459351e-001
vn 2.5410661101341248e-001 6.1517858505249023e-001 -7.4631434679031372e-001
vn -1.5277782455086708e-002 -2.1956181526184082e-001 9.7547900676727295e-001
vn -3.3935245871543884e-001 6.0336512327194214e-001 -7.2165811061859131e-001
vn -4.0414181351661682e-001 7.2078847885131836e-001 5.6314593553543091e-001
vn 2.4354840815067291e-001 -7.2720944881439209e-002 -9.6715861558914185e-001
vn -5.1798528432846069e-001 8.5503739118576050e-001 2.4541186168789864e-002
vn -8.7574869394302368e-002 5.7415952906012535e-003 -9.9614143371582031e-001
vn 1.0186637192964554e-001 7.1008622646331787e-001 -6.9670712947845459e-001
vn -4.6500888466835022e-001 8.4070330858230591e-001 2.7746093273162842e-001
vn 4.3094873428344727e-002 -4.0216293931007385e-001 9.1455334424972534e-001
vn -2.0827960968017578e-001 7.9609805345535278e-001 5.6819665431976318e-001
vn -2.2047628462314606e-001 6.3478231430053711e-001 7.4056839942932129e-001
vn -4.9913308024406433e-001 7.9596525430679321e-001 3.4249898791313171e-001
vn -1.9172620773315430e-001 1.5658861398696899e-001 -9.6887618303298950e-001
vn -7.9518713057041168e-002 7.5662505626678467e-001 6.4899563789367676e-001
vn 1.6099609434604645e-001 7.4555498361587524e-001 -6.4670550823211670e-001
vn -7.0857062935829163e-002 3.4370025992393494e-001 9.3640232086181641e-001
vn -6.4599436521530151e-001 5.2369582653045654e-001 5.5536824464797974e-001
vn -1.2229359149932861e-001 -5.2436727285385132e-001 -8.4266442060470581e-001
vn -5.8721280097961426e-001 7.8788053989410400e-001 -1.8554066121578217e-001
vn 1.5298330783843994e-001 -3.9612963795661926e-001 9.0536040067672729e-001
vn -1.6679331660270691e-001 8.8597708940505981e-001 -4.3269458413124084e-001
vn -4.5062729716300964e-001 8.9271211624145508e-001 -2.4824723368510604e-004
vn -7.2307473421096802e-001 6.7268693447113037e-001 1.5701949596405029e-001
vn -5.3905379772186279e-001 8.0337870121002197e-001 -2.5298947095870972e-001
vn -5.8164870738983154e-001 4.6332257986068726e-001 6.6859340667724609e-001
vn -7.0177948474884033e-001 6.3188290596008301e-001 3.2898253202438354e-001
vn -8.2867729663848877e-001 4.6131634712219238e-001 3.1698781251907349e-001
vn -6.2634623050689697e-001 6.8818479776382446e-001 3.6618572473526001e-001
vn -3.5439220070838928e-001 8.5918301343917847e-001 -3.6906746029853821e-001
vn -3.3299860358238220e-001 8.9730620384216309e-001 -2.8974735736846924e-001
vn -5.0471621751785278e-001 8.3143711090087891e-001 -2.3232252895832062e-001
vn -5.6938254833221436e-001 8.0709898471832275e-001 -1.5618816018104553e-001
vn -5.6683850288391113e-001 8.2068353891372681e-001 -7.1920827031135559e-002
vn -3.9105632901191711e-001 8.4914231300354004e-001 -3.5501024127006531e-001
vn -8.2128417491912842e-001 5.4889887571334839e-001 -1.5557086467742920e-001
vn -7.6627236604690552e-001 6.4219868183135986e-001 2.0184747874736786e-002
vn -5.6573265790939331e-001 7.8924947977066040e-001 -2.3881343007087708e-001
vn -4.2940095067024231e-001 8.0937463045120239e-001 -4.0065884590148926e-001
vn -8.4030365943908691e-001 5.2342426776885986e-001 -1.4112675189971924e-001
vn -6.0639005899429321e-001 7.6817339658737183e-001 -2.0542839169502258e-001
vn -7.7263790369033813e-001 6.1882668733596802e-001 -1.4171907305717468e-001
vn -6.5928733348846436e-001 7.2230643033981323e-001 -2.0883868634700775e-001
vn -5.5031478404998779e-001 8.1518101692199707e-001 -1.8064746260643005e-001
vn -6.6397738456726074e-001 7.4740374088287354e-001 2.2838156670331955e-002
vn -6.7716145515441895e-001 7.2051858901977539e-001 1.4934939146041870e-001
vn -8.2763284444808960e-001 5.5898660421371460e-001 -5.0575360655784607e-002
vn -7.6489752531051636e-001 6.2737423181533813e-001 -1.4605922996997833e-001
vn -4.5544180274009705e-001 8.1453841924667358e-001 -3.5930493474006653e-001
vn -4.9728044867515564e-001 8.0479019880294800e-001 -3.2407537102699280e-001
vn -7.9697024822235107e-001 5.5977958440780640e-001 2.2690348327159882e-001
vn -4.6993786096572876e-001 8.2530736923217773e-001 -3.1309142708778381e-001
vn -7.1850031614303589e-001 6.6071861982345581e-001 -2.1727442741394043e-001
vn -8.9470726251602173e-001 4.4378781318664551e-001 -5.0509527325630188e-002
vn -4.1033396124839783e-001 8.6127376556396484e-001 -2.9972234368324280e-001
vn -6.7005640268325806e-001 6.9681918621063232e-001 -2.5586616992950439e-001
vn -3.2537627220153809e-001 9.2191916704177856e-001 -2.1022686362266541e-001
vn -8.3752661943435669e-001 5.4590976238250732e-001 2.3056885227560997e-002
vn -3.6408361792564392e-001 8.7157112360000610e-001 -3.2833948731422424e-001
vn -4.4614991545677185e-001 7.8985464572906494e-001 -4.2080864310264587e-001
vn -5.9983783960342407e-001 6.8258631229400635e-001 -4.1745719313621521e-001
vn -6.1494791507720947e-001 6.3413208723068237e-001 -4.6873834729194641e-001
vn -4.7779601812362671e-001 6.2319159507751465e-001 -6.1914718151092529e-001
vn -6.9349104166030884e-001 5.2300155162811279e-001 -4.9551948904991150e-001
vn -6.4526140689849854e-001 6.6715931892395020e-001 -3.7220454216003418e-001
vn -8.1443154811859131e-001 4.8096174001693726e-001 -3.2461833953857422e-001
vn -6.2708222866058350e-001 5.0787341594696045e-001 -5.9062033891677856e-001
vn -5.6854718923568726e-001 6.6238915920257568e-001 -4.8784700036048889e-001
vn -5.6729775667190552e-001 5.9601795673370361e-001 -5.6827443838119507e-001
vn -8.0393201112747192e-001 5.8576220273971558e-001 -1.0283933579921722e-001
vn -6.1393272876739502e-001 6.3189417123794556e-001 -4.7307115793228149e-001
vn -6.3212072849273682e-001 7.5401568412780762e-001 1.7856027185916901e-001
vn -7.5577282905578613e-001 4.3582394719123840e-001 -4.8873817920684814e-001
vn -9.2892014980316162e-001 3.6978122591972351e-001 -1.9216066226363182e-002
vn -9.3729573488235474e-001 2.7105408906936646e-001 2.1910347044467926e-001
vn -8.3930164575576782e-001 4.8321896791458130e-001 -2.4914290010929108e-001
vn -9.4215863943099976e-001 1.1296214163303375e-001 3.1555768847465515e-001
vn -8.7849652767181396e-001 4.7257810831069946e-001 -7.0098347961902618e-002
vn -9.4177842140197754e-001 2.1282379329204559e-001 2.6030659675598145e-001
vn -9.5971196889877319e-001 2.2839698195457458e-001 1.6366969048976898e-001
vn -9.5314717292785645e-001 2.9685008525848389e-001 5.8227073401212692e-002
vn -9.7235256433486938e-001 2.2644729912281036e-001 5.7028580456972122e-002
vn -8.6982560157775879e-001 4.1765478253364563e-001 -2.6261731982231140e-001
vn -9.2508876323699951e-001 1.5737041831016541e-001 3.4560859203338623e-001
vn -9.0233224630355835e-001 4.2645606398582458e-001 6.2704697251319885e-002
vn -9.0125417709350586e-001 4.0487810969352722e-001 1.5432019531726837e-001
vn -8.9990276098251343e-001 4.2555251717567444e-001 9.5289960503578186e-002
vn -8.8795357942581177e-001 4.1536569595336914e-001 1.9750903546810150e-001
vn -8.6394387483596802e-001 4.2994982004165649e-001 2.6219099760055542e-001
vn -9.3432587385177612e-001 3.5503792762756348e-001 3.1356837600469589e-002
vn -9.6174311637878418e-001 1.6213127970695496e-001 2.2082495689392090e-001
vn -9.7745674848556519e-001 1.7096231877803802e-001 1.2389606982469559e-001
vn -9.1497838497161865e-001 4.0213796496391296e-001 3.3159438520669937e-002
vn -9.3226075172424316e-001 2.3183760046958923e-001 2.7774307131767273e-001
vn -8.3971142768859863e-001 5.0884866714477539e-001 1.8962532281875610e-001
vn -8.8753318786621094e-001 4.6064805984497070e-001 9.3911737203598022e-003
vn -8.8532721996307373e-001 4.1967967152595520e-001 -2.0016162097454071e-001
vn -7.9567587375640869e-001 6.0169750452041626e-001 6.9713696837425232e-002
vn -7.4991583824157715e-001 5.8015185594558716e-001 3.1788378953933716e-001
vn -9.2275917530059814e-001 3.5411199927330017e-001 1.5205317735671997e-001
vn -9.1250139474868774e-001 3.2022762298583984e-001 2.5454956293106079e-001
vn 7.3809780180454254e-002 -2.8412345051765442e-001 9.5594245195388794e-001
vn 6.7138612270355225e-002 -6.3946999609470367e-002 9.9569225311279297e-001
vn -6.1640873551368713e-002 4.9444805830717087e-002 9.9687284231185913e-001
vn -1.7801649868488312e-001 -1.7053978145122528e-001 9.6913683414459229e-001
vn -8.5423462092876434e-002 2.1310639381408691e-001 9.7328746318817139e-001
vn -2.2759608924388885e-001 4.9880194664001465e-001 8.3629935979843140e-001
vn -1.6538719832897186e-001 -1.6414099931716919e-001 9.7247362136840820e-001
vn 1.0531709343194962e-001 -3.5509282350540161e-001 9.2887961864471436e-001
vn -2.9679268598556519e-002 -2.2078096866607666e-001 9.7487181425094604e-001
vn -2.4379645287990570e-001 3.6115336418151855e-001 9.0007311105728149e-001
vn 2.8338035941123962e-001 -2.6464217901229858e-001 9.2177003622055054e-001
vn -8.1885665655136108e-002 9.4614863395690918e-002 9.9214047193527222e-001
vn -2.6577126234769821e-002 8.2843798398971558e-001 5.5944985151290894e-001
vn -4.2452901601791382e-001 9.0431219339370728e-001 4.4660601764917374e-002
vn -5.2963358163833618e-001 8.4769409894943237e-001 -3.0051710084080696e-002
vn -1.8319083750247955e-001 8.7472772598266602e-001 4.4865632057189941e-001
vn -5.8837628364562988e-001 8.0788028240203857e-001 -3.3806353807449341e-002
vn -7.3155723512172699e-002 9.2962169647216797e-001 3.6118099093437195e-001
vn -3.4772658348083496e-001 9.3712490797042847e-001 2.9718695208430290e-002
vn 3.4669663757085800e-002 8.5983240604400635e-001 5.0939798355102539e-001
vn -2.4559205770492554e-001 9.6214926242828369e-001 1.1812447011470795e-001
vn -3.4602010250091553e-001 9.3615776300430298e-001 -6.2278524041175842e-002
vn -7.2549551725387573e-002 8.5375672578811646e-001 5.1559281349182129e-001
vn -2.1565352380275726e-001 9.4154477119445801e-001 2.5881868600845337e-001
vn -3.1923347711563110e-001 9.4756025075912476e-001 1.4817584306001663e-002
vn -1.3786204159259796e-001 8.1768023967742920e-001 5.5892127752304077e-001
vn -3.4172031283378601e-001 9.3979620933532715e-001 3.2057359348982573e-003
vn -2.2418394684791565e-001 7.7804863452911377e-001 5.8684068918228149e-001
vn -8.5120630264282227e-001 3.3768740296363831e-001 4.0176492929458618e-001
vn -9.1731452941894531e-001 2.7754810452461243e-001 2.8548401594161987e-001
vn -9.2075753211975098e-001 3.2875126600265503e-001 2.1006745100021362e-001
vn -8.0519556999206543e-001 1.1282702535390854e-001 5.8217698335647583e-001
vn -7.5120860338211060e-001 5.6498098373413086e-001 3.4129482507705688e-001
vn -5.7412391901016235e-001 7.9586207866668701e-001 1.9231551885604858e-001
vn 2.2165711224079132e-001 -2.7347031235694885e-001 9.3599253892898560e-001
vn -4.9918696284294128e-001 6.4099597930908203e-001 5.8304083347320557e-001
vn -8.6693078279495239e-001 1.9745607674121857e-001 4.5764845609664917e-001
vn -6.5899658203125000e-001 7.4298912286758423e-001 -1.1700624972581863e-001
vn -6.5825112164020538e-002 8.0773860216140747e-001 -5.8585447072982788e-001
vn 1.1636766046285629e-001 9.9248540401458740e-001 3.7832144647836685e-002
vn 5.2081549167633057e-001 8.4189289808273315e-001 -1.4130635559558868e-001
vn -9.1652649641036987e-001 3.2159388065338135e-001 2.3781640827655792e-001
vn 1.5055000782012939e-001 -6.8740516901016235e-001 7.1049898862838745e-001
vn -8.1663537025451660e-001 2.8834953904151917e-001 4.9996125698089600e-001
vn -8.3540779352188110e-001 5.3226560354232788e-001 1.3706623017787933e-001
vn -8.3847743272781372e-001 4.9741750955581665e-001 2.2255636751651764e-001
vn -4.5724520087242126e-001 8.4750479459762573e-001 -2.6955994963645935e-001
vn -8.9061594009399414e-001 3.6952421069145203e-001 2.6505684852600098e-001
vn -8.6060613393783569e-001 4.8592269420623779e-001 1.5243433415889740e-001
vn -2.8574103116989136e-001 9.5406585931777954e-001 -9.0057596564292908e-002
vn -2.3470243811607361e-001 8.8435566425323486e-001 -4.0352174639701843e-001
vn 1.9032877683639526e-001 -5.1946336030960083e-001 8.3302628993988037e-001
vn -8.5234946012496948e-001 -2.8409332036972046e-001 4.3908020853996277e-001
vn -8.3998984098434448e-001 1.0153046250343323e-001 5.3301835060119629e-001
vn -5.3381586074829102e-001 7.7115160226821899e-001 3.4693786501884460e-001
vn -5.0715589523315430e-001 7.9890412092208862e-001 -3.2333436608314514e-001
vn 8.3216369152069092e-002 -5.7106268405914307e-001 8.1667768955230713e-001
vn -8.2747000455856323e-001 4.6106833219528198e-001 3.2048314809799194e-001
vn 2.9927235841751099e-001 -7.4290513992309570e-001 5.9877204895019531e-001
vn -2.2819307446479797e-001 -3.0396330356597900e-001 -9.2495095729827881e-001
vn -7.1380668878555298e-001 3.7457284331321716e-001 5.9175610542297363e-001
vn -8.8458728790283203e-001 3.3961531519889832e-001 3.1963530182838440e-001
vn -8.6400842666625977e-001 4.2172944545745850e-001 2.7501600980758667e-001
vn -8.1031185388565063e-001 5.5830597877502441e-001 1.7801457643508911e-001
vn 2.9467603564262390e-001 -5.4795044660568237e-001 7.8288972377777100e-001
vn -7.5064069032669067e-001 6.4245891571044922e-001 1.5422412753105164e-001
vn 2.4338929355144501e-001 -6.5237373113632202e-001 7.1775364875793457e-001
vn -8.0460590124130249e-001 5.6956630945205688e-001 1.6793891787528992e-001
vn -8.3775293827056885e-001 5.0565636157989502e-001 2.0611058175563812e-001
vn -9.2741608619689941e-001 1.1350443959236145e-001 3.5639312863349915e-001
vn -7.8163242340087891e-001 6.1726629734039307e-001 8.9627288281917572e-002
vn 1.9242878258228302e-001 -5.4232299327850342e-001 8.1783676147460938e-001
vn 9.3460589647293091e-002 -4.1122981905937195e-001 9.0672767162322998e-001
vn 1.2185200303792953e-001 -5.3956305980682373e-001 8.3308088779449463e-001
vn 2.7597451210021973e-001 -3.9482530951499939e-001 8.7632817029953003e-001
vn -2.5633197277784348e-002 -4.2216277122497559e-001 9.0615755319595337e-001
vn -2.7111449837684631e-001 2.0452861487865448e-001 9.4056636095046997e-001
vn -8.9824140071868896e-001 1.9259351491928101e-001 3.9505696296691895e-001
vn -1.6596610844135284e-001 -5.4899471998214722e-001 8.1918257474899292e-001
vn -8.1193774938583374e-001 5.5647534132003784e-001 1.7633019387722015e-001
vn 2.6229763031005859e-001 -6.2089508771896362e-001 7.3870778083801270e-001
vn -7.1039783954620361e-001 2.7951669692993164e-001 6.4591443538665771e-001
vn -7.6161986589431763e-001 6.4727950096130371e-001 3.1055388972163200e-002
vn 7.5663410127162933e-002 2.0403610169887543e-001 9.7603499889373779e-001
vn -8.4799551963806152e-001 4.9407735466957092e-001 1.9181041419506073e-001
vn -8.5601085424423218e-001 5.1672351360321045e-001 1.5567517839372158e-002
vn -9.2994183301925659e-001 3.3478748798370361e-001 1.5207052230834961e-001
vn -9.0700590610504150e-001 4.1974592208862305e-001 -3.3964939415454865e-002
vn -8.6737811565399170e-001 4.9750891327857971e-001 1.1836296878755093e-002
vn -4.3880945444107056e-001 4.8140263557434082e-001 -7.5874745845794678e-001
vn -6.9542682170867920e-001 5.6181466579437256e-001 -4.4804674386978149e-001
vn -5.7055139541625977e-001 3.9602345228195190e-001 -7.1946960687637329e-001
vn -6.6075652837753296e-001 6.6226673126220703e-001 -3.5327541828155518e-001
vn -6.9296771287918091e-001 5.3311634063720703e-001 -4.8536872863769531e-001
vn -6.5133178234100342e-001 6.7494952678680420e-001 -3.4671309590339661e-001
vn -6.8558973073959351e-001 6.9549793004989624e-001 -2.1505649387836456e-001
vn -7.3591834306716919e-001 3.7659707665443420e-001 -5.6267106533050537e-001
vn -9.2758184671401978e-001 2.5753879547119141e-001 2.7067625522613525e-001
vn -1.2734575569629669e-001 6.4726334810256958e-001 -7.5155383348464966e-001
vn -1.4005759358406067e-001 5.9718817472457886e-001 -7.8977859020233154e-001
vn 1.5598510205745697e-001 8.5414832830429077e-001 -4.9608379602432251e-001
vn -6.1295163631439209e-001 5.9149670600891113e-001 -5.2385294437408447e-001
vn -6.8989831209182739e-001 6.0250234603881836e-001 -4.0128707885742188e-001
vn -7.3900943994522095e-001 5.2757257223129272e-001 -4.1896566748619080e-001
vn -7.1306985616683960e-001 4.9558323621749878e-001 -4.9591189622879028e-001
vn -7.3679691553115845e-001 4.6984010934829712e-001 -4.8618975281715393e-001
vn -2.6254361867904663e-001 7.9399865865707397e-001 -5.4830372333526611e-001
vn -7.3720192909240723e-001 4.9474114179611206e-001 -4.6017870306968689e-001
vn -6.6217231750488281e-001 6.7197030782699585e-001 -3.3163797855377197e-001
vn -6.6624402999877930e-001 7.3675793409347534e-001 -1.1535431444644928e-001
vn -6.7264515161514282e-001 7.2144293785095215e-001 -1.6452550888061523e-001
vn -3.8807503879070282e-002 9.8116821050643921e-001 -1.8921637535095215e-001
vn -2.0198114216327667e-003 9.9596625566482544e-001 -8.9705951511859894e-002
vn -7.9356980323791504e-001 5.6694269180297852e-001 2.2095939517021179e-001
vn -7.7099597454071045e-001 -4.9005069740815088e-005 6.3684004545211792e-001
vn 5.1580142229795456e-002 -5.2141535282135010e-001 8.5174268484115601e-001
vn 3.7606614828109741e-001 -5.7367789745330811e-001 7.2764551639556885e-001
vn -7.1174919605255127e-001 6.2123906612396240e-001 3.2783406972885132e-001
vn -7.5011467933654785e-001 -2.5598281621932983e-001 6.0975468158721924e-001
vn -9.0926980972290039e-001 3.2339817285537720e-001 2.6199609041213989e-001
vn -9.0653526782989502e-001 3.9185249805450439e-001 1.5698847174644470e-001
vn -8.1917917728424072e-001 5.4913419485092163e-001 1.6552090644836426e-001
vn -1.9558833912014961e-002 -1.3969990611076355e-001 9.9000072479248047e-001
vn 2.2452856600284576e-001 -5.0081008672714233e-001 8.3592838048934937e-001
vn 1.7573645710945129e-001 -3.6854952573776245e-001 9.1284608840942383e-001
vn -4.2877671122550964e-001 -8.0412201583385468e-002 -8.9982461929321289e-001
vn -7.9855287075042725e-001 1.7430622875690460e-001 5.7613426446914673e-001
vn 9.8922625184059143e-002 -2.7035948634147644e-001 9.5766383409500122e-001
vn 5.8957081288099289e-002 -4.1303956508636475e-001 9.0880274772644043e-001
vn 2.8843107819557190e-001 -3.8732388615608215e-001 8.7566423416137695e-001
vn 2.5734272599220276e-001 -6.4609879255294800e-001 7.1856188774108887e-001
vn -9.1654235124588013e-001 3.0813965201377869e-001 2.5495103001594543e-001
vn -8.7073314189910889e-001 3.4198758006095886e-001 3.5336700081825256e-001
vn 5.0452387332916260e-001 -3.6732530593872070e-001 7.8136283159255981e-001
vn -8.6628580093383789e-001 4.3757256865501404e-001 2.4099607765674591e-001
vn -8.3547341823577881e-001 4.7913083434104919e-001 2.6910558342933655e-001
vn -7.9363502562046051e-002 -5.6661939620971680e-001 8.2014870643615723e-001
vn 1.6933038830757141e-001 -5.9188038110733032e-001 7.8803867101669312e-001
vn -8.8049101829528809e-001 4.2262050509452820e-001 2.1477313339710236e-001
vn -9.1323959827423096e-001 2.5545889139175415e-001 3.1738656759262085e-001
vn -8.7232095003128052e-001 3.7509107589721680e-001 3.1362855434417725e-001
vn -9.4490122795104980e-001 2.2743952274322510e-001 2.3544204235076904e-001
vn -8.9480245113372803e-001 2.6721438765525818e-001 3.5766616463661194e-001
vn -9.8063719272613525e-001 1.3209332525730133e-001 1.4457532763481140e-001
vn -9.3786364793777466e-001 1.9774223864078522e-001 2.8514856100082397e-001
vn -9.5872533321380615e-001 2.0150178670883179e-001 2.0060612261295319e-001
vn -4.0027922391891479e-001 1.7848567664623260e-001 -8.9884340763092041e-001
vn -7.0178663730621338e-001 6.7869406938552856e-001 -2.1649441123008728e-001
vn -4.7877165675163269e-001 6.6535574197769165e-001 -5.7278221845626831e-001
vn -3.9670583605766296e-001 7.1986526250839233e-001 -5.6957739591598511e-001
vn -5.2594780921936035e-001 6.1631643772125244e-001 -5.8611690998077393e-001
vn -4.3526694178581238e-001 5.7051640748977661e-001 -6.9645804166793823e-001
vn -7.0543795824050903e-001 6.9517642259597778e-001 -1.3815620541572571e-001
vn -4.4928911328315735e-001 3.0557593703269958e-001 -8.3950144052505493e-001
vn -7.0699465274810791e-001 6.6325670480728149e-001 -2.4545709788799286e-001
vn -6.8018835783004761e-001 7.1006810665130615e-001 -1.8206349015235901e-001
vn -6.0257750749588013e-001 7.1266067028045654e-001 3.5918670892715454e-001
vn -4.6345761418342590e-001 8.1452357769012451e-001 -3.4893900156021118e-001
vn -7.6563346385955811e-001 6.2002396583557129e-001 -1.7139326035976410e-001
vn -7.5842541456222534e-001 5.9393411874771118e-001 2.6839008927345276e-001
vn -7.5295025110244751e-001 6.4425051212310791e-001 -1.3419070839881897e-001
vn -4.1590672731399536e-001 8.9363890886306763e-001 -1.6861531138420105e-001
vn -8.1449222564697266e-001 5.7753008604049683e-001 -5.5330254137516022e-002
vn -5.3794842958450317e-001 8.2645469903945923e-001 1.6608475148677826e-001
vn -6.9130259752273560e-001 7.2205221652984619e-001 -2.7226472273468971e-002
vn -4.2192420363426208e-001 8.4413713216781616e-001 -3.3077552914619446e-001
vn -8.6592680215835571e-001 4.9598559737205505e-001 6.4568944275379181e-002
vn -7.8987276554107666e-001 6.1227881908416748e-001 -3.4864760935306549e-002
vn -6.7505651712417603e-001 6.6061174869537354e-001 -3.2846748828887939e-001
vn -8.1356436014175415e-001 5.4039388895034790e-001 2.1468007564544678e-001
vn -3.0670142173767090e-001 9.5177978277206421e-001 7.0385322906076908e-003
vn -8.3962458372116089e-001 5.4261326789855957e-001 -2.4521332234144211e-002
vn -5.7764631509780884e-001 7.5963574647903442e-001 -2.9879480600357056e-001
vn -8.1141716241836548e-001 5.8277201652526855e-001 -4.4484972953796387e-002
vn -6.0188460350036621e-001 7.8106033802032471e-001 -1.6637203097343445e-001
vn -8.2277154922485352e-001 5.5128180980682373e-001 -1.3833062350749969e-001
vn -7.8921985626220703e-001 6.0575920343399048e-001 -1.0093489289283752e-001
vn -7.6610249280929565e-001 5.9915816783905029e-001 -2.3258624970912933e-001
vn -5.5710673332214355e-001 8.3029681444168091e-001 -1.5469540841877460e-002
vn -6.5595173835754395e-001 7.5469434261322021e-001 1.2796315364539623e-002
vn -6.4296841621398926e-001 7.1892410516738892e-001 -2.6408299803733826e-001
vn -7.2430634498596191e-001 6.6079252958297729e-001 -1.9680856168270111e-001
vn -6.6145914793014526e-001 6.9694846868515015e-001 -2.7701002359390259e-001
vn -5.0897717475891113e-001 8.5729300975799561e-001 7.7400878071784973e-002
vn -8.4626233577728271e-001 5.2878981828689575e-001 -6.4972527325153351e-002
vn -6.2361353635787964e-001 7.4879717826843262e-001 2.2451928257942200e-001
vn -6.8250113725662231e-001 6.9777297973632813e-001 -2.1749722957611084e-001
vn -6.3015776872634888e-001 7.1822446584701538e-001 -2.9505047202110291e-001
vn -8.3825117349624634e-001 5.1691204309463501e-001 -1.7359969019889832e-001
vn -4.7149562835693359e-001 8.8168561458587646e-001 1.7952175810933113e-002
vn -8.8871276378631592e-001 4.5459622144699097e-001 5.9430696070194244e-002
vn -7.8560787439346313e-001 6.0889065265655518e-001 -1.0987479984760284e-001
vn -6.2433511018753052e-001 7.4377620220184326e-001 -2.3875209689140320e-001
vn 8.8728606700897217e-002 9.1309899091720581e-001 -3.9796689152717590e-001
vn -2.8571674227714539e-001 9.4468194246292114e-001 -1.6106557846069336e-001
vn -7.8406381607055664e-001 5.7519000768661499e-001 -2.3323872685432434e-001
vn 3.0532335862517357e-002 9.2711955308914185e-001 -3.7351995706558228e-001
vn -6.0304027795791626e-001 7.3221361637115479e-001 -3.1655290722846985e-001
vn -1.9154781103134155e-001 8.6085557937622070e-001 -4.7142028808593750e-001
vn -2.3756112158298492e-001 9.6395748853683472e-001 -1.1979410052299500e-001
vn -2.8153151273727417e-001 8.0693978071212769e-001 -5.1921886205673218e-001
vn -2.7202454209327698e-001 8.1684148311614990e-001 -5.0869703292846680e-001
vn -5.2543014287948608e-001 6.7772078514099121e-001 -5.1441007852554321e-001
vn 5.8533710241317749e-001 7.9915404319763184e-001 -1.3686951994895935e-001
vn -4.0012669563293457e-001 8.7460583448410034e-001 -2.7379411458969116e-001
vn -3.3960974216461182e-001 7.8003871440887451e-001 -5.2555185556411743e-001
vn -3.1322228908538818e-001 7.4846029281616211e-001 -5.8455038070678711e-001
vn -5.6183135509490967e-001 8.0283987522125244e-001 -1.9948317110538483e-001
vn -6.2775880098342896e-001 6.6068923473358154e-001 -4.1159263253211975e-001
vn -7.2588759660720825e-001 6.0195809602737427e-001 -3.3276683092117310e-001
vn -2.5293797254562378e-001 9.1363996267318726e-001 -3.1825214624404907e-001
vn -5.6651294231414795e-001 6.0170358419418335e-001 -5.6304174661636353e-001
vn -5.1332587003707886e-001 6.6478830575942993e-001 -5.4272753000259399e-001
vn -7.8384613990783691e-001 6.1993968486785889e-001 3.5496886819601059e-002
vn -8.0038952827453613e-001 5.4214262962341309e-001 2.5584775209426880e-001
vn 1.5855279564857483e-001 9.6083366870880127e-001 -2.2728750109672546e-001
vn -6.4643698930740356e-001 6.3171148300170898e-001 -4.2785495519638062e-001
vn 2.2849361598491669e-001 9.4847768545150757e-001 -2.1950139105319977e-001
vn -4.0273490548133850e-001 7.4586838483810425e-001 -5.3055149316787720e-001
vn -2.9164746403694153e-001 8.1888425350189209e-001 -4.9433815479278564e-001
vn -6.9910073280334473e-001 7.1442639827728271e-001 2.9209231957793236e-002
vn -7.2191148996353149e-001 6.1564385890960693e-001 -3.1595337390899658e-001
vn -8.7229639291763306e-001 4.8217529058456421e-001 -8.1277966499328613e-002
vn -8.8914108276367188e-001 4.1308364272117615e-001 -1.9695170223712921e-001
vn -8.9028972387313843e-001 4.5034724473953247e-001 6.7614130675792694e-002
vn -9.2215907573699951e-001 3.8284426927566528e-001 -5.5252850055694580e-002
vn -8.6572384834289551e-001 5.0050073862075806e-001 -4.6118199825286865e-003
vn -9.4338935613632202e-001 3.1497284770011902e-001 -1.0396479815244675e-001
vn -9.3478870391845703e-001 3.3797290921211243e-001 -1.0929047316312790e-001
vn -8.5253804922103882e-001 5.0898772478103638e-001 -1.1878715455532074e-001
vn -7.2533446550369263e-001 6.4514565467834473e-001 -2.4016021192073822e-001
vn -7.4373072385787964e-001 6.5703845024108887e-001 -1.2314682453870773e-001
vn -7.7237349748611450e-001 6.1240071058273315e-001 -1.6853633522987366e-001
vn -9.4799631834030151e-001 3.0289083719253540e-001 -9.7775861620903015e-002
vn -6.8904095888137817e-001 7.0810014009475708e-001 -1.5432716906070709e-001
vn -8.0534768104553223e-001 5.8659213781356812e-001 8.5585698485374451e-002
vn -9.1494190692901611e-001 3.5280993580818176e-001 -1.9597546756267548e-001
vn -8.3764600753784180e-001 5.2432727813720703e-001 -1.5306907892227173e-001
vn -6.5395349264144897e-001 6.5914547443389893e-001 -3.7131130695343018e-001
vn -5.2365463972091675e-001 8.5191410779953003e-001 -5.3150355815887451e-003
vn -4.4998702406883240e-001 8.5425132513046265e-001 -2.6031988859176636e-001
vn -4.8679363727569580e-001 8.5309344530105591e-001 -1.8778595328330994e-001
vn -5.1253122091293335e-001 8.5275804996490479e-001 -1.0057523846626282e-001
vn -5.8258092403411865e-001 8.0069547891616821e-001 -1.3959287106990814e-001
vn -1.4863935112953186e-001 8.0053895711898804e-001 5.8055466413497925e-001
vn -5.4588007926940918e-001 8.3031356334686279e-001 -1.1222451180219650e-001
vn -3.6245283484458923e-001 9.2355650663375854e-001 1.2518534064292908e-001
vn -4.6722301840782166e-001 8.3827441930770874e-001 2.8106692433357239e-001
vn -1.0084120184183121e-001 8.1078362464904785e-001 5.7659435272216797e-001
vn -1.0799663513898849e-001 6.9094467163085938e-001 7.1479529142379761e-001
vn -3.2374158501625061e-001 9.3320232629776001e-001 1.5596401691436768e-001
vn -5.2212554216384888e-001 8.4952026605606079e-001 -7.5499415397644043e-002
vn -2.2070358693599701e-001 8.1759780645370483e-001 5.3181177377700806e-001
vn -1.8281239271163940e-001 -1.2635402381420135e-001 -9.7499454021453857e-001
vn -1.5776230394840240e-001 5.4134044796228409e-002 -9.8599213361740112e-001
vn -8.8446535170078278e-002 1.0964782536029816e-001 -9.9002760648727417e-001
vn -1.4843305945396423e-001 -1.0729556530714035e-001 -9.8308455944061279e-001
vn 6.9319173693656921e-002 -3.2810020446777344e-001 -9.4209611415863037e-001
vn 1.6434083878993988e-001 -6.7384079098701477e-002 -9.8409932851791382e-001
vn 3.6739494651556015e-002 -1.9186818599700928e-001 -9.8073279857635498e-001
vn -1.0536789149045944e-001 -3.0517133418470621e-003 -9.9442863464355469e-001
vn 6.2353879213333130e-002 -2.9379469156265259e-001 -9.5383268594741821e-001
vn 4.1630503535270691e-001 -1.1839258670806885e-001 -9.0148401260375977e-001
vn -4.4328309595584869e-002 -4.7175067663192749e-001 -8.8061702251434326e-001
vn 3.2404413819313049e-001 -1.3288091123104095e-001 -9.3666326999664307e-001
vn 3.9330658316612244e-001 -1.5164756774902344e-001 -9.0681469440460205e-001
vn 6.2015540897846222e-003 -5.1902943849563599e-001 -8.5473388433456421e-001
vn -2.9278299212455750e-001 -4.1125255823135376e-001 -8.6322039365768433e-001
vn 1.9774158298969269e-001 -2.5773489475250244e-001 -9.4576478004455566e-001
vn 2.4887324869632721e-001 -4.2662978172302246e-001 -8.6951082944869995e-001
vn 2.9574720188975334e-002 -5.7215583324432373e-001 -8.1961154937744141e-001
vn -1.0238368064165115e-001 -1.6852924227714539e-001 -9.8036497831344604e-001
vn 1.3381080329418182e-001 -6.0112994909286499e-001 -7.8786897659301758e-001
vn 1.4250046014785767e-001 -5.0781464576721191e-001 -8.4959870576858521e-001
vn -1.4944911003112793e-001 -4.5747956633567810e-001 -8.7657141685485840e-001
vn 6.0855839401483536e-002 -2.2048990428447723e-001 -9.7348898649215698e-001
vn 9.6562094986438751e-002 -6.2204957008361816e-001 -7.7700072526931763e-001
vn 2.0891927182674408e-001 -3.4341287612915039e-001 -9.1565293073654175e-001
vn 1.7675212025642395e-001 -5.6336939334869385e-001 8.0707716941833496e-001
vn 1.4725524932146072e-002 -5.2838909626007080e-001 -8.4887462854385376e-001
vn 7.3301367461681366e-002 -5.8966279029846191e-001 -8.0431634187698364e-001
vn 3.4122508019208908e-002 -6.1432456970214844e-001 7.8831529617309570e-001
vn 8.3878137171268463e-002 -4.5235171914100647e-001 8.8788646459579468e-001
vn 7.0753023028373718e-002 -5.1635789871215820e-001 -8.5344505310058594e-001
vn -5.4400372505187988e-001 6.6918516159057617e-001 -5.0621247291564941e-001
vn -7.3842155933380127e-001 6.5766209363937378e-001 -1.4904399216175079e-001
vn -2.2149515151977539e-001 -5.6056940555572510e-001 7.9793596267700195e-001
vn -4.9909222126007080e-001 7.8642547130584717e-001 -3.6392584443092346e-001
vn -5.5560415983200073e-001 3.1851235032081604e-001 -7.6801949739456177e-001
vn -4.9162703752517700e-001 6.8202692270278931e-001 -5.4142606258392334e-001
vn -6.6840344667434692e-001 7.4169731140136719e-001 -5.5876184254884720e-002
vn -3.4706670045852661e-001 -4.1508319973945618e-001 8.4098201990127563e-001
vn -4.0811639279127121e-002 -4.0098661184310913e-001 -9.1517436504364014e-001
vn -4.5605567097663879e-001 7.9596185684204102e-001 -3.9806783199310303e-001
vn -3.6257183551788330e-001 8.6447244882583618e-001 -3.4817966818809509e-001
vn 8.7651558220386505e-002 -6.8322712182998657e-001 7.2492611408233643e-001
vn -2.6647695899009705e-001 8.9860397577285767e-001 3.4856978058815002e-001
vn -2.1359273791313171e-001 7.7498066425323486e-001 5.9479671716690063e-001
vn -1.9370874762535095e-001 -6.3139849901199341e-001 7.5087475776672363e-001
vn -2.6317581534385681e-001 7.9133820533752441e-001 5.5183553695678711e-001
vn -2.3388935625553131e-001 7.1108222007751465e-001 6.6306704282760620e-001
vn -8.4944665431976318e-003 9.1771566867828369e-001 3.9714699983596802e-001
vn -2.1931366622447968e-001 8.3988696336746216e-001 4.9647906422615051e-001
vn -1.8253733217716217e-001 7.6093548536300659e-001 6.2262135744094849e-001
vn -1.8268643319606781e-001 8.5668021440505981e-001 4.8241540789604187e-001
vn -2.2511531412601471e-001 8.6713778972625732e-001 4.4429177045822144e-001
vn -4.5864841341972351e-001 5.1195895671844482e-001 -7.2631919384002686e-001
vn 2.7715125679969788e-001 -4.1496136784553528e-001 -8.6659914255142212e-001
vn -7.0593971014022827e-001 7.0776879787445068e-001 -2.6690939441323280e-002
vn -5.1517963409423828e-001 7.2966712713241577e-001 -4.4963961839675903e-001
vn -3.3777561783790588e-001 4.1721835732460022e-001 -8.4370404481887817e-001
vn -5.9772986173629761e-001 7.5150001049041748e-001 -2.7922540903091431e-001
vn -7.0972725749015808e-002 -2.8128111362457275e-001 -9.5699727535247803e-001
vn -7.6230734586715698e-001 5.9111481904983521e-001 -2.6357319951057434e-001
vn -5.9277850389480591e-001 6.2181597948074341e-001 -5.1181870698928833e-001
vn -7.0329535007476807e-001 6.4697432518005371e-001 -2.9461795091629028e-001
vn -8.2438397407531738e-001 5.3352266550064087e-001 -1.8906258046627045e-001
vn -8.5804277658462524e-001 4.0950161218643188e-001 -3.0995339155197144e-001
vn -8.3520913124084473e-001 4.9596521258354187e-001 -2.3757992684841156e-001
vn -1.6720299422740936e-001 8.1656348705291748e-001 -5.5250990390777588e-001
vn -3.5004172474145889e-002 -3.2195386290550232e-001 -9.4610804319381714e-001
vn -2.4827221035957336e-001 4.3643981218338013e-001 -8.6480122804641724e-001
vn -4.0892797708511353e-001 8.0086088180541992e-001 -4.3749260902404785e-001
vn -2.4899066984653473e-001 -2.9067522287368774e-001 -9.2385691404342651e-001
vn -4.8382350802421570e-001 2.3080229759216309e-001 -8.4418308734893799e-001
vn -4.4491079449653625e-001 7.9807043075561523e-001 -4.0637186169624329e-001
vn -1.1704301089048386e-001 8.3618134260177612e-001 -5.3581881523132324e-001
vn -6.1253458261489868e-002 5.1875323057174683e-001 -8.5272687673568726e-001
vn -4.2893823981285095e-001 9.0138065814971924e-001 -5.9371400624513626e-002
vn -1.9764886796474457e-001 -4.4021400809288025e-001 -8.7586903572082520e-001
vn -3.8290865719318390e-002 8.7412554025650024e-001 -4.8418843746185303e-001
vn -1.3139876723289490e-001 9.1242444515228271e-001 -3.8757711648941040e-001
vn 1.3366904854774475e-001 8.8358050584793091e-001 -4.4879624247550964e-001
vn -5.5449217557907104e-001 7.0948815345764160e-001 -4.3493103981018066e-001
vn 4.0245141834020615e-002 8.9387136697769165e-001 -4.4651362299919128e-001
vn 3.6196097731590271e-002 8.8942879438400269e-001 -4.5563831925392151e-001
vn -7.3360644280910492e-002 1.9043598324060440e-002 -9.9712365865707397e-001
vn -1.3336731493473053e-001 -3.4866604208946228e-001 -9.2770963907241821e-001
vn 1.8746034801006317e-001 9.0898829698562622e-001 -3.7228858470916748e-001
vn -1.0723824054002762e-001 -1.0849799215793610e-001 -9.8829555511474609e-001
vn -5.4473680257797241e-001 -1.1535444110631943e-001 -8.3063536882400513e-001
vn -4.8804336786270142e-001 7.0396798849105835e-001 -5.1598709821701050e-001
vn 1.2200412154197693e-001 8.8866847753524780e-001 -4.4202178716659546e-001
vn -3.6126205325126648e-001 8.8029795885086060e-001 -3.0751463770866394e-001
vn 1.0353825055062771e-002 -1.0998426936566830e-002 -9.9988591670989990e-001
vn 2.3577857762575150e-002 -4.2707252502441406e-001 -9.0390992164611816e-001
vn 1.0912441462278366e-001 -5.0837576389312744e-001 -8.5419315099716187e-001
vn 1.0684637725353241e-001 2.3970514535903931e-002 -9.9398654699325562e-001
vn 6.8671122193336487e-002 9.2302954196929932e-001 -3.7855061888694763e-001
vn -2.0165649056434631e-001 9.2514103651046753e-001 -3.2163456082344055e-001
vn -3.2495832443237305e-001 9.3786197900772095e-001 -1.2172494083642960e-001
vn 7.8961282968521118e-002 -3.5717502236366272e-001 -9.3069392442703247e-001
vn 1.0871451348066330e-001 8.6083191633224487e-001 -4.9714130163192749e-001
vn -4.1312623023986816e-001 9.0992200374603271e-001 -3.6996293812990189e-002
vn 2.6381364464759827e-001 -9.3452222645282745e-002 -9.6003592014312744e-001
vn 1.1278517544269562e-001 9.0593004226684570e-001 -4.0813010931015015e-001
vn 7.3903813958168030e-002 9.3423151969909668e-001 -3.4892669320106506e-001
vn 2.3777180910110474e-001 -4.2301595211029053e-001 -8.7436956167221069e-001
vn -7.8380718827247620e-002 9.5349693298339844e-001 -2.9103279113769531e-001
vn -4.5834568142890930e-001 8.8239353895187378e-001 -1.0630612820386887e-001
vn 2.3911012709140778e-001 8.7414872646331787e-001 -4.2271795868873596e-001
vn 3.7701532244682312e-002 -8.9638985693454742e-002 -9.9526047706604004e-001
vn -4.9271881580352783e-001 8.3821916580200195e-001 -2.3370207846164703e-001
vn -1.6895228624343872e-001 9.3792557716369629e-001 -3.0290368199348450e-001
vn -4.5138821005821228e-002 8.8924336433410645e-001 -4.5520177483558655e-001
vn -2.3658187687397003e-001 8.9755731821060181e-001 -3.7204843759536743e-001
vn -1.7338953912258148e-001 9.2469239234924316e-001 -3.3893966674804688e-001
vn 1.5260435640811920e-001 -5.1389747858047485e-001 8.4416902065277100e-001
vn 5.2197959274053574e-002 -3.5633939504623413e-001 9.3289750814437866e-001
vn 2.9296955466270447e-001 -2.1142144501209259e-001 9.3245363235473633e-001
vn -3.7097626924514771e-001 9.2028397321701050e-001 -1.2431423366069794e-001
vn 3.0311020091176033e-002 -7.4512112140655518e-001 6.6623997688293457e-001
vn -6.3794237375259399e-001 7.5042915344238281e-001 -1.7287449538707733e-001
vn -5.6376554071903229e-002 -6.0009890794754028e-001 7.9793667793273926e-001
vn 2.0345905423164368e-001 2.3880986869335175e-001 -9.4951260089874268e-001
vn 1.7872646450996399e-001 -4.5857056975364685e-001 8.7049978971481323e-001
vn 2.5081250071525574e-001 -6.8547654151916504e-001 6.8353122472763062e-001
vn 1.0254555381834507e-002 -7.7740895748138428e-001 6.2891197204589844e-001
vn 2.6508152484893799e-001 -3.0834987759590149e-001 9.1359293460845947e-001
vn 1.5274082124233246e-001 -8.0780339241027832e-001 5.6931877136230469e-001
vn -1.9633001089096069e-001 8.8938808441162109e-001 4.1284787654876709e-001
vn 2.8177265077829361e-002 -3.0861404538154602e-001 9.5076984167098999e-001
vn 8.8086225092411041e-002 8.1967824697494507e-001 5.6601101160049438e-001
vn -8.3786338567733765e-002 6.6894423961639404e-001 7.3857533931732178e-001
vn 1.0026761330664158e-002 8.1450986862182617e-001 5.8006316423416138e-001
vn -5.6825202703475952e-001 8.2229393720626831e-001 3.0369825661182404e-002
vn -8.9963203668594360e-001 1.2466768920421600e-001 4.1847375035285950e-001
vn -1.2959846854209900e-001 8.7462311983108521e-001 4.6716019511222839e-001
vn -9.0219408273696899e-001 3.4385529160499573e-001 2.6040253043174744e-001
vn -2.1316760778427124e-001 8.5459887981414795e-001 4.7351911664009094e-001
vn -1.2888182699680328e-001 7.6713466644287109e-001 6.2840574979782104e-001
vn -6.7200475931167603e-001 6.7612379789352417e-001 3.0210283398628235e-001
vn -4.8748818039894104e-001 7.0820468664169312e-001 5.1068717241287231e-001
vn -3.7093716859817505e-001 8.8181900978088379e-001 2.9120594263076782e-001
vn -7.6003658771514893e-001 5.8420705795288086e-001 -2.8468656539916992e-001
vn -8.4171450138092041e-001 4.5197027921676636e-001 -2.9536333680152893e-001
vn -8.4903943538665771e-001 4.8386037349700928e-001 -2.1215866506099701e-001
vn -8.2797610759735107e-001 4.5982858538627625e-001 -3.2095676660537720e-001
vn -2.1546278893947601e-001 2.7449262142181396e-001 -9.3713903427124023e-001
vn -8.5472279787063599e-001 4.7270956635475159e-001 -2.1446347236633301e-001
vn -8.3582186698913574e-001 4.9484014511108398e-001 -2.3777087032794952e-001
vn -7.4347776174545288e-001 5.1567220687866211e-001 -4.2582023143768311e-001
vn -5.0865161418914795e-001 3.1233572959899902e-001 -8.0232161283493042e-001
vn -4.0107998251914978e-001 1.3011929392814636e-001 -9.0675455331802368e-001
vn -5.5276632308959961e-001 7.4248623847961426e-001 -3.7836959958076477e-001
vn 1.5384265780448914e-001 3.5917516797780991e-002 -9.8744237422943115e-001
vn -3.0924984812736511e-001 7.6483231782913208e-001 -5.6515139341354370e-001
vn -5.6382268667221069e-001 6.2961596250534058e-001 -5.3449767827987671e-001
vn 1.5972314402461052e-002 -3.1689062714576721e-002 -9.9937009811401367e-001
vn -8.4695643186569214e-001 4.4324779510498047e-001 -2.9359209537506104e-001
vn -2.4399206042289734e-001 -2.0014289021492004e-001 -9.4889974594116211e-001
vn -1.6064488887786865e-001 -6.4208626747131348e-002 -9.8492157459259033e-001
vn -4.2146265506744385e-002 -5.5123679339885712e-002 -9.9758958816528320e-001
vn -4.5325955748558044e-001 8.8457584381103516e-001 -1.0991521179676056e-001
vn 3.3612217754125595e-002 -1.3341219723224640e-001 -9.9049049615859985e-001
vn -8.7320083379745483e-001 3.6975428462028503e-001 -3.1749349832534790e-001
vn -6.6210287809371948e-001 7.2796076536178589e-001 -1.7802518606185913e-001
vn 6.0721868649125099e-003 -2.8385594487190247e-001 -9.5884770154953003e-001
vn -3.0413083732128143e-002 -2.1673402190208435e-001 -9.7575688362121582e-001
vn -2.6907715201377869e-001 -5.6817870587110519e-002 -9.6144121885299683e-001
vn -1.7581702768802643e-001 -1.4787763357162476e-001 -9.7325265407562256e-001
vn -4.5651119947433472e-001 7.4186646938323975e-001 -4.9115335941314697e-001
vn -1.4616550877690315e-002 -5.0068289041519165e-001 -8.6550742387771606e-001
vn -6.6140478849411011e-001 7.4887520074844360e-001 -4.1587691754102707e-002
vn -2.6659673079848289e-002 -4.4116768240928650e-001 -8.9702856540679932e-001
vn -7.1900792419910431e-002 -5.4231613874435425e-001 -8.3709228038787842e-001
vn -2.7405714988708496e-001 -3.0305731296539307e-001 -9.1271513700485229e-001
vn -1.7598491907119751e-001 -3.5426196455955505e-001 -9.1843765974044800e-001
vn -1.6685101389884949e-001 -2.5896957516670227e-001 -9.5136505365371704e-001
vn 4.6206403523683548e-002 -5.2154058218002319e-001 -8.5197436809539795e-001
vn -4.8137041926383972e-001 -1.5962155163288116e-001 -8.6186051368713379e-001
vn -9.6145099401473999e-001 2.4929013848304749e-001 1.1604475229978561e-001
vn -9.4377684593200684e-001 1.8953061103820801e-001 2.7085670828819275e-001
vn -9.9252808094024658e-001 1.6932420432567596e-002 1.2083548307418823e-001
vn -9.7740948200225830e-001 1.3012447953224182e-001 -1.6654866933822632e-001
vn -9.8064917325973511e-001 1.8391422927379608e-001 -6.7102342844009399e-002
vn -9.6486288309097290e-001 -1.2758916709572077e-003 2.6275062561035156e-001
vn -9.8298335075378418e-001 -1.7331548035144806e-001 6.0872089117765427e-002
vn -9.9683606624603271e-001 -1.4637684449553490e-002 7.8125678002834320e-002
vn -9.9107831716537476e-001 -5.0294965505599976e-002 1.2342643737792969e-001
vn -9.4181138277053833e-001 3.1328251957893372e-001 1.2184135615825653e-001
vn -9.9712759256362915e-001 -5.0977341830730438e-002 5.6016609072685242e-002
vn -9.5988482236862183e-001 1.8708989024162292e-001 2.0885053277015686e-001
vn -9.9646276235580444e-001 4.1625346988439560e-002 7.3001071810722351e-002
vn -8.4992098808288574e-001 5.1864326000213623e-001 9.2970021069049835e-002
vn -9.9142307043075562e-001 1.3058367371559143e-001 5.3079500794410706e-003
vn -9.9828863143920898e-001 5.8011677116155624e-002 -7.3851151391863823e-003
vn -9.4600760936737061e-001 2.5846990942955017e-001 1.9560936093330383e-001
vn -8.8153630495071411e-001 3.3941423892974854e-001 3.2816433906555176e-001
vn -9.5908176898956299e-001 6.0944110155105591e-002 2.7649223804473877e-001
vn -8.4161102771759033e-001 5.3884106874465942e-001 -3.6622524261474609e-002
vn -8.1603723764419556e-001 4.9109885096549988e-001 3.0480352044105530e-001
vn -9.6860724687576294e-001 2.4354372918605804e-001 4.9863863736391068e-002
vn -8.2073897123336792e-001 4.0731778740882874e-001 4.0059927105903625e-001
vn -9.4700747728347778e-001 3.1565210223197937e-001 -5.9502437710762024e-002
vn -9.6103525161743164e-001 1.9320218265056610e-001 1.9769704341888428e-001
vn -4.8964214324951172e-001 8.6635011434555054e-001 -9.8428063094615936e-002
vn -4.5802628993988037e-001 7.6026940345764160e-001 -4.6065434813499451e-001
vn -7.4016767740249634e-001 5.4254299402236938e-001 3.9723920822143555e-001
vn -7.0915830135345459e-001 6.4598977565765381e-001 2.8247448801994324e-001
vn -6.3445174694061279e-001 6.8807721138000488e-001 -3.5216575860977173e-001
vn -4.1068845987319946e-001 9.0705722570419312e-001 -9.2639856040477753e-002
vn -3.1045964360237122e-001 7.9708045721054077e-001 -5.1795512437820435e-001
vn -3.2492804527282715e-001 9.4557076692581177e-001 1.7825609073042870e-002
vn -7.9151946306228638e-001 6.0899323225021362e-001 5.1228348165750504e-002
vn -1.4380373060703278e-001 9.4360095262527466e-001 -2.9822418093681335e-001
vn -2.5039398670196533e-001 9.6404945850372314e-001 -8.8947154581546783e-002
vn -7.8578686714172363e-001 6.0907489061355591e-001 1.0754927992820740e-001
vn -1.5407864749431610e-001 9.8805820941925049e-001 -8.5775967454537749e-004
vn -8.1166511774063110e-001 5.8340978622436523e-001 -2.8858207166194916e-002
vn -8.2857638597488403e-001 5.2946537733078003e-001 1.8201009929180145e-001
vn -3.8292959332466125e-001 9.1274559497833252e-001 -1.4233896136283875e-001
vn -7.6956766843795776e-001 6.2325137853622437e-001 1.3900826871395111e-001
vn -7.5494039058685303e-001 6.4372849464416504e-001 1.2521386146545410e-001
vn -5.2944737672805786e-001 8.3675533533096313e-001 -1.3973571360111237e-001
vn -8.6440873146057129e-001 4.4106650352478027e-001 2.4136690795421600e-001
vn -1.0671573132276535e-001 9.5224267244338989e-001 -2.8608682751655579e-001
vn -5.2837252616882324e-001 8.2423788309097290e-001 2.0360384881496429e-001
vn -6.6872531175613403e-001 7.3866826295852661e-001 8.4709271788597107e-002
vn -8.0256617069244385e-001 5.8071559667587280e-001 1.3659054040908813e-001
vn -3.2553675770759583e-001 9.3963468074798584e-001 -1.0541550815105438e-001
vn -3.7501552700996399e-001 8.7053340673446655e-001 -3.1864541769027710e-001
vn -7.4982821941375732e-001 6.6056561470031738e-001 -3.7560589611530304e-002
vn -2.2929379343986511e-001 9.1703730821609497e-001 -3.2629275321960449e-001
vn 2.1545091271400452e-001 -5.2023303508758545e-001 8.2640093564987183e-001
vn -8.1726616621017456e-001 5.6394135951995850e-001 1.1851690709590912e-001
vn -5.5252957344055176e-001 8.1038874387741089e-001 -1.9488765299320221e-001
vn -4.2902052402496338e-001 -3.8964816927909851e-001 8.1493294239044189e-001
vn -5.0918227434158325e-001 8.5666173696517944e-001 -8.2849852740764618e-002
vn -1.2500793673098087e-002 6.7655628919601440e-001 7.3628485202789307e-001
vn 1.0856068134307861e-001 -3.4650227427482605e-001 9.3174606561660767e-001
vn 3.2325932383537292e-001 -1.2789136171340942e-001 9.3762850761413574e-001
vn 8.1963939592242241e-003 6.1219179630279541e-001 7.9066687822341919e-001
vn -3.4166112542152405e-001 -2.3280312120914459e-001 9.1053301095962524e-001
vn 2.8011377900838852e-002 6.3820213079452515e-001 7.6935917139053345e-001
vn 8.7014641612768173e-003 6.5849667787551880e-001 7.5253331661224365e-001
vn -1.2336692959070206e-001 6.4623725414276123e-001 7.5309890508651733e-001
vn -3.6659038066864014e-001 7.7858281135559082e-001 5.0933307409286499e-001
vn 1.3378094136714935e-001 6.7376834154129028e-001 7.2673159837722778e-001
vn 7.9623289406299591e-002 6.7439305782318115e-001 7.3406684398651123e-001
vn -2.1503153443336487e-001 7.2895705699920654e-001 6.4990991353988647e-001
vn -3.4813396632671356e-002 5.5375659465789795e-001 8.3195048570632935e-001
vn -8.1339782476425171e-001 5.8113491535186768e-001 -2.5810377672314644e-002
vn -9.2439210414886475e-001 3.6376899480819702e-001 1.1476662755012512e-001
vn -7.6931852102279663e-001 6.0999113321304321e-001 1.8989437818527222e-001
vn -8.7647753953933716e-001 4.6496701240539551e-001 1.2487044185400009e-001
vn -7.4809455871582031e-001 6.4084148406982422e-001 -1.7226900160312653e-001
vn -7.5369477272033691e-001 6.2660217285156250e-001 -1.9827762246131897e-001
vn -8.6979806423187256e-001 4.5532670617103577e-001 -1.9007614254951477e-001
vn -8.6555612087249756e-001 4.7127819061279297e-001 -1.6943885385990143e-001
vn -8.9672535657882690e-001 4.1292309761047363e-001 -1.5930505096912384e-001
vn -6.9733470678329468e-001 5.9333997964859009e-001 4.0208455920219421e-001
vn -7.8404766321182251e-001 5.7182019948959351e-001 -2.4143521487712860e-001
vn -8.7731218338012695e-001 4.7184631228446960e-001 -8.7660960853099823e-002
vn -8.1200617551803589e-001 4.2401531338691711e-001 4.0106976032257080e-001
vn -7.9728782176971436e-001 5.2943944931030273e-001 2.8987246751785278e-001
vn -8.8904833793640137e-001 2.3462095856666565e-001 3.9312344789505005e-001
vn -5.7485377788543701e-001 7.4173772335052490e-001 -3.4549710154533386e-001
vn -4.3721196055412292e-001 8.7151235342025757e-001 -2.2206266224384308e-001
vn -8.1682431697845459e-001 5.5993705987930298e-001 1.3881115615367889e-001
vn -7.9343318939208984e-001 4.7193598747253418e-001 3.8437002897262573e-001
vn -8.4430962800979614e-001 3.4729972481727600e-001 4.0807378292083740e-001
vn -8.8939088582992554e-001 4.5527783036231995e-001 -4.1302196681499481e-002
vn -5.4192352294921875e-001 8.0247616767883301e-001 -2.4970172345638275e-001
vn -8.9321482181549072e-001 1.8123857676982880e-001 4.1148504614830017e-001
vn -7.5402009487152100e-001 6.4134848117828369e-001 1.4186534285545349e-001
vn -8.6596709489822388e-001 4.5355650782585144e-001 2.1068327128887177e-001
vn -9.2870002985000610e-001 3.4794712066650391e-001 1.2825374305248260e-001
vn -9.2841571569442749e-001 2.2138136625289917e-001 2.9838669300079346e-001
vn 5.9342795610427856e-001 6.6995829343795776e-001 -4.4609302282333374e-001
vn -6.2109116464853287e-002 7.8780460357666016e-001 -6.1278575658798218e-001
vn 4.2608740925788879e-001 -3.2706370949745178e-001 8.4349209070205688e-001
vn -8.9262709021568298e-002 7.3694396018981934e-001 6.7003417015075684e-001
vn -2.0839516818523407e-001 -7.3043256998062134e-001 6.5041500329971313e-001
vn -1.1912060528993607e-001 -1.9343107938766479e-001 -9.7385561466217041e-001
vn -3.4923657774925232e-001 -5.4576563835144043e-001 7.6169133186340332e-001
vn -5.2480596303939819e-001 -5.9994858503341675e-001 6.0385465621948242e-001
vn 3.9630985260009766e-001 9.1343933343887329e-001 -9.2558518052101135e-002
vn -6.1299607157707214e-002 7.0057523250579834e-001 7.1094077825546265e-001
vn -1.3161832094192505e-001 -5.9795059263706207e-002 -9.8949539661407471e-001
vn -9.7028326988220215e-001 2.4169079959392548e-001 1.1658310890197754e-002
vn 1.8661025166511536e-001 -3.7891882658004761e-001 9.0641999244689941e-001
vn 2.5562521815299988e-001 9.1356039047241211e-002 9.6244990825653076e-001
vn 2.1507191658020020e-001 -2.1892492473125458e-001 9.5174366235733032e-001
vn 2.7793747186660767e-001 -3.7920501083135605e-002 9.5985031127929688e-001
vn 2.4296467006206512e-001 -1.8949149549007416e-001 9.5134699344635010e-001
vn -1.5746073797345161e-002 -2.4647565186023712e-001 9.6902114152908325e-001
vn 1.7179998755455017e-001 -9.9686741828918457e-002 9.8007518053054810e-001
vn 3.7152466177940369e-001 -1.8587437272071838e-001 9.0962636470794678e-001
vn 2.6206192374229431e-001 6.2139429152011871e-002 9.6304839849472046e-001
vn -6.0252571105957031e-001 5.3432740271091461e-002 7.9630881547927856e-001
vn 1.0281191021203995e-001 -7.7475130558013916e-002 9.9167901277542114e-001
vn -9.3496525660157204e-003 -2.2473703324794769e-001 9.7437453269958496e-001
vn 2.7239206433296204e-001 -2.6186165213584900e-001 9.2586767673492432e-001
vn -5.9874068945646286e-002 -8.9819870889186859e-002 9.9415665864944458e-001
vn 2.1158255636692047e-001 4.8360992223024368e-002 9.7616291046142578e-001
vn 3.1177821755409241e-001 -2.9114907979965210e-001 9.0444821119308472e-001
vn 2.6909512281417847e-001 -1.7381080985069275e-001 9.4730019569396973e-001
vn 1.4069943130016327e-001 -1.1309443041682243e-002 9.8998779058456421e-001
vn -9.9591976404190063e-001 5.4148737341165543e-002 7.2192423045635223e-002
vn 2.5952926278114319e-001 -1.5198208391666412e-001 9.5370119810104370e-001
vn -5.7333856821060181e-001 1.4451043307781219e-001 -8.0647355318069458e-001
vn 1.1228822171688080e-001 4.8504937440156937e-002 9.9249106645584106e-001
vn -2.3046720027923584e-001 2.7885323762893677e-001 -9.3226915597915649e-001
vn -4.0511390566825867e-001 3.1605944037437439e-002 -9.1371977329254150e-001
vn -3.1809142231941223e-001 2.5024610757827759e-001 -9.1443687677383423e-001
vn 1.9560270011425018e-001 -2.3341447114944458e-001 9.5250052213668823e-001
vn 1.8372683227062225e-001 -1.1362877488136292e-001 9.7638773918151855e-001
vn -2.6268768310546875e-001 8.3316348493099213e-002 -9.6127706766128540e-001
vn 2.4589189887046814e-001 -3.8158905506134033e-001 -8.9102584123611450e-001
vn 3.2129400968551636e-001 -2.4968875944614410e-001 -9.1346901655197144e-001
vn -1.3423374295234680e-001 -1.3402841985225677e-001 -9.8184400796890259e-001
vn 3.8221511244773865e-001 -3.3492618799209595e-001 -8.6124098300933838e-001
vn -2.5946980714797974e-001 -2.6673911139369011e-002 -9.6538281440734863e-001
vn 2.6901297271251678e-002 -2.0196726918220520e-001 9.7902274131774902e-001
vn 2.4127259850502014e-001 -1.3022936880588531e-001 -9.6167969703674316e-001
vn 5.1210540533065796e-001 -3.1784594058990479e-001 -7.9794865846633911e-001
vn -3.0993553996086121e-001 3.8098350167274475e-001 -8.7108641862869263e-001
vn -2.0704685151576996e-001 2.9306161403656006e-001 -9.3340587615966797e-001
vn -1.7378023266792297e-001 2.3919793963432312e-001 -9.5529299974441528e-001
vn 2.6117104291915894e-001 -3.5200652480125427e-001 -8.9882206916809082e-001
vn 4.7120872139930725e-001 1.2722674012184143e-001 -8.7279760837554932e-001
vn 5.7872515916824341e-001 -1.6906569898128510e-001 -7.9780572652816772e-001
vn 3.8660669326782227e-001 -6.3077747821807861e-002 -9.2008507251739502e-001
vn 1.6556012630462646e-001 8.1315226852893829e-002 -9.8284167051315308e-001
vn 1.1431805789470673e-001 -2.3813165724277496e-001 -9.6448159217834473e-001
vn 2.8987386822700500e-001 2.5424751639366150e-001 -9.2267614603042603e-001
vn 1.0726243257522583e-001 -3.5148453712463379e-001 -9.3002873659133911e-001
vn -8.3178177475929260e-002 -2.6851746439933777e-001 -9.5967686176300049e-001
vn 2.0088715851306915e-001 5.8708917349576950e-002 -9.7785353660583496e-001
vn 7.0498518645763397e-002 -4.8500055074691772e-001 -8.7166762351989746e-001
vn 1.8144720792770386e-001 5.0807368755340576e-001 -8.4198457002639771e-001
vn 1.7673666775226593e-001 -3.8708382844924927e-001 -9.0494757890701294e-001
vn 5.8858383446931839e-002 2.0263236761093140e-001 -9.7748446464538574e-001
vn 1.7812538146972656e-001 1.7036366462707520e-001 -9.6914786100387573e-001
vn -7.6257461309432983e-001 1.4130376279354095e-001 6.3127911090850830e-001
vn 1.0592836188152432e-003 6.1898831278085709e-002 -9.9808186292648315e-001
vn -6.0728216171264648e-001 -1.2103003263473511e-001 7.8521347045898438e-001
vn -4.3246008455753326e-002 -3.7095865607261658e-001 -9.2764186859130859e-001
vn 1.1128109693527222e-001 -2.5119179487228394e-001 9.6151924133300781e-001
vn -8.0513261258602142e-002 -1.6878464818000793e-001 -9.8235905170440674e-001
vn 1.6572234034538269e-001 -8.3328351378440857e-002 -9.8264575004577637e-001
vn 2.8698543086647987e-002 3.2301452755928040e-001 -9.4595879316329956e-001
vn -1.6425654292106628e-001 -9.0391896665096283e-002 9.8226732015609741e-001
vn 5.5774837732315063e-002 -2.1099933981895447e-001 -9.7589361667633057e-001
vn 2.0474667847156525e-001 -9.5801860094070435e-002 -9.7411537170410156e-001
vn -2.7166498824954033e-002 -2.5196740031242371e-001 -9.6735429763793945e-001
vn -9.5114690065383911e-001 2.8571811318397522e-001 -1.1698227375745773e-001
vn 8.0368302762508392e-002 3.1910156831145287e-003 -9.9676012992858887e-001
vn 1.0094729065895081e-001 -3.4816220402717590e-001 9.3198323249816895e-001
vn -8.9856141805648804e-001 5.7038836181163788e-002 4.3512526154518127e-001
vn 3.0289020389318466e-002 3.3935502171516418e-002 9.9896490573883057e-001
vn 1.4905464649200439e-001 -2.8028148226439953e-003 9.8882496356964111e-001
vn 1.2583522498607635e-001 -2.2147420048713684e-001 -9.6701329946517944e-001
vn -3.4653414040803909e-002 -1.4845904707908630e-001 -9.8831123113632202e-001
vn 1.0205493867397308e-001 5.6833630800247192e-001 -8.1644266843795776e-001
vn -2.4630735814571381e-001 -1.1564521491527557e-001 9.6226757764816284e-001
vn 1.3948350213468075e-002 1.0744354128837585e-001 -9.9411332607269287e-001
vn -9.6529024839401245e-001 2.4794697761535645e-001 8.2079529762268066e-002
vn -1.2504038214683533e-001 6.2630102038383484e-002 -9.9017292261123657e-001
vn 4.2274013161659241e-002 1.4579056203365326e-001 -9.8841184377670288e-001
vn -8.9599674940109253e-001 -2.9053631424903870e-001 3.3582499623298645e-001
vn -9.4231218099594116e-001 2.4050265550613403e-001 2.3282244801521301e-001
vn -7.3622487485408783e-002 5.4455351829528809e-001 -8.3548861742019653e-001
vn 9.9444024264812469e-002 -1.7742349207401276e-001 -9.7909742593765259e-001
vn -2.8555849194526672e-001 2.0071764290332794e-001 -9.3710660934448242e-001
vn -9.5018374919891357e-001 2.6867875456809998e-001 -1.5799547731876373e-001
vn -9.4049918651580811e-001 6.3548877835273743e-002 3.3380055427551270e-001
vn -9.0311962366104126e-001 1.0597947239875793e-001 4.1610482335090637e-001
vn -8.5968393087387085e-001 4.3637543916702271e-001 2.6555600762367249e-001
vn -9.2597007751464844e-001 3.5164151340723038e-002 3.7595608830451965e-001
vn -8.1609237194061279e-001 -2.9798483848571777e-001 4.9517497420310974e-001
vn -9.4826030731201172e-001 2.7960640192031860e-001 1.5040840208530426e-001
vn -9.5380944013595581e-001 2.7748101949691772e-001 1.1511622369289398e-001
vn -9.0386563539505005e-001 2.5821185111999512e-001 3.4110641479492188e-001
vn -8.9295142889022827e-001 -1.6527369618415833e-001 4.1871508955955505e-001
vn -9.8452705144882202e-001 1.7507675290107727e-001 -7.3873307555913925e-003
vn -8.6917167901992798e-001 4.5550140738487244e-001 1.9250729680061340e-001
vn -9.3884760141372681e-001 1.7533989250659943e-001 2.9634642601013184e-001
vn -9.1721397638320923e-001 2.9480308294296265e-002 3.9730280637741089e-001
vn -9.7819977998733521e-001 2.0710897445678711e-001 -1.5204989351332188e-002
vn -6.8399536609649658e-001 -7.4689380824565887e-002 -7.2565275430679321e-001
vn -9.4320702552795410e-001 -3.1683161854743958e-001 9.9891766905784607e-002
vn -9.2125028371810913e-001 -1.3104562461376190e-001 -3.6623060703277588e-001
vn -7.6416981220245361e-001 -3.4608295559883118e-001 -5.4430788755416870e-001
vn -9.6291685104370117e-001 -1.0862296819686890e-001 -2.4696613848209381e-001
vn -9.6787691116333008e-001 -2.5120323896408081e-001 -1.0542346164584160e-002
vn -9.5683443546295166e-001 -2.8996604681015015e-001 -1.9687484949827194e-002
vn -4.3305233120918274e-001 1.3424836099147797e-001 -8.9131540060043335e-001
vn -4.8633170127868652e-001 -6.2321913242340088e-001 -6.1243724822998047e-001
vn -3.7442880868911743e-001 -9.2689555883407593e-001 2.5842674076557159e-002
vn -4.3668004870414734e-001 -5.5019009113311768e-001 -7.1175938844680786e-001
vn -9.7605329751968384e-001 -1.7032967507839203e-001 1.3530594110488892e-001
vn -8.1442695856094360e-001 -3.2869237661361694e-001 -4.7819447517395020e-001
vn -9.6100193262100220e-001 1.5354821085929871e-001 2.2999624907970428e-001
vn -4.5038494467735291e-001 -2.7742192149162292e-001 -8.4864032268524170e-001
vn -5.7551121711730957e-001 -3.5461035370826721e-001 -7.3691129684448242e-001
vn -9.6610182523727417e-001 -1.9063621759414673e-001 1.7408348619937897e-001
vn -4.4309359788894653e-001 -6.1654061079025269e-002 -8.9435267448425293e-001
vn -9.1215975582599640e-002 -9.5376282930374146e-002 -9.9125319719314575e-001
vn -9.3930596113204956e-001 -2.2350688278675079e-001 2.6028627157211304e-001
vn -3.1853705644607544e-001 -3.1257203221321106e-001 -8.9489269256591797e-001
vn -3.4823626279830933e-001 -3.6623832583427429e-001 -8.6290264129638672e-001
vn -8.7649047374725342e-001 -3.7325733900070190e-001 3.0404502153396606e-001
vn -9.4509094953536987e-001 -6.5017834305763245e-002 3.2027456164360046e-001
vn -2.7309244871139526e-001 -6.5692320466041565e-002 -9.5974218845367432e-001
vn -2.9768383502960205e-001 -2.3290926765184850e-004 -9.5466452836990356e-001
vn -8.0706453323364258e-001 2.7601998299360275e-002 -5.8981782197952271e-001
vn -9.4836878776550293e-001 3.1413254141807556e-001 4.3787822127342224e-002
vn -5.1846730709075928e-001 -1.0313539765775204e-002 -8.5503524541854858e-001
vn -8.8578361272811890e-001 -3.9780840277671814e-001 2.3903098702430725e-001
vn -9.6445095539093018e-001 -2.0505480468273163e-001 1.6669432818889618e-001
vn -1.7218036949634552e-001 -3.6820426583290100e-001 -9.1366273164749146e-001
vn -9.0754187107086182e-001 -4.1981658339500427e-001 -1.1038787662982941e-002
vn -9.6020728349685669e-001 2.7563142776489258e-001 4.5047160238027573e-002
vn -3.0733364820480347e-001 -3.5741889476776123e-001 -8.8192844390869141e-001
vn -3.3224344253540039e-001 -9.4209122657775879e-001 4.5588906854391098e-002
vn -2.4899747967720032e-001 2.9705023765563965e-001 -9.2182505130767822e-001
vn -4.0874341130256653e-001 1.7970566451549530e-001 -8.9478194713592529e-001
vn -9.9558556079864502e-001 9.1917708516120911e-002 -1.8988354131579399e-002
vn -9.9564230442047119e-001 2.9377829283475876e-002 8.8506139814853668e-002
vn -1.4386858046054840e-001 -8.5465252399444580e-001 -4.9886968731880188e-001
vn -9.7546947002410889e-001 -4.9303792417049408e-002 2.1454207599163055e-001
vn -8.1120371818542480e-001 -5.5144584178924561e-001 1.9456587731838226e-001
vn -6.5423870086669922e-001 -7.5254446268081665e-001 7.5156562030315399e-002
vn -9.7076284885406494e-001 -1.1291755735874176e-001 2.1182359755039215e-001
vn -9.6438819169998169e-001 1.5313400328159332e-001 2.1565102040767670e-001
vn -9.3771004676818848e-001 -2.8365156054496765e-001 2.0060342550277710e-001
vn -9.6996402740478516e-001 2.4311645328998566e-001 -8.0132950097322464e-003
vn -9.6940851211547852e-001 2.1632935106754303e-001 1.1596872657537460e-001
vn -9.1727089881896973e-001 -2.3160395026206970e-001 3.2399636507034302e-001
vn -4.6629533171653748e-001 -8.5326492786407471e-001 2.3346821963787079e-001
vn -9.3715178966522217e-001 -2.3753099143505096e-001 2.5558885931968689e-001
vn -9.7886729240417480e-001 -4.2266524396836758e-003 2.0445266366004944e-001
vn -9.6358841657638550e-001 9.7881339490413666e-002 2.4883021414279938e-001
vn -8.9095944166183472e-001 -3.6591142416000366e-001 2.6888692378997803e-001
vn -3.4188437461853027e-001 -1.3686536811292171e-002 -9.3964236974716187e-001
vn -1.3351081311702728e-001 -2.6595586538314819e-001 -9.5469492673873901e-001
vn -9.4680798053741455e-001 2.5182250142097473e-001 2.0035003125667572e-001
vn -9.6608519554138184e-001 -2.2836036980152130e-001 1.2054461240768433e-001
vn -9.1199111938476563e-001 -3.0165034532546997e-001 2.7799138426780701e-001
vn -2.8312349319458008e-001 -6.7220574617385864e-001 -6.8409103155136108e-001
vn -9.8750275373458862e-001 1.4582265913486481e-001 5.9783861041069031e-002
vn -9.8936051130294800e-001 1.3912342488765717e-001 4.2550824582576752e-002
vn -1.1376297473907471e-001 -9.4089883565902710e-001 -3.1900990009307861e-001
vn -8.8835358619689941e-001 -2.7414843440055847e-001 3.6833474040031433e-001
vn -8.9624601602554321e-001 -3.9463779330253601e-001 2.0249462127685547e-001
vn -1.1929716169834137e-001 -8.2054489850997925e-001 -5.5899393558502197e-001
vn -9.5280361175537109e-001 3.0340826511383057e-001 1.0420191101729870e-002
vn -9.9095785617828369e-001 6.3928104937076569e-002 1.1796509474515915e-001
vn -9.6779352426528931e-001 -8.3492584526538849e-002 2.3749677836894989e-001
vn -7.7270108461380005e-001 -4.8129421472549438e-001 4.1387054324150085e-001
vn -9.6862018108367920e-001 -1.2936511635780334e-001 2.1222528815269470e-001
vn -9.6672928333282471e-001 2.3673461377620697e-001 9.6908554434776306e-002
vn -9.4309222698211670e-001 -2.3204924166202545e-001 2.3818089067935944e-001
vn -1.5112003684043884e-001 -8.3225983381271362e-001 -5.3339141607284546e-001
vn -8.6857981979846954e-002 -9.3390512466430664e-001 -3.4680974483489990e-001
vn -8.8787275552749634e-001 -1.2780751287937164e-001 4.4198098778724670e-001
vn -6.9655501842498779e-001 -5.9217137098312378e-001 4.0514707565307617e-001
vn -2.9906062409281731e-002 -1.3753119111061096e-001 -9.9004584550857544e-001
vn -2.7298396825790405e-001 -4.0131725370883942e-002 -9.6118116378784180e-001
vn -8.6800426244735718e-001 -4.3170833587646484e-001 2.4534983932971954e-001
vn -9.7756570577621460e-001 1.5190030634403229e-001 1.4591643214225769e-001
vn -8.4907466173171997e-001 -3.4654560685157776e-001 3.9872086048126221e-001
vn -9.1674280166625977e-001 3.0704161524772644e-001 2.5555416941642761e-001
vn -9.4025796651840210e-001 -8.1793621182441711e-002 3.3049154281616211e-001
vn -9.6381425857543945e-001 -2.3179547488689423e-001 1.3165454566478729e-001
vn -8.4178847074508667e-001 -3.2676294445991516e-001 4.2967197299003601e-001
vn -9.3518072366714478e-001 3.5202911496162415e-001 -3.8891099393367767e-002
vn -4.7054681181907654e-001 7.0287197828292847e-002 -8.7957113981246948e-001
vn 5.9775233268737793e-002 -1.1943282932043076e-001 -9.9104118347167969e-001
vn -2.7346315979957581e-001 2.3014135658740997e-002 -9.6160703897476196e-001
vn 1.7966833710670471e-001 -9.4896167516708374e-002 -9.7913938760757446e-001
vn -1.2473452091217041e-001 -1.3278447091579437e-002 -9.9210125207901001e-001
vn 2.5798344612121582e-001 -4.0116226673126221e-001 -8.7892740964889526e-001
vn -9.2160773277282715e-001 3.7870049476623535e-001 -8.5001423954963684e-002
vn -1.3936989009380341e-001 -9.8747199773788452e-001 -7.3994174599647522e-002
vn -9.8416352272033691e-001 1.7704699933528900e-001 -8.7503464892506599e-003
vn -2.4207876622676849e-001 -9.1075009107589722e-001 3.3456262946128845e-001
vn -1.5708920359611511e-001 -9.8598003387451172e-001 5.6270804256200790e-002
vn -1.4940300583839417e-001 -8.1060379743576050e-001 -5.6621569395065308e-001
vn -8.4023129940032959e-001 -4.9106317758560181e-001 2.2993093729019165e-001
vn -1.7796285450458527e-001 -9.7319161891937256e-001 1.4569583535194397e-001
vn -2.0919035375118256e-001 -9.4782149791717529e-001 -2.4056997895240784e-001
vn -1.4174206554889679e-001 -7.6463121175765991e-001 -6.2868773937225342e-001
vn -3.7076175212860107e-001 -9.2499929666519165e-001 -8.3138383924961090e-002
vn -7.9030707478523254e-002 -2.2373647987842560e-001 -9.7144025564193726e-001
vn 3.5495996475219727e-002 -2.8360131382942200e-001 -9.5828515291213989e-001
vn -3.7064492702484131e-001 -1.5327279269695282e-001 -9.1604024171829224e-001
vn -9.9389809370040894e-001 -7.4420399963855743e-002 8.1413209438323975e-002
vn -3.9352372288703918e-001 1.0762201249599457e-001 -9.1299325227737427e-001
vn 1.7398668825626373e-001 -4.7637468576431274e-001 -8.6185604333877563e-001
vn -3.8822829723358154e-001 -1.9485026597976685e-001 -9.0072864294052124e-001
vn -8.2147824764251709e-001 -4.5675030350685120e-001 3.4139814972877502e-001
vn 9.4929724931716919e-002 -3.7333729863166809e-001 -9.2282587289810181e-001
vn -8.4768193960189819e-001 -2.5662246346473694e-001 4.6430620551109314e-001
vn -9.3807768821716309e-001 -2.6584994792938232e-001 2.2211298346519470e-001
vn -8.6904686689376831e-001 -3.0443146824836731e-001 3.8997316360473633e-001
vn 3.0907112360000610e-001 -3.3465176820755005e-001 -8.9021521806716919e-001
vn -7.4356579780578613e-001 -4.3349587917327881e-001 5.0910812616348267e-001
vn 5.1027247682213783e-003 -7.0552897453308105e-001 -7.0866274833679199e-001
vn -1.0167037695646286e-001 -4.2875549197196960e-001 -8.9768141508102417e-001
vn -4.0686637163162231e-002 -9.6526898443698883e-002 -9.9449849128723145e-001
vn -7.7379995584487915e-001 -3.7144783139228821e-001 5.1308888196945190e-001
vn -8.0945295095443726e-001 -3.9271154999732971e-001 4.3653589487075806e-001
vn -5.5487614870071411e-001 -6.9144314527511597e-001 4.6262174844741821e-001
vn -7.6246505975723267e-001 -4.3525686860084534e-001 4.7874680161476135e-001
vn -7.6750242710113525e-001 -4.1587218642234802e-001 4.8784253001213074e-001
vn -7.9704888164997101e-002 -9.9676543474197388e-001 -1.0284933261573315e-002
vn -1.4546360075473785e-001 -9.7924685478210449e-001 1.4112353324890137e-001
vn -7.1766234934329987e-002 -9.8573213815689087e-001 -1.5225498378276825e-001
vn -7.1683609485626221e-001 -6.7649239301681519e-001 1.6883140802383423e-001
vn -3.2166427373886108e-001 -8.1531298160552979e-001 4.8145276308059692e-001
vn -1.0660287737846375e-001 -9.4588267803192139e-001 3.0649921298027039e-001
vn -1.4501826465129852e-001 -1.7656701803207397e-001 -9.7354704141616821e-001
vn -4.8327837139368057e-002 -9.6577244997024536e-001 2.5484901666641235e-001
vn -9.4942164421081543e-001 2.6797735691070557e-001 1.6366617381572723e-001
vn -9.1206729412078857e-001 -3.6706444621086121e-001 1.8274858593940735e-001
vn -2.2376988828182220e-001 -5.5956798791885376e-001 -7.9800420999526978e-001
vn -3.1668990850448608e-001 1.1389701813459396e-001 -9.4166600704193115e-001
vn -2.1573537588119507e-001 -9.7632300853729248e-001 1.5863418579101563e-002
vn -9.3777365982532501e-003 -9.9722212553024292e-001 7.3892168700695038e-002
vn -1.4666782319545746e-001 -9.5800340175628662e-001 2.4641019105911255e-001
vn -9.2396086454391479e-001 -1.3206584751605988e-001 3.5896360874176025e-001
vn -5.2503043413162231e-001 -1.3443030416965485e-001 -8.4039956331253052e-001
vn -2.2651916742324829e-001 2.6946568489074707e-001 -9.3599003553390503e-001
vn 6.0387283563613892e-002 -3.4995001554489136e-001 -9.3481993675231934e-001
vn -3.1402406096458435e-001 -8.3111596107482910e-001 4.5895013213157654e-001
vn -1.5896677970886230e-001 -9.4684702157974243e-001 2.7966096997261047e-001
vn -1.3702194392681122e-001 -9.6816736459732056e-001 2.0946821570396423e-001
vn -4.2364409565925598e-001 -8.6374312639236450e-001 2.7289855480194092e-001
vn -2.4991014599800110e-001 -9.2537498474121094e-001 2.8500178456306458e-001
vn -7.1239456534385681e-002 -9.8844635486602783e-001 1.3378609716892242e-001
vn -1.2860286235809326e-001 -8.1479436159133911e-001 5.6530648469924927e-001
vn -7.0587746798992157e-002 -9.3141561746597290e-001 3.5704663395881653e-001
vn -7.7486872673034668e-001 -3.9672958850860596e-001 4.9212208390235901e-001
vn -3.8407099246978760e-001 -8.7121838331222534e-001 3.0572542548179626e-001
vn -1.4547128975391388e-001 -9.8936128616333008e-001 -1.5472852392122149e-003
vn -9.9360078573226929e-001 -1.9582107663154602e-002 1.1123856157064438e-001
vn -9.9861735105514526e-001 4.3391779065132141e-002 2.9675483703613281e-002
vn -8.9047247171401978e-001 -3.9760220050811768e-001 2.2129459679126740e-001
vn -4.0473273396492004e-001 3.7708258628845215e-001 -8.3306670188903809e-001
vn -8.5856091976165771e-001 -3.6205008625984192e-001 3.6303287744522095e-001
vn -2.4790178239345551e-001 -3.3585098385810852e-001 -9.0870726108551025e-001
vn -1.7465166747570038e-001 -4.4981643557548523e-001 -8.7587779760360718e-001
vn -4.0231385827064514e-001 -2.2185245156288147e-001 -8.8821452856063843e-001
vn -2.4864099919795990e-001 -9.1688108444213867e-001 3.1226050853729248e-001
vn 1.0990154743194580e-001 -4.9212968349456787e-001 -8.6355662345886230e-001
vn -1.9429445266723633e-001 3.2714277040213346e-003 -9.8093783855438232e-001
vn -2.4730165302753448e-001 6.1355727910995483e-001 -7.4992626905441284e-001
vn 1.8490040302276611e-001 4.8874297738075256e-001 -8.5260903835296631e-001
vn -1.7221258580684662e-001 4.1483473777770996e-001 -8.9345109462738037e-001
vn 1.5510816872119904e-001 -6.0687285661697388e-001 -7.7951699495315552e-001
vn 2.4930828809738159e-001 -4.7947809100151062e-001 -8.4139543771743774e-001
vn 3.6309343576431274e-001 -5.1349145174026489e-001 -7.7748936414718628e-001
vn 6.6077739000320435e-002 -9.9661540985107422e-001 4.8901934176683426e-002
vn 8.0689720809459686e-002 -3.8355270028114319e-001 -9.1998720169067383e-001
vn 4.9012430012226105e-002 -9.9396973848342896e-001 9.8092250525951385e-002
vn 2.9370111227035522e-001 -8.9455586671829224e-001 -3.3691161870956421e-001
vn 9.3933351337909698e-002 -9.9475795030593872e-001 -4.0411937981843948e-002
vn -1.7548592388629913e-001 -9.8325145244598389e-001 4.9206476658582687e-002
vn -1.6036836802959442e-001 -9.8692607879638672e-001 1.6088593751192093e-002
vn 2.9371511191129684e-002 -9.9933207035064697e-001 -2.1744407713413239e-002
vn 2.8604808449745178e-001 -8.8817441463470459e-001 -3.5961467027664185e-001
vn 2.8404894471168518e-001 -3.7157607078552246e-001 -8.8388198614120483e-001
vn 1.2424841523170471e-001 -1.3723215460777283e-001 -9.8271536827087402e-001
vn 1.0443925112485886e-001 -2.9328775405883789e-001 -9.5030242204666138e-001
vn 3.4723803400993347e-001 -5.1894944906234741e-001 -7.8109997510910034e-001
vn 4.3044176697731018e-001 -3.4729823470115662e-001 -8.3312898874282837e-001
vn 3.8762250542640686e-001 -3.4710627794265747e-001 -8.5397076606750488e-001
vn 3.5202443599700928e-001 -3.4715539216995239e-001 -8.6923068761825562e-001
vn 3.0089715123176575e-001 -1.3622434437274933e-001 -9.4387710094451904e-001
vn 2.2180883586406708e-001 -8.9044529199600220e-001 -3.9737656712532043e-001
vn 3.9813324809074402e-001 -2.7838906645774841e-001 -8.7406486272811890e-001
vn 4.0681660175323486e-002 -9.9900615215301514e-001 -1.8214834854006767e-002
vn 4.3342724442481995e-001 -4.0208202600479126e-001 -8.0651777982711792e-001
vn 1.3416987657546997e-001 -3.8046196103096008e-001 -9.1501206159591675e-001
vn 3.5920855402946472e-001 -4.5552435517311096e-001 -8.1453472375869751e-001
vn 2.9940941929817200e-001 5.8896142244338989e-001 -7.5065201520919800e-001
vn 1.7563450336456299e-001 -9.8438084125518799e-001 -1.2117242440581322e-002
vn 4.0450251102447510e-001 -3.9913091063499451e-001 -8.2284396886825562e-001
vn 4.7917336225509644e-001 -5.2440959215164185e-001 -7.0383769273757935e-001
vn -4.1758008301258087e-002 -9.9822312593460083e-001 -4.2507711797952652e-002
vn 2.3464599251747131e-001 -9.6726185083389282e-001 9.6674203872680664e-002
vn 4.6520203351974487e-001 -4.5142403244972229e-001 -7.6144826412200928e-001
vn 1.2575876712799072e-001 -9.0804301202297211e-002 -9.8789644241333008e-001
vn 3.8115388154983521e-001 -4.8418444395065308e-001 -7.8758317232131958e-001
vn 5.4223799705505371e-001 -3.5347279161214828e-002 -8.3948117494583130e-001
vn 5.1150751113891602e-001 -4.4217082858085632e-001 -7.3678028583526611e-001
vn 4.2054444551467896e-001 -3.1875276565551758e-001 -8.4943449497222900e-001
vn 1.0420347750186920e-001 -2.0167027413845062e-001 -9.7389465570449829e-001
vn 5.3780156373977661e-001 1.0982691496610641e-001 -8.3588725328445435e-001
vn 8.4891222417354584e-002 -2.5738498568534851e-001 -9.6257281303405762e-001
vn 4.3058425188064575e-001 -4.7774910926818848e-001 -7.6573681831359863e-001
vn 3.5037422180175781e-001 3.5946226119995117e-001 -8.6488419771194458e-001
vn 4.7434064745903015e-001 3.1893834471702576e-001 -8.2053595781326294e-001
vn -1.7454032599925995e-001 -9.6932911872863770e-001 1.7302218079566956e-001
vn 2.5304740667343140e-001 -9.5166563987731934e-001 1.7406757175922394e-001
vn 4.0677407383918762e-001 -9.0787178277969360e-001 1.0150656104087830e-001
vn 1.2933881022036076e-002 -9.9668455123901367e-001 8.0328509211540222e-002
vn 1.5528326854109764e-002 -9.4690781831741333e-001 3.2112985849380493e-001
vn 1.5313291549682617e-001 -9.0490603446960449e-001 3.9710870385169983e-001
vn -1.0306524112820625e-002 -8.8167726993560791e-001 4.7174033522605896e-001
vn 1.7859332263469696e-001 -8.0051749944686890e-001 5.7208049297332764e-001
vn 3.6390307545661926e-001 -8.9269357919692993e-001 2.6584354043006897e-001
vn -7.8912116587162018e-002 -1.8248532712459564e-001 -9.8003667593002319e-001
vn 4.6244066208600998e-002 -9.8751264810562134e-001 1.5060007572174072e-001
vn 2.3281298577785492e-002 -9.0748172998428345e-001 4.1944605112075806e-001
vn -3.0478742718696594e-001 -7.1070301532745361e-001 -6.3403928279876709e-001
vn 2.1800024807453156e-001 -4.3786522746086121e-001 -8.7220972776412964e-001
vn -2.2575354576110840e-001 -9.6882283687591553e-001 1.0206685215234756e-001
vn 4.6573919057846069e-001 1.8264777958393097e-001 -8.6586767435073853e-001
vn 6.0298450291156769e-002 -5.1562726497650146e-001 -8.5468852519989014e-001
vn 2.1292394399642944e-001 -1.6184961795806885e-001 -9.6357047557830811e-001
vn -6.9260686635971069e-002 6.6014528274536133e-002 -9.9541205167770386e-001
vn 2.4919268488883972e-001 3.1909686326980591e-001 -9.1437423229217529e-001
vn -1.3841030001640320e-001 -9.5717430114746094e-001 2.5428336858749390e-001
vn 1.4077252149581909e-001 2.3066349327564240e-001 -9.6279662847518921e-001
vn -3.3851690590381622e-002 -9.3123120069503784e-001 -3.6285334825515747e-001
vn 2.3399224877357483e-001 -1.4009384810924530e-001 -9.6209216117858887e-001
vn 3.4782955050468445e-001 4.8042720556259155e-001 -8.0511140823364258e-001
vn -1.8375287950038910e-001 -9.0280443429946899e-001 3.8881754875183105e-001
vn 2.1978506445884705e-001 -5.2414685487747192e-003 -9.7553426027297974e-001
vn 4.2998716235160828e-001 -8.8974159955978394e-001 1.5320219099521637e-001
vn 4.0262341499328613e-001 -8.3058530092239380e-001 3.8473692536354065e-001
vn 7.3352195322513580e-002 -8.6752891540527344e-001 4.9194809794425964e-001
vn 3.2857510447502136e-001 -6.8452095985412598e-001 -6.5074533224105835e-001
vn -8.2757934927940369e-002 -9.6097582578659058e-001 2.6396328210830688e-001
vn 3.1948801875114441e-001 -5.4817169904708862e-001 -7.7293926477432251e-001
vn 4.4392612576484680e-001 -3.1319972872734070e-001 -8.3954483270645142e-001
vn 2.7906095981597900e-001 -8.6978203058242798e-001 4.0694487094879150e-001
vn 2.3419889807701111e-001 -8.7203562259674072e-001 4.2977300286293030e-001
vn 1.9725704193115234e-001 -9.7974324226379395e-001 3.4537248313426971e-002
vn -1.1097095161676407e-001 -8.1797301769256592e-001 5.6445163488388062e-001
vn 2.9969695210456848e-001 -1.2392541766166687e-001 -9.4595152139663696e-001
vn 2.4233189225196838e-001 -4.2837235331535339e-001 -8.7050122022628784e-001
vn 3.0249208211898804e-001 -3.2732325792312622e-001 -8.9518600702285767e-001
vn 3.2110974192619324e-001 -7.5442242622375488e-001 5.7248187065124512e-001
vn 4.0727329254150391e-001 -2.1794359385967255e-001 -8.8692110776901245e-001
vn 3.5964220762252808e-001 -7.4414104223251343e-001 -5.6294906139373779e-001
vn 8.4786191582679749e-002 -9.9080163240432739e-001 1.0546790063381195e-001
vn 2.0296196639537811e-001 -1.3482733070850372e-001 -9.6985983848571777e-001
vn 3.3954802155494690e-001 -4.9255570769309998e-001 -8.0130892992019653e-001
vn 2.6299315690994263e-001 6.3239060342311859e-002 -9.6272289752960205e-001
vn 4.5601782202720642e-001 -1.6121010482311249e-001 -8.7524801492691040e-001
vn 4.0719490498304367e-002 -9.0979582071304321e-001 4.1305390000343323e-001
vn -1.4511349797248840e-001 -9.0966445207595825e-001 3.8916894793510437e-001
vn 5.3362238407135010e-001 -4.8574301600456238e-001 -6.9231551885604858e-001
vn 4.0862698107957840e-002 -9.8001325130462646e-001 1.9469003379344940e-001
vn 5.1397591829299927e-001 -2.6483362913131714e-001 -8.1589943170547485e-001
vn 4.2003616690635681e-001 -2.3753239214420319e-001 -8.7586987018585205e-001
vn -1.0574702173471451e-001 -9.2806059122085571e-001 3.5710090398788452e-001
vn -6.6932044923305511e-002 -9.4502884149551392e-001 3.2006326317787170e-001
vn 5.4421973228454590e-001 -5.5006492137908936e-001 -6.3344568014144897e-001
vn -1.0144440829753876e-001 -9.1743397712707520e-001 3.8473871350288391e-001
vn 4.1586059331893921e-001 -5.0625240802764893e-001 -7.5549221038818359e-001
vn 8.5500627756118774e-001 -3.4746488928794861e-001 -3.8500967621803284e-001
vn 1.9644033908843994e-001 2.9903253912925720e-001 -9.3380445241928101e-001
vn -4.0932122617959976e-002 -2.1798244118690491e-001 -9.7509396076202393e-001
vn -7.5620315968990326e-002 -8.1866466999053955e-001 5.6927120685577393e-001
vn 6.5553411841392517e-003 -3.2940098643302917e-001 -9.4416737556457520e-001
vn -1.1627358198165894e-001 -4.5940423011779785e-001 -8.8058400154113770e-001
vn 2.2799900174140930e-001 2.4965481460094452e-001 -9.4111043214797974e-001
vn 3.2162335515022278e-001 1.7627097666263580e-001 -9.3031549453735352e-001
vn -8.9970424771308899e-002 -5.0904281437397003e-002 -9.9464261531829834e-001
vn -5.6286782026290894e-002 -4.2851838469505310e-001 -9.0177816152572632e-001
vn 1.8281102180480957e-001 -4.8696750402450562e-001 -8.5407429933547974e-001
vn 6.3939005136489868e-001 -3.5805460810661316e-001 -6.8042439222335815e-001
vn -2.4927810300141573e-003 -2.2906579077243805e-001 -9.7340780496597290e-001
vn 4.2148557305335999e-001 3.1030142307281494e-001 -8.5209327936172485e-001
vn 9.6753790974617004e-002 -4.3062674999237061e-001 -8.9732897281646729e-001
vn -1.0805681347846985e-002 -2.9974940419197083e-001 -9.5395678281784058e-001
vn 1.1804308742284775e-001 -3.2047483325004578e-001 -9.3987321853637695e-001
vn 1.5796259045600891e-001 -3.1244406104087830e-001 -9.3671047687530518e-001
vn 4.7777003049850464e-001 1.6136229038238525e-002 -8.7833672761917114e-001
vn -2.9282361268997192e-001 2.4944877624511719e-001 -9.2305451631546021e-001
vn -8.8355233892798424e-003 5.8906310796737671e-001 -8.0803871154785156e-001
vn -3.5071894526481628e-001 -2.7822312712669373e-001 -8.9419686794281006e-001
vn -2.4362811446189880e-001 3.5132683813571930e-002 -9.6923220157623291e-001
vn 2.7075380086898804e-001 -8.4958922863006592e-001 4.5264837145805359e-001
vn 2.8868297114968300e-002 -7.7666783332824707e-001 6.2924855947494507e-001
vn -1.9381416961550713e-002 -9.2817759513854980e-001 3.7163242697715759e-001
vn 3.1121674180030823e-001 -9.0566390752792358e-001 2.8795316815376282e-001
vn 2.8275382518768311e-001 -7.8094315528869629e-001 5.5693626403808594e-001
vn 2.3196722567081451e-001 -8.3113998174667358e-001 5.0536864995956421e-001
vn -2.2404164075851440e-001 -8.4462422132492065e-001 4.8622560501098633e-001
vn -9.5367544889450073e-001 1.9464324414730072e-001 2.2938421368598938e-001
vn -1.9019526243209839e-001 -7.4863350391387939e-001 6.3511711359024048e-001
vn 4.8500046133995056e-002 -7.3021948337554932e-001 6.8148893117904663e-001
vn -8.5390013456344604e-001 3.3832430839538574e-001 -3.9546337723731995e-001
vn -5.4880965501070023e-002 -8.6254829168319702e-001 5.0298959016799927e-001
vn 1.9357969984412193e-002 -9.0775865316390991e-001 4.1904598474502563e-001
vn 9.1236434876918793e-002 -8.7814885377883911e-001 4.6960675716400146e-001
vn -7.7070899307727814e-002 -6.6980677843093872e-001 7.3852485418319702e-001
vn 2.6176588609814644e-002 -7.8789281845092773e-001 6.1525571346282959e-001
vn 1.1193308979272842e-001 -8.3957529067993164e-001 5.3158670663833618e-001
vn 3.6714142560958862e-001 -8.0554986000061035e-001 4.6507704257965088e-001
vn 2.8221079707145691e-001 -8.1929302215576172e-001 4.9911522865295410e-001
vn 1.8686187267303467e-001 -7.2393232583999634e-001 6.6408175230026245e-001
vn 4.7537645697593689e-001 -7.9104846715927124e-001 3.8504481315612793e-001
vn 4.0394004434347153e-002 -7.9604727029800415e-001 6.0388493537902832e-001
vn 1.9808869063854218e-001 -7.6739645004272461e-001 6.0980618000030518e-001
vn -5.6082606315612793e-002 -9.2382144927978516e-001 3.7869328260421753e-001
vn 1.5727253258228302e-001 -7.4577933549880981e-001 6.4736276865005493e-001
vn 1.7789429426193237e-001 -7.8121507167816162e-001 5.9837836027145386e-001
vn -4.6803236007690430e-002 -9.2000412940979004e-001 3.8910391926765442e-001
vn 1.4686039090156555e-001 -8.7182521820068359e-001 4.6728235483169556e-001
vn 3.2311847805976868e-001 -7.6771116256713867e-001 5.5336612462997437e-001
vn 1.7032805085182190e-001 -9.3100607395172119e-001 3.2282528281211853e-001
vn -9.8084330558776855e-001 -1.8958644568920135e-001 4.4759210199117661e-002
vn 2.5368100404739380e-001 -7.6056504249572754e-001 5.9765106439590454e-001
vn -9.5317649841308594e-001 1.8417756259441376e-001 2.3986063897609711e-001
vn -9.9726396799087524e-001 -1.8325023353099823e-002 7.1614988148212433e-002
vn -9.6710264682769775e-001 2.1200442686676979e-002 2.5350126624107361e-001
vn -8.7383466958999634e-001 6.9098569452762604e-002 4.8128834366798401e-001
vn -8.7973290681838989e-001 3.8274741172790527e-001 -2.8208932280540466e-001
vn -9.6289670467376709e-001 2.1945452690124512e-001 1.5706579387187958e-001
vn -9.9773758649826050e-001 4.6275734901428223e-002 -4.8768468201160431e-002
vn -4.2438808083534241e-001 -5.3763301111757755e-003 9.0546441078186035e-001
vn 2.3977339267730713e-001 -2.1703571081161499e-001 -9.4625806808471680e-001
vn 1.9244068861007690e-001 1.6090004146099091e-001 -9.6802771091461182e-001
vn -9.6636229753494263e-001 -2.5582957267761230e-001 -2.6365213096141815e-002
vn -8.8669252395629883e-001 4.3451333045959473e-001 -1.5803347527980804e-001
vn -9.9520277976989746e-001 -9.6576968207955360e-003 9.7356416285037994e-002
vn -9.6477937698364258e-001 1.8439967930316925e-001 1.8760989606380463e-001
vn -9.7220695018768311e-001 1.9990471005439758e-001 1.2186770886182785e-001
vn -8.9751493930816650e-001 3.6541762948036194e-001 2.4685372412204742e-001
vn -6.0541558265686035e-001 3.8354712724685669e-001 -6.9739770889282227e-001
vn -9.8231267929077148e-001 -1.3029301166534424e-001 1.3448204100131989e-001
vn -9.3528026342391968e-001 2.7095225453376770e-001 -2.2767452895641327e-001
vn -3.4699013829231262e-001 7.9137040302157402e-003 -9.3783539533615112e-001
vn -9.2453724145889282e-001 2.7823969721794128e-001 -2.6041024923324585e-001
vn -8.4214389324188232e-001 2.6446074247360229e-001 -4.6995121240615845e-001
vn -9.7734874486923218e-001 1.4946213364601135e-001 -1.4983545243740082e-001
vn -9.7454392910003662e-001 -2.2410005331039429e-001 6.5830224193632603e-003
vn -9.9745124578475952e-001 -6.1245985329151154e-002 -3.6604128777980804e-002
vn -9.9537837505340576e-001 -7.7519848942756653e-002 -5.6679122149944305e-002
vn -8.9856505393981934e-001 -1.0184225440025330e-001 4.2685955762863159e-001
vn -7.2372853755950928e-001 -6.3777714967727661e-001 2.6354765892028809e-001
vn -9.0069770812988281e-001 -2.8330421447753906e-001 3.2936644554138184e-001
vn 9.0077593922615051e-002 -8.9950495958328247e-001 4.2752397060394287e-001
vn -9.3845403194427490e-001 -2.6529163122177124e-001 2.2118841111660004e-001
vn -8.8601964712142944e-001 3.5894539952278137e-001 -2.9347467422485352e-001
vn -9.1909343004226685e-001 3.8625797629356384e-001 -7.7923387289047241e-002
vn -2.4825249612331390e-001 -9.2963618040084839e-001 2.7229994535446167e-001
vn -2.7359837293624878e-001 -8.3627742528915405e-001 4.7516733407974243e-001
vn 8.1438891589641571e-002 -8.0591571331024170e-001 5.8640217781066895e-001
vn -8.0508846044540405e-001 -3.0808016657829285e-001 5.0687199831008911e-001
vn -2.7393819764256477e-002 -7.4171745777130127e-001 6.7015284299850464e-001
vn -9.8867648839950562e-001 -1.1043126136064529e-001 1.0160551220178604e-001
vn -5.8296793699264526e-001 -7.8490591049194336e-001 2.0993104577064514e-001
vn -9.3324786424636841e-001 2.3073665797710419e-001 2.7533456683158875e-001
vn -6.9954097270965576e-001 -7.1439981460571289e-001 1.6588985919952393e-002
vn 5.2263032644987106e-002 -9.7816485166549683e-001 2.0115193724632263e-001
vn -9.9988949298858643e-001 5.2282959222793579e-003 -1.3915107585489750e-002
vn -9.1388511657714844e-001 -1.6794659197330475e-001 3.6960506439208984e-001
vn -4.8198455572128296e-001 -7.5655514001846313e-001 4.4194468855857849e-001
vn 1.8872486054897308e-001 -9.7483932971954346e-001 1.1862219870090485e-001
vn -9.9393838644027710e-001 -6.8699717521667480e-002 8.5830673575401306e-002
vn -9.2949336767196655e-001 -5.0320077687501907e-002 3.6539009213447571e-001
vn -9.9269115924835205e-001 4.2992349714040756e-002 1.1276472359895706e-001
vn -9.5125579833984375e-001 -2.2879667580127716e-001 2.0679552853107452e-001
vn -8.4670239686965942e-001 5.0093162059783936e-001 -1.7933925986289978e-001
vn -9.9245727062225342e-001 -3.0175266787409782e-002 1.1881918460130692e-001
vn -9.5281338691711426e-001 -3.0255985260009766e-001 2.4581534788012505e-002
vn -9.6314692497253418e-001 -5.5400930345058441e-002 2.6320862770080566e-001
vn -5.9206891059875488e-001 -6.6097027063369751e-001 4.6105608344078064e-001
vn -9.3786138296127319e-001 3.4555014967918396e-001 3.1798586249351501e-002
vn -9.9812310934066772e-001 -6.8824365735054016e-003 6.0851946473121643e-002
vn -9.6212297677993774e-001 2.5355437397956848e-001 -1.0014688223600388e-001
vn -8.5435092449188232e-001 -3.5728061199188232e-001 3.7740567326545715e-001
vn -9.9208438396453857e-001 -6.7318946123123169e-002 1.0600321739912033e-001
vn -9.3614119291305542e-001 -1.3545700907707214e-001 3.2448598742485046e-001
vn -9.8215079307556152e-001 1.5903164446353912e-001 -1.0044281184673309e-001
vn -8.5557609796524048e-001 -5.0356715917587280e-001 1.2004034966230392e-001
vn -9.6556001901626587e-001 -2.5675264000892639e-001 4.2095232754945755e-002
vn -7.7694791555404663e-001 -6.2057220935821533e-001 -1.0602889209985733e-001
vn -9.6307188272476196e-001 2.6924064755439758e-001 -1.4571256469935179e-003
vn -8.3065718412399292e-001 -4.4297757744789124e-001 3.3731234073638916e-001
vn -8.9073777198791504e-001 -4.5414692163467407e-001 1.8352355808019638e-002
vn -7.2752946615219116e-001 -6.1741471290588379e-001 2.9916551709175110e-001
vn -5.9895940124988556e-002 -9.4237536191940308e-001 3.2915210723876953e-001
vn -9.3957525491714478e-001 -3.1084072589874268e-001 1.4344468712806702e-001
vn -9.9864596128463745e-001 3.9895355701446533e-002 3.3386725932359695e-002
vn -9.8889398574829102e-001 -1.4428474009037018e-001 -3.5646826028823853e-002
vn -9.8902845382690430e-001 5.9589482843875885e-002 -1.3517360389232635e-001
vn -9.8476713895797729e-001 -1.5237945318222046e-001 -8.3750158548355103e-002
vn -9.9705177545547485e-001 7.2810962796211243e-002 -2.4213578552007675e-002
vn 9.4836682081222534e-002 -9.4474190473556519e-001 3.1379723548889160e-001
vn -9.6058475971221924e-001 -2.7686959505081177e-001 -2.4901656433939934e-002
vn 1.6809114813804626e-001 -9.5499157905578613e-001 2.4441054463386536e-001
vn 1.8453206121921539e-001 -8.8647985458374023e-001 4.2438358068466187e-001
vn -8.5945391654968262e-001 -4.4865846633911133e-001 2.4503967165946960e-001
vn -9.7089201211929321e-001 -2.2926984727382660e-001 -6.9310680031776428e-002
vn -9.8698282241821289e-001 1.4482213556766510e-001 6.9937847554683685e-002
vn -3.0855250358581543e-001 -8.7830370664596558e-001 3.6520922183990479e-001
vn -9.4319945573806763e-001 -3.0858978629112244e-001 1.2307389825582504e-001
vn -9.5963990688323975e-001 -2.5233349204063416e-001 -1.2417332082986832e-001
vn -9.6314966678619385e-001 -2.5598174333572388e-001 8.2559034228324890e-002
vn -9.9312978982925415e-001 1.1680907011032104e-001 6.9982111454010010e-003
vn -8.2095611095428467e-001 -5.3386491537094116e-001 2.0253257453441620e-001
vn -6.9690227508544922e-001 -6.2774950265884399e-001 3.4678196907043457e-001
vn -7.0700252056121826e-001 -6.0567605495452881e-001 3.6510795354843140e-001
vn -9.9304717779159546e-001 5.6526307016611099e-003 -1.1758120357990265e-001
vn -3.4121254086494446e-001 -7.2786659002304077e-001 5.9479773044586182e-001
vn -1.6514521837234497e-001 -9.1987186670303345e-001 3.5575661063194275e-001
vn -9.7419512271881104e-001 -1.2854452431201935e-001 1.8552643060684204e-001
vn -9.4385278224945068e-001 -3.0815476179122925e-001 -1.1909058690071106e-001
vn -9.6866190433502197e-001 -2.3189166188240051e-001 8.8996961712837219e-002
vn -9.6492624282836914e-001 -2.5768053531646729e-001 5.0180695950984955e-002
vn 8.7639220058917999e-002 -9.8129332065582275e-001 1.7141418159008026e-001
vn 1.9983519613742828e-001 -9.6449506282806396e-001 1.7267073690891266e-001
vn -2.4955576658248901e-001 -6.4481186866760254e-001 7.2245383262634277e-001
vn -9.9342560768127441e-001 -8.9413203299045563e-002 7.1490459144115448e-002
vn -7.8232014179229736e-001 -2.2355964407324791e-002 6.2247526645660400e-001
vn -6.9961237907409668e-001 -3.3060082793235779e-001 6.3343960046768188e-001
vn -9.8217105865478516e-001 1.3912227749824524e-001 1.2643112242221832e-001
vn -2.7971631288528442e-001 -8.1707507371902466e-001 5.0412994623184204e-001
vn -1.0894492268562317e-001 -9.2463737726211548e-001 3.6493387818336487e-001
vn -2.7612018585205078e-001 -3.8770478963851929e-001 8.7945592403411865e-001
vn -8.8559430837631226e-001 -1.1714558303356171e-001 4.4944369792938232e-001
vn -3.4269544482231140e-001 -7.7632546424865723e-001 5.2903550863265991e-001
vn -1.9722510129213333e-002 -6.4330077171325684e-001 7.6535946130752563e-001
vn -2.6563569903373718e-001 -8.6253035068511963e-001 4.3067282438278198e-001
vn -3.1628373265266418e-001 -7.6982915401458740e-001 5.5437147617340088e-001
vn 1.4461508393287659e-001 -7.0874392986297607e-001 6.9048428535461426e-001
vn -1.6544620692729950e-001 -7.9232430458068848e-001 5.8723908662796021e-001
vn 1.3988254591822624e-002 -8.5125094652175903e-001 5.2457237243652344e-001
vn 1.6611988842487335e-001 -7.7098268270492554e-001 6.1480885744094849e-001
vn 8.1219263374805450e-002 -9.5250093936920166e-001 2.9350510239601135e-001
vn 2.8094130754470825e-001 -8.8136291503906250e-001 3.7983080744743347e-001
vn 1.1674264073371887e-001 -8.0163651704788208e-001 5.8630204200744629e-001
vn -1.6761156916618347e-001 -4.8213219642639160e-001 8.5991561412811279e-001
vn 2.7615752816200256e-001 -8.4685999155044556e-001 4.5449450612068176e-001
vn 2.7015337347984314e-001 -8.8874775171279907e-001 3.7033048272132874e-001
vn 4.6286821365356445e-001 -7.7319771051406860e-001 4.3349543213844299e-001
vn 3.6837673187255859e-001 -8.3306926488876343e-001 4.1266712546348572e-001
vn 7.9412251710891724e-002 -9.8694622516632080e-001 1.4011025428771973e-001
vn 3.9417287707328796e-001 -9.0722692012786865e-001 1.4685726165771484e-001
vn 2.6108527183532715e-001 -7.9656094312667847e-001 5.4527521133422852e-001
vn 4.3052759766578674e-001 -8.6398148536682129e-001 2.6111674308776855e-001
vn 3.4780088067054749e-001 -9.2794978618621826e-001 1.3395440578460693e-001
vn 4.7943595051765442e-001 -8.5840946435928345e-001 1.8241246044635773e-001
vn 3.9978545904159546e-001 -8.3829623460769653e-001 3.7071678042411804e-001
vn 2.8008598089218140e-001 -7.6117563247680664e-001 5.8494740724563599e-001
vn 3.8103967905044556e-001 -9.0390372276306152e-001 1.9433681666851044e-001
vn 5.4980987310409546e-001 -8.1757831573486328e-001 1.7109900712966919e-001
vn 1.5171226114034653e-002 -8.6158150434494019e-001 5.0739240646362305e-001
vn 4.3493419885635376e-001 -8.3760905265808105e-001 3.3051997423171997e-001
vn 9.0817064046859741e-002 -8.0646866559982300e-001 5.8426070213317871e-001
vn 3.9270111918449402e-001 -9.0661036968231201e-001 1.5441350638866425e-001
vn 6.2901943922042847e-001 -6.8592363595962524e-001 3.6584600806236267e-001
vn 3.4770518541336060e-001 -7.2809046506881714e-001 5.9074997901916504e-001
vn 7.8519657254219055e-002 -8.9864695072174072e-001 4.3158808350563049e-001
vn 1.8527738749980927e-001 -7.1510303020477295e-001 6.7401784658432007e-001
vn 2.2494557499885559e-001 -8.8708949089050293e-001 4.0307790040969849e-001
vn -3.0395112931728363e-002 -8.8380765914916992e-001 4.6686190366744995e-001
vn 3.9451202750205994e-001 -7.8045523166656494e-001 4.8502552509307861e-001
vn -3.6583427339792252e-002 -9.2645353078842163e-001 3.7462726235389709e-001
vn 4.4939309358596802e-001 -8.8145977258682251e-001 1.4517065882682800e-001
vn 3.0680438876152039e-001 -7.8192263841629028e-001 5.4264903068542480e-001
vn 4.0587142109870911e-001 -7.1614974737167358e-001 5.6780093908309937e-001
vn 5.2279394865036011e-001 -7.8352499008178711e-001 3.3581995964050293e-001
vn 5.0556200742721558e-001 -7.9199826717376709e-001 3.4226560592651367e-001
vn 2.1929186582565308e-001 -7.4499714374542236e-001 6.2999230623245239e-001
vn -1.4439876377582550e-001 -6.9046151638031006e-001 7.0881015062332153e-001
vn 3.3438536524772644e-001 -6.4869010448455811e-001 6.8365758657455444e-001
vn -1.7593072727322578e-002 -8.9527648687362671e-001 4.4516339898109436e-001
vn 6.1622500419616699e-001 -5.3995478153228760e-001 5.7333731651306152e-001
vn 4.1260272264480591e-001 -7.4027603864669800e-001 5.3080153465270996e-001
vn 1.9694231450557709e-001 -8.5569781064987183e-001 4.7853416204452515e-001
vn 4.4609409570693970e-001 -7.7834343910217285e-001 4.4179344177246094e-001
vn 4.1333720088005066e-001 -8.4269082546234131e-001 3.4499928355216980e-001
vn -6.4509548246860504e-002 -8.1938046216964722e-001 5.6960874795913696e-001
vn 5.3578339517116547e-002 -6.0942029953002930e-001 7.9103493690490723e-001
vn 6.3219845294952393e-001 -6.6206121444702148e-001 4.0249243378639221e-001
vn 1.2533113360404968e-001 -8.0962669849395752e-001 5.7340794801712036e-001
vn 1.5596887469291687e-001 -7.2700083255767822e-001 6.6868793964385986e-001
vn 2.5206431746482849e-001 -6.6729739308357239e-002 9.6540701389312744e-001
vn -2.5297714397311211e-002 -5.2932870388031006e-001 8.4803962707519531e-001
vn 4.9773284792900085e-001 -7.0955538749694824e-001 4.9879172444343567e-001
vn 5.2506810426712036e-001 -5.6003075838088989e-001 6.4083468914031982e-001
vn 7.1124799549579620e-002 1.3501615822315216e-001 9.8828738927841187e-001
vn 2.5610548257827759e-001 -6.7815560102462769e-001 6.8885058164596558e-001
vn 1.3906358182430267e-001 -7.9072648286819458e-001 5.9616518020629883e-001
vn 2.1326828002929688e-001 -7.7120745182037354e-001 5.9979641437530518e-001
vn 6.0602831840515137e-001 -6.6027843952178955e-001 4.4357866048812866e-001
vn 1.8450711667537689e-001 -7.8962695598602295e-001 5.8518922328948975e-001
vn 1.1536997556686401e-001 -6.6514807939529419e-001 7.3774516582489014e-001
vn 3.9125975966453552e-001 -7.1910411119461060e-001 5.7428663969039917e-001
vn 3.4816059470176697e-001 -8.6205786466598511e-001 3.6829397082328796e-001
vn 1.7633526027202606e-001 -7.8083819150924683e-001 5.9933102130889893e-001
vn 1.6140422224998474e-001 -8.9295196533203125e-001 4.2022082209587097e-001
vn 2.3757290840148926e-001 -8.5024374723434448e-001 4.6972826123237610e-001
vn 2.3748926818370819e-001 -8.5581207275390625e-001 4.5954823493957520e-001
vn 1.7535287141799927e-001 -8.6932832002639771e-001 4.6208184957504272e-001
vn 2.8322234749794006e-001 -7.9979294538497925e-001 5.2926015853881836e-001
vn 2.5165402889251709e-001 -3.6371868848800659e-001 8.9687186479568481e-001
vn 8.2856126129627228e-002 -5.5748009681701660e-001 8.2604527473449707e-001
vn 8.5863806307315826e-002 -9.0935361385345459e-001 4.0706685185432434e-001
vn 1.5128646790981293e-001 -8.7189310789108276e-001 4.6574124693870544e-001
vn 2.7439564466476440e-001 -8.9888721704483032e-001 3.4162676334381104e-001
vn 2.0699962973594666e-001 -8.7275183200836182e-001 4.4210338592529297e-001
vn 3.8666960597038269e-001 -8.6349475383758545e-001 3.2382613420486450e-001
vn 1.0410781204700470e-001 -9.5366835594177246e-001 2.8227329254150391e-001
vn 2.6081773638725281e-001 -5.5823475122451782e-001 7.8762173652648926e-001
vn 4.0818572044372559e-001 -6.8774330615997314e-001 6.0032778978347778e-001
vn 2.3393583297729492e-001 -5.4349684715270996e-001 8.0615454912185669e-001
vn 2.0815975964069366e-001 -7.9904073476791382e-001 5.6409525871276855e-001
vn -9.7470486164093018e-001 5.9195984154939651e-002 2.1551406383514404e-001
vn -9.8712408542633057e-001 -1.2199671566486359e-001 1.0345354676246643e-001
vn 1.0128082334995270e-001 2.6471403241157532e-001 9.5899355411529541e-001
vn 9.7292169928550720e-002 1.8352332711219788e-001 9.7818887233734131e-001
vn 5.0228454172611237e-002 -2.1472981572151184e-001 9.7538107633590698e-001
vn 1.1049722880125046e-001 -4.1010722517967224e-001 9.0531897544860840e-001
vn 2.5636751204729080e-002 -8.0805778503417969e-001 5.8854508399963379e-001
vn -9.4650924205780029e-001 1.3842062652111053e-001 2.9147893190383911e-001
vn -9.7998946905136108e-001 1.9834925234317780e-001 -1.6679221764206886e-002
vn -1.8568009138107300e-002 -8.8322293758392334e-001 4.6858558058738708e-001
vn -8.4134638309478760e-002 1.6476052999496460e-001 9.8273867368698120e-001
vn 1.0237632691860199e-001 -9.8023617267608643e-001 1.6928161680698395e-001
vn 2.1091677248477936e-001 -3.6404851078987122e-001 -9.0718400478363037e-001
vn 2.6953265070915222e-001 -4.0938055515289307e-001 -8.7164193391799927e-001
vn 3.5355085134506226e-001 -3.7928751111030579e-001 -8.5506886243820190e-001
vn 3.5417354106903076e-001 -4.6657216548919678e-001 -8.1047606468200684e-001
vn 1.5322762727737427e-001 -9.6043425798416138e-001 2.3256671428680420e-001
vn 2.1049343049526215e-001 -9.1638290882110596e-001 3.4049206972122192e-001
vn 1.6697685420513153e-001 -9.3949913978576660e-001 -2.9909893870353699e-001
vn 2.2559581696987152e-001 -9.5310598611831665e-001 2.0173116028308868e-001
vn 2.3261956870555878e-001 -8.5437291860580444e-001 4.6468815207481384e-001
vn 4.1047510504722595e-001 -8.6147642135620117e-001 -2.9894581437110901e-001
vn 3.2149630784988403e-001 -4.2637079954147339e-001 -8.4548687934875488e-001
vn 2.9112622141838074e-001 -4.9084052443504333e-001 -8.2117050886154175e-001
vn 7.3947668075561523e-002 -2.8690686821937561e-001 -9.5510005950927734e-001
vn -9.6098922193050385e-002 -2.3418205976486206e-001 -9.6743154525756836e-001
vn -3.2510769367218018e-001 -3.7368208169937134e-001 -8.6871558427810669e-001
vn 2.6291670277714729e-002 -5.1595681905746460e-001 -8.5621100664138794e-001
vn 1.9106687605381012e-001 -4.0584009885787964e-001 -8.9374899864196777e-001
vn -3.4664437174797058e-001 -2.7357488870620728e-001 -8.9721482992172241e-001
vn -2.0959086716175079e-001 -5.4230022430419922e-001 -8.1362289190292358e-001
vn -2.4791072309017181e-001 -7.9791241884231567e-001 5.4943233728408813e-001
vn 1.7563454806804657e-001 -3.9347308874130249e-001 -9.0240311622619629e-001
vn 2.0936580002307892e-001 -8.3647948503494263e-001 5.0642675161361694e-001
vn 5.8332338929176331e-002 -7.8765952587127686e-001 6.1334323883056641e-001
vn 1.4826956391334534e-001 -7.6184642314910889e-001 -6.3056021928787231e-001
vn 1.3929128646850586e-001 -6.5218406915664673e-001 -7.4515360593795776e-001
vn 1.6269204020500183e-001 -5.7156693935394287e-001 -8.0426526069641113e-001
vn -7.7592857182025909e-002 -6.6176456212997437e-001 -7.4568557739257813e-001
vn -1.0633726418018341e-001 -7.1538889408111572e-001 -6.9058752059936523e-001
vn 1.0527803003787994e-001 -2.2604791820049286e-001 -9.6841049194335938e-001
vn -6.6683374345302582e-002 -8.6550217866897583e-001 4.9644669890403748e-001
vn -4.1369444131851196e-001 1.1510813981294632e-001 -9.0310961008071899e-001
vn 3.2100623846054077e-001 -6.4436513185501099e-001 -6.9408112764358521e-001
vn -9.3601179122924805e-001 -3.4760847687721252e-001 5.5228438228368759e-002
vn -3.4963873028755188e-001 -1.0033762082457542e-002 -9.3683087825775146e-001
vn -3.9120386354625225e-003 -8.7591749429702759e-001 4.8244497179985046e-001
vn -9.7049444913864136e-001 -4.8219715245068073e-003 2.4107518792152405e-001
vn -8.9331835508346558e-001 -2.6760724186897278e-001 3.6106601357460022e-001
vn -7.8018128871917725e-002 -8.0504631996154785e-001 5.8805918693542480e-001
vn -8.3244037628173828e-001 -5.3287708759307861e-001 -1.5193718671798706e-001
vn -9.0941816568374634e-001 -3.4064576029777527e-001 -2.3857709765434265e-001
vn -9.9979281425476074e-001 3.1074511352926493e-003 2.0117679610848427e-002
vn -9.1277605295181274e-001 -4.0218868851661682e-001 -7.1302950382232666e-002
vn -8.7420475482940674e-001 1.2990681827068329e-001 4.6785703301429749e-001
vn -9.6783977746963501e-001 -4.3626882135868073e-002 2.4775561690330505e-001
vn -9.7091156244277954e-001 -2.3909702897071838e-001 -1.2783357873558998e-002
vn -9.7457581758499146e-001 2.1059827506542206e-001 7.6487518846988678e-002
vn -9.8116350173950195e-001 1.9280010461807251e-001 -1.2098633684217930e-002
vn -4.0712362527847290e-001 3.1273427605628967e-001 -8.5816526412963867e-001
vn -9.5020914077758789e-001 3.0740934610366821e-001 5.1009986549615860e-002
vn -9.6038067340850830e-001 2.3145064711570740e-001 1.5524004399776459e-001
vn -9.2339801788330078e-001 2.9813966155052185e-001 2.4176189303398132e-001
vn -9.9151396751403809e-001 -4.3029855936765671e-002 1.2267253547906876e-001
vn -9.9024754762649536e-001 1.8505092710256577e-002 1.3808421790599823e-001
vn -9.7985029220581055e-001 -1.4806574583053589e-001 1.3405229151248932e-001
vn -9.7991460561752319e-001 -1.9655585289001465e-001 3.3664882183074951e-002
vn 1.7681164667010307e-002 -7.2530293464660645e-001 6.8820279836654663e-001
vn -2.6231771707534790e-001 -8.3382380008697510e-001 4.8572334647178650e-001
vn -1.0057556629180908e-001 -5.6885075569152832e-001 -8.1626796722412109e-001
vn -1.7721460759639740e-001 -1.7125788331031799e-001 -9.6915721893310547e-001
vn 2.6744179427623749e-002 -7.8982219099998474e-002 -9.9651718139648438e-001
vn -9.9703475832939148e-002 1.6836251597851515e-003 -9.9501579999923706e-001
vn 1.9153806567192078e-001 -2.2913725115358829e-003 -9.8148250579833984e-001
vn 5.9931313991546631e-001 5.3673392534255981e-001 -5.9391951560974121e-001
vn 7.9486481845378876e-002 2.6424410939216614e-001 -9.6117472648620605e-001
vn -3.5607305169105530e-001 -2.1743550896644592e-001 -9.0880900621414185e-001
vn 3.0017700791358948e-001 -1.9564477726817131e-002 -9.5368283987045288e-001
vn -1.2261565774679184e-001 3.3805045485496521e-001 -9.3310624361038208e-001
vn -1.7049875855445862e-001 -3.2318487763404846e-001 -9.3084996938705444e-001
vn -2.3373377323150635e-001 -1.2567533552646637e-001 -9.6414428949356079e-001
vn 2.7407270669937134e-001 2.3875547945499420e-001 -9.3160074949264526e-001
vn 1.8910124897956848e-001 3.1725671887397766e-001 -9.2929488420486450e-001
vn 4.5138397812843323e-001 1.9310487806797028e-001 -8.7118482589721680e-001
vn 4.1891261935234070e-001 5.0116109848022461e-001 -7.5719869136810303e-001
vn 4.0825199335813522e-002 -4.4121675193309784e-002 -9.9819171428680420e-001
vn -1.3998787105083466e-001 -8.1719905138015747e-003 -9.9011951684951782e-001
vn 2.9422631859779358e-001 5.9273070096969604e-001 -7.4973398447036743e-001
vn -1.6149128973484039e-001 -5.9758353233337402e-001 -7.8537541627883911e-001
vn 9.6019513905048370e-002 -4.8064884543418884e-001 -8.7164038419723511e-001
vn -6.9802589714527130e-002 -4.4086402654647827e-001 -8.9485555887222290e-001
vn 6.8561859428882599e-002 -3.8803970813751221e-001 -9.1908890008926392e-001
vn -1.6232060268521309e-002 -3.9517039060592651e-001 -9.1846436262130737e-001
vn 5.7246696203947067e-002 -4.8785251379013062e-001 -8.7104690074920654e-001
vn 4.8611935973167419e-001 -4.8312154412269592e-001 -7.2820425033569336e-001
vn 1.4592674374580383e-001 -2.6358035206794739e-001 -9.5353597402572632e-001
vn 2.5687700510025024e-001 -2.9827934503555298e-001 -9.1926246881484985e-001
vn -1.9742718338966370e-001 -6.3223987817764282e-001 -7.4919635057449341e-001
vn -1.5738128125667572e-001 -5.7005721330642700e-001 -8.0639064311981201e-001
vn -2.1558836102485657e-001 -6.7804175615310669e-001 -7.0269554853439331e-001
vn -2.0247203111648560e-001 -7.5081354379653931e-001 -6.2871623039245605e-001
vn -3.0158057808876038e-001 -8.0199527740478516e-001 -5.1560914516448975e-001
vn -2.5971505045890808e-001 -6.5368038415908813e-001 -7.1080940961837769e-001
vn -2.4000097811222076e-001 -8.0419236421585083e-001 -5.4375934600830078e-001
vn -2.5508341193199158e-001 -8.3659553527832031e-001 -4.8480969667434692e-001
vn -1.2854892015457153e-001 -8.4496825933456421e-001 -5.1913762092590332e-001
vn -1.7413163185119629e-001 -6.4742720127105713e-001 -7.4196779727935791e-001
vn -2.1194282174110413e-001 -6.3479185104370117e-001 -7.4304747581481934e-001
vn -1.9667044281959534e-001 -7.5264704227447510e-001 -6.2836539745330811e-001
vn 4.6108257770538330e-001 -8.8702338933944702e-001 -2.4338876828551292e-002
vn -7.9274028539657593e-002 -7.0393854379653931e-001 -7.0582300424575806e-001
vn -1.0513973981142044e-001 -6.6834127902984619e-001 -7.3638689517974854e-001
vn 6.6616606712341309e-001 -6.2763720750808716e-001 4.0285763144493103e-001
vn 8.7562352418899536e-001 -4.8198807239532471e-001 3.1159378588199615e-002
vn -4.5925542712211609e-002 -6.0428225994110107e-001 -7.9544568061828613e-001
vn 1.6442467272281647e-001 -9.8246312141418457e-001 -8.7923832237720490e-002
vn 5.5419754981994629e-001 -5.5688816308975220e-001 -6.1866044998168945e-001
vn -2.2238107398152351e-002 -7.4192667007446289e-001 -6.7011213302612305e-001
vn 5.0628858804702759e-001 -5.2492040395736694e-001 -6.8420052528381348e-001
vn -3.8616168498992920e-001 -5.3994927555322647e-002 -9.2084944248199463e-001
vn 1.5740211308002472e-001 -7.5475060939788818e-001 -6.3684856891632080e-001
vn -2.0596760511398315e-001 -3.9259502291679382e-001 -8.9635181427001953e-001
vn -2.8792414069175720e-001 -5.6991022825241089e-001 -7.6961153745651245e-001
vn 2.7910601347684860e-002 -6.6279399394989014e-001 -7.4828141927719116e-001
vn -2.1162404119968414e-001 -3.9488524198532104e-001 -8.9402520656585693e-001
vn -2.7494680881500244e-001 -5.8146756887435913e-001 -7.6570212841033936e-001
vn -1.7284607514739037e-002 -7.3475241661071777e-001 -6.7811512947082520e-001
vn -4.1284255683422089e-002 -4.9408343434333801e-001 -8.6843371391296387e-001
vn -1.9739413261413574e-001 -4.6184033155441284e-001 -8.6471909284591675e-001
vn 2.8240033984184265e-001 -6.1336225271224976e-001 -7.3758858442306519e-001
vn -1.1286026984453201e-001 -4.5171889662742615e-001 -8.8499301671981812e-001
vn 2.0799490809440613e-001 -6.0807234048843384e-001 -7.6615023612976074e-001
vn 2.2236897051334381e-001 -5.8988773822784424e-001 -7.7626311779022217e-001
vn -1.7063343897461891e-002 -7.7038651704788208e-001 -6.3734889030456543e-001
vn -9.3915354227647185e-004 -5.3776872158050537e-001 -8.4309184551239014e-001
vn 2.9460443183779716e-002 -7.5552129745483398e-001 -6.5446132421493530e-001
vn -9.8848156630992889e-002 -5.8255565166473389e-001 -8.0675774812698364e-001
vn -5.8990935795009136e-003 -7.8202891349792480e-001 -6.2321424484252930e-001
vn 2.0022204518318176e-001 -7.6681852340698242e-001 -6.0983645915985107e-001
vn -1.8134269118309021e-001 -3.4530618786811829e-001 -9.2080318927764893e-001
vn 6.4083889126777649e-002 -7.2352451086044312e-001 -6.8731766939163208e-001
vn 3.3846569061279297e-001 -6.9612139463424683e-001 -6.3313192129135132e-001
vn -5.9552974998950958e-002 -2.9761192202568054e-001 -9.5282763242721558e-001
vn 2.9102990031242371e-001 -6.4614897966384888e-001 -7.0554447174072266e-001
vn 4.3797767162322998e-001 -7.5901848077774048e-001 -4.8173281550407410e-001
vn 3.4761694073677063e-001 -7.7635771036148071e-001 -5.2576732635498047e-001
vn 2.9459649324417114e-001 -7.6453769207000732e-001 -5.7331937551498413e-001
vn 1.5001860260963440e-001 -5.2975958585739136e-001 -8.3477491140365601e-001
vn 7.4194230139255524e-002 -3.2589378952980042e-001 -9.4249057769775391e-001
vn 2.6435606181621552e-002 -4.4999578595161438e-001 -8.9263933897018433e-001
vn 1.7384700477123260e-001 -3.1271374225616455e-001 -9.3380266427993774e-001
vn -1.9506864249706268e-002 -4.4163852930068970e-001 -8.9698100090026855e-001
vn -3.1545248627662659e-001 -5.5384421348571777e-001 -7.7054941654205322e-001
vn -2.3774208128452301e-001 -5.2742892503738403e-001 -8.1565761566162109e-001
vn -1.6654305160045624e-001 -5.2278715372085571e-001 -8.3603656291961670e-001
vn -3.1323897838592529e-001 -4.7951239347457886e-001 -8.1972509622573853e-001
vn -3.3652415871620178e-001 -5.6599724292755127e-001 -7.5259459018707275e-001
vn -2.3457002639770508e-001 -5.0421023368835449e-001 -8.3111304044723511e-001
vn -2.4517677724361420e-001 -5.0437158346176147e-001 -8.2794779539108276e-001
vn -2.1650163829326630e-001 -3.2728365063667297e-001 -9.1978931427001953e-001
vn -1.8215781450271606e-001 -5.6597405672073364e-001 -8.0404716730117798e-001
vn -2.1754582412540913e-003 -1.7578232288360596e-001 -9.8442667722702026e-001
vn -3.0880028009414673e-001 -5.7349073886871338e-001 -7.5878244638442993e-001
vn -1.4074145257472992e-001 -6.2631833553314209e-001 -7.6675760746002197e-001
vn 1.4095517992973328e-001 -5.2304041385650635e-001 -8.4057146310806274e-001
vn -3.9559072256088257e-001 -5.8694630861282349e-001 -7.0640069246292114e-001
vn -2.5094521045684814e-001 -3.9532896876335144e-001 -8.8359576463699341e-001
vn 2.6162791252136230e-001 -3.1306046247482300e-001 -9.1298627853393555e-001
vn -2.9313385486602783e-001 -3.8829895853996277e-001 -8.7366849184036255e-001
vn -3.8879531621932983e-001 -5.7096791267395020e-001 -7.2307252883911133e-001
vn -2.5322058796882629e-001 -4.3016606569290161e-001 -8.6650824546813965e-001
vn 7.8446292877197266e-001 4.0359073877334595e-001 -4.7088477015495300e-001
vn 1.0213998705148697e-001 -5.5596441030502319e-001 -8.2490670680999756e-001
vn -2.5025164708495140e-002 -4.1335386037826538e-001 -9.1022652387619019e-001
vn 8.0751770734786987e-001 5.5001908540725708e-001 -2.1305908262729645e-001
vn -1.3020685315132141e-001 -5.6088656187057495e-001 -8.1758946180343628e-001
vn 9.3403339385986328e-001 2.2889314591884613e-001 -2.7420711517333984e-001
vn 7.4084162712097168e-001 1.9483147561550140e-001 -6.4280194044113159e-001
vn 7.2407275438308716e-001 2.4089075624942780e-001 -6.4628958702087402e-001
vn 6.4746183156967163e-001 6.8201035261154175e-001 -3.4008085727691650e-001
vn 7.9040044546127319e-001 5.6932979822158813e-001 -2.2612100839614868e-001
vn 8.0209010839462280e-001 5.7749599218368530e-001 -1.5215051174163818e-001
vn 7.7922308444976807e-001 1.3189835846424103e-001 -6.1271059513092041e-001
vn 8.1160479784011841e-001 4.9053794145584106e-001 -3.1728565692901611e-001
vn 5.5100500583648682e-001 -1.2242744863033295e-001 -8.2547259330749512e-001
vn 2.9882341623306274e-001 -3.8984787464141846e-001 -8.7104719877243042e-001
vn 8.2982897758483887e-001 2.8468444943428040e-001 -4.7993606328964233e-001
vn 8.2651555538177490e-001 4.8567217588424683e-001 -2.8459528088569641e-001
vn 7.9045194387435913e-001 8.9410878717899323e-002 -6.0596328973770142e-001
vn 9.1807389259338379e-001 -1.0214175283908844e-001 -3.8302415609359741e-001
vn 7.7790510654449463e-001 5.0341486930847168e-001 -3.7608128786087036e-001
vn 9.4011253118515015e-001 -4.4351842254400253e-002 -3.3796653151512146e-001
vn 7.9267311096191406e-001 1.9779957830905914e-001 -5.7666683197021484e-001
vn 8.3417379856109619e-001 2.9895094037055969e-001 -4.6344631910324097e-001
vn -2.6956346631050110e-001 -5.6809443235397339e-001 -7.7756309509277344e-001
vn 7.7416557073593140e-001 1.3142049312591553e-001 -6.1919003725051880e-001
vn 6.5490168333053589e-001 4.8260640352964401e-002 -7.5417155027389526e-001
vn 2.6262688636779785e-001 -1.3781134784221649e-001 -9.5500528812408447e-001
vn -1.3412226736545563e-001 -4.9368518590927124e-001 -8.5923576354980469e-001
vn 8.1323695182800293e-001 1.6296391189098358e-001 -5.5864870548248291e-001
vn 5.1759582757949829e-001 -9.9969379603862762e-002 -8.4976506233215332e-001
vn 1.9266101717948914e-001 -1.3076767325401306e-001 -9.7251307964324951e-001
vn -5.2455890178680420e-001 1.0231866687536240e-001 -8.4520345926284790e-001
vn -6.7140930891036987e-001 1.4562751352787018e-001 -7.2663754224777222e-001
vn -1.1260228604078293e-001 1.0954720526933670e-001 -9.8758298158645630e-001
vn -5.1701521873474121e-001 3.0669617652893066e-001 -7.9914492368698120e-001
vn -5.6108272075653076e-001 4.0562298148870468e-002 -8.2676535844802856e-001
vn -6.1172389984130859e-001 7.9146087169647217e-002 -7.8710222244262695e-001
vn 2.2215616703033447e-001 6.2721468508243561e-002 -9.7299164533615112e-001
vn -4.2800411581993103e-001 -5.1217969506978989e-002 -9.0232437849044800e-001
vn -3.2913631200790405e-001 -2.5641000270843506e-001 -9.0880316495895386e-001
vn -3.3606052398681641e-001 1.6391190886497498e-001 -9.2746764421463013e-001
vn -3.5890096426010132e-001 1.3473555445671082e-001 -9.2359972000122070e-001
vn -4.4958297163248062e-002 3.0164694413542747e-002 -9.9853330850601196e-001
vn 1.4539697766304016e-001 -1.8694287165999413e-002 -9.8919683694839478e-001
vn -4.2867470532655716e-002 -1.5178479254245758e-001 -9.8748356103897095e-001
vn 2.3199345171451569e-001 -1.4912893064320087e-002 -9.7260302305221558e-001
vn -3.4997019916772842e-002 1.5627439320087433e-001 -9.8709344863891602e-001
vn 9.5687426626682281e-002 -7.9592384397983551e-002 -9.9222427606582642e-001
vn 7.2226446866989136e-001 6.3757669925689697e-001 -2.6801136136054993e-001
vn 7.3129546642303467e-001 5.9181541204452515e-001 -3.3905959129333496e-001
vn 7.7357000112533569e-001 4.4843932986259460e-001 -4.4776296615600586e-001
vn 8.4104341268539429e-001 3.5503381490707397e-001 -4.0816301107406616e-001
vn 6.3319772481918335e-001 6.1594790220260620e-001 -4.6868848800659180e-001
vn 7.2275835275650024e-001 5.9459149837493896e-001 -3.5225161910057068e-001
vn 7.0826953649520874e-001 5.7282608747482300e-001 -4.1258272528648376e-001
vn 6.8950968980789185e-001 5.0378751754760742e-001 -5.2035993337631226e-001
vn 7.5351589918136597e-001 5.3089487552642822e-001 -3.8776856660842896e-001
vn 7.7289116382598877e-001 5.4024517536163330e-001 -3.3282795548439026e-001
vn 6.2905383110046387e-001 6.5086632966995239e-001 -4.2504620552062988e-001
vn 7.3647487163543701e-001 5.9746533632278442e-001 -3.1723812222480774e-001
vn 7.9143357276916504e-001 4.7255983948707581e-001 -3.8771152496337891e-001
vn -1.3663275539875031e-001 -1.7443683743476868e-001 -9.7514265775680542e-001
vn -2.5418350100517273e-001 -2.3053537309169769e-001 -9.3927860260009766e-001
vn 7.3037248849868774e-001 6.0609036684036255e-001 -3.1497678160667419e-001
vn 2.1997720003128052e-002 -1.2807397544384003e-001 -9.9152064323425293e-001
vn 7.4619835615158081e-001 5.3399437665939331e-001 -3.9753994345664978e-001
vn 7.1904754638671875e-001 6.3206779956817627e-001 -2.8889605402946472e-001
vn 7.9474157094955444e-001 5.5204808712005615e-001 -2.5224745273590088e-001
vn 4.9528437852859497e-001 5.7389599084854126e-001 -6.5217852592468262e-001
vn 8.3601057529449463e-001 4.6648004651069641e-001 -2.8893387317657471e-001
vn 6.0513228178024292e-001 4.3737104535102844e-001 -6.6522282361984253e-001
vn 7.8735244274139404e-001 5.4228705167770386e-001 -2.9325887560844421e-001
vn -9.4089224934577942e-002 2.3362652957439423e-001 -9.6776330471038818e-001
vn 7.5635713338851929e-001 5.7802420854568481e-001 -3.0628734827041626e-001
vn -6.0857340693473816e-002 -2.8219468891620636e-002 -9.9774748086929321e-001
vn 3.9856964722275734e-003 -5.6674864143133163e-002 -9.9838471412658691e-001
vn 8.0750578641891479e-001 4.5809516310691833e-001 -3.7159556150436401e-001
vn 8.3118641376495361e-001 4.3503761291503906e-001 -3.4622448682785034e-001
vn 7.4142807722091675e-001 6.1724114418029785e-001 -2.6324477791786194e-001
vn -2.1146349608898163e-001 -4.0289238095283508e-001 -8.9048355817794800e-001
vn 8.1030172109603882e-001 4.9142438173294067e-001 -3.1923842430114746e-001
vn 8.2594764232635498e-001 5.0550460815429688e-001 -2.4955072999000549e-001
vn 7.4217897653579712e-001 5.3611487150192261e-001 -4.0218302607536316e-001
vn 6.3007014989852905e-001 6.1277717351913452e-001 -4.7698590159416199e-001
vn 8.0500233173370361e-001 4.5763501524925232e-001 -3.7754660844802856e-001
vn 2.6706221699714661e-001 1.3250723481178284e-001 -9.5452582836151123e-001
vn -1.4925824105739594e-001 -1.6738519072532654e-001 -9.7452771663665771e-001
vn -1.2976420111954212e-002 -1.1130608618259430e-002 -9.9985378980636597e-001
vn -4.1624560952186584e-001 -1.1778439581394196e-001 -9.0159106254577637e-001
vn -2.9033485054969788e-001 -9.2681750655174255e-002 -9.5242625474929810e-001
vn -2.4666841328144073e-001 -1.7123918235301971e-001 -9.5385104417800903e-001
vn -4.1113746166229248e-001 -3.4762543439865112e-001 -8.4268766641616821e-001
vn 7.1225512027740479e-001 5.8709996938705444e-001 -3.8471573591232300e-001
vn -3.4629672765731812e-001 -4.8446357250213623e-001 -8.0335146188735962e-001
vn 7.2134822607040405e-001 4.4339734315872192e-001 -5.3202956914901733e-001
vn 6.9815540313720703e-001 5.9215116500854492e-001 -4.0241271257400513e-001
vn 7.4940508604049683e-001 5.4602098464965820e-001 -3.7450391054153442e-001
vn 6.8406832218170166e-001 6.3790255784988403e-001 -3.5373833775520325e-001
vn 7.5911843776702881e-001 5.0822424888610840e-001 -4.0675222873687744e-001
vn 8.1106400489807129e-001 5.6607830524444580e-001 -1.4741247892379761e-001
vn 7.5466525554656982e-001 6.1126875877380371e-001 -2.3839239776134491e-001
vn 7.3079329729080200e-001 5.6979537010192871e-001 -3.7586501240730286e-001
vn 7.7214831113815308e-001 5.4369395971298218e-001 -3.2891315221786499e-001
vn 7.6199382543563843e-001 6.2608331441879272e-001 -1.6548478603363037e-001
vn 7.0406979322433472e-001 6.1741596460342407e-001 -3.5083222389221191e-001
vn 7.9478532075881958e-001 5.6276530027389526e-001 -2.2718156874179840e-001
vn 7.9784059524536133e-001 5.7942312955856323e-001 -1.6649131476879120e-001
vn 7.1693849563598633e-001 6.3853514194488525e-001 -2.7977141737937927e-001
vn 7.1720445156097412e-001 5.8881121873855591e-001 -3.7271851301193237e-001
vn 7.2339731454849243e-001 6.0915958881378174e-001 -3.2499364018440247e-001
vn 4.8006954789161682e-001 2.4178472161293030e-001 -8.4325170516967773e-001
vn 7.8684604167938232e-001 4.7587883472442627e-001 -3.9295378327369690e-001
vn 3.2310485839843750e-001 7.1712929010391235e-001 -6.1751818656921387e-001
vn 3.2056078314781189e-001 6.3594800233840942e-001 -7.0200490951538086e-001
vn 4.1518384218215942e-001 7.5682932138442993e-001 -5.0480872392654419e-001
vn 7.1112972497940063e-001 6.8056541681289673e-001 -1.7642346024513245e-001
vn 7.5193363428115845e-001 5.5012506246566772e-001 -3.6326041817665100e-001
vn 6.0185986757278442e-001 5.8852463960647583e-001 -5.3981798887252808e-001
vn 6.7367297410964966e-001 5.3155833482742310e-001 -5.1342999935150146e-001
vn 6.1886489391326904e-001 6.1916172504425049e-001 -4.8336836695671082e-001
vn 4.0411770343780518e-001 6.8053197860717773e-001 -6.1119973659515381e-001
vn 5.5363559722900391e-001 6.7966914176940918e-001 -4.8118337988853455e-001
vn 6.1950504779815674e-001 7.1840125322341919e-001 -3.1640672683715820e-001
vn 5.8150154352188110e-001 6.1452358961105347e-001 -5.3311979770660400e-001
vn 6.3761770725250244e-001 4.9159419536590576e-001 -5.9310948848724365e-001
vn 5.7574576139450073e-001 7.0948493480682373e-001 -4.0638411045074463e-001
vn 5.3711783885955811e-001 5.7689160108566284e-001 -6.1538648605346680e-001
vn 6.4027768373489380e-001 6.4130926132202148e-001 -4.2280834913253784e-001
vn 7.0210957527160645e-001 5.9885454177856445e-001 -3.8524714112281799e-001
vn 5.3780591487884521e-001 6.2566393613815308e-001 -5.6507474184036255e-001
vn 8.0220091342926025e-001 5.2052116394042969e-001 -2.9245746135711670e-001
vn 6.5580248832702637e-001 6.2892669439315796e-001 -4.1758149862289429e-001
vn 6.4492249488830566e-001 6.3916188478469849e-001 -4.1898342967033386e-001
vn 6.9542247056961060e-001 6.0417693853378296e-001 -3.8904726505279541e-001
vn -7.0044980384409428e-003 -3.9838361740112305e-001 -9.1719216108322144e-001
vn -5.8272849768400192e-002 -6.1143457889556885e-001 -7.8914636373519897e-001
vn -1.3607372529804707e-002 -6.9719415903091431e-001 -7.1675324440002441e-001
vn 5.4353047162294388e-002 -4.2666146159172058e-001 -9.0277665853500366e-001
vn 1.7018741369247437e-001 -3.7718006968498230e-001 -9.1036885976791382e-001
vn -9.6852973103523254e-002 -8.4951770305633545e-001 -5.1859354972839355e-001
vn -1.4736893773078918e-001 -6.2226814031600952e-001 -7.6880735158920288e-001
vn 2.7840808033943176e-001 -8.9508575201034546e-001 3.4829670190811157e-001
vn 2.1356810629367828e-001 -8.7346524000167847e-001 -4.3754667043685913e-001
vn 3.9093258976936340e-001 -5.6229513883590698e-001 -7.2869461774826050e-001
vn 7.3171861469745636e-002 -8.6255854368209839e-001 -5.0063824653625488e-001
vn 3.4564021229743958e-001 -8.7123858928680420e-001 3.4853425621986389e-001
vn -1.7086860537528992e-001 -9.7361475229263306e-001 1.5125580132007599e-001
vn 5.5840486288070679e-001 -8.0564212799072266e-001 1.9779995083808899e-001
vn 4.7845873236656189e-001 -8.5876756906509399e-001 1.8329083919525146e-001
vn 2.0391143858432770e-001 -5.2782207727432251e-001 -8.2451438903808594e-001
vn -1.6009217128157616e-002 -7.4799752235412598e-001 -6.6350841522216797e-001
vn 3.5175219178199768e-001 -6.2543481588363647e-001 -6.9649243354797363e-001
vn 4.5994702726602554e-002 -6.2707853317260742e-001 -7.7759695053100586e-001
vn 1.9861613214015961e-001 -4.5726892352104187e-001 -8.6686611175537109e-001
vn 2.5703787803649902e-001 -5.6578773260116577e-001 -7.8346401453018188e-001
vn -3.2929228618741035e-003 -4.6887987852096558e-001 -8.8325583934783936e-001
vn 1.3131383061408997e-001 -4.5891356468200684e-001 -8.7872356176376343e-001
vn 2.5016561150550842e-001 -5.9023618698120117e-001 -7.6748824119567871e-001
vn 4.6504023671150208e-001 -8.5073137283325195e-001 2.4493636190891266e-001
vn 9.8910316824913025e-002 -9.8356872797012329e-001 -1.5102736651897430e-001
vn -1.8346455693244934e-001 -9.2482846975326538e-001 3.3321607112884521e-001
vn 1.0210845619440079e-001 -9.4166594743728638e-001 3.2068568468093872e-001
vn 2.0647948980331421e-001 -8.9285612106323242e-001 4.0021762251853943e-001
vn 2.2992284595966339e-001 -8.8982897996902466e-001 3.9413174986839294e-001
vn 2.9609432816505432e-001 -8.7244671583175659e-001 3.8879922032356262e-001
vn 7.1481235325336456e-002 -3.3337372541427612e-001 -9.4008111953735352e-001
vn -5.0605494529008865e-002 -7.4253958463668823e-001 -6.6788774728775024e-001
vn -8.0840297043323517e-002 -6.5108346939086914e-001 -7.5468879938125610e-001
vn 4.6288186311721802e-001 -7.8235363960266113e-001 4.1672915220260620e-001
vn 2.4258241057395935e-001 -2.9389035701751709e-001 -9.2454439401626587e-001
vn 2.7359530329704285e-001 -4.5054966211318970e-001 -8.4979444742202759e-001
vn 6.0516202449798584e-001 -6.7116880416870117e-001 4.2814871668815613e-001
vn 2.0648287236690521e-001 -5.8175134658813477e-001 -7.8672116994857788e-001
vn 8.5762810707092285e-001 -2.4760027229785919e-001 4.5074167847633362e-001
vn 5.3781461715698242e-001 -5.7449966669082642e-001 6.1701339483261108e-001
vn 2.4062566459178925e-001 -9.7016578912734985e-001 2.9626516625285149e-002
vn 2.9318615794181824e-001 -4.9100440740585327e-001 -8.2033932209014893e-001
vn 1.6248401999473572e-001 -9.8547452688217163e-001 -4.9386799335479736e-002
vn 4.1920906305313110e-001 -8.6117291450500488e-001 -2.8748032450675964e-001
vn 1.3189820945262909e-001 -8.5974895954132080e-001 4.9339076876640320e-001
vn 5.3083938360214233e-001 -6.3768571615219116e-001 5.5818128585815430e-001
vn 5.2947235107421875e-001 -6.7084187269210815e-001 -5.1925933361053467e-001
vn 5.2909451723098755e-001 -5.8907377719879150e-001 6.1077898740768433e-001
vn 5.6234103441238403e-001 -7.2913450002670288e-001 3.9004537463188171e-001
vn 5.7256388664245605e-001 -6.9434952735900879e-001 4.3594643473625183e-001
vn 5.6685245037078857e-001 -5.5560088157653809e-001 6.0826468467712402e-001
vn 4.8933973908424377e-001 -6.9016182422637939e-001 5.3312587738037109e-001
vn 1.0231272876262665e-001 -8.7620681524276733e-001 4.7094973921775818e-001
vn 8.0492474138736725e-002 -9.1910058259963989e-001 -3.8571372628211975e-001
vn 1.3031535781919956e-002 -6.7138892412185669e-001 -7.4099057912826538e-001
vn -3.9769688248634338e-001 -7.5115233659744263e-001 -5.2688455581665039e-001
vn 4.4708317518234253e-001 -7.4471539258956909e-001 4.9549540877342224e-001
vn 7.9230636358261108e-001 -4.4014978408813477e-001 4.2251482605934143e-001
vn 4.5008254051208496e-001 -5.5621123313903809e-001 6.9860917329788208e-001
vn 2.4527437984943390e-001 -8.4892582893371582e-001 4.6815103292465210e-001
vn 6.1122161149978638e-001 -6.3924974203109741e-001 4.6665614843368530e-001
vn 3.6806979775428772e-001 -7.2754806280136108e-001 5.7896327972412109e-001
vn 3.9016515016555786e-001 -7.7688038349151611e-001 4.9419426918029785e-001
vn 3.0638542771339417e-001 -7.2734224796295166e-001 6.1408579349517822e-001
vn 5.1486015319824219e-001 -8.1631505489349365e-001 2.6181796193122864e-001
vn 5.6671410799026489e-001 -7.3841786384582520e-001 3.6547809839248657e-001
vn 3.9076092839241028e-001 -7.5301289558410645e-001 5.2941244840621948e-001
vn 4.1719830036163330e-001 -8.0254542827606201e-001 4.2645815014839172e-001
vn 8.6853843927383423e-001 3.3524236083030701e-001 -3.6503916978836060e-001
vn 9.5075917243957520e-001 1.3652110099792480e-001 -2.7824282646179199e-001
vn 8.5374003648757935e-001 -5.1684355735778809e-001 6.3251778483390808e-002
vn 8.6680221557617188e-001 4.1081848740577698e-001 -2.8263407945632935e-001
vn 6.1873090267181396e-001 -7.3772823810577393e-001 2.7005392313003540e-001
vn 9.8619365692138672e-001 -1.6557995975017548e-001 -2.3218358401209116e-003
vn 9.9072390794754028e-001 -1.1321844905614853e-001 -7.5150191783905029e-002
vn 9.5756667852401733e-001 2.0296114683151245e-001 -2.0462895929813385e-001
vn 9.9334830045700073e-001 -1.1423623561859131e-001 1.4464334584772587e-002
vn 8.3832818269729614e-001 4.0723350644111633e-001 -3.6244550347328186e-001
vn 8.7149965763092041e-001 2.3140205442905426e-001 -4.3236735463142395e-001
vn 6.5441215038299561e-001 -6.2225538492202759e-001 4.2958453297615051e-001
vn 7.8659355640411377e-001 4.5981273055076599e-001 -4.1211998462677002e-001
vn 6.6086250543594360e-001 6.3428789377212524e-001 -4.0117299556732178e-001
vn 7.3076421022415161e-001 5.0460618734359741e-001 -4.5973494648933411e-001
vn 3.4779354929924011e-001 -7.1464824676513672e-001 6.0689163208007813e-001
vn 7.4845856428146362e-001 5.7512205839157104e-001 -3.3021870255470276e-001
vn 7.9521250724792480e-001 4.7563317418098450e-001 -3.7604552507400513e-001
vn 5.8210211992263794e-001 -6.9220024347305298e-001 4.2663326859474182e-001
vn 8.1562870740890503e-001 3.8479587435722351e-001 -4.3206712603569031e-001
vn 7.0216679573059082e-001 -6.9382184743881226e-001 1.5991529822349548e-001
vn 6.7827594280242920e-001 -6.9131684303283691e-001 2.4904371798038483e-001
vn 7.4326759576797485e-001 -5.6690084934234619e-001 3.5521367192268372e-001
vn 4.2577198147773743e-001 -8.1684064865112305e-001 3.8921654224395752e-001
vn 4.5768204331398010e-001 -8.4993445873260498e-001 2.6103356480598450e-001
vn 6.0917997360229492e-001 -7.2902446985244751e-001 3.1212678551673889e-001
vn 3.0109226703643799e-001 -7.5679993629455566e-001 5.8017015457153320e-001
vn 5.4964965581893921e-001 -8.2872879505157471e-001 1.0532750189304352e-001
vn 5.6995111703872681e-001 -7.9416787624359131e-001 2.1083916723728180e-001
vn 5.4710477590560913e-001 -7.7902960777282715e-001 3.0625027418136597e-001
vn 4.8752233386039734e-001 -8.3236479759216309e-001 2.6361113786697388e-001
vn 5.4818189144134521e-001 6.3130211830139160e-001 -5.4859298467636108e-001
vn 6.1034822463989258e-001 5.8451694250106812e-001 -5.3461658954620361e-001
vn 7.1699446439743042e-001 5.4771941900253296e-001 -4.3118715286254883e-001
vn 6.9849866628646851e-001 6.0952031612396240e-001 -3.7494599819183350e-001
vn 8.6494767665863037e-001 4.0422382950782776e-001 -2.9743674397468567e-001
vn 7.8927832841873169e-001 4.5172452926635742e-001 -4.1591411828994751e-001
vn 7.0258128643035889e-001 5.4009163379669189e-001 -4.6333637833595276e-001
vn 8.5285693407058716e-001 4.6237233281135559e-001 -2.4258370697498322e-001
vn 8.4507077932357788e-001 2.9704523086547852e-001 -4.4454413652420044e-001
vn 8.5348939895629883e-001 4.3316704034805298e-001 -2.8969329595565796e-001
vn 5.5863237380981445e-001 6.6017889976501465e-001 -5.0208926200866699e-001
vn 8.8437497615814209e-001 3.9403501152992249e-001 -2.5023466348648071e-001
vn 7.8564548492431641e-001 4.5406508445739746e-001 -4.2022150754928589e-001
vn 8.7799996137619019e-001 2.9084414243698120e-001 -3.8016536831855774e-001
vn 8.6243402957916260e-001 2.9267537593841553e-001 -4.1297537088394165e-001
vn 7.9695558547973633e-001 3.1435453891754150e-001 -5.1579362154006958e-001
vn 6.4855164289474487e-001 5.6010389328002930e-001 -5.1542645692825317e-001
vn 7.2530251741409302e-001 5.2609688043594360e-001 -4.4402518868446350e-001
vn 7.7956676483154297e-001 5.1489871740341187e-001 -3.5658791661262512e-001
vn 8.6917680501937866e-001 2.5637614727020264e-001 -4.2285090684890747e-001
vn 6.7396932840347290e-001 5.1745593547821045e-001 -5.2726149559020996e-001
vn 7.7229046821594238e-001 4.1095307469367981e-001 -4.8444291949272156e-001
vn 6.0791182518005371e-001 5.4656749963760376e-001 -5.7594013214111328e-001
vn 8.0041784048080444e-001 3.3379632234573364e-001 -4.9790698289871216e-001
vn 7.2189337015151978e-001 5.3246182203292847e-001 -4.4198909401893616e-001
vn 6.9361895322799683e-001 6.2539947032928467e-001 -3.5744705796241760e-001
vn 8.4029394388198853e-001 4.3803685903549194e-001 -3.1942114233970642e-001
vn 7.6382267475128174e-001 4.8710542917251587e-001 -4.2344203591346741e-001
vn 5.5687111616134644e-001 6.3156813383102417e-001 -5.3945934772491455e-001
vn 5.4926973581314087e-001 6.4377015829086304e-001 -5.3278768062591553e-001
vn 7.0529228448867798e-001 5.6769818067550659e-001 -4.2459586262702942e-001
vn 7.3563152551651001e-001 5.9794020652770996e-001 -3.1829816102981567e-001
vn 8.2523870468139648e-001 4.6913707256317139e-001 -3.1447032094001770e-001
vn 6.1111855506896973e-001 6.7491644620895386e-001 -4.1354796290397644e-001
vn 7.1804696321487427e-001 5.8755463361740112e-001 -3.7307909131050110e-001
vn 7.1987521648406982e-001 6.1309933662414551e-001 -3.2540577650070190e-001
vn 7.7876317501068115e-001 5.2085781097412109e-001 -3.4962129592895508e-001
vn 6.0832464694976807e-001 6.3054311275482178e-001 -4.8203369975090027e-001
vn 6.9460660219192505e-001 4.9762877821922302e-001 -5.1950681209564209e-001
vn 7.3014342784881592e-001 5.2769696712493896e-001 -4.3408128619194031e-001
vn 6.4706820249557495e-001 5.9255558252334595e-001 -4.7977131605148315e-001
vn 8.4552258253097534e-001 4.3546777963638306e-001 -3.0896526575088501e-001
vn 7.2587108612060547e-001 5.8289808034896851e-001 -3.6515900492668152e-001
vn 7.2238910198211670e-001 5.8217567205429077e-001 -3.7312915921211243e-001
vn 7.0573985576629639e-001 5.5582761764526367e-001 -4.3930271267890930e-001
vn 6.9559878110885620e-001 5.4094380140304565e-001 -4.7278136014938354e-001
vn 7.4339908361434937e-001 5.9268826246261597e-001 -3.0996528267860413e-001
vn 6.0816055536270142e-001 7.2293096780776978e-001 -3.2788929343223572e-001
vn 8.3093094825744629e-001 4.6856635808944702e-001 -2.9999884963035583e-001
vn 7.3100960254669189e-001 5.3659069538116455e-001 -4.2153924703598022e-001
vn 7.7136808633804321e-001 4.6764239668846130e-001 -4.3162697553634644e-001
vn 5.7042664289474487e-001 6.1561608314514160e-001 -5.4371905326843262e-001
vn 6.0889214277267456e-001 6.5406703948974609e-001 -4.4882807135581970e-001
vn 6.1112380027770996e-001 5.8901226520538330e-001 -5.2876478433609009e-001
vn 7.7598434686660767e-001 4.7977742552757263e-001 -4.0946540236473083e-001
vn 9.2630416154861450e-001 3.0791106820106506e-001 -2.1714374423027039e-001
vn 7.7493858337402344e-001 5.6507652997970581e-001 -2.8312289714813232e-001
vn 6.4405286312103271e-001 6.6485768556594849e-001 -3.7836515903472900e-001
vn 7.5414228439331055e-001 4.8888576030731201e-001 -4.3847483396530151e-001
vn 7.3446512222290039e-001 5.2696919441223145e-001 -4.2762652039527893e-001
vn 6.8099373579025269e-001 6.2456017732620239e-001 -3.8232463598251343e-001
vn 7.8179085254669189e-001 4.0915787220001221e-001 -4.7052404284477234e-001
vn 7.1718454360961914e-001 5.9897112846374512e-001 -3.5620212554931641e-001
vn 5.4754900932312012e-001 5.4824358224868774e-001 -6.3215428590774536e-001
vn 8.1015926599502563e-001 3.8674166798591614e-001 -4.4053706526756287e-001
vn 5.9678822755813599e-001 4.9940910935401917e-001 -6.2804001569747925e-001
vn 8.7176632881164551e-001 4.7192937135696411e-001 -1.3155263662338257e-001
vn 6.9507592916488647e-001 6.9829767942428589e-001 -1.7102566361427307e-001
vn 8.4103900194168091e-001 4.2038604617118835e-001 -3.4048345685005188e-001
vn 7.6468908786773682e-001 3.9781183004379272e-001 -5.0694805383682251e-001
vn 8.1234019994735718e-001 4.8499733209609985e-001 -3.2385331392288208e-001
vn 6.9531929492950439e-001 5.7827657461166382e-001 -4.2676362395286560e-001
vn 7.5173622369766235e-001 5.3837889432907104e-001 -3.8084232807159424e-001
vn 8.5008621215820313e-001 4.3331784009933472e-001 -2.9931434988975525e-001
vn 8.5318261384963989e-001 4.4184935092926025e-001 -2.7721580862998962e-001
vn 8.0331814289093018e-001 4.8842778801918030e-001 -3.4076130390167236e-001
vn 8.1195735931396484e-001 4.7811126708984375e-001 -3.3486545085906982e-001
vn 8.2974201440811157e-001 4.9763348698616028e-001 -2.5276282429695129e-001
vn 6.3990151882171631e-001 5.9236311912536621e-001 -4.8952221870422363e-001
vn 6.2774342298507690e-001 6.3783800601959229e-001 -4.4620737433433533e-001
vn 4.3040353804826736e-002 6.3145232200622559e-001 -7.7421927452087402e-001
vn 8.1651294231414795e-001 4.8963040113449097e-001 -3.0588978528976440e-001
vn 8.0024456977844238e-001 4.3959495425224304e-001 -4.0787842869758606e-001
vn 7.2966933250427246e-001 6.3066667318344116e-001 -2.6427677273750305e-001
vn 6.9106972217559814e-001 5.2812188863754272e-001 -4.9346727132797241e-001
vn 6.4688199758529663e-001 5.9442663192749023e-001 -4.7770348191261292e-001
vn 6.4717787504196167e-001 5.7505995035171509e-001 -5.0046670436859131e-001
vn 6.5625739097595215e-001 5.9527677297592163e-001 -4.6365052461624146e-001
vn 7.7273160219192505e-001 4.5646589994430542e-001 -4.4104963541030884e-001
vn 7.0790511369705200e-001 4.6023964881896973e-001 -5.3577035665512085e-001
vn 7.1943885087966919e-001 6.2964981794357300e-001 -2.9317033290863037e-001
vn 6.0985577106475830e-001 5.9443348646163940e-001 -5.2414196729660034e-001
vn 4.3739759922027588e-001 -7.4937731027603149e-001 4.9710866808891296e-001
vn 3.2247173786163330e-001 -8.6355435848236084e-001 3.8766720890998840e-001
vn 2.7620759606361389e-001 -8.8978332281112671e-001 3.6331126093864441e-001
vn 3.2726666331291199e-001 -8.0431735515594482e-001 4.9595379829406738e-001
vn 3.5547348856925964e-001 -8.2701492309570313e-001 4.3552818894386292e-001
vn -1.5666933730244637e-002 -8.7369066476821899e-001 4.8622947931289673e-001
vn 1.6661171615123749e-001 -8.4710270166397095e-001 5.0463610887527466e-001
vn 3.5784229636192322e-002 -7.5465822219848633e-001 6.5514153242111206e-001
vn 2.5912433862686157e-001 -7.9831272363662720e-001 5.4364639520645142e-001
vn -2.1526102721691132e-001 -6.6646277904510498e-001 7.1378564834594727e-001
vn -5.8135468512773514e-002 -7.8987187147140503e-001 6.1051017045974731e-001
vn 2.3264765739440918e-001 -8.8834291696548462e-001 3.9588111639022827e-001
vn 2.6860952377319336e-001 -8.4175878763198853e-001 4.6828535199165344e-001
vn 1.2288372218608856e-001 -8.0492001771926880e-001 5.8051991462707520e-001
vn 1.5514071285724640e-001 -6.4417743682861328e-001 7.4897724390029907e-001
vn 1.8541373312473297e-001 -8.8820570707321167e-001 4.2037174105644226e-001
vn -4.1238000988960266e-001 -7.4033063650131226e-001 5.3089869022369385e-001
vn -2.7482450008392334e-002 -8.2868671417236328e-001 5.5903756618499756e-001
vn -1.0235272347927094e-001 -8.3904588222503662e-001 5.3434628248214722e-001
vn -1.0204025357961655e-001 -7.9760074615478516e-001 5.9449213743209839e-001
vn 2.2508065402507782e-001 -7.9420024156570435e-001 5.6443303823471069e-001
vn 3.7135541439056396e-001 -8.0713939666748047e-001 4.5893469452857971e-001
vn 4.6851688623428345e-001 -8.8227593898773193e-001 4.5619618147611618e-002
vn 4.8200982809066772e-001 -8.6653733253479004e-001 1.2953604757785797e-001
vn 5.2894341945648193e-001 -7.5423556566238403e-001 3.8903406262397766e-001
vn 6.3792932033538818e-001 -7.6003485918045044e-001 1.2406934797763824e-001
vn 3.7840449810028076e-001 -9.1447830200195313e-001 1.4331564307212830e-001
vn 2.8378063440322876e-001 -8.3394247293472290e-001 4.7329542040824890e-001
vn 9.0479409694671631e-001 -2.5777623057365417e-001 3.3896765112876892e-001
vn 6.9614213705062866e-001 -5.8559161424636841e-001 4.1529351472854614e-001
vn 3.2345446944236755e-001 -7.2767812013626099e-001 6.0486507415771484e-001
vn -8.8799566030502319e-002 -7.4848753213882446e-001 6.5717649459838867e-001
vn 2.6768105104565620e-002 -8.1413632631301880e-001 5.8005636930465698e-001
vn 1.6066499054431915e-001 -9.2131650447845459e-001 3.5406607389450073e-001
vn 4.7040075063705444e-001 -8.3016425371170044e-001 2.9924967885017395e-001
vn 3.3666288852691650e-001 -8.9545661211013794e-001 2.9123124480247498e-001
vn 5.1113379001617432e-001 -7.9313099384307861e-001 3.3118787407875061e-001
vn 9.9553465843200684e-002 -9.7071361541748047e-001 2.1864181756973267e-001
vn 2.9384303092956543e-001 -8.7251877784729004e-001 3.9034250378608704e-001
vn 3.6779189109802246e-001 -8.7102669477462769e-001 3.2564061880111694e-001
vn 4.7257617115974426e-001 -8.1923854351043701e-001 3.2483825087547302e-001
vn 2.6919612288475037e-001 -9.3096989393234253e-001 2.4663431942462921e-001
vn 2.2910167276859283e-001 -6.7906939983367920e-001 6.9740754365921021e-001
vn 6.6772407293319702e-001 -6.9087564945220947e-001 2.7719214558601379e-001
vn 2.7375251054763794e-001 -9.2373514175415039e-001 -2.6790481805801392e-001
vn 3.2630023360252380e-001 -7.5757592916488647e-001 5.6533777713775635e-001
vn 5.1893979310989380e-001 -8.2114046812057495e-001 2.3754939436912537e-001
vn 2.9681918025016785e-001 -9.1726922988891602e-001 2.6554778218269348e-001
vn 9.9685811996459961e-001 7.0469930768013000e-002 3.6165006458759308e-002
vn 9.2042112350463867e-001 -3.6621934175491333e-001 1.3677854835987091e-001
vn 6.4149045944213867e-001 -6.8746048212051392e-001 3.4042334556579590e-001
vn 7.1255934238433838e-001 -6.1488193273544312e-001 3.3790436387062073e-001
vn 5.8647757768630981e-001 -7.3061263561248779e-001 3.4964168071746826e-001
vn 6.3207608461380005e-001 -6.9088339805603027e-001 3.5094153881072998e-001
vn 6.0445117950439453e-001 -6.6713374853134155e-001 4.3539807200431824e-001
vn 9.0052813291549683e-001 -4.2388266324996948e-001 9.6811346709728241e-002
vn 6.4355689287185669e-001 -6.4135682582855225e-001 4.1772708296775818e-001
vn 6.1456757783889771e-001 -7.3877876996994019e-001 2.7660921216011047e-001
vn 7.6750093698501587e-001 -6.3444876670837402e-001 9.1744750738143921e-002
vn 4.4044607877731323e-001 -8.3047527074813843e-001 3.4105429053306580e-001
vn 5.8644109964370728e-001 -7.6192671060562134e-001 2.7487203478813171e-001
vn 7.1909826993942261e-001 -6.8126928806304932e-001 1.3700284063816071e-001
vn 4.5091497898101807e-001 -8.5778295993804932e-001 -2.4674674868583679e-001
vn 5.6829094886779785e-001 -7.2386282682418823e-001 3.9123898744583130e-001
vn 4.1336560249328613e-001 -8.6436176300048828e-001 2.8636977076530457e-001
vn 5.9207922220230103e-001 -7.0991313457489014e-001 3.8139954209327698e-001
vn 6.1605972051620483e-001 -6.8142771720886230e-001 3.9512860774993896e-001
vn 6.3364863395690918e-001 -6.9373148679733276e-001 3.4238296747207642e-001
vn 5.5124002695083618e-001 -7.1396499872207642e-001 4.3172714114189148e-001
vn 9.4427067041397095e-001 3.1989523768424988e-001 -7.7587954699993134e-002
vn 8.2109522819519043e-001 5.0434809923171997e-001 -2.6727432012557983e-001
vn 8.7913382053375244e-001 4.5197224617004395e-001 -1.5114475786685944e-001
vn 8.8001823425292969e-001 1.9623322784900665e-001 -4.3250498175621033e-001
vn 8.2906752824783325e-001 5.3893435001373291e-001 -1.4898553490638733e-001
vn 8.9616978168487549e-001 4.1885545849800110e-001 -1.4642380177974701e-001
vn 8.6006134748458862e-001 5.0307124853134155e-001 -8.4934569895267487e-002
vn 7.6434266567230225e-001 6.0161060094833374e-001 -2.3204530775547028e-001
vn 8.5183483362197876e-001 5.1811438798904419e-001 -7.7038139104843140e-002
vn 8.3224987983703613e-001 5.3899711370468140e-001 -1.2977765500545502e-001
vn 8.6812639236450195e-001 3.4153369069099426e-001 -3.6015462875366211e-001
vn 9.9450147151947021e-001 2.0020363852381706e-002 1.0279139131307602e-001
vn 8.3040910959243774e-001 -4.2078489065170288e-001 3.6518618464469910e-001
vn 9.8563879728317261e-001 -1.4209404587745667e-001 -9.1244414448738098e-002
vn 9.1540455818176270e-001 2.3469838500022888e-001 -3.2703384757041931e-001
vn 9.9998742341995239e-001 -1.1334316805005074e-003 4.8858006484806538e-003
vn 7.5027251243591309e-001 -6.5644770860671997e-001 -7.8533515334129333e-002
vn 8.1088238954544067e-001 5.6204009056091309e-001 -1.6303572058677673e-001
vn 9.0829050540924072e-001 4.0883600711822510e-001 -8.8665008544921875e-002
vn 9.6964371204376221e-001 1.2329985201358795e-001 2.1115928888320923e-001
vn 7.9412943124771118e-001 5.8489125967025757e-001 -1.6510836780071259e-001
vn 8.8460391759872437e-001 4.3215358257293701e-001 -1.7526873946189880e-001
vn 8.9770400524139404e-001 3.4911355376243591e-001 -2.6878833770751953e-001
vn 8.4533345699310303e-001 4.8115193843841553e-001 -2.3217269778251648e-001
vn 6.9185400009155273e-001 6.8097168207168579e-001 -2.4003261327743530e-001
vn 5.3640484809875488e-001 5.7012993097305298e-001 -6.2227153778076172e-001
vn 5.7553285360336304e-001 7.0004516839981079e-001 -4.2272761464118958e-001
vn 6.1820119619369507e-001 5.5564826726913452e-001 -5.5595177412033081e-001
vn 5.9284728765487671e-001 6.9292181730270386e-001 -4.1035524010658264e-001
vn 6.1872345209121704e-001 7.4042958021163940e-001 -2.6257452368736267e-001
vn 5.4666179418563843e-001 6.5782368183135986e-001 -5.1810121536254883e-001
vn 5.6539607048034668e-001 5.9201216697692871e-001 -5.7432460784912109e-001
vn 6.3879787921905518e-001 6.1134999990463257e-001 -4.6710640192031860e-001
vn 6.3777136802673340e-001 5.8014655113220215e-001 -5.0663363933563232e-001
vn 8.9366406202316284e-001 3.9775037765502930e-001 -2.0774769783020020e-001
vn 8.3548814058303833e-001 4.8759475350379944e-001 -2.5339892506599426e-001
vn 7.6417303085327148e-001 5.0220298767089844e-001 -4.0476122498512268e-001
vn 7.0349663496017456e-001 5.1379638910293579e-001 -4.9102529883384705e-001
vn 8.7249714136123657e-001 3.7232282757759094e-001 -3.1642425060272217e-001
vn 8.9758700132369995e-001 3.8964089751243591e-001 -2.0619760453701019e-001
vn 8.3863681554794312e-001 4.9731975793838501e-001 -2.2217381000518799e-001
vn 8.1814813613891602e-001 5.2869391441345215e-001 -2.2608964145183563e-001
vn 8.1489729881286621e-001 5.4967498779296875e-001 -1.8384747207164764e-001
vn 8.3340972661972046e-001 4.9807998538017273e-001 -2.3946732282638550e-001
vn 8.1504362821578979e-001 5.1980912685394287e-001 -2.5593420863151550e-001
vn 7.7401673793792725e-001 6.2715762853622437e-001 -8.7013773620128632e-002
vn 7.7207034826278687e-001 5.9840506315231323e-001 -2.1405315399169922e-001
vn 7.9624348878860474e-001 5.0390619039535522e-001 -3.3477586507797241e-001
vn 8.0881911516189575e-001 5.6996762752532959e-001 -1.4473603665828705e-001
vn 8.5920614004135132e-001 4.9376809597015381e-001 -1.3400739431381226e-001
vn 6.2364321947097778e-001 7.1944302320480347e-001 -3.0573028326034546e-001
vn 6.6201704740524292e-001 6.9589829444885254e-001 -2.7831444144248962e-001
vn 7.3593592643737793e-001 6.3426929712295532e-001 -2.3685596883296967e-001
vn 7.1273875236511230e-001 6.8155485391616821e-001 -1.6579030454158783e-001
vn 8.9982062578201294e-001 4.1959041357040405e-001 -1.1944330483675003e-001
vn 7.2695225477218628e-001 6.0769414901733398e-001 -3.1976282596588135e-001
vn 5.3336083889007568e-001 7.2820568084716797e-001 -4.3039834499359131e-001
vn 6.1908954381942749e-001 7.5674152374267578e-001 -2.0992968976497650e-001
vn 7.8457254171371460e-001 5.4082119464874268e-001 -3.0324658751487732e-001
vn 4.8634585738182068e-001 8.3825600147247314e-001 -2.4656566977500916e-001
vn 6.0969060659408569e-001 7.2027379274368286e-001 -3.3088228106498718e-001
vn 6.4084839820861816e-001 6.9502544403076172e-001 -3.2596459984779358e-001
vn 7.0958501100540161e-001 5.5634218454360962e-001 -4.3240320682525635e-001
vn 6.4440894126892090e-001 5.7260596752166748e-001 -5.0681310892105103e-001
vn 7.0557290315628052e-001 6.0328865051269531e-001 -3.7176561355590820e-001
vn 7.3095631599426270e-001 5.6976681947708130e-001 -3.7559115886688232e-001
vn 7.2852367162704468e-001 6.2838983535766602e-001 -2.7272599935531616e-001
vn 5.7748359441757202e-001 6.8049073219299316e-001 -4.5104873180389404e-001
vn 6.9696712493896484e-001 5.3666245937347412e-001 -4.7563669085502625e-001
vn 6.1377912759780884e-001 6.4068299531936646e-001 -4.6130293607711792e-001
vn 7.8439486026763916e-001 4.4235223531723022e-001 -4.3479800224304199e-001
vn 6.8165206909179688e-001 6.3461148738861084e-001 -3.6416849493980408e-001
vn 7.0885086059570313e-001 6.8454909324645996e-001 -1.7006735503673553e-001
vn 8.4107756614685059e-001 4.0053328871726990e-001 -3.6354047060012817e-001
vn 4.8206579685211182e-001 8.3840298652648926e-001 -2.5434798002243042e-001
vn 6.5050113201141357e-001 6.7501395940780640e-001 -3.4814429283142090e-001
vn 8.1699883937835693e-001 4.4481977820396423e-001 -3.6694467067718506e-001
vn 7.7829658985137939e-001 6.2724167108535767e-001 2.8676602989435196e-002
vn 7.8624415397644043e-001 6.1741185188293457e-001 -2.4954477325081825e-002
vn 7.6351588964462280e-001 6.0716402530670166e-001 -2.1998947858810425e-001
vn 8.5296410322189331e-001 5.2137225866317749e-001 -2.4963479489088058e-002
vn 7.5570344924926758e-001 6.5328717231750488e-001 4.6132236719131470e-002
vn 7.4609273672103882e-001 6.2970668077468872e-001 -2.1636798977851868e-001
vn 7.6495820283889771e-001 5.7727366685867310e-001 -2.8564661741256714e-001
vn 8.3307993412017822e-001 5.4520219564437866e-001 -9.3447774648666382e-002
vn 8.1352174282073975e-001 5.6370002031326294e-001 -1.4291490614414215e-001
vn 7.3681068420410156e-001 6.5750956535339355e-001 -1.5745247900485992e-001
vn 6.9401204586029053e-001 7.1687722206115723e-001 -6.6591545939445496e-002
vn 5.7735061645507813e-001 8.0399966239929199e-001 -1.4230561256408691e-001
vn 3.6078926920890808e-001 9.3231302499771118e-001 -2.4971242994070053e-002
vn -1.0598663985729218e-001 9.8916691541671753e-001 1.0156578570604324e-001
vn 8.2425439357757568e-001 5.3831547498703003e-001 -1.7555946111679077e-001
vn 8.0075097084045410e-001 5.6976878643035889e-001 -1.8482786417007446e-001
vn 7.6685476303100586e-001 6.4017820358276367e-001 4.5886881649494171e-002
vn 8.2530963420867920e-001 5.3357440233230591e-001 -1.8483045697212219e-001
vn 8.2312327623367310e-001 5.5865621566772461e-001 -1.0183922946453094e-001
vn 7.4509853124618530e-001 6.6685664653778076e-001 1.1421217583119869e-002
vn 7.9700082540512085e-001 5.7775205373764038e-001 -1.7604582011699677e-001
vn 7.1349066495895386e-001 6.8596571683883667e-001 -1.4276629686355591e-001
vn 7.9369407892227173e-001 5.7288944721221924e-001 -2.0456607639789581e-001
vn 7.2011548280715942e-001 6.7706799507141113e-001 -1.5169920027256012e-001
vn 8.1554156541824341e-001 5.5779647827148438e-001 -1.5412658452987671e-001
vn 7.8602677583694458e-001 6.1002236604690552e-001 -1.0017363727092743e-001
vn 7.0177966356277466e-001 7.0882505178451538e-001 7.1220368146896362e-002
vn 7.7387237548828125e-001 5.5590325593948364e-001 -3.0346855521202087e-001
vn 8.2990854978561401e-001 4.9985477328300476e-001 -2.4778401851654053e-001
vn 1.5413725376129150e-001 -7.7639532089233398e-001 6.1110717058181763e-001
vn 1.3378101587295532e-001 -7.5003868341445923e-001 6.4772260189056396e-001
vn -3.0182143673300743e-002 -9.1604363918304443e-001 3.9994144439697266e-001
vn 1.3239230029284954e-002 -7.2767460346221924e-001 6.8579471111297607e-001
vn -3.5882186889648438e-001 -6.0493433475494385e-001 7.1084541082382202e-001
vn -4.2406789958477020e-002 -7.6660645008087158e-001 6.4071536064147949e-001
vn -7.1842029690742493e-002 -7.2346377372741699e-001 6.8661403656005859e-001
vn 1.5539699792861938e-001 -7.2071480751037598e-001 6.7559003829956055e-001
vn 4.2155674099922180e-001 -7.1831721067428589e-001 5.5345308780670166e-001
vn 1.7380127310752869e-001 -8.5304361581802368e-001 4.9204638600349426e-001
vn 1.2752455472946167e-001 -7.5038963556289673e-001 6.4857763051986694e-001
vn 1.4799298346042633e-001 -7.2324740886688232e-001 6.7454522848129272e-001
vn 1.8268403410911560e-001 -8.0007249116897583e-001 5.7141095399856567e-001
vn 1.3681261241436005e-001 -7.5323921442031860e-001 6.4336073398590088e-001
vn -1.0102129541337490e-002 -7.4006795883178711e-001 6.7245626449584961e-001
vn 1.6266155242919922e-001 -7.9402792453765869e-001 5.8571398258209229e-001
vn -4.0067997761070728e-003 -8.0742788314819336e-001 5.8995264768600464e-001
vn 4.3501194566488266e-002 -8.0975532531738281e-001 5.8515298366546631e-001
vn 6.7775294184684753e-002 -7.7177107334136963e-001 6.3227826356887817e-001
vn -3.2258078455924988e-002 -9.6944034099578857e-001 2.4319742619991302e-001
vn 3.0503973364830017e-001 -8.0703336000442505e-001 5.0561624765396118e-001
vn -1.9345414638519287e-001 -7.3047214746475220e-001 6.5497022867202759e-001
vn 9.3776006251573563e-003 -6.7058861255645752e-001 7.4177020788192749e-001
vn 2.1491929888725281e-001 -6.2937194108963013e-001 7.4679356813430786e-001
vn -2.8323048725724220e-002 -6.4293944835662842e-001 7.6539325714111328e-001
vn 4.5782670378684998e-002 -6.6922891139984131e-001 7.4164450168609619e-001
vn 5.1742419600486755e-002 -5.4854381084442139e-001 8.3451926708221436e-001
vn 4.8938742280006409e-001 -7.5027346611022949e-001 4.4451051950454712e-001
vn 3.2699289917945862e-001 -8.1560051441192627e-001 4.7735875844955444e-001
vn 2.8339597582817078e-001 -8.5194885730743408e-001 4.4030654430389404e-001
vn 1.6893950104713440e-001 -8.2952040433883667e-001 5.3231143951416016e-001
vn -1.7773541808128357e-001 -8.3076292276382446e-001 5.2748745679855347e-001
vn 2.7843606472015381e-001 -8.5582190752029419e-001 4.3593832850456238e-001
vn 3.3778187632560730e-001 -8.1187254190444946e-001 4.7619992494583130e-001
vn 2.5204297900199890e-001 -8.4952586889266968e-001 4.6344372630119324e-001
vn 9.7261190414428711e-002 -8.3709132671356201e-001 5.3834784030914307e-001
vn 2.2009339928627014e-001 -8.5539311170578003e-001 4.6889391541481018e-001
vn -5.1151914522051811e-003 -7.9334867000579834e-001 6.0874593257904053e-001
vn 1.1532091349363327e-001 -8.3087044954299927e-001 5.4438537359237671e-001
vn -4.5988205820322037e-002 -7.1638691425323486e-001 6.9618588685989380e-001
vn 1.5385386347770691e-001 -8.3611357212066650e-001 5.2653878927230835e-001
vn 1.9022464752197266e-001 -8.2629805803298950e-001 5.3013777732849121e-001
vn 3.3861864358186722e-003 -9.5514923334121704e-001 2.9610544443130493e-001
vn 6.1505520343780518e-001 -7.7493417263031006e-001 1.4554730057716370e-001
vn 6.7413789033889771e-001 -6.6106355190277100e-001 3.2944366335868835e-001
vn 5.2054077386856079e-001 -7.6241469383239746e-001 3.8439714908599854e-001
vn 5.8695304393768311e-001 -5.8545714616775513e-001 5.5921918153762817e-001
vn 7.7504706382751465e-001 -5.7796168327331543e-001 2.5546482205390930e-001
vn 4.2082956433296204e-001 -7.6398575305938721e-001 4.8910981416702271e-001
vn 4.7598546743392944e-001 -5.8370465040206909e-001 6.5781974792480469e-001
vn 9.0761977434158325e-001 3.9651221036911011e-001 1.3785645365715027e-001
vn 8.5089677572250366e-001 4.6726146340370178e-001 -2.4008606374263763e-001
vn 8.4380513429641724e-001 5.2856582403182983e-001 -9.2795580625534058e-002
vn 9.2477709054946899e-001 3.6323288083076477e-001 -1.1335494369268417e-001
vn 9.8888915777206421e-001 -6.3086554408073425e-002 1.3460490107536316e-001
vn 8.8707232475280762e-001 4.4895035028457642e-001 -1.0745377838611603e-001
vn 8.5169476270675659e-001 4.7634690999984741e-001 -2.1842545270919800e-001
vn 5.9706044197082520e-001 -7.0548027753829956e-001 3.8185915350914001e-001
vn 9.3819355964660645e-001 2.3212602734565735e-001 -2.5673004984855652e-001
vn 4.5121231675148010e-001 -5.8822637796401978e-001 6.7111623287200928e-001
vn 5.3317743539810181e-001 -7.4359977245330811e-001 4.0346148610115051e-001
vn 9.3249487876892090e-001 -2.3788154125213623e-001 2.7178230881690979e-001
vn 4.3633499741554260e-001 -5.2052295207977295e-001 7.3393976688385010e-001
vn 4.2572137713432312e-001 -7.9157358407974243e-001 4.3837502598762512e-001
vn 5.4082536697387695e-001 -7.3043465614318848e-001 4.1710084676742554e-001
vn 5.2749335765838623e-001 -7.2944593429565430e-001 4.3549901247024536e-001
vn 4.4299438595771790e-001 -7.1508866548538208e-001 5.4074406623840332e-001
vn 8.1106501817703247e-001 -1.3402131199836731e-001 5.6939595937728882e-001
vn 9.2036169767379761e-001 3.9101028442382813e-001 -6.7200427874922752e-003
vn 5.8535814285278320e-001 -3.9543235301971436e-001 7.0780587196350098e-001
vn 7.6004093885421753e-001 -8.6208768188953400e-002 6.4413172006607056e-001
vn 6.2973493337631226e-001 -6.4237004518508911e-001 4.3680039048194885e-001
vn 7.8263241052627563e-001 5.3812599182128906e-001 -3.1290084123611450e-001
vn 9.5662772655487061e-001 -2.3997546732425690e-001 -1.6515173017978668e-001
vn 9.9604684114456177e-001 3.5899005830287933e-002 -8.1251941621303558e-002
vn 8.8757103681564331e-001 1.6740305721759796e-001 -4.2917814850807190e-001
vn 7.4579530954360962e-001 5.1935768127441406e-001 -4.1720148921012878e-001
vn 9.2520093917846680e-001 3.4125849604606628e-001 -1.6596947610378265e-001
vn 8.7864905595779419e-001 3.7034520506858826e-001 -3.0136394500732422e-001
vn 9.1914296150207520e-001 1.4680033922195435e-001 -3.6554864048957825e-001
vn 9.1389471292495728e-001 -3.0580351129174232e-002 -4.0479770302772522e-001
vn 9.0096569061279297e-001 3.3925336599349976e-001 -2.7049565315246582e-001
vn 9.2032182216644287e-001 2.8501194715499878e-001 -2.6791021227836609e-001
vn 9.6581995487213135e-001 1.3634774088859558e-001 -2.2045652568340302e-001
vn 9.4061946868896484e-001 2.7844449877738953e-001 -1.9417421519756317e-001
vn 9.0071296691894531e-001 4.1188520193099976e-001 -1.3808204233646393e-001
vn 8.4268724918365479e-001 3.3463925123214722e-001 -4.2177581787109375e-001
vn 6.2637269496917725e-001 5.2651208639144897e-001 -5.7484120130538940e-001
vn 9.3889313936233521e-001 2.1267573535442352e-001 -2.7064508199691772e-001
vn 9.6967107057571411e-001 -1.2582120299339294e-001 -2.0953983068466187e-001
vn 7.6538157463073730e-001 6.3641089200973511e-001 -9.5771804451942444e-002
vn 7.7667772769927979e-001 6.0170447826385498e-001 -1.8634231388568878e-001
vn 7.5888466835021973e-001 5.0783568620681763e-001 -4.0767255425453186e-001
vn 6.9055187702178955e-001 4.9157899618148804e-001 -5.3055453300476074e-001
vn 6.9500774145126343e-001 6.0088497400283813e-001 -3.9484372735023499e-001
vn 7.3957401514053345e-001 5.6186634302139282e-001 -3.7058928608894348e-001
vn 7.4309092760086060e-001 4.6376723051071167e-001 -4.8242712020874023e-001
vn 6.7667895555496216e-001 5.1969319581985474e-001 -5.2155965566635132e-001
vn 7.0627069473266602e-001 3.7425771355628967e-001 -6.0092675685882568e-001
vn 7.2650355100631714e-001 6.8149518966674805e-001 -8.8072903454303741e-002
vn 7.7587574720382690e-001 6.3084340095520020e-001 7.3108174838125706e-003
vn 7.9925346374511719e-001 6.0043728351593018e-001 -2.5863960385322571e-002
vn 8.2830435037612915e-001 5.5229532718658447e-001 -9.4242461025714874e-002
vn 9.0295946598052979e-001 4.0022850036621094e-001 -1.5646545588970184e-001
vn 8.6548227071762085e-001 4.9674597382545471e-001 6.4682714641094208e-002
vn 7.4305486679077148e-001 6.6520339250564575e-001 7.3307499289512634e-002
vn 3.4846958518028259e-001 9.3452543020248413e-001 -7.2326436638832092e-002
vn 8.7708374485373497e-003 9.5505809783935547e-001 2.9628899693489075e-001
vn 3.1481033563613892e-001 9.0260219573974609e-001 -2.9360446333885193e-001
vn 2.3141951858997345e-001 9.4495880603790283e-001 -2.3129598796367645e-001
vn 7.2315472364425659e-001 6.3980346918106079e-001 -2.6018995046615601e-001
vn 8.0539250373840332e-001 5.4130345582962036e-001 -2.4152323603630066e-001
vn 6.7010033130645752e-001 6.8062669038772583e-001 -2.9616367816925049e-001
vn 4.3944352865219116e-001 8.9825499057769775e-001 5.2350284531712532e-003
vn 8.0198460817337036e-001 5.2460151910781860e-001 -2.8568139672279358e-001
vn 2.7955770492553711e-001 9.5716339349746704e-001 7.5404517352581024e-002
vn 2.4028128385543823e-001 9.1304910182952881e-001 3.2955440878868103e-001
vn 2.7206438779830933e-001 9.5249789953231812e-001 -1.3685254752635956e-001
vn 1.2367039918899536e-001 9.5907330513000488e-001 -2.5472354888916016e-001
vn 3.1291660666465759e-001 9.2889124155044556e-001 1.9810169935226440e-001
vn 7.6401066780090332e-001 5.2339386940002441e-001 -3.7728852033615112e-001
vn 1.2059940397739410e-001 9.9218559265136719e-001 3.1991045922040939e-002
vn -1.3603402301669121e-002 9.7841846942901611e-001 2.0618502795696259e-001
vn 4.1791933774948120e-001 8.6201339960098267e-001 -2.8683841228485107e-001
vn 1.6808795928955078e-001 9.7396296262741089e-001 -1.5212674438953400e-001
vn 7.0021188259124756e-001 5.6830197572708130e-001 -4.3212983012199402e-001
vn 4.4746953248977661e-001 8.2689464092254639e-001 -3.4061160683631897e-001
vn 7.4681717157363892e-001 6.1375027894973755e-001 -2.5607562065124512e-001
vn 8.0194723606109619e-001 5.5320501327514648e-001 -2.2548776865005493e-001
vn 3.5574024915695190e-001 8.8485091924667358e-001 -3.0081167817115784e-001
vn 8.1880599260330200e-001 4.7638744115829468e-001 -3.2033067941665649e-001
vn 8.2809257507324219e-001 5.2029323577880859e-001 -2.0870450139045715e-001
vn 6.8950021266937256e-001 7.0955222845077515e-001 1.4534504711627960e-001
vn 5.2830612659454346e-001 8.3095204830169678e-001 -1.7438845336437225e-001
vn 5.9692591428756714e-001 6.3191503286361694e-001 -4.9433076381683350e-001
vn 8.9292055368423462e-001 3.8020795583724976e-001 -2.4111156165599823e-001
vn 6.3723731040954590e-001 6.7705821990966797e-001 -3.6813157796859741e-001
vn 5.8845555782318115e-001 7.1096199750900269e-001 -3.8503652811050415e-001
vn 5.2196508646011353e-001 7.1400761604309082e-001 -4.6663215756416321e-001
vn 5.7918912172317505e-001 6.6309559345245361e-001 -4.7417744994163513e-001
vn 4.9774342775344849e-001 7.2092729806900024e-001 -4.8219847679138184e-001
vn 6.8501073122024536e-001 7.2370535135269165e-001 -8.3730980753898621e-002
vn 1.1447579413652420e-001 8.7585532665252686e-001 4.6879920363426208e-001
vn 4.0464928746223450e-001 9.0685236454010010e-001 1.1780340969562531e-001
vn 6.5557187795639038e-001 7.5424009561538696e-001 -3.6706350743770599e-002
vn 1.9922903738915920e-003 8.8841360807418823e-001 4.5903947949409485e-001
vn 7.3874378204345703e-001 6.5035265684127808e-001 -1.7691527307033539e-001
vn 3.4206390380859375e-001 8.8337355852127075e-001 3.2038009166717529e-001
vn 5.4241240024566650e-001 8.2222867012023926e-001 -1.7242062091827393e-001
vn 5.3750795125961304e-001 8.4313869476318359e-001 -1.4222833327949047e-002
vn 5.0654965639114380e-001 7.9783856868743896e-001 3.2689616084098816e-001
vn 7.4488627910614014e-001 6.6529136896133423e-001 5.0316702574491501e-002
vn 8.0952256917953491e-001 5.2351707220077515e-001 -2.6571249961853027e-001
vn 8.8636624813079834e-001 3.4725376963615417e-001 -3.0621826648712158e-001
vn 6.9474196434020996e-001 7.1803301572799683e-001 -4.1978172957897186e-002
vn 8.7373554706573486e-001 4.3997007608413696e-001 -2.0739467442035675e-001
vn 7.6658463478088379e-001 5.8432781696319580e-001 -2.6628756523132324e-001
vn 7.5541698932647705e-001 6.5481853485107422e-001 2.3620406165719032e-002
vn 9.2404854297637939e-001 3.8227462768554688e-001 -6.2276044627651572e-004
vn 9.5883667469024658e-002 8.0978947877883911e-001 5.7883274555206299e-001
vn 2.4283701181411743e-001 9.4770854711532593e-001 2.0707152783870697e-001
vn 7.9623222351074219e-001 5.9701257944107056e-001 -9.7929678857326508e-002
vn 3.2900875806808472e-001 8.9221292734146118e-001 3.0936929583549500e-001
vn 8.7015467882156372e-001 4.9194046854972839e-001 -2.8728490695357323e-002
vn 7.1633541584014893e-001 6.6950553655624390e-001 -1.9653485715389252e-001
vn 3.3955109119415283e-001 9.0893274545669556e-001 2.4196353554725647e-001
vn 9.0236359834671021e-001 3.1724819540977478e-001 -2.9170790314674377e-001
vn 7.1042287349700928e-001 5.8072578907012939e-001 -3.9756381511688232e-001
vn 8.4775847196578979e-001 5.0809717178344727e-001 -1.5212757885456085e-001
vn 9.4831168651580811e-001 2.8002855181694031e-001 -1.4929533004760742e-001
vn 5.9074050188064575e-001 7.9755711555480957e-001 -1.2218126654624939e-001
vn -3.3941573929041624e-003 6.1562806367874146e-001 7.8802955150604248e-001
vn 5.5707085132598877e-001 8.2702296972274780e-001 7.5531885027885437e-002
vn -1.0741537064313889e-001 8.6690986156463623e-001 4.8675367236137390e-001
vn 1.3969327323138714e-002 6.9077515602111816e-001 7.2293466329574585e-001
vn 3.3707711845636368e-002 9.1498398780822754e-001 4.0207952260971069e-001
vn -1.4985316991806030e-001 -9.6820634603500366e-001 2.0030103623867035e-001
vn -4.8215739428997040e-002 -9.9454671144485474e-001 9.2477835714817047e-002
vn -1.0701797157526016e-001 -5.2203220129013062e-001 8.4618532657623291e-001
vn -8.0113977193832397e-002 -8.8304251432418823e-001 4.6240442991256714e-001
vn -7.8845947980880737e-002 -6.8661791086196899e-001 7.2273039817810059e-001
vn -1.3116928935050964e-001 -9.4773769378662109e-001 2.9083994030952454e-001
vn 1.4736649580299854e-002 -8.7322479486465454e-001 4.8709487915039063e-001
vn -8.6696788668632507e-002 -8.8232171535491943e-001 4.6259281039237976e-001
vn 1.2526392936706543e-001 -9.3493741750717163e-001 3.3196547627449036e-001
vn 2.3713920265436172e-002 -9.5886439085006714e-001 2.8287225961685181e-001
vn 4.0867328643798828e-001 -5.9347569942474365e-001 6.9337773323059082e-001
vn 2.4494194984436035e-001 -8.7159538269042969e-001 4.2464688420295715e-001
vn 1.0828779079020023e-002 -9.2389434576034546e-001 3.8249439001083374e-001
vn -6.3996565341949463e-001 -5.4269278049468994e-001 5.4399317502975464e-001
vn 5.2989286184310913e-001 -7.8047740459442139e-001 3.3176594972610474e-001
vn -5.5015057325363159e-001 -5.2508831024169922e-001 6.4932018518447876e-001
vn -2.0365945994853973e-001 -7.3373895883560181e-001 6.4818984270095825e-001
vn -4.3250463902950287e-002 -2.3009736835956573e-001 9.7220599651336670e-001
vn 1.0879204422235489e-001 1.6203072667121887e-001 9.8077028989791870e-001
vn 2.0635467767715454e-001 -3.2963643316179514e-003 9.7847175598144531e-001
vn 1.4804953336715698e-001 -3.4655082225799561e-001 9.2627418041229248e-001
vn -1.9789558649063110e-001 -8.3548319339752197e-001 5.1264536380767822e-001
vn -6.6107887029647827e-001 -5.4439342021942139e-001 5.1634329557418823e-001
vn -5.7438766956329346e-001 -4.3561717867851257e-001 6.9304871559143066e-001
vn -6.8800991773605347e-001 -5.3882491588592529e-001 4.8611721396446228e-001
vn -5.2395558357238770e-001 -5.7882714271545410e-001 6.2484377622604370e-001
vn 9.1779373586177826e-002 5.7453472167253494e-002 9.9412053823471069e-001
vn -2.9679641127586365e-001 -3.9460679888725281e-001 8.6959612369537354e-001
vn -6.1288553476333618e-001 -6.4646977186203003e-001 4.5436578989028931e-001
vn -6.9212920963764191e-002 -8.6355879902839661e-002 9.9385720491409302e-001
vn -6.0124635696411133e-001 -6.2699162960052490e-001 4.9536266922950745e-001
vn -2.5268214941024780e-001 -8.1778925657272339e-001 5.1708066463470459e-001
vn -5.8258646726608276e-001 -6.4885002374649048e-001 4.8947572708129883e-001
vn -3.7851625680923462e-001 -3.1162509322166443e-001 8.7155908346176147e-001
vn -7.1300458908081055e-001 -5.9066581726074219e-001 3.7780743837356567e-001
vn -2.9974070191383362e-001 -4.6705639362335205e-001 8.3187371492385864e-001
vn -7.2211951017379761e-001 -5.5373746156692505e-001 4.1463020443916321e-001
vn -5.6648927927017212e-001 -5.8235740661621094e-001 5.8305209875106812e-001
vn -4.1412234306335449e-001 -6.4952099323272705e-001 6.3767170906066895e-001
vn 4.6564945578575134e-001 -5.5758273601531982e-001 6.8722057342529297e-001
vn 4.4203373789787292e-001 -4.2148041725158691e-001 7.9180830717086792e-001
vn 5.0454539060592651e-001 -3.3579406142234802e-001 7.9540956020355225e-001
vn -2.8326156735420227e-001 -7.4777376651763916e-001 6.0049760341644287e-001
vn 3.7771192193031311e-001 -7.8617036342620850e-001 4.8915219306945801e-001
vn 6.0953384637832642e-001 -6.5157502889633179e-001 4.5157325267791748e-001
vn 6.6373264789581299e-001 -7.2861677408218384e-001 1.6904585063457489e-001
vn 6.7054784297943115e-001 -6.0593092441558838e-001 4.2803415656089783e-001
vn 7.0466184616088867e-001 -6.0731077194213867e-001 3.6691322922706604e-001
vn 6.3929635286331177e-001 -6.3244694471359253e-001 4.3739110231399536e-001
vn 7.1154129505157471e-001 -4.6084737777709961e-001 5.3040426969528198e-001
vn 7.0724821090698242e-001 -6.4017373323440552e-001 2.9996261000633240e-001
vn 5.0053972005844116e-001 -4.3657445907592773e-001 7.4757122993469238e-001
vn 4.8209851980209351e-001 -4.8691323399543762e-001 7.2835189104080200e-001
vn 5.9546744823455811e-001 -6.5897202491760254e-001 4.5953729748725891e-001
vn 5.4320186376571655e-001 -7.4905270338058472e-001 3.7927812337875366e-001
vn 5.2625417709350586e-001 -7.1539956331253052e-001 4.5963034033775330e-001
vn 6.5876835584640503e-001 -4.8969000577926636e-001 5.7116371393203735e-001
vn 7.8700631856918335e-001 -4.6278461813926697e-001 4.0798464417457581e-001
vn 7.6212632656097412e-001 -5.1098012924194336e-001 3.9757111668586731e-001
vn 5.8075904846191406e-001 -5.8891683816909790e-001 5.6204611063003540e-001
vn 8.0592674016952515e-001 -4.8014783859252930e-001 3.4632381796836853e-001
vn 2.9618564248085022e-001 -8.5768675804138184e-001 4.2029443383216858e-001
vn 6.1511689424514771e-001 -3.0194455385208130e-001 7.2832727432250977e-001
vn 5.1884508132934570e-001 -3.1473809480667114e-001 7.9482060670852661e-001
vn 4.6879538893699646e-001 -7.2169941663742065e-001 5.0929445028305054e-001
vn 4.2652058601379395e-001 -5.0472998619079590e-001 7.5055170059204102e-001
vn 3.5478186607360840e-001 -5.4818761348724365e-001 7.5737720727920532e-001
vn 4.1938680410385132e-001 -6.3945299386978149e-001 6.4437139034271240e-001
vn 5.2531713247299194e-001 -3.5727280378341675e-001 7.7226811647415161e-001
vn 2.8333687782287598e-001 -4.8382151126861572e-001 8.2803201675415039e-001
vn 3.3252155780792236e-001 -5.1425462961196899e-001 7.9055142402648926e-001
vn 3.7717565894126892e-001 -3.3331000804901123e-001 8.6408501863479614e-001
vn -2.4518892168998718e-001 -6.5394872426986694e-001 7.1570497751235962e-001
vn 3.6916601657867432e-001 -8.9569354057312012e-001 2.4789038300514221e-001
vn 4.4204139709472656e-001 -8.5001242160797119e-001 2.8649312257766724e-001
vn 4.8286393284797668e-001 3.9089590311050415e-001 7.8360885381698608e-001
vn 7.6618707180023193e-001 2.1052050590515137e-001 6.0715603828430176e-001
vn 8.5634297132492065e-001 1.2967863678932190e-001 4.9986010789871216e-001
vn 8.4756392240524292e-001 3.4699288010597229e-001 4.0153634548187256e-001
vn 8.7817716598510742e-001 -4.0096262097358704e-001 2.6083305478096008e-001
vn 7.6489663124084473e-001 -1.4431329444050789e-002 6.4399141073226929e-001
vn 9.5330989360809326e-001 3.5231906920671463e-002 2.9993155598640442e-001
vn 6.6782510280609131e-001 -1.4150863885879517e-001 7.3074269294738770e-001
vn 6.3862454891204834e-001 -4.6416023373603821e-001 6.1377030611038208e-001
vn 7.6534259319305420e-001 -3.9239755272865295e-001 5.1017147302627563e-001
vn 8.8323742151260376e-001 -2.1295548975467682e-001 4.1778180003166199e-001
vn 7.4362105131149292e-001 -3.5973277688026428e-001 5.6357800960540771e-001
vn 7.0622479915618896e-001 -2.1957299113273621e-001 6.7307811975479126e-001
vn 7.7409142255783081e-001 -5.2478003501892090e-001 3.5410228371620178e-001
vn 8.2924407720565796e-001 1.6575072705745697e-001 5.3374242782592773e-001
vn 5.8219605684280396e-001 -6.8033564090728760e-001 4.4518658518791199e-001
vn 8.1529742479324341e-001 -2.5665158033370972e-001 5.1905697584152222e-001
vn 6.0123747587203979e-001 1.7380657792091370e-001 7.7993899583816528e-001
vn 9.3530279397964478e-001 2.8740859031677246e-001 -2.0640991628170013e-001
vn 8.6890220642089844e-001 4.1989904642105103e-001 2.6209512352943420e-001
vn 7.8226125240325928e-001 2.3380884528160095e-001 5.7740861177444458e-001
vn 4.5130378007888794e-001 3.0651351809501648e-001 8.3807784318923950e-001
vn 9.8169690370559692e-001 1.8537604808807373e-001 -4.3668694794178009e-002
vn 9.6818286180496216e-001 -1.8234370648860931e-001 1.7138488590717316e-001
vn 7.8061395883560181e-001 -4.9885788559913635e-001 3.7654039263725281e-001
vn 5.8517646789550781e-001 -2.8461310267448425e-001 7.5931805372238159e-001
vn 6.4401924610137939e-001 -5.7274311780929565e-001 5.0715333223342896e-001
vn 6.9303917884826660e-001 -5.8244204521179199e-001 4.2480337619781494e-001
vn 5.2704024314880371e-001 -6.4282679557800293e-001 5.5587983131408691e-001
vn 8.9054733514785767e-001 -1.2572112679481506e-001 4.3717235326766968e-001
vn -2.5657254457473755e-001 7.3767805099487305e-001 6.2450116872787476e-001
vn 1.0218881815671921e-001 7.9916930198669434e-001 5.9235614538192749e-001
vn -1.6785320639610291e-001 8.0650550127029419e-001 5.6689882278442383e-001
vn -5.5585473775863647e-002 6.5382647514343262e-001 7.5459998846054077e-001
vn 1.1507389694452286e-001 6.3450217247009277e-001 7.6430684328079224e-001
vn -4.1732426732778549e-002 6.2872046232223511e-001 7.7651065587997437e-001
vn -3.3204391598701477e-002 7.6809102296829224e-001 6.3947921991348267e-001
vn 2.2999811172485352e-001 8.6112797260284424e-001 -4.5338663458824158e-001
vn 8.9809536933898926e-001 1.2767696380615234e-001 4.2086023092269897e-001
vn 5.1403123140335083e-001 7.6521199941635132e-001 3.8758543133735657e-001
vn 5.9881973266601563e-001 7.9684031009674072e-001 -8.0376729369163513e-002
vn 6.8461173772811890e-001 5.4201525449752808e-001 -4.8736652731895447e-001
vn 6.5701311826705933e-001 7.4606269598007202e-001 -1.0827853530645370e-001
vn 8.3102315664291382e-001 4.9013587832450867e-001 -2.6299661397933960e-001
vn 9.3438422679901123e-001 1.6776118427515030e-002 3.5587173700332642e-001
vn 3.2972317934036255e-001 8.3986812829971313e-001 -4.3116611242294312e-001
vn 3.3933815360069275e-001 8.8841390609741211e-001 -3.0914458632469177e-001
vn 3.2888019084930420e-001 8.1685113906860352e-001 -4.7391143441200256e-001
vn 2.8340372443199158e-001 9.5486783981323242e-001 -8.8936790823936462e-002
vn 6.6297632455825806e-001 7.0571792125701904e-001 -2.4984918534755707e-001
vn 5.4007291793823242e-001 6.9096529483795166e-001 -4.8050820827484131e-001
vn 5.1492887735366821e-001 7.5214600563049316e-001 -4.1124764084815979e-001
vn 2.2355094552040100e-001 9.1824483871459961e-001 -3.2688131928443909e-001
vn 3.0305260419845581e-001 7.0812404155731201e-001 -6.3774561882019043e-001
vn 6.6171735525131226e-001 6.7209535837173462e-001 -3.3229190111160278e-001
vn 5.6352806091308594e-001 6.7100954055786133e-001 -4.8185297846794128e-001
vn 3.5643917322158813e-001 7.7630615234375000e-001 -5.1990371942520142e-001
vn 9.9582865834236145e-002 7.6857936382293701e-001 6.3195657730102539e-001
vn -2.2824299335479736e-001 6.7192769050598145e-001 7.0456951856613159e-001
vn -2.3998028039932251e-001 8.6581701040267944e-001 4.3905627727508545e-001
vn 7.3295015096664429e-001 6.1352086067199707e-001 -2.9389843344688416e-001
vn -4.0506582707166672e-002 9.3275707960128784e-001 3.5822251439094543e-001
vn 3.4243026375770569e-001 9.2374432086944580e-001 1.7157495021820068e-001
vn 1.9615614414215088e-001 9.7975832223892212e-001 -3.9954274892807007e-002
vn 8.1375223398208618e-001 5.7689774036407471e-001 -7.0684209465980530e-002
vn 6.5638983249664307e-001 7.5440591573715210e-001 4.9110078252851963e-003
vn 2.3433743417263031e-001 9.6683436632156372e-001 -1.0157452523708344e-001
vn 3.6759546399116516e-001 8.2262283563613892e-001 4.3378013372421265e-001
vn 6.8608496803790331e-005 8.1774425506591797e-001 5.7558172941207886e-001
vn -1.1223922669887543e-001 8.9186245203018188e-001 4.3815958499908447e-001
vn -8.6345924064517021e-003 8.7737864255905151e-001 4.7972095012664795e-001
vn 5.4769206047058105e-001 7.4963569641113281e-001 -3.7159082293510437e-001
vn 6.3549333810806274e-001 2.9137530922889709e-001 7.1501660346984863e-001
vn 7.9965668916702271e-001 5.8371537923812866e-001 1.4080286026000977e-001
vn 8.9494717121124268e-001 2.5202485918998718e-001 3.6817526817321777e-001
vn 9.3860590457916260e-001 3.4112179279327393e-001 5.1525097340345383e-002
vn 7.3890948295593262e-001 1.6609370708465576e-001 6.5301275253295898e-001
vn 8.3076161146163940e-001 1.6711026430130005e-002 5.5637747049331665e-001
vn 6.6656368970870972e-001 4.7952264547348022e-001 -5.7074588537216187e-001
vn 6.6320592164993286e-001 7.4843466281890869e-001 -1.8844868754968047e-003
vn 4.3028560280799866e-001 8.8831299543380737e-001 1.6048169136047363e-001
vn 3.5442051291465759e-001 9.3249809741973877e-001 6.9522239267826080e-002
vn 4.7840848565101624e-001 8.6964160203933716e-001 -1.2185555696487427e-001
vn 6.1181193590164185e-001 7.8359866142272949e-001 -1.0797858983278275e-001
vn 5.1445966958999634e-001 7.6784479618072510e-001 -3.8176643848419189e-001
vn 5.3579586744308472e-001 8.4424728155136108e-001 -1.3012106530368328e-002
vn 6.1062884330749512e-001 7.1191817522048950e-001 3.4685000777244568e-001
vn 3.7624990940093994e-001 9.1857677698135376e-001 1.2104850262403488e-001
vn 7.3565667867660522e-001 6.1530691385269165e-001 2.8320795297622681e-001
vn 7.0744806528091431e-001 3.3707752823829651e-001 6.2120532989501953e-001
vn 7.9100930690765381e-001 5.1522076129913330e-001 -3.2992699742317200e-001
vn 6.3329398632049561e-001 6.1069124937057495e-001 -4.7538915276527405e-001
vn 9.1056418418884277e-001 3.0554679036140442e-001 -2.7841344475746155e-001
vn 5.4217100143432617e-001 8.3715111017227173e-001 7.2309300303459167e-002
vn -1.3254620134830475e-001 8.3956807851791382e-001 5.2683669328689575e-001
vn -8.3297505974769592e-002 8.1484609842300415e-001 5.7366132736206055e-001
vn -1.3429015874862671e-001 7.9934453964233398e-001 5.8567428588867188e-001
vn 9.9242571741342545e-003 9.8858422040939331e-001 1.5034185349941254e-001
vn -9.1936185956001282e-002 7.7060163021087646e-001 6.3065111637115479e-001
vn 3.5536530613899231e-001 8.6459410190582275e-001 3.5523599386215210e-001
vn 1.2554531916975975e-002 7.7822637557983398e-001 6.2785834074020386e-001
vn 7.8743946552276611e-001 6.1361759901046753e-001 5.8416530489921570e-002
vn 8.3633488416671753e-001 2.7540966868400574e-001 -4.7401851415634155e-001
vn -1.1595924198627472e-001 8.4407228231430054e-001 5.2354121208190918e-001
vn -1.7438203096389771e-001 7.9003936052322388e-001 5.8773183822631836e-001
vn -1.7950570583343506e-001 7.8445595502853394e-001 5.9363842010498047e-001
vn -1.2818515300750732e-001 8.8404375314712524e-001 4.4948327541351318e-001
vn -3.0207140371203423e-002 8.2441061735153198e-001 5.6518548727035522e-001
vn -1.6306597739458084e-002 7.8815108537673950e-001 6.1526584625244141e-001
vn -3.5739049315452576e-002 8.2489740848541260e-001 5.6415164470672607e-001
vn -1.7968417704105377e-001 8.9737123250961304e-001 4.0303671360015869e-001
vn 1.3813555240631104e-001 8.4113848209381104e-001 5.2288103103637695e-001
vn 9.2759236693382263e-002 8.3864802122116089e-001 5.3671705722808838e-001
vn 8.5390824079513550e-001 4.1582852602005005e-001 -3.1293350458145142e-001
vn 5.9807741641998291e-001 5.6188410520553589e-001 -5.7148015499114990e-001
vn 7.6766163110733032e-002 9.9376106262207031e-001 -8.0906718969345093e-002
vn -3.5921577364206314e-002 9.9614143371582031e-001 -8.0074205994606018e-002
vn 6.6500651836395264e-001 7.4637413024902344e-001 2.6303762570023537e-002
vn -4.9474313855171204e-002 -8.9057224988937378e-001 4.5214298367500305e-001
vn -2.6207843422889709e-001 -6.8147754669189453e-001 6.8330317735671997e-001
vn -8.3423602581024170e-001 -1.6731767356395721e-001 5.2540934085845947e-001
vn -7.8555715084075928e-001 -3.9519345760345459e-001 4.7615337371826172e-001
vn -1.9221204519271851e-001 -8.0582714080810547e-001 5.6008666753768921e-001
vn -3.6929035186767578e-001 -7.9741483926773071e-001 4.7723597288131714e-001
vn -4.8880219459533691e-001 -6.3321357965469360e-001 6.0009407997131348e-001
vn -7.1197235584259033e-001 -5.6525611877441406e-001 4.1663029789924622e-001
vn -9.1669839620590210e-001 -2.3777996003627777e-001 3.2113063335418701e-001
vn -5.6032896041870117e-001 -7.3811340332031250e-001 3.7579271197319031e-001
vn -7.0787352323532104e-001 -6.3095390796661377e-001 3.1750950217247009e-001
vn -7.8144961595535278e-001 -5.5801182985305786e-001 2.7921175956726074e-001
vn -8.4481477737426758e-001 -4.9875709414482117e-001 1.9372494518756866e-001
vn -6.4779621362686157e-001 -6.0924762487411499e-001 4.5735913515090942e-001
vn -8.7147682905197144e-001 -3.9392384886741638e-001 2.9215094447135925e-001
vn -6.8053013086318970e-001 -5.7635569572448730e-001 4.5242992043495178e-001
vn -1.5318374335765839e-001 -8.1296241283416748e-001 5.6180679798126221e-001
vn 6.4296478033065796e-001 -5.5516964197158813e-001 5.2762007713317871e-001
vn 7.1739155054092407e-001 -6.4427691698074341e-001 2.6505982875823975e-001
vn 2.7237653732299805e-001 -8.5823553800582886e-001 4.3502044677734375e-001
vn 4.9574625492095947e-001 -8.0945128202438354e-001 3.1468123197555542e-001
vn 4.1809427738189697e-001 -8.7717801332473755e-001 2.3612681031227112e-001
vn 7.4472296237945557e-001 -3.1282028555870056e-001 5.8951777219772339e-001
vn 7.3141890764236450e-001 -6.4402878284454346e-001 2.2417241334915161e-001
vn 5.1796728372573853e-001 -6.2646639347076416e-001 5.8245146274566650e-001
vn 6.9723260402679443e-001 -6.5579169988632202e-001 2.8948915004730225e-001
vn 1.1062527447938919e-001 -7.5983446836471558e-001 6.4063543081283569e-001
vn 7.1993488073348999e-001 -5.1898437738418579e-001 4.6081337332725525e-001
vn 6.6231495141983032e-001 -6.4308238029479980e-001 3.8442677259445190e-001
vn -6.7519605159759521e-002 -7.7702862024307251e-001 6.2583351135253906e-001
vn 5.7671999931335449e-001 -7.7339440584182739e-001 2.6316377520561218e-001
vn 5.3160136938095093e-001 -7.9585790634155273e-001 2.8984531760215759e-001
vn -6.0176652669906616e-001 1.7573107779026031e-001 7.7909922599792480e-001
vn -5.2130591869354248e-001 -3.9814680814743042e-001 7.5479739904403687e-001
vn -7.1865665912628174e-001 -3.4649977087974548e-001 6.0288524627685547e-001
vn -9.2058263719081879e-002 4.4975724816322327e-001 8.8839393854141235e-001
vn -7.7216279506683350e-001 -4.4015578925609589e-002 6.3389837741851807e-001
vn -1.7667742073535919e-001 6.2420558929443359e-001 7.6102066040039063e-001
vn -3.6954380571842194e-002 3.9984592795372009e-001 9.1583716869354248e-001
vn -3.8054656982421875e-001 -6.2458521127700806e-001 6.8196600675582886e-001
vn 5.9784840792417526e-002 6.4717447757720947e-001 7.5999408960342407e-001
vn -1.0740346461534500e-001 7.5601130723953247e-001 6.4568674564361572e-001
vn -2.1682997047901154e-001 6.7998605966567993e-001 7.0043116807937622e-001
vn -3.8886746764183044e-001 -7.8641310334205627e-002 9.1793113946914673e-001
vn -6.0524332523345947e-001 -7.9751238226890564e-002 7.9203552007675171e-001
vn -3.1913098692893982e-001 -1.2045682221651077e-001 9.4002425670623779e-001
vn -4.1970917582511902e-001 -5.4663020372390747e-001 7.2459614276885986e-001
vn -7.5251126289367676e-001 -2.4108549952507019e-001 6.1286580562591553e-001
vn -5.7903790473937988e-001 -5.5006241798400879e-001 6.0178607702255249e-001
vn -4.3873548507690430e-001 -5.8578383922576904e-001 6.8144583702087402e-001
vn -8.2997268438339233e-001 -1.5484729409217834e-001 5.3588026762008667e-001
vn -4.9599093198776245e-001 -6.4011031389236450e-001 5.8672982454299927e-001
vn -4.2491960525512695e-001 -4.2925074696540833e-001 7.9698622226715088e-001
vn -4.2867240309715271e-001 -5.3159254789352417e-001 7.3051309585571289e-001
vn -3.8692647218704224e-001 -6.8160182237625122e-001 6.2105309963226318e-001
vn -4.8502948880195618e-001 -7.0297819375991821e-001 5.2016156911849976e-001
vn -5.4567372798919678e-001 -5.6737512350082397e-001 6.1670547723770142e-001
vn -6.4840890467166901e-002 6.5554827451705933e-001 7.5236439704895020e-001
vn -5.4861867427825928e-001 -5.6979304552078247e-001 6.1184424161911011e-001
vn -5.2269911766052246e-001 -4.9645802378654480e-001 6.9304770231246948e-001
vn -4.0758398175239563e-001 1.6388246417045593e-001 8.9834165573120117e-001
vn -4.3921524286270142e-001 -7.0318621397018433e-001 5.5912357568740845e-001
vn -5.2832406759262085e-001 -6.2441372871398926e-001 5.7530963420867920e-001
vn -6.7613154649734497e-001 -4.8575928807258606e-001 5.5397111177444458e-001
vn -5.8120512403547764e-003 -7.3878794908523560e-001 6.7391288280487061e-001
vn 4.9322921037673950e-001 3.3882251381874084e-001 8.0120176076889038e-001
vn 6.7724829912185669e-001 1.8557068705558777e-001 7.1196794509887695e-001
vn 2.0435813069343567e-001 6.6915649175643921e-001 7.1446990966796875e-001
vn 6.9916051626205444e-001 2.6330059766769409e-001 6.6471594572067261e-001
vn 9.1932207345962524e-001 -8.2521878182888031e-002 3.8475593924522400e-001
vn 8.8018071651458740e-001 5.0836112350225449e-002 4.7190853953361511e-001
vn 4.9629718065261841e-001 2.9018482565879822e-001 8.1821876764297485e-001
vn 3.5556045174598694e-001 2.3508438467979431e-001 9.0460604429244995e-001
vn 2.5545725226402283e-001 3.5364869236946106e-001 8.9981889724731445e-001
vn 7.5611639022827148e-001 -4.4693876057863235e-002 6.5290921926498413e-001
vn 2.7549573779106140e-001 4.4861635565757751e-001 8.5020321607589722e-001
vn 5.3559702634811401e-001 4.0138739347457886e-001 7.4298322200775146e-001
vn 4.8759642243385315e-001 2.5000235438346863e-001 8.3650970458984375e-001
vn 7.6107609272003174e-001 2.1839243173599243e-001 6.1079293489456177e-001
vn 6.0346931219100952e-001 2.5323313474655151e-001 7.5610697269439697e-001
vn 8.8035696744918823e-001 -1.8973743915557861e-001 4.3470835685729980e-001
vn 7.8067904710769653e-001 -3.6125752329826355e-001 5.0993448495864868e-001
vn 7.4607378244400024e-001 -1.9306106492877007e-002 6.6558337211608887e-001
vn 7.0037710666656494e-001 -6.5816497802734375e-001 2.7620792388916016e-001
vn 7.7059864997863770e-001 2.4357341229915619e-002 6.3685512542724609e-001
vn 6.6862535476684570e-001 2.9508894681930542e-001 6.8254131078720093e-001
vn 6.7980885505676270e-001 -7.7173612080514431e-003 7.3334866762161255e-001
vn 3.9438357949256897e-001 -3.6518022418022156e-001 8.4327042102813721e-001
vn 8.4681946039199829e-001 3.5846654325723648e-002 5.3067111968994141e-001
vn 6.1698722839355469e-001 -1.1060260236263275e-001 7.7916228771209717e-001
vn 7.4348497390747070e-001 -1.7136128246784210e-001 6.4642506837844849e-001
vn 4.1561165452003479e-001 5.4294598102569580e-001 7.2970992326736450e-001
vn 7.1803140640258789e-001 -2.1090278029441833e-001 6.6328787803649902e-001
vn 7.0640701055526733e-001 2.4822627007961273e-001 6.6285210847854614e-001
vn 6.6844445466995239e-001 -3.6714568734169006e-001 6.4682763814926147e-001
vn 7.3770755529403687e-001 4.5573544502258301e-001 4.9808919429779053e-001
vn 8.2929462194442749e-001 1.0630763322114944e-001 5.4860651493072510e-001
vn 6.8892294168472290e-001 4.3486934900283813e-001 5.7989126443862915e-001
vn 7.6506978273391724e-001 -2.5389975309371948e-001 5.9177964925765991e-001
vn 7.5350403785705566e-001 -4.1004598140716553e-001 5.1390069723129272e-001
vn 5.8332818746566772e-001 1.4993874728679657e-001 7.9827731847763062e-001
vn 8.3518326282501221e-001 -2.0254935324192047e-001 5.1131463050842285e-001
vn -1.0385751724243164e-001 6.0474896430969238e-001 7.8961521387100220e-001
vn -1.3013029098510742e-001 6.2185877561569214e-001 7.7224206924438477e-001
vn -6.7322917282581329e-002 6.5135121345520020e-001 7.5578391551971436e-001
vn 1.4363828115165234e-002 7.4922579526901245e-001 6.6215890645980835e-001
vn 1.2428797781467438e-001 7.3274230957031250e-001 6.6905999183654785e-001
vn -3.1511612236499786e-002 7.6146584749221802e-001 6.4743870496749878e-001
vn 6.0253266245126724e-002 6.7073851823806763e-001 7.3924237489700317e-001
vn -1.3613650202751160e-001 7.3075664043426514e-001 6.6892576217651367e-001
vn -3.6431476473808289e-001 6.6778934001922607e-001 6.4910101890563965e-001
vn -3.7957853078842163e-001 6.9236820936203003e-001 6.1363381147384644e-001
vn -1.3101084530353546e-001 5.9148871898651123e-001 7.9559874534606934e-001
vn 8.0427877604961395e-002 5.0442248582839966e-001 8.5970300436019897e-001
vn -9.7730427980422974e-002 6.9574296474456787e-001 7.1161115169525146e-001
vn -3.6373266577720642e-001 4.7295328974723816e-001 8.0250465869903564e-001
vn -2.6054897904396057e-001 6.1591118574142456e-001 7.4348348379135132e-001
vn -2.7550801634788513e-001 5.4228979349136353e-001 7.9373615980148315e-001
vn -4.2819446325302124e-001 7.0038360357284546e-001 5.7106238603591919e-001
vn -3.8718760013580322e-002 6.8634623289108276e-001 7.2624355554580688e-001
vn 1.9216425716876984e-001 6.0549414157867432e-001 7.7230161428451538e-001
vn -8.8828861713409424e-002 5.5820375680923462e-001 8.2493513822555542e-001
vn -1.6159050166606903e-001 6.8858397006988525e-001 7.0692342519760132e-001
vn 8.3744889497756958e-001 2.6877370476722717e-001 4.7585710883140564e-001
vn 5.8087730407714844e-001 5.8044821023941040e-001 5.7066744565963745e-001
vn 2.0435483753681183e-001 6.5204429626464844e-001 7.3012149333953857e-001
vn 8.3515578508377075e-001 1.4031010866165161e-001 5.3181564807891846e-001
vn 3.2748210430145264e-001 5.9541881084442139e-001 7.3364287614822388e-001
vn 2.1899917721748352e-001 5.5359983444213867e-001 8.0347156524658203e-001
vn 9.2594283819198608e-001 1.0606109350919724e-001 3.6246508359909058e-001
vn 9.2636764049530029e-001 1.5542511641979218e-001 3.4305408596992493e-001
vn 3.0508193373680115e-001 8.1266564130783081e-001 4.9648725986480713e-001
vn 9.9226884543895721e-002 5.5534225702285767e-001 8.2568097114562988e-001
vn -3.9952449500560760e-002 7.0142573118209839e-001 7.1162188053131104e-001
vn 2.8575873374938965e-001 5.8465141057968140e-001 7.5929218530654907e-001
vn 4.3758982419967651e-001 5.9460842609405518e-001 6.7450422048568726e-001
vn 3.1234890222549438e-001 2.9030489921569824e-001 9.0452265739440918e-001
vn 1.4625240862369537e-001 4.3337330222129822e-001 8.8926810026168823e-001
vn 3.2236033678054810e-001 5.7699126005172729e-001 7.5044316053390503e-001
vn 4.6311613917350769e-001 5.4175472259521484e-001 7.0144510269165039e-001
vn -3.5043275356292725e-001 5.9029191732406616e-001 7.2715359926223755e-001
vn 4.8389983177185059e-001 3.5483440756797791e-001 7.9995846748352051e-001
vn 6.5684252977371216e-001 3.0709651112556458e-001 6.8865793943405151e-001
vn -2.7085265517234802e-001 6.5364891290664673e-001 7.0666962862014771e-001
vn 2.7450874447822571e-001 2.3002833127975464e-001 9.3366587162017822e-001
vn 3.5043776035308838e-001 1.4242927730083466e-001 9.2569285631179810e-001
vn 4.3474719859659672e-003 8.8208335638046265e-001 4.7107338905334473e-001
vn 2.6091042160987854e-001 6.9189214706420898e-001 6.7320936918258667e-001
vn 2.8013443946838379e-001 6.5982806682586670e-001 6.9724577665328979e-001
vn -3.2700982689857483e-001 6.0963255167007446e-001 7.2208923101425171e-001
vn -9.9628657102584839e-002 1.2520106136798859e-001 9.8711645603179932e-001
vn -2.9773548245429993e-001 -4.3776124715805054e-001 8.4836232662200928e-001
vn 4.3258869647979736e-001 1.2587501108646393e-001 8.9276117086410522e-001
vn 3.7147998809814453e-001 2.2187785804271698e-001 9.0153914690017700e-001
vn -1.0055413097143173e-001 -3.3858793973922729e-001 9.3554633855819702e-001
vt 0.452316 0.371985
vt 0.478163 0.370366
vt 0.471992 0.358093
vt 0.439373 0.353665
vt 0.467816 0.341976
vt 0.454106 0.332982
vt 0.458330 0.349836
vt 0.471457 0.330098
vt 0.491097 0.360432
vt 0.497099 0.348427
vt 0.492724 0.370267
vt 0.510807 0.348988
vt 0.488537 0.339439
vt 0.514240 0.363640
vt 0.497282 0.377771
vt 0.512128 0.389836
vt 0.527877 0.392776
vt 0.532432 0.417016
vt 0.542522 0.389229
vt 0.524384 0.351780
vt 0.526051 0.372823
vt 0.534283 0.366539
vt 0.536216 0.355451
vt 0.553982 0.414305
vt 0.560931 0.493951
vt 0.579929 0.495011
vt 0.578729 0.479583
vt 0.569568 0.470704
vt 0.546513 0.501778
vt 0.554519 0.481524
vt 0.544255 0.479172
vt 0.563565 0.506976
vt 0.547546 0.524694
vt 0.568581 0.520176
vt 0.558682 0.459537
vt 0.560035 0.543073
vt 0.574933 0.537373
vt 0.527998 0.487689
vt 0.545350 0.431905
vt 0.553695 0.440086
vt 0.537060 0.458275
vt 0.535161 0.446110
vt 0.521761 0.450939
vt 0.532920 0.470273
vt 0.513988 0.474094
vt 0.506067 0.499442
vt 0.510704 0.450096
vt 0.518072 0.416879
vt 0.526803 0.429092
vt 0.512450 0.430798
vt 0.442911 0.504123
vt 0.439319 0.529293
vt 0.456285 0.516294
vt 0.451896 0.535654
vt 0.426751 0.501587
vt 0.429883 0.518452
vt 0.429574 0.454874
vt 0.436708 0.464367
vt 0.447741 0.452371
vt 0.436878 0.413253
vt 0.433035 0.425599
vt 0.456684 0.410042
vt 0.444216 0.479360
vt 0.458464 0.463127
vt 0.428085 0.488397
vt 0.458234 0.426010
vt 0.416251 0.512924
vt 0.424947 0.535843
vt 0.410119 0.494216
vt 0.427835 0.434846
vt 0.419300 0.480728
vt 0.459121 0.440827
vt 0.407497 0.512035
vt 0.413761 0.455411
vt 0.413095 0.409353
vt 0.407738 0.533489
vt 0.406641 0.463418
vt 0.417273 0.423220
vt 0.401924 0.439349
vt 0.400323 0.478758
vt 0.445881 0.548796
vt 0.428445 0.561852
vt 0.419775 0.568347
vt 0.425629 0.580261
vt 0.401779 0.560206
vt 0.408095 0.575081
vt 0.437164 0.544636
vt 0.410933 0.588328
vt 0.415116 0.549386
vt 0.554868 0.572280
vt 0.555004 0.555921
vt 0.545054 0.565470
vt 0.566379 0.549460
vt 0.538837 0.581953
vt 0.551008 0.586189
vt 0.536928 0.596435
vt 0.484618 0.452605
vt 0.493660 0.439451
vt 0.484678 0.428057
vt 0.487427 0.495628
vt 0.475624 0.507028
vt 0.486772 0.525353
vt 0.472021 0.502597
vt 0.451951 0.502735
vt 0.473130 0.529401
vt 0.466998 0.514989
vt 0.462999 0.537484
vt 0.501784 0.415391
vt 0.477600 0.476887
vt 0.492613 0.464456
vt 0.469910 0.464609
vt 0.465065 0.485345
vt 0.489718 0.408626
vt 0.461496 0.447731
vt 0.464564 0.414228
vt 0.411216 0.391388
vt 0.425392 0.402181
vt 0.502957 0.406587
vt 0.498839 0.390505
vt 0.407459 0.366573
vt 0.431229 0.376202
vt 0.425811 0.350067
vt 0.397064 0.420514
vt 0.433894 0.396231
vt 0.414431 0.377738
vt 0.417123 0.385884
vt 0.446158 0.376954
vt 0.451228 0.389367
vt 0.462822 0.389758
vt 0.481564 0.397354
vt 0.473246 0.379061
vt 0.568314 0.452585
vt 0.585657 0.567674
vt 0.588091 0.548250
vt 0.428452 0.341478
vt 0.582799 0.510432
vt 0.587809 0.473082
vt 0.581337 0.460682
vt 0.331109 0.320784
vt 0.323896 0.311513
vt 0.313032 0.325805
vt 0.303173 0.311221
vt 0.305228 0.373042
vt 0.296132 0.380890
vt 0.311271 0.386471
vt 0.315242 0.355372
vt 0.333876 0.348414
vt 0.324097 0.342745
vt 0.293475 0.346864
vt 0.305334 0.356737
vt 0.303118 0.336344
vt 0.321312 0.332706
vt 0.285484 0.386695
vt 0.289612 0.376000
vt 0.295091 0.323794
vt 0.276891 0.393836
vt 0.282865 0.405304
vt 0.284406 0.326238
vt 0.270956 0.374164
vt 0.285184 0.358457
vt 0.275381 0.354423
vt 0.292342 0.359767
vt 0.288305 0.335803
vt 0.276894 0.335917
vt 0.263916 0.339248
vt 0.266687 0.350172
vt 0.390370 0.342852
vt 0.394002 0.355352
vt 0.365106 0.360977
vt 0.376216 0.352274
vt 0.357400 0.343174
vt 0.383227 0.374784
vt 0.383451 0.336750
vt 0.359483 0.333457
vt 0.336664 0.331524
vt 0.346507 0.353142
vt 0.316736 0.376866
vt 0.331944 0.364788
vt 0.333548 0.384997
vt 0.322873 0.394750
vt 0.390772 0.392974
vt 0.382055 0.402277
vt 0.392732 0.385960
vt 0.375450 0.414547
vt 0.366320 0.395617
vt 0.372210 0.385152
vt 0.353978 0.368436
vt 0.358056 0.381426
vt 0.343900 0.374484
vt 0.346188 0.397477
vt 0.358995 0.415407
vt 0.344783 0.407752
vt 0.340769 0.419012
vt 0.356735 0.436168
vt 0.396771 0.493649
vt 0.398066 0.448072
vt 0.381797 0.451528
vt 0.389162 0.455760
vt 0.396606 0.508339
vt 0.387933 0.513684
vt 0.398954 0.525138
vt 0.390078 0.469951
vt 0.374407 0.500780
vt 0.383930 0.499032
vt 0.401447 0.424987
vt 0.381050 0.441671
vt 0.382591 0.429429
vt 0.390495 0.487763
vt 0.377470 0.479169
vt 0.387510 0.471956
vt 0.371133 0.459738
vt 0.368730 0.429046
vt 0.366800 0.441931
vt 0.348339 0.435049
vt 0.362563 0.457113
vt 0.752197 0.666748
vt 0.761615 0.663101
vt 0.770191 0.642975
vt 0.149465 0.434237
vt 0.164903 0.452222
vt 0.168002 0.428448
vt 0.182477 0.352327
vt 0.164633 0.345770
vt 0.147282 0.356893
vt 0.168970 0.448575
vt 0.181639 0.438057
vt 0.148420 0.418802
vt 0.157357 0.386971
vt 0.176072 0.391687
vt 0.163680 0.374455
vt 0.144067 0.388448
vt 0.154531 0.401258
vt 0.213782 0.331974
vt 0.204548 0.353836
vt 0.222000 0.348101
vt 0.143751 0.450572
vt 0.138039 0.431312
vt 0.122171 0.421940
vt 0.119298 0.433986
vt 0.109991 0.419666
vt 0.096891 0.430800
vt 0.092610 0.440075
vt 0.103339 0.446981
vt 0.103093 0.410699
vt 0.087490 0.411095
vt 0.070173 0.410118
vt 0.078073 0.429593
vt 0.136189 0.414713
vt 0.128070 0.405596
vt 0.064014 0.437308
vt 0.141643 0.399355
vt 0.165486 0.408227
vt 0.117891 0.403511
vt 0.183238 0.414880
vt 0.061804 0.408153
vt 0.046281 0.427975
vt 0.157966 0.459669
vt 0.171083 0.465723
vt 0.038141 0.450767
vt 0.050353 0.440506
vt 0.140050 0.471312
vt 0.163461 0.478284
vt 0.148495 0.470730
vt 0.136505 0.482186
vt 0.150025 0.491745
vt 0.163622 0.495897
vt 0.133235 0.453704
vt 0.127161 0.474072
vt 0.199251 0.391767
vt 0.204551 0.380115
vt 0.184795 0.376023
vt 0.126410 0.491888
vt 0.142705 0.506122
vt 0.184818 0.397755
vt 0.108898 0.454954
vt 0.105829 0.473125
vt 0.116567 0.463800
vt 0.038817 0.477879
vt 0.022856 0.480265
vt 0.025067 0.499636
vt 0.102051 0.485796
vt 0.122652 0.489064
vt 0.089434 0.462151
vt 0.155464 0.516006
vt 0.172793 0.523839
vt 0.123965 0.500438
vt 0.035586 0.454949
vt 0.046725 0.461879
vt 0.051768 0.503824
vt 0.050361 0.491390
vt 0.138278 0.499941
vt 0.064664 0.452957
vt 0.070613 0.467252
vt 0.080107 0.455214
vt 0.094346 0.473440
vt 0.084048 0.491955
vt 0.009455 0.502471
vt 0.098612 0.494880
vt 0.103728 0.511797
vt 0.078665 0.447407
vt 0.201908 0.502213
vt 0.214776 0.514651
vt 0.211452 0.493534
vt 0.198352 0.486122
vt 0.183468 0.497785
vt 0.185897 0.479061
vt 0.193082 0.458533
vt 0.208178 0.471268
vt 0.216176 0.487539
vt 0.185762 0.454577
vt 0.195556 0.515911
vt 0.082026 0.507170
vt 0.207508 0.438932
vt 0.197660 0.430126
vt 0.067264 0.486091
vt 0.063909 0.506711
vt 0.060881 0.519808
vt 0.191916 0.401682
vt 0.197430 0.413564
vt 0.190147 0.357105
vt 0.169203 0.363445
vt 0.179366 0.329629
vt 0.190287 0.332254
vt 0.192927 0.319299
vt 0.208258 0.369392
vt 0.218917 0.360482
vt 0.109937 0.558344
vt 0.127407 0.567354
vt 0.136157 0.549763
vt 0.158315 0.537502
vt 0.171200 0.552156
vt 0.170235 0.532675
vt 0.151161 0.552307
vt 0.133157 0.524522
vt 0.147052 0.536318
vt 0.128935 0.542926
vt 0.160838 0.565186
vt 0.121771 0.533561
vt 0.006847 0.544221
vt 0.000244 0.556650
vt 0.023057 0.567757
vt 0.090082 0.564583
vt 0.086402 0.549877
vt 0.082260 0.523988
vt 0.068197 0.534586
vt 0.097084 0.531517
vt 0.045418 0.532008
vt 0.033707 0.529495
vt 0.065357 0.549475
vt 0.045887 0.542443
vt 0.056577 0.562865
vt 0.043329 0.554661
vt 0.011903 0.524530
vt 0.024988 0.550647
vt 0.009200 0.536528
vt 0.001081 0.569187
vt 0.014763 0.579220
vt 0.000374 0.585128
vt 0.025972 0.590861
vt 0.036437 0.592577
vt 0.003464 0.596080
vt 0.049990 0.595121
vt 0.059496 0.606201
vt 0.071275 0.596395
vt 0.070238 0.581617
vt 0.091716 0.586028
vt 0.112315 0.567589
vt 0.009196 0.510849
vt 0.200025 0.546674
vt 0.144277 0.571461
vt 0.184298 0.525466
vt 0.204966 0.528326
vt 0.220841 0.543502
vt 0.222896 0.375453
vt 0.226615 0.384935
vt 0.231972 0.352497
vt 0.228369 0.326894
vt 0.235287 0.338372
vt 0.242523 0.325168
vt 0.254115 0.528494
vt 0.270352 0.545895
vt 0.262611 0.527796
vt 0.271140 0.552007
vt 0.256185 0.543387
vt 0.254009 0.553380
vt 0.271108 0.564537
vt 0.224799 0.481093
vt 0.231223 0.533267
vt 0.249447 0.525264
vt 0.239426 0.518305
vt 0.238227 0.548721
vt 0.241658 0.565382
vt 0.256092 0.570011
vt 0.230971 0.504421
vt 0.241725 0.510713
vt 0.234948 0.496923
vt 0.227578 0.513114
vt 0.238093 0.559074
vt 0.221098 0.557818
vt 0.217953 0.528739
vt 0.320501 0.984131
vt 0.346347 0.980536
vt 0.325418 0.971146
vt 0.305940 0.982928
vt 0.352505 0.970967
vt 0.301381 0.972791
vt 0.284424 0.982850
vt 0.335842 0.956458
vt 0.494041 0.954540
vt 0.515963 0.969734
vt 0.509213 0.953218
vt 0.480767 0.964914
vt 0.499565 0.942236
vt 0.478449 0.939479
vt 0.473098 0.964178
vt 0.458697 0.960918
vt 0.449463 0.981201
vt 0.533447 0.638428
vt 0.553060 0.624435
vt 0.543412 0.619032
vt 0.593341 0.899676
vt 0.586591 0.887517
vt 0.579517 0.914015
vt 0.572319 0.907840
vt 0.552634 0.917762
vt 0.551107 0.897769
vt 0.560949 0.880005
vt 0.547240 0.870954
vt 0.544575 0.885676
vt 0.576745 0.898040
vt 0.566951 0.867323
vt 0.551393 0.929054
vt 0.533850 0.911121
vt 0.533664 0.868332
vt 0.524042 0.891370
vt 0.533898 0.926215
vt 0.520276 0.905151
vt 0.515631 0.921256
vt 0.513453 0.913744
vt 0.510986 0.934326
vt 0.156098 0.051912
vt 0.137503 0.046971
vt 0.128418 0.059288
vt 0.134417 0.036644
vt 0.156362 0.031851
vt 0.161451 0.060754
vt 0.168198 0.045502
vt 0.147758 0.021561
vt 0.174106 0.035402
vt 0.130479 0.018643
vt 0.144881 0.009179
vt 0.134144 0.000901
vt 0.159894 0.008128
vt 0.163471 0.016186
vt 0.149103 0.073448
vt 0.277646 0.122938
vt 0.292146 0.117602
vt 0.290372 0.107504
vt 0.271695 0.115646
vt 0.275182 0.059351
vt 0.264177 0.059633
vt 0.277657 0.079369
vt 0.261520 0.096482
vt 0.281227 0.098742
vt 0.248549 0.121793
vt 0.264353 0.138012
vt 0.257389 0.080959
vt 0.238341 0.078498
vt 0.243658 0.103473
vt 0.220765 0.103489
vt 0.214504 0.116661
vt 0.234009 0.116425
vt 0.294151 0.135170
vt 0.263599 0.075671
vt 0.295595 0.080425
vt 0.294369 0.067856
vt 0.294196 0.056437
vt 0.248238 0.062497
vt 0.225741 0.090634
vt 0.235330 0.133624
vt 0.211409 0.128894
vt 0.299740 0.097428
vt 0.206554 0.081580
vt 0.203113 0.103094
vt 0.194016 0.092150
vt 0.212093 0.065556
vt 0.220047 0.079930
vt 0.234366 0.059487
vt 0.186070 0.098262
vt 0.194868 0.123630
vt 0.199099 0.073323
vt 0.167067 0.108883
vt 0.181976 0.083783
vt 0.161778 0.073289
vt 0.170299 0.082533
vt 0.182924 0.070424
vt 0.177858 0.116338
vt 0.177578 0.136091
vt 0.187311 0.060714
vt 0.288523 0.048547
vt 0.275380 0.040089
vt 0.255513 0.029723
vt 0.270870 0.029227
vt 0.256846 0.045273
vt 0.237699 0.039662
vt 0.243803 0.025637
vt 0.218014 0.034353
vt 0.229593 0.026727
vt 0.220519 0.050520
vt 0.195137 0.044899
vt 0.207020 0.054372
vt 0.206322 0.034239
vt 0.214345 0.020926
vt 0.194407 0.033212
vt 0.189848 0.020306
vt 0.200080 0.005575
vt 0.181597 0.049852
vt 0.178839 0.029173
vt 0.182512 0.006586
vt 0.177166 0.011960
vt 0.304481 0.116979
vt 0.322691 0.122905
vt 0.319362 0.084219
vt 0.319254 0.104871
vt 0.312734 0.143605
vt 0.154854 0.126231
vt 0.165620 0.141463
vt 0.313140 0.067483
vt 0.157816 0.089032
vt 0.154792 0.108146
vt 0.128461 0.071017
vt 0.131366 0.085433
vt 0.140709 0.090325
vt 0.141881 0.102946
vt 0.130677 0.116960
vt 0.138858 0.133185
vt 0.121946 0.094105
vt 0.152945 0.169362
vt 0.142636 0.150863
vt 0.131114 0.162194
vt 0.262004 0.151690
vt 0.250562 0.146219
vt 0.251920 0.156538
vt 0.180880 0.183369
vt 0.174723 0.172976
vt 0.164574 0.187853
vt 0.122826 0.141208
vt 0.150623 0.185989
vt 0.175501 0.156898
vt 0.136321 0.183506
vt 0.194256 0.175096
vt 0.206739 0.152199
vt 0.219766 0.155943
vt 0.220779 0.145167
vt 0.202930 0.139768
vt 0.188051 0.149852
vt 0.204759 0.163562
vt 0.216632 0.198372
vt 0.214728 0.176672
vt 0.285299 0.143237
vt 0.237051 0.148032
vt 0.200811 0.200531
vt 0.240086 0.171828
vt 0.251444 0.169343
vt 0.224878 0.169259
vt 0.269751 0.170804
vt 0.302079 0.156837
vt 0.231411 0.193531
vt 0.282654 0.153412
vt 0.282278 0.176211
vt 0.270502 0.184218
vt 0.255260 0.185144
vt 0.288622 0.165295
vt 0.298483 0.181339
vt 0.273690 0.191683
vt 0.306913 0.167091
vt 0.321204 0.150870
vt 0.324290 0.168828
vt 0.306547 0.189204
vt 0.325850 0.186269
vt 0.324834 0.280565
vt 0.307021 0.288078
vt 0.320469 0.307066
vt 0.303841 0.307533
vt 0.315342 0.266046
vt 0.305429 0.253234
vt 0.303409 0.267965
vt 0.287201 0.288765
vt 0.286767 0.276166
vt 0.282520 0.239168
vt 0.294090 0.253207
vt 0.294305 0.226426
vt 0.309128 0.225148
vt 0.313989 0.244421
vt 0.283596 0.299988
vt 0.290374 0.311230
vt 0.289925 0.202132
vt 0.306938 0.206348
vt 0.321432 0.223843
vt 0.312287 0.196577
vt 0.259593 0.311877
vt 0.257978 0.323134
vt 0.282302 0.325928
vt 0.264435 0.302129
vt 0.267555 0.285156
vt 0.264221 0.272020
vt 0.271672 0.225790
vt 0.255355 0.290186
vt 0.270322 0.246808
vt 0.267072 0.258717
vt 0.285294 0.255038
vt 0.286543 0.266633
vt 0.246254 0.294446
vt 0.243112 0.310026
vt 0.232176 0.296248
vt 0.233075 0.314211
vt 0.241947 0.264967
vt 0.238622 0.286321
vt 0.268881 0.206986
vt 0.249474 0.258862
vt 0.255091 0.244227
vt 0.261381 0.223057
vt 0.250389 0.229993
vt 0.280608 0.197757
vt 0.255293 0.212092
vt 0.240456 0.217118
vt 0.246894 0.200656
vt 0.233512 0.228292
vt 0.231643 0.208684
vt 0.241947 0.251439
vt 0.230869 0.270238
vt 0.223548 0.247978
vt 0.222035 0.236207
vt 0.215923 0.311527
vt 0.215596 0.297569
vt 0.220222 0.274116
vt 0.210264 0.318547
vt 0.193096 0.302552
vt 0.180784 0.317542
vt 0.209183 0.276877
vt 0.217077 0.262964
vt 0.196192 0.287538
vt 0.209327 0.264349
vt 0.196871 0.263775
vt 0.201981 0.242580
vt 0.203773 0.250627
vt 0.210907 0.228319
vt 0.191555 0.276049
vt 0.185669 0.266337
vt 0.170017 0.271135
vt 0.177182 0.249087
vt 0.163985 0.313467
vt 0.185096 0.293621
vt 0.172518 0.285290
vt 0.190877 0.246551
vt 0.192919 0.231218
vt 0.169202 0.236943
vt 0.212358 0.217948
vt 0.194226 0.214700
vt 0.185911 0.216511
vt 0.179626 0.205298
vt 0.164355 0.260905
vt 0.169181 0.295655
vt 0.205541 0.196608
vt 0.169983 0.223597
vt 0.141785 0.284409
vt 0.146004 0.302755
vt 0.142913 0.314455
vt 0.151094 0.273761
vt 0.152269 0.254530
vt 0.131422 0.298521
vt 0.156643 0.218590
vt 0.143651 0.248710
vt 0.138306 0.270028
vt 0.150789 0.240957
vt 0.126120 0.265822
vt 0.129897 0.286667
vt 0.129561 0.251993
vt 0.140971 0.237911
vt 0.147170 0.206187
vt 0.132773 0.199469
vt 0.124479 0.240346
vt 0.143220 0.230489
vt 0.136535 0.221939
vt 0.119673 0.305505
vt 0.121897 0.187740
vt 0.112143 0.206136
vt 0.036653 0.305176
vt 0.047162 0.320751
vt 0.060169 0.307066
vt 0.017151 0.315598
vt 0.034504 0.316387
vt 0.022161 0.302865
vt 0.025360 0.324759
vt 0.124332 0.321279
vt 0.114822 0.324606
vt 0.108369 0.313616
vt 0.103031 0.304323
vt 0.085923 0.313066
vt 0.113357 0.035049
vt 0.116397 0.046799
vt 0.118692 0.066984
vt 0.096638 0.053197
vt 0.094564 0.037463
vt 0.097865 0.067468
vt 0.082736 0.057288
vt 0.116026 0.020814
vt 0.095104 0.019289
vt 0.117765 0.113683
vt 0.103797 0.120683
vt 0.120867 0.166385
vt 0.103132 0.180974
vt 0.099288 0.190916
vt 0.111946 0.164601
vt 0.116925 0.154759
vt 0.096303 0.161274
vt 0.081668 0.168182
vt 0.087003 0.175166
vt 0.098551 0.138850
vt 0.072421 0.188405
vt 0.091297 0.121969
vt 0.084161 0.137557
vt 0.099747 0.106492
vt 0.079982 0.151651
vt 0.096967 0.083818
vt 0.086300 0.093541
vt 0.077090 0.118017
vt 0.071984 0.095598
vt 0.066033 0.165207
vt 0.106226 0.076404
vt 0.054149 0.180594
vt 0.071774 0.136950
vt 0.063263 0.124975
vt 0.061872 0.142972
vt 0.071288 0.076255
vt 0.053408 0.108004
vt 0.049799 0.126989
vt 0.051732 0.156954
vt 0.054561 0.087772
vt 0.068439 0.084232
vt 0.046453 0.141226
vt 0.051168 0.170200
vt 0.035504 0.108742
vt 0.023426 0.142847
vt 0.035995 0.172821
vt 0.016860 0.174360
vt 0.015356 0.150634
vt 0.035617 0.122908
vt 0.021926 0.121124
vt 0.012982 0.193939
vt 0.007878 0.145932
vt 0.001881 0.159630
vt 0.052167 0.279557
vt 0.041220 0.262184
vt 0.042211 0.276576
vt 0.050802 0.250657
vt 0.036775 0.247665
vt 0.027233 0.269317
vt 0.025480 0.236879
vt 0.019392 0.252725
vt 0.046709 0.236897
vt 0.047080 0.205653
vt 0.037220 0.193325
vt 0.015179 0.221960
vt 0.025787 0.213215
vt 0.005141 0.218411
vt 0.009885 0.267265
vt 0.044423 0.227527
vt 0.043401 0.216849
vt 0.036676 0.205133
vt 0.013089 0.241431
vt 0.001664 0.249151
vt 0.000244 0.231230
vt 0.119035 0.254924
vt 0.120242 0.277424
vt 0.112475 0.276145
vt 0.109813 0.263391
vt 0.110822 0.241682
vt 0.120404 0.228970
vt 0.108485 0.219209
vt 0.105173 0.249043
vt 0.084468 0.245602
vt 0.087563 0.254783
vt 0.083649 0.264505
vt 0.093607 0.233359
vt 0.101692 0.224732
vt 0.092109 0.203992
vt 0.078533 0.232680
vt 0.094959 0.279665
vt 0.073156 0.278933
vt 0.061059 0.259598
vt 0.066891 0.265044
vt 0.063243 0.239514
vt 0.061094 0.197725
vt 0.065842 0.223897
vt 0.067511 0.212798
vt 0.047296 0.291604
vt 0.026435 0.283984
vt 0.012461 0.292371
vt 0.104420 0.284966
vt 0.088825 0.290481
vt 0.072739 0.287299
vt 0.086899 0.299685
vt 0.080676 0.310871
vt 0.594023 0.616152
vt 0.593994 0.626675
vt 0.605389 0.636474
vt 0.296892 0.524120
vt 0.313972 0.527319
vt 0.317613 0.514050
vt 0.304126 0.537842
vt 0.288330 0.519807
vt 0.979736 0.228873
vt 0.999350 0.229248
vt 0.986060 0.218491
vt 0.000340 0.284071
vt 0.000244 0.298410
vt 0.010947 0.303467
vt 0.400395 0.554403
vt 0.393614 0.546345
vt 0.389893 0.570068
vt 0.015938 0.048584
vt 0.041799 0.040420
vt 0.020325 0.035249
vt 0.004150 0.034494
vt 0.914028 0.952887
vt 0.916452 0.938773
vt 0.903564 0.936381
vt 0.917888 0.963590
vt 0.940204 0.948554
vt 0.946012 0.958128
vt 0.963507 0.959491
vt 0.970605 0.942855
vt 0.955003 0.939867
vt 0.930026 0.941685
vt 0.996291 0.952357
vt 0.987922 0.944198
vt 0.986418 0.960517
vt 0.999189 0.974365
vt 0.025882 0.112596
vt 0.004670 0.104571
vt 0.000244 0.115967
vt 0.240422 0.447945
vt 0.208252 0.440441
vt 0.224047 0.458740
vt 0.103519 0.762607
vt 0.118531 0.759829
vt 0.115017 0.756267
vt 0.107018 0.750683
vt 0.111709 0.736845
vt 0.100830 0.741428
vt 0.123998 0.738453
vt 0.127560 0.719694
vt 0.155429 0.585139
vt 0.168566 0.596250
vt 0.171278 0.578359
vt 0.154977 0.602207
vt 0.184594 0.574219
vt 0.193399 0.567288
vt 0.186795 0.550790
vt 0.129738 0.686233
vt 0.119316 0.686070
vt 0.128038 0.701522
vt 0.113415 0.711955
vt 0.140813 0.751394
vt 0.263018 0.689686
vt 0.252546 0.680684
vt 0.249166 0.707146
vt 0.262978 0.706615
vt 0.242009 0.614563
vt 0.243085 0.625158
vt 0.257430 0.610006
vt 0.230419 0.634328
vt 0.241993 0.642017
vt 0.257403 0.627069
vt 0.273525 0.681987
vt 0.259698 0.662913
vt 0.245608 0.653387
vt 0.232150 0.656192
vt 0.237678 0.669683
vt 0.222005 0.636629
vt 0.242377 0.676509
vt 0.216706 0.622469
vt 0.208695 0.624621
vt 0.218149 0.643033
vt 0.217644 0.664214
vt 0.228176 0.682194
vt 0.235177 0.672647
vt 0.207671 0.676671
vt 0.202590 0.647294
vt 0.221984 0.656604
vt 0.182294 0.651271
vt 0.192953 0.671462
vt 0.201965 0.655711
vt 0.216816 0.609774
vt 0.142786 0.673417
vt 0.135835 0.657290
vt 0.187444 0.631113
vt 0.202289 0.631565
vt 0.205920 0.608334
vt 0.181982 0.618881
vt 0.190509 0.612007
vt 0.186464 0.685695
vt 0.206489 0.595469
vt 0.168439 0.690673
vt 0.176369 0.692209
vt 0.177945 0.671350
vt 0.193998 0.586416
vt 0.193101 0.600542
vt 0.156067 0.684694
vt 0.156746 0.664167
vt 0.139238 0.688715
vt 0.174567 0.641009
vt 0.165431 0.618637
vt 0.151757 0.627691
vt 0.152296 0.642211
vt 0.170212 0.655167
vt 0.158385 0.656945
vt 0.183129 0.606453
vt 0.184225 0.593370
vt 0.169254 0.637926
vt 0.273033 0.692451
vt 0.101049 0.731323
vt 0.248206 0.722120
vt 0.239177 0.705330
vt 0.229258 0.728126
vt 0.242425 0.734312
vt 0.243695 0.689788
vt 0.216672 0.730880
vt 0.214048 0.747229
vt 0.229507 0.744983
vt 0.223195 0.703755
vt 0.220931 0.687638
vt 0.202238 0.699789
vt 0.207835 0.714226
vt 0.225623 0.719211
vt 0.196049 0.752613
vt 0.202440 0.766872
vt 0.188230 0.762728
vt 0.214151 0.757361
vt 0.195898 0.736369
vt 0.183704 0.752278
vt 0.184146 0.735099
vt 0.192506 0.721205
vt 0.181564 0.723463
vt 0.183510 0.699936
vt 0.171056 0.761131
vt 0.169785 0.750359
vt 0.164552 0.732517
vt 0.156866 0.744122
vt 0.158717 0.769287
vt 0.141938 0.729066
vt 0.155564 0.731332
vt 0.155470 0.710344
vt 0.167636 0.713582
vt 0.139815 0.742853
vt 0.134511 0.714226
vt 0.148689 0.705166
vt 0.141149 0.766539
vt 0.301554 0.654657
vt 0.284213 0.672368
vt 0.309015 0.671441
vt 0.273375 0.660916
vt 0.276048 0.651560
vt 0.259472 0.641715
vt 0.275211 0.627229
vt 0.291454 0.636973
vt 0.287290 0.617829
vt 0.275076 0.616665
vt 0.288291 0.600841
vt 0.280741 0.583819
vt 0.265435 0.593708
vt 0.275520 0.598889
vt 0.267869 0.574284
vt 0.245691 0.601198
vt 0.273839 0.017500
vt 0.251221 0.019042
vt 0.254798 0.027100
vt 0.113525 0.351698
vt 0.132228 0.356201
vt 0.130506 0.339468
vt 0.146322 0.343869
vt 0.098893 0.963623
vt 0.096204 0.942445
vt 0.088156 0.958913
vt 0.094569 0.892866
vt 0.095122 0.901019
vt 0.105202 0.875543
vt 0.101045 0.909198
vt 0.114691 0.887086
vt 0.083132 0.948245
vt 0.073197 0.898033
vt 0.121920 0.868677
vt 0.089030 0.914278
vt 0.096424 0.932340
vt 0.082490 0.933808
vt 0.069580 0.931876
vt 0.075170 0.921293
vt 0.080513 0.912360
vt 0.097493 0.379382
vt 0.105493 0.395951
vt 0.116195 0.383535
vt 0.093994 0.398193
vt 0.131288 0.397553
vt 0.595122 0.014697
vt 0.610434 0.028006
vt 0.598794 0.004968
vt 0.598608 0.031258
vt 0.615346 0.041787
vt 0.561344 0.001116
vt 0.574831 0.014566
vt 0.584034 0.007885
vt 0.584308 0.029082
vt 0.510487 0.008740
vt 0.491036 0.016855
vt 0.497988 0.029260
vt 0.479869 0.029904
vt 0.509547 0.029502
vt 0.525743 0.018949
vt 0.536268 0.000666
vt 0.341420 0.167678
vt 0.339482 0.179682
vt 0.350245 0.171980
vt 0.370310 0.165185
vt 0.427230 0.158224
vt 0.400032 0.169283
vt 0.414718 0.179208
vt 0.362043 0.145404
vt 0.339034 0.144346
vt 0.328070 0.167394
vt 0.387309 0.159102
vt 0.392182 0.143614
vt 0.375064 0.150596
vt 0.386940 0.181430
vt 0.358559 0.119884
vt 0.343125 0.120933
vt 0.391099 0.129324
vt 0.405641 0.150454
vt 0.409449 0.164782
vt 0.369860 0.120846
vt 0.327461 0.139869
vt 0.328895 0.116361
vt 0.418385 0.121391
vt 0.394059 0.113448
vt 0.385177 0.117598
vt 0.334282 0.096795
vt 0.355081 0.105802
vt 0.368298 0.104517
vt 0.418251 0.133457
vt 0.416209 0.107230
vt 0.401752 0.099841
vt 0.591511 0.047317
vt 0.600103 0.056228
vt 0.556764 0.011370
vt 0.626947 0.064682
vt 0.626119 0.083809
vt 0.639967 0.070962
vt 0.616933 0.067629
vt 0.618655 0.050380
vt 0.562594 0.041121
vt 0.574881 0.044673
vt 0.631797 0.057892
vt 0.554242 0.029937
vt 0.534276 0.023654
vt 0.603584 0.064977
vt 0.547330 0.040463
vt 0.582393 0.062875
vt 0.561967 0.057304
vt 0.608855 0.077493
vt 0.589871 0.077944
vt 0.556336 0.068019
vt 0.542896 0.057413
vt 0.542983 0.075254
vt 0.520508 0.037736
vt 0.527993 0.058466
vt 0.625141 0.092532
vt 0.607697 0.090304
vt 0.532911 0.071097
vt 0.569527 0.078559
vt 0.578422 0.090029
vt 0.586818 0.101071
vt 0.598329 0.110202
vt 0.639688 0.118027
vt 0.648973 0.095236
vt 0.555792 0.090826
vt 0.570552 0.099201
vt 0.617262 0.111621
vt 0.539562 0.094335
vt 0.556876 0.104444
vt 0.519168 0.090789
vt 0.529183 0.100361
vt 0.632536 0.122209
vt 0.583175 0.125182
vt 0.602785 0.133482
vt 0.563454 0.122263
vt 0.623233 0.147526
vt 0.590318 0.141805
vt 0.536397 0.114800
vt 0.602198 0.158679
vt 0.605313 0.169731
vt 0.570746 0.139682
vt 0.557800 0.132709
vt 0.541015 0.130471
vt 0.556362 0.151972
vt 0.527732 0.126749
vt 0.578766 0.152701
vt 0.584072 0.164628
vt 0.571353 0.164626
vt 0.556090 0.170096
vt 0.532415 0.163285
vt 0.535735 0.175650
vt 0.546196 0.183436
vt 0.542379 0.147508
vt 0.521208 0.147694
vt 0.562282 0.185532
vt 0.489891 0.045384
vt 0.509395 0.054036
vt 0.470990 0.035916
vt 0.440397 0.166939
vt 0.442730 0.153277
vt 0.419162 0.146935
vt 0.515037 0.175906
vt 0.486805 0.140897
vt 0.464523 0.151497
vt 0.470979 0.167756
vt 0.441631 0.131118
vt 0.436853 0.178729
vt 0.430713 0.121269
vt 0.497201 0.170899
vt 0.502901 0.150910
vt 0.480602 0.174512
vt 0.490731 0.185116
vt 0.457128 0.133355
vt 0.451119 0.111844
vt 0.511838 0.162469
vt 0.476394 0.128965
vt 0.476703 0.112745
vt 0.498407 0.116685
vt 0.509078 0.136986
vt 0.511464 0.128247
vt 0.421408 0.101681
vt 0.516044 0.111917
vt 0.443932 0.095633
vt 0.343096 0.092386
vt 0.358778 0.076727
vt 0.339633 0.079651
vt 0.375766 0.085722
vt 0.381438 0.101107
vt 0.391744 0.091074
vt 0.358948 0.091909
vt 0.411579 0.089201
vt 0.403040 0.079106
vt 0.392788 0.071698
vt 0.377717 0.071810
vt 0.359941 0.069494
vt 0.402323 0.059391
vt 0.414173 0.074436
vt 0.468252 0.084387
vt 0.436668 0.080925
vt 0.476043 0.102218
vt 0.489113 0.099982
vt 0.490841 0.087483
vt 0.474992 0.068738
vt 0.457490 0.076538
vt 0.432679 0.092345
vt 0.438773 0.067206
vt 0.440141 0.049328
vt 0.425100 0.066612
vt 0.453777 0.053265
vt 0.413200 0.052196
vt 0.505169 0.075999
vt 0.496910 0.064443
vt 0.458239 0.064278
vt 0.482912 0.055373
vt 0.455562 0.037765
vt 0.518259 0.068736
vt 0.477491 0.044593
vt 0.426789 0.189756
vt 0.504043 0.191590
vt 0.618254 0.178110
vt 0.614793 0.191791
vt 0.598607 0.191640
vt 0.590912 0.181472
vt 0.569799 0.200250
vt 0.586366 0.212470
vt 0.528378 0.185047
vt 0.526225 0.195272
vt 0.543256 0.190676
vt 0.405713 0.202908
vt 0.418545 0.201145
vt 0.392850 0.198522
vt 0.360039 0.187877
vt 0.377714 0.184874
vt 0.369155 0.250150
vt 0.385905 0.238716
vt 0.393062 0.213546
vt 0.475485 0.191782
vt 0.372327 0.207796
vt 0.366340 0.215756
vt 0.405308 0.222361
vt 0.348334 0.201712
vt 0.330235 0.195401
vt 0.343856 0.214628
vt 0.350328 0.242587
vt 0.336666 0.274462
vt 0.351237 0.260585
vt 0.327399 0.265783
vt 0.332003 0.243126
vt 0.336579 0.293389
vt 0.327897 0.310258
vt 0.333840 0.320657
vt 0.362059 0.271536
vt 0.350216 0.286587
vt 0.355836 0.310533
vt 0.364958 0.288629
vt 0.369649 0.296571
vt 0.382101 0.285042
vt 0.382479 0.267966
vt 0.397017 0.270680
vt 0.396032 0.245303
vt 0.370166 0.324450
vt 0.372726 0.312444
vt 0.410412 0.248841
vt 0.414891 0.232748
vt 0.387805 0.315557
vt 0.397208 0.302285
vt 0.410932 0.282954
vt 0.417245 0.312282
vt 0.421423 0.264971
vt 0.612061 0.211481
vt 0.551965 0.197701
vt 0.612308 0.203788
vt 0.605721 0.223911
vt 0.589244 0.222863
vt 0.325439 0.215364
vt 0.569516 0.224143
vt 0.575427 0.210137
vt 0.558181 0.206702
vt 0.605878 0.236447
vt 0.439780 0.293924
vt 0.423298 0.324668
vt 0.442654 0.310010
vt 0.547623 0.220844
vt 0.430335 0.235196
vt 0.532251 0.214567
vt 0.540930 0.230160
vt 0.437041 0.219097
vt 0.446970 0.238283
vt 0.454767 0.290051
vt 0.437141 0.251696
vt 0.451068 0.308315
vt 0.454307 0.325928
vt 0.463712 0.314222
vt 0.471827 0.290362
vt 0.475546 0.321309
vt 0.476221 0.303865
vt 0.460534 0.282936
vt 0.499469 0.307593
vt 0.488466 0.298744
vt 0.485246 0.310864
vt 0.431791 0.272264
vt 0.425948 0.286755
vt 0.457107 0.268560
vt 0.509005 0.286993
vt 0.448436 0.260503
vt 0.491649 0.282810
vt 0.514120 0.314634
vt 0.502193 0.324938
vt 0.469932 0.272018
vt 0.521678 0.290779
vt 0.492465 0.264632
vt 0.468371 0.257077
vt 0.462697 0.231043
vt 0.509164 0.265694
vt 0.515897 0.277536
vt 0.527656 0.276915
vt 0.475113 0.242944
vt 0.532011 0.264328
vt 0.469865 0.221520
vt 0.460532 0.214416
vt 0.528950 0.308709
vt 0.491459 0.247278
vt 0.536391 0.290641
vt 0.489816 0.231692
vt 0.541415 0.280470
vt 0.513927 0.210100
vt 0.492810 0.222050
vt 0.515124 0.231193
vt 0.540259 0.303473
vt 0.544849 0.253733
vt 0.549913 0.273697
vt 0.561708 0.268201
vt 0.518145 0.253311
vt 0.510561 0.239961
vt 0.554206 0.287681
vt 0.524473 0.237349
vt 0.569003 0.249363
vt 0.552463 0.245659
vt 0.531522 0.234277
vt 0.554496 0.236912
vt 0.564143 0.240972
vt 0.582701 0.258291
vt 0.583244 0.242034
vt 0.602252 0.252389
vt 0.448833 0.214122
vt 0.426083 0.214400
vt 0.439923 0.193780
vt 0.450256 0.203416
vt 0.478834 0.219692
vt 0.499431 0.206466
vt 0.456958 0.186401
vt 0.519043 0.221345
vt 0.513477 0.199476
vt 0.945736 0.127875
vt 0.935076 0.122601
vt 0.934857 0.135498
vt 0.921143 0.129185
vt 0.218018 0.594226
vt 0.239196 0.614014
vt 0.227272 0.595202
vt 0.243408 0.329642
vt 0.263806 0.337646
vt 0.261627 0.324504
vt 0.261893 0.819157
vt 0.248117 0.803442
vt 0.238978 0.824277
vt 0.275983 0.801030
vt 0.259322 0.797003
vt 0.242911 0.793297
vt 0.234013 0.813798
vt 0.244648 0.782539
vt 0.223779 0.790564
vt 0.222417 0.772183
vt 0.248719 0.765119
vt 0.238915 0.765788
vt 0.264229 0.782375
vt 0.262318 0.790872
vt 0.287809 0.766454
vt 0.289578 0.783912
vt 0.313576 0.773756
vt 0.303451 0.766078
vt 0.261986 0.768888
vt 0.224209 0.820279
vt 0.220599 0.832628
vt 0.210048 0.823875
vt 0.198201 0.829639
vt 0.207751 0.837646
vt 0.198548 0.817173
vt 0.194236 0.799756
vt 0.179932 0.815987
vt 0.181719 0.826139
vt 0.167236 0.821492
vt 0.204392 0.799721
vt 0.214590 0.810112
vt 0.203289 0.780783
vt 0.271220 0.750711
vt 0.251452 0.753125
vt 0.332874 0.774107
vt 0.322581 0.761827
vt 0.295398 0.746798
vt 0.301784 0.756781
vt 0.268044 0.734620
vt 0.278698 0.741452
vt 0.238318 0.740052
vt 0.224568 0.752599
vt 0.348281 0.747802
vt 0.324221 0.735120
vt 0.322912 0.745969
vt 0.346793 0.772277
vt 0.357085 0.760730
vt 0.299216 0.733690
vt 0.311066 0.721717
vt 0.779716 0.638938
vt 0.791454 0.639134
vt 0.789312 0.624364
vt 0.773792 0.615226
vt 0.774424 0.629330
vt 0.770752 0.648752
vt 0.788322 0.653294
vt 0.779082 0.664795
vt 0.486424 0.721409
vt 0.489010 0.704748
vt 0.474854 0.718414
vt 0.476728 0.736084
vt 0.951131 0.108809
vt 0.944200 0.102641
vt 0.925049 0.112060
vt 0.782726 0.608512
vt 0.778679 0.597653
vt 0.760986 0.616943
vt 0.185791 0.792724
vt 0.195564 0.785770
vt 0.194965 0.766643
vt 0.526611 0.734758
vt 0.539542 0.739990
vt 0.537011 0.726768
vt 0.534815 0.713018
vt 0.238217 0.468309
vt 0.225830 0.476842
vt 0.242898 0.477295
vt 0.254910 0.459400
vt 0.110576 0.636470
vt 0.104493 0.624083
vt 0.091521 0.634473
vt 0.091064 0.653076
vt 0.457499 0.688480
vt 0.444568 0.673267
vt 0.441650 0.691162
vt 0.942145 0.939497
vt 0.960748 0.924083
vt 0.951021 0.919262
vt 0.971138 0.927242
vt 0.973041 0.910594
vt 0.982268 0.919852
vt 0.992292 0.904554
vt 0.965961 0.901208
vt 0.999270 0.884322
vt 0.986127 0.885341
vt 0.960164 0.911349
vt 0.930114 0.918063
vt 0.912354 0.935483
vt 0.927196 0.940185
vt 0.944206 0.914374
vt 0.491455 0.484720
vt 0.496876 0.495850
vt 0.506329 0.479157
vt 0.548823 0.617920
vt 0.549434 0.608576
vt 0.538330 0.597688
vt 0.559565 0.612409
vt 0.094971 0.365784
vt 0.106135 0.371253
vt 0.114483 0.362062
vt 0.118292 0.376709
vt 0.138268 0.588623
vt 0.153142 0.587104
vt 0.136963 0.573325
vt 0.914306 0.654915
vt 0.903564 0.668146
vt 0.919744 0.672607
vt 0.099691 0.759521
vt 0.094705 0.730763
vt 0.089111 0.742336
vt 0.656666 0.520953
vt 0.691356 0.500768
vt 0.662598 0.506263
vt 0.642177 0.494445
vt 0.639748 0.507164
vt 0.667773 0.493790
vt 0.680393 0.523816
vt 0.679783 0.496290
vt 0.681217 0.472783
vt 0.652533 0.481344
vt 0.666558 0.467597
vt 0.641680 0.472347
vt 0.657489 0.456850
vt 0.638729 0.462926
vt 0.625050 0.475672
vt 0.624356 0.520287
vt 0.629732 0.538627
vt 0.636094 0.520493
vt 0.592762 0.528210
vt 0.615584 0.507149
vt 0.602900 0.515448
vt 0.599930 0.510159
vt 0.590173 0.509284
vt 0.604694 0.530706
vt 0.627097 0.502657
vt 0.617902 0.495456
vt 0.602513 0.486073
vt 0.593124 0.496452
vt 0.686605 0.453217
vt 0.674272 0.444191
vt 0.613622 0.536790
vt 0.662542 0.542295
vt 0.691805 0.536104
vt 0.677762 0.571786
vt 0.670746 0.598284
vt 0.696179 0.571050
vt 0.645025 0.548553
vt 0.601423 0.663725
vt 0.616744 0.679980
vt 0.620206 0.667654
vt 0.604352 0.648150
vt 0.593085 0.654006
vt 0.628440 0.653450
vt 0.612271 0.651525
vt 0.603450 0.685640
vt 0.627336 0.634344
vt 0.610949 0.621208
vt 0.623500 0.622307
vt 0.633081 0.708773
vt 0.619111 0.709759
vt 0.627635 0.726559
vt 0.611582 0.721308
vt 0.610422 0.700814
vt 0.603568 0.708033
vt 0.619069 0.608944
vt 0.595998 0.596891
vt 0.649509 0.713679
vt 0.639702 0.659984
vt 0.640613 0.612376
vt 0.644141 0.727686
vt 0.624831 0.692925
vt 0.608275 0.596423
vt 0.641988 0.697045
vt 0.635023 0.602184
vt 0.639054 0.681850
vt 0.644359 0.639908
vt 0.659347 0.623326
vt 0.670410 0.650216
vt 0.669032 0.611717
vt 0.664636 0.637536
vt 0.666172 0.726119
vt 0.655460 0.602118
vt 0.673007 0.732211
vt 0.675556 0.708347
vt 0.690137 0.725799
vt 0.688773 0.737060
vt 0.625276 0.589427
vt 0.679721 0.622205
vt 0.613569 0.582827
vt 0.655373 0.591517
vt 0.666073 0.698965
vt 0.656547 0.689403
vt 0.659124 0.667976
vt 0.636815 0.574324
vt 0.650483 0.575161
vt 0.701906 0.715414
vt 0.691317 0.708096
vt 0.684325 0.599548
vt 0.702016 0.725430
vt 0.714759 0.721674
vt 0.693825 0.695556
vt 0.674210 0.679976
vt 0.712775 0.703664
vt 0.698727 0.689280
vt 0.728377 0.711135
vt 0.686162 0.677078
vt 0.680219 0.666680
vt 0.724782 0.696230
vt 0.752086 0.685748
vt 0.736797 0.702053
vt 0.741855 0.708473
vt 0.722488 0.680872
vt 0.688901 0.649811
vt 0.688988 0.630884
vt 0.708158 0.666955
vt 0.760260 0.700758
vt 0.769567 0.668704
vt 0.775620 0.681090
vt 0.740127 0.671978
vt 0.682558 0.551823
vt 0.669165 0.562683
vt 0.624420 0.563659
vt 0.617701 0.554440
vt 0.594276 0.550635
vt 0.595701 0.560605
vt 0.600268 0.570843
vt 0.586182 0.572685
vt 0.782538 0.694536
vt 0.796984 0.689382
vt 0.794976 0.666432
vt 0.365015 0.786238
vt 0.373055 0.795654
vt 0.363525 0.768457
vt 0.076416 0.750732
vt 0.088188 0.733854
vt 0.082778 0.724972
vt 0.321915 0.189079
vt 0.313721 0.203857
vt 0.326421 0.200379
vt 0.800206 0.730564
vt 0.811632 0.739377
vt 0.804660 0.718578
vt 0.799072 0.751709
vt 0.013392 0.090280
vt 0.014780 0.100293
vt 0.038155 0.089932
vt 0.001221 0.103271
vt 0.949629 0.967490
vt 0.950516 0.982486
vt 0.975715 0.976172
vt 0.980914 0.963087
vt 0.995655 0.983154
vt 0.991477 0.971050
vt 0.924072 0.976078
vt 0.615549 0.259655
vt 0.589365 0.262465
vt 0.604708 0.267866
vt 0.585205 0.274170
vt 0.999089 0.080041
vt 0.980917 0.077682
vt 0.986385 0.090576
vt 0.962158 0.081015
vt 0.628987 0.012886
vt 0.654873 0.013428
vt 0.632761 0.000615
vt 0.609619 0.012801
vt 0.803372 0.606201
vt 0.802526 0.586379
vt 0.780518 0.594775
vt 0.889893 0.758545
vt 0.901534 0.748019
vt 0.901887 0.729452
vt 0.040171 0.614014
vt 0.038445 0.601248
vt 0.018799 0.609323
vt 0.021835 0.594805
vt 0.454945 0.890428
vt 0.456863 0.880561
vt 0.443604 0.881537
vt 0.507126 0.947998
vt 0.501498 0.913850
vt 0.495058 0.933762
vt 0.474461 0.906180
vt 0.490830 0.905457
vt 0.463878 0.897575
vt 0.460558 0.908026
vt 0.471360 0.919411
vt 0.939336 0.173054
vt 0.947781 0.179431
vt 0.957252 0.166141
vt 0.962747 0.192658
vt 0.970369 0.176876
vt 0.935791 0.181959
vt 0.985183 0.194092
vt 0.795748 0.719797
vt 0.781494 0.718820
vt 0.784447 0.736084
vt 0.794119 0.695965
vt 0.723877 0.743896
vt 0.733340 0.733181
vt 0.736380 0.716999
vt 0.707472 0.540500
vt 0.722564 0.539126
vt 0.717239 0.530951
vt 0.709854 0.526166
vt 0.698246 0.547963
vt 0.712950 0.556407
vt 0.693604 0.564525
vt 0.698697 0.536081
vt 0.710730 0.570068
vt 0.571159 0.695988
vt 0.568604 0.703140
vt 0.579743 0.706787
vt 0.583371 0.685170
vt 0.960767 0.149732
vt 0.946334 0.150802
vt 0.953432 0.160889
vt 0.927002 0.150832
vt 0.003174 0.665384
vt 0.008122 0.681396
vt 0.018555 0.672302
vt 0.016862 0.658440
vt 0.022203 0.645564
vt 0.035589 0.393878
vt 0.015513 0.405339
vt 0.028736 0.409164
vt 0.025391 0.390496
vt 0.046010 0.395294
vt 0.051828 0.384426
vt 0.035537 0.375547
vt 0.046701 0.372253
vt 0.011963 0.415771
vt 0.200439 0.558955
vt 0.226255 0.585693
vt 0.227162 0.568273
vt 0.018684 0.447048
vt 0.018172 0.461670
vt 0.030565 0.447080
vt 0.028407 0.460768
vt 0.016779 0.441739
vt 0.000244 0.443096
vt 0.949053 0.264919
vt 0.962918 0.269802
vt 0.952281 0.253789
vt 0.946930 0.276793
vt 0.931901 0.260718
vt 0.942046 0.247448
vt 0.960854 0.288818
vt 0.977572 0.287346
vt 0.979691 0.268964
vt 0.931885 0.274783
vt 0.796016 0.528199
vt 0.806264 0.534472
vt 0.808362 0.520380
vt 0.779541 0.548584
vt 0.093261 0.377713
vt 0.073364 0.389466
vt 0.081182 0.398193
vt 0.078553 0.376091
vt 0.083572 0.358432
vt 0.058758 0.379615
vt 0.052979 0.392564
vt 0.511304 0.616848
vt 0.490479 0.599393
vt 0.497115 0.619873
vt 0.637985 0.378352
vt 0.642704 0.393054
vt 0.652607 0.390752
vt 0.634033 0.393310
vt 0.946533 0.648193
vt 0.967359 0.644314
vt 0.961103 0.638517
vt 0.947568 0.634197
vt 0.960383 0.618351
vt 0.951666 0.614191
vt 0.243408 0.500983
vt 0.264507 0.520264
vt 0.258104 0.500854
vt 0.023536 0.416926
vt 0.006749 0.441162
vt 0.020746 0.433361
vt 0.005127 0.421752
vt 0.040752 0.420904
vt 0.480254 0.006588
vt 0.484013 0.014404
vt 0.494108 0.010475
vt 0.456215 0.011870
vt 0.459654 0.000522
vt 0.441650 0.006614
vt 0.298096 0.701052
vt 0.315009 0.709717
vt 0.298507 0.673995
vt 0.598147 0.447752
vt 0.582275 0.444892
vt 0.597887 0.460693
vt 0.408072 0.018954
vt 0.419114 0.005798
vt 0.406921 0.001037
vt 0.434619 0.019154
vt 0.424158 0.020176
vt 0.435613 0.028134
vt 0.448783 0.024253
vt 0.418281 0.033209
vt 0.387553 0.023556
vt 0.386963 0.015665
vt 0.391554 0.034601
vt 0.421089 0.041748
vt 0.438055 0.037839
vt 0.619244 0.870661
vt 0.642366 0.866416
vt 0.626070 0.857562
vt 0.623106 0.849023
vt 0.639561 0.862311
vt 0.613559 0.842671
vt 0.659124 0.854117
vt 0.652720 0.842041
vt 0.639149 0.846623
vt 0.605965 0.864659
vt 0.694555 0.866053
vt 0.683530 0.849893
vt 0.681190 0.869595
vt 0.697439 0.854909
vt 0.673284 0.835841
vt 0.591999 0.838838
vt 0.576542 0.850683
vt 0.597881 0.854883
vt 0.588607 0.885498
vt 0.615069 0.879932
vt 0.590423 0.875790
vt 0.589532 0.865069
vt 0.567627 0.868007
vt 0.608115 0.828878
vt 0.645760 0.055420
vt 0.658120 0.044722
vt 0.644196 0.043910
vt 0.629150 0.055196
vt 0.999502 0.281606
vt 0.979736 0.273805
vt 0.988907 0.285889
vt 0.978760 0.427490
vt 0.999265 0.414002
vt 0.986005 0.413697
vt 0.475628 0.596435
vt 0.484938 0.580434
vt 0.468018 0.587109
vt 0.573344 0.425266
vt 0.566399 0.417530
vt 0.554932 0.438232
vt 0.589631 0.415835
vt 0.063203 0.019974
vt 0.078283 0.025821
vt 0.081934 0.012514
vt 0.092803 0.016453
vt 0.068064 0.001175
vt 0.052833 0.019557
vt 0.034424 0.033935
vt 0.403078 0.341553
vt 0.406161 0.328715
vt 0.384033 0.322163
vt 0.420319 0.336480
vt 0.274442 0.462904
vt 0.268532 0.453326
vt 0.262978 0.468506
vt 0.288568 0.452438
vt 0.281614 0.447090
vt 0.256104 0.463638
vt 0.637939 0.441116
vt 0.647392 0.453857
vt 0.659565 0.439806
vt 0.115404 0.599713
vt 0.109448 0.586276
vt 0.098751 0.600923
vt 0.093018 0.613037
vt 0.878613 0.251570
vt 0.866455 0.254184
vt 0.871583 0.266357
vt 0.107891 0.328857
vt 0.093544 0.315669
vt 0.080322 0.326765
vt 0.009227 0.116548
vt 0.002197 0.125144
vt 0.015871 0.128662
vt 0.986434 0.647676
vt 0.981689 0.674560
vt 0.999738 0.660214
vt 0.927979 0.206692
vt 0.935200 0.208740
vt 0.949934 0.198963
vt 0.533447 0.318685
vt 0.555820 0.321045
vt 0.547859 0.308478
vt 0.560251 0.314486
vt 0.932547 0.091584
vt 0.909424 0.096293
vt 0.934921 0.101318
vt 0.946301 0.087950
vt 0.218326 0.014404
vt 0.226272 0.005436
vt 0.209229 0.006067
vt 0.936460 0.003443
vt 0.910400 0.000669
vt 0.924713 0.006592
vt 0.832275 0.005420
vt 0.860076 0.007568
vt 0.849285 0.000989
vt 0.019065 0.055016
vt 0.000244 0.066162
vt 0.023976 0.065189
vt 0.640378 0.040224
vt 0.647498 0.029691
vt 0.617432 0.033005
vt 0.656073 0.042725
vt 0.998979 0.385560
vt 0.988290 0.385447
vt 0.987798 0.398193
vt 0.977783 0.388265
vt 0.935144 0.228359
vt 0.936586 0.239014
vt 0.949089 0.229864
vt 0.921143 0.235983
vt 0.584618 0.653958
vt 0.571223 0.637440
vt 0.565674 0.657959
vt 0.081737 0.598060
vt 0.070557 0.618143
vt 0.091717 0.622803
vt 0.967041 0.444735
vt 0.974395 0.458321
vt 0.988201 0.451477
vt 0.999321 0.465576
vt 0.591699 0.333380
vt 0.591718 0.316048
vt 0.580322 0.327503
vt 0.613509 0.330630
vt 0.627511 0.336844
vt 0.626358 0.314307
vt 0.601432 0.313606
vt 0.602824 0.330573
vt 0.604492 0.340963
vt 0.592822 0.360107
vt 0.864720 0.281322
vt 0.842041 0.288322
vt 0.858812 0.292725
vt 0.850544 0.275215
vt 0.883204 0.288402
vt 0.885164 0.281306
vt 0.287354 0.720545
vt 0.300497 0.723389
vt 0.295762 0.703430
vt 0.971461 0.249444
vt 0.960790 0.244753
vt 0.954346 0.255615
vt 0.730875 0.487315
vt 0.721924 0.498656
vt 0.734509 0.504639
vt 0.789544 0.331031
vt 0.795139 0.344482
vt 0.806718 0.336856
vt 0.783447 0.344369
vt 0.902588 0.603629
vt 0.907983 0.616943
vt 0.913981 0.603605
vt 0.924754 0.599361
vt 0.905825 0.588279
vt 0.986572 0.182027
vt 0.990364 0.196045
vt 0.998905 0.189030
vt 0.040529 0.051628
vt 0.022705 0.052528
vt 0.035805 0.062256
vt 0.066078 0.052455
vt 0.059301 0.037687
vt 0.055324 0.057541
vt 0.078427 0.034756
vt 0.321693 0.914527
vt 0.317627 0.923945
vt 0.338485 0.925487
vt 0.345805 0.946762
vt 0.354257 0.928063
vt 0.360232 0.917823
vt 0.370841 0.937899
vt 0.360902 0.950928
vt 0.390228 0.901073
vt 0.382576 0.922112
vt 0.404806 0.906577
vt 0.389712 0.929942
vt 0.377523 0.950446
vt 0.391593 0.933878
vt 0.961204 0.007568
vt 0.966550 0.000495
vt 0.947510 0.000565
vt 0.726922 0.544857
vt 0.720947 0.556539
vt 0.731150 0.555457
vt 0.749266 0.569092
vt 0.758417 0.580260
vt 0.740479 0.598389
vt 0.764367 0.591668
vt 0.998834 0.143047
vt 0.986768 0.139171
vt 0.985596 0.152100
vt 0.919955 0.255545
vt 0.913330 0.268310
vt 0.930652 0.263136
vt 0.575490 0.729248
vt 0.571136 0.719110
vt 0.562744 0.722080
vt 0.567863 0.706426
vt 0.846509 0.577988
vt 0.862671 0.581122
vt 0.843464 0.562196
vt 0.840557 0.549364
vt 0.825450 0.560868
vt 0.822763 0.583538
vt 0.838142 0.590155
vt 0.814470 0.573514
vt 0.829222 0.544636
vt 0.839607 0.538985
vt 0.811033 0.555480
vt 0.816588 0.525061
vt 0.811140 0.534828
vt 0.804513 0.594213
vt 0.841419 0.609170
vt 0.828951 0.602463
vt 0.812983 0.601478
vt 0.816069 0.619437
vt 0.858526 0.602531
vt 0.854855 0.618626
vt 0.848311 0.627218
vt 0.837870 0.632409
vt 0.857575 0.634993
vt 0.828108 0.627751
vt 0.817629 0.636878
vt 0.871772 0.706919
vt 0.884151 0.701063
vt 0.871017 0.695798
vt 0.876874 0.678328
vt 0.887045 0.649803
vt 0.895778 0.674120
vt 0.868355 0.684416
vt 0.868317 0.738552
vt 0.877567 0.716638
vt 0.865192 0.722925
vt 0.867090 0.753727
vt 0.854752 0.745202
vt 0.855941 0.760945
vt 0.850502 0.722835
vt 0.852555 0.706607
vt 0.838305 0.753223
vt 0.873408 0.660313
vt 0.865963 0.668635
vt 0.845560 0.735110
vt 0.840705 0.765298
vt 0.841155 0.776723
vt 0.852436 0.774220
vt 0.817947 0.773361
vt 0.870867 0.648505
vt 0.854662 0.696046
vt 0.837573 0.725890
vt 0.873789 0.625597
vt 0.849104 0.678195
vt 0.823891 0.783450
vt 0.852648 0.663224
vt 0.826836 0.753657
vt 0.839536 0.698652
vt 0.867909 0.634150
vt 0.849747 0.653084
vt 0.827565 0.734389
vt 0.830159 0.653579
vt 0.816613 0.731174
vt 0.812247 0.757675
vt 0.825610 0.716256
vt 0.791830 0.777438
vt 0.821081 0.699529
vt 0.837273 0.673436
vt 0.828966 0.674316
vt 0.808299 0.788485
vt 0.795620 0.758141
vt 0.791828 0.793875
vt 0.807121 0.716655
vt 0.817842 0.656242
vt 0.815955 0.685699
vt 0.774081 0.776536
vt 0.782153 0.761838
vt 0.813211 0.674451
vt 0.798717 0.656957
vt 0.805768 0.695030
vt 0.797208 0.703843
vt 0.804066 0.647186
vt 0.798326 0.639812
vt 0.776115 0.794438
vt 0.757735 0.787018
vt 0.767253 0.802490
vt 0.753602 0.797355
vt 0.749757 0.773743
vt 0.735889 0.783084
vt 0.724854 0.764820
vt 0.875508 0.603547
vt 0.890076 0.705644
vt 0.887939 0.721502
vt 0.899553 0.714592
vt 0.899059 0.728271
vt 0.902762 0.695832
vt 0.909036 0.627642
vt 0.893683 0.637408
vt 0.902193 0.647217
vt 0.889893 0.620672
vt 0.009850 0.992920
vt 0.016836 0.967335
vt 0.005083 0.967996
vt 0.000244 0.927995
vt 0.001623 0.954925
vt 0.016590 0.945632
vt 0.998929 0.366943
vt 0.995466 0.354208
vt 0.977783 0.362326
vt 0.794422 0.584455
vt 0.803307 0.566318
vt 0.778564 0.585693
vt 0.561162 0.688426
vt 0.560048 0.673970
vt 0.544189 0.678600
vt 0.560976 0.708740
vt 0.551208 0.698435
vt 0.403953 0.542170
vt 0.379150 0.527517
vt 0.391267 0.545654
vt 0.759976 0.739201
vt 0.751221 0.748552
vt 0.760716 0.764404
vt 0.999076 0.169546
vt 0.976807 0.170520
vt 0.989964 0.181396
vt 0.324002 0.053467
vt 0.293213 0.040982
vt 0.304257 0.052126
vt 0.765777 0.728208
vt 0.763630 0.705684
vt 0.753036 0.716937
vt 0.752197 0.738037
vt 0.503926 0.729986
vt 0.496338 0.746740
vt 0.508495 0.747489
vt 0.503370 0.768310
vt 0.000655 0.185372
vt 0.012479 0.186279
vt 0.000244 0.172342
vt 0.502399 0.717684
vt 0.494501 0.711503
vt 0.489502 0.736084
vt 0.500850 0.638438
vt 0.486572 0.639232
vt 0.505538 0.659912
vt 0.322510 0.136830
vt 0.324635 0.150146
vt 0.325982 0.126054
vt 0.770752 0.306396
vt 0.796559 0.302550
vt 0.779182 0.293415
vt 0.218018 0.625200
vt 0.227961 0.628662
vt 0.223882 0.605704
vt 0.803113 0.966541
vt 0.814661 0.961070
vt 0.811712 0.944271
vt 0.795886 0.955819
vt 0.788443 0.971950
vt 0.777197 0.963883
vt 0.773484 0.978190
vt 0.761524 0.969250
vt 0.764385 0.979235
vt 0.748291 0.982178
vt 0.609619 0.300063
vt 0.624984 0.295936
vt 0.614124 0.283557
vt 0.635837 0.307924
vt 0.621168 0.309467
vt 0.647084 0.311905
vt 0.628395 0.316116
vt 0.639676 0.323975
vt 0.633654 0.274953
vt 0.623365 0.254691
vt 0.642803 0.260266
vt 0.631338 0.238925
vt 0.656940 0.319918
vt 0.650796 0.299697
vt 0.647103 0.245050
vt 0.650015 0.223867
vt 0.672531 0.315555
vt 0.662756 0.305826
vt 0.659895 0.298728
vt 0.661323 0.283857
vt 0.632541 0.199321
vt 0.634243 0.212939
vt 0.649789 0.196270
vt 0.657235 0.269946
vt 0.628402 0.225682
vt 0.663699 0.246162
vt 0.637368 0.185843
vt 0.656155 0.168269
vt 0.639053 0.167439
vt 0.675990 0.295601
vt 0.623439 0.237561
vt 0.689003 0.309802
vt 0.692910 0.299805
vt 0.678014 0.268320
vt 0.683725 0.280389
vt 0.665133 0.218129
vt 0.657969 0.189818
vt 0.674786 0.218736
vt 0.677024 0.250220
vt 0.689638 0.260962
vt 0.673166 0.194174
vt 0.700871 0.278512
vt 0.690010 0.246915
vt 0.687892 0.208277
vt 0.684160 0.227663
vt 0.707036 0.243182
vt 0.697698 0.228512
vt 0.699275 0.216454
vt 0.687254 0.190685
vt 0.689609 0.177957
vt 0.668347 0.170063
vt 0.681209 0.167532
vt 0.705857 0.205080
vt 0.711786 0.255666
vt 0.702556 0.187549
vt 0.699709 0.170049
vt 0.704716 0.308522
vt 0.713578 0.298640
vt 0.714000 0.282847
vt 0.723131 0.277853
vt 0.727229 0.293822
vt 0.719969 0.249111
vt 0.731802 0.272459
vt 0.749244 0.285369
vt 0.744942 0.298938
vt 0.723096 0.306543
vt 0.743508 0.260170
vt 0.758210 0.265587
vt 0.718760 0.229661
vt 0.735382 0.242175
vt 0.728802 0.229105
vt 0.724942 0.207794
vt 0.758004 0.245083
vt 0.757420 0.231230
vt 0.741616 0.216001
vt 0.732001 0.210046
vt 0.726647 0.183893
vt 0.763945 0.284726
vt 0.744684 0.184796
vt 0.694600 0.153211
vt 0.719564 0.160409
vt 0.776799 0.248682
vt 0.781677 0.277114
vt 0.778774 0.255264
vt 0.774413 0.290189
vt 0.747167 0.205200
vt 0.759511 0.200614
vt 0.759369 0.221842
vt 0.801828 0.252332
vt 0.775288 0.234271
vt 0.782539 0.221190
vt 0.794943 0.265475
vt 0.745305 0.157278
vt 0.800624 0.277606
vt 0.807899 0.261704
vt 0.815591 0.254779
vt 0.817060 0.271127
vt 0.801900 0.235157
vt 0.786927 0.210064
vt 0.776398 0.190420
vt 0.751894 0.175163
vt 0.770733 0.174547
vt 0.810816 0.211243
vt 0.798932 0.198936
vt 0.784123 0.166402
vt 0.763100 0.162377
vt 0.827095 0.245673
vt 0.812164 0.227569
vt 0.776293 0.148535
vt 0.832970 0.217905
vt 0.783807 0.179283
vt 0.804321 0.185416
vt 0.816954 0.176296
vt 0.799575 0.167786
vt 0.813905 0.194415
vt 0.826413 0.184115
vt 0.827742 0.115243
vt 0.810052 0.118069
vt 0.816341 0.135054
vt 0.846697 0.124602
vt 0.832907 0.141330
vt 0.826969 0.057483
vt 0.815527 0.073225
vt 0.830187 0.073603
vt 0.859810 0.147425
vt 0.841650 0.158681
vt 0.817243 0.163099
vt 0.820861 0.089063
vt 0.839021 0.091532
vt 0.859025 0.080859
vt 0.842588 0.065838
vt 0.852201 0.101980
vt 0.829533 0.108104
vt 0.861835 0.120328
vt 0.864142 0.132187
vt 0.826854 0.045309
vt 0.811215 0.048670
vt 0.851507 0.090273
vt 0.864032 0.067043
vt 0.803634 0.078884
vt 0.846246 0.043994
vt 0.838174 0.032217
vt 0.818474 0.016445
vt 0.818706 0.035655
vt 0.870732 0.105560
vt 0.850402 0.024086
vt 0.847430 0.049380
vt 0.864964 0.031872
vt 0.835683 0.008506
vt 0.827529 0.017580
vt 0.855684 0.011746
vt 0.867288 0.044668
vt 0.856122 0.057219
vt 0.636236 0.145160
vt 0.658598 0.147644
vt 0.651411 0.128236
vt 0.640580 0.130715
vt 0.664948 0.130618
vt 0.676324 0.140321
vt 0.667223 0.099396
vt 0.645353 0.118350
vt 0.650670 0.097494
vt 0.674025 0.123011
vt 0.673356 0.073493
vt 0.656944 0.073183
vt 0.661683 0.046426
vt 0.658476 0.061256
vt 0.669899 0.053843
vt 0.696984 0.124350
vt 0.692913 0.137569
vt 0.681394 0.106849
vt 0.679625 0.081504
vt 0.655276 0.021170
vt 0.659203 0.035117
vt 0.672829 0.022265
vt 0.705745 0.102967
vt 0.685285 0.067486
vt 0.692603 0.045937
vt 0.656639 0.009719
vt 0.687176 0.096185
vt 0.704257 0.086934
vt 0.703540 0.042555
vt 0.700946 0.059990
vt 0.696610 0.080716
vt 0.681123 0.034451
vt 0.696659 0.024582
vt 0.716421 0.132714
vt 0.743817 0.144664
vt 0.715166 0.147187
vt 0.718840 0.103438
vt 0.736424 0.129397
vt 0.750601 0.126113
vt 0.723264 0.121244
vt 0.708708 0.139071
vt 0.715094 0.084099
vt 0.738503 0.106508
vt 0.712017 0.067116
vt 0.733528 0.085358
vt 0.750773 0.097655
vt 0.727435 0.069135
vt 0.720904 0.044878
vt 0.740938 0.045553
vt 0.754333 0.109953
vt 0.747528 0.063633
vt 0.747824 0.081306
vt 0.762166 0.060444
vt 0.718376 0.025021
vt 0.732267 0.033291
vt 0.767806 0.080800
vt 0.750580 0.034617
vt 0.740474 0.020939
vt 0.769421 0.133833
vt 0.790032 0.128914
vt 0.771465 0.109212
vt 0.799048 0.146628
vt 0.777441 0.113078
vt 0.792003 0.118994
vt 0.809253 0.148821
vt 0.767469 0.093096
vt 0.783517 0.084243
vt 0.784129 0.064136
vt 0.781552 0.097836
vt 0.798152 0.100892
vt 0.813033 0.104351
vt 0.767388 0.028076
vt 0.763701 0.053193
vt 0.783216 0.044076
vt 0.801903 0.065355
vt 0.778573 0.014936
vt 0.785848 0.025681
vt 0.798604 0.041827
vt 0.801943 0.020870
vt 0.804932 0.003593
vt 0.834662 0.262401
vt 0.837622 0.234854
vt 0.851339 0.264653
vt 0.853790 0.255531
vt 0.856814 0.218760
vt 0.845967 0.213069
vt 0.864158 0.234419
vt 0.823621 0.200882
vt 0.847864 0.196176
vt 0.845879 0.178189
vt 0.859978 0.180713
vt 0.862485 0.194926
vt 0.900015 0.109749
vt 0.898837 0.089827
vt 0.887461 0.109008
vt 0.912474 0.153940
vt 0.890663 0.149590
vt 0.891075 0.165909
vt 0.908981 0.165598
vt 0.887114 0.095943
vt 0.872544 0.090640
vt 0.877242 0.121451
vt 0.906358 0.096780
vt 0.895162 0.134659
vt 0.880660 0.141900
vt 0.864721 0.264737
vt 0.862299 0.251996
vt 0.878093 0.242791
vt 0.880777 0.220840
vt 0.902624 0.243920
vt 0.897814 0.227069
vt 0.909504 0.198125
vt 0.893325 0.190766
vt 0.888241 0.205566
vt 0.900978 0.179508
vt 0.877268 0.191444
vt 0.921687 0.244360
vt 0.921511 0.224577
vt 0.908555 0.214038
vt 0.871731 0.163005
vt 0.916652 0.180824
vt 0.915777 0.237607
vt 0.915907 0.251880
vt 0.916460 0.202797
vt 0.928722 0.254269
vt 0.930638 0.215253
vt 0.884027 0.048896
vt 0.910025 0.113205
vt 0.890596 0.120433
vt 0.879862 0.065930
vt 0.905265 0.005938
vt 0.918362 0.023394
vt 0.923270 0.011134
vt 0.897997 0.027352
vt 0.895151 0.037230
vt 0.921775 0.037346
vt 0.890831 0.006612
vt 0.878073 0.020252
vt 0.870270 0.000702
vt 0.926034 0.159764
vt 0.933168 0.185102
vt 0.900789 0.058085
vt 0.922134 0.055911
vt 0.919804 0.124570
vt 0.924456 0.106265
vt 0.920482 0.136909
vt 0.001221 0.271697
vt 0.009119 0.282959
vt 0.027796 0.280418
vt 0.138916 0.619453
vt 0.145147 0.641357
vt 0.150408 0.627396
vt 0.495361 0.331480
vt 0.507782 0.345459
vt 0.515962 0.341185
vt 0.381037 0.524309
vt 0.371545 0.509180
vt 0.362549 0.525146
vt 0.661693 0.408175
vt 0.648682 0.414015
vt 0.664437 0.422607
vt 0.098877 0.683279
vt 0.102211 0.703857
vt 0.113310 0.694526
vt 0.911641 0.281914
vt 0.911417 0.271822
vt 0.894775 0.284912
vt 0.931112 0.276698
vt 0.338671 0.082726
vt 0.320557 0.086095
vt 0.329875 0.095459
vt 0.694565 0.018520
vt 0.675049 0.014364
vt 0.680789 0.024170
vt 0.967158 0.660354
vt 0.963135 0.675537
vt 0.976704 0.665384
vt 0.980380 0.647120
vt 0.039307 0.417725
vt 0.052040 0.415893
vt 0.052860 0.401855
vt 0.611580 0.356656
vt 0.599854 0.358766
vt 0.620897 0.366943
vt 0.629456 0.350141
vt 0.178110 0.005317
vt 0.170478 0.000409
vt 0.161377 0.009521
vt 0.976807 0.372766
vt 0.991554 0.384521
vt 0.999081 0.369282
vt 0.101009 0.011475
vt 0.102958 0.000848
vt 0.085205 0.002654
vt 0.126128 0.008263
vt 0.690688 0.922552
vt 0.695746 0.941907
vt 0.703597 0.919681
vt 0.685278 0.936882
vt 0.710447 0.934864
vt 0.670411 0.925784
vt 0.663308 0.930098
vt 0.680904 0.910783
vt 0.686562 0.903763
vt 0.703714 0.906447
vt 0.678014 0.947021
vt 0.659068 0.941088
vt 0.651423 0.909778
vt 0.638913 0.923141
vt 0.642631 0.937424
vt 0.621782 0.921388
vt 0.625030 0.936587
vt 0.608352 0.923443
vt 0.634624 0.905703
vt 0.613552 0.906691
vt 0.594971 0.913514
vt 0.621929 0.231931
vt 0.619274 0.224509
vt 0.606689 0.238037
vt 0.942801 0.308350
vt 0.958619 0.303756
vt 0.933168 0.291551
vt 0.915283 0.288786
vt 0.827512 0.357178
vt 0.824367 0.341876
vt 0.813721 0.354994
vt 0.835263 0.342550
vt 0.841909 0.354456
vt 0.248364 0.001493
vt 0.220947 0.000544
vt 0.243975 0.016357
vt 0.272253 0.015155
vt 0.517668 0.720459
vt 0.529574 0.707703
vt 0.515869 0.706737
vt 0.528790 0.698690
vt 0.583575 0.531377
vt 0.589486 0.541748
vt 0.583252 0.511802
vt 0.052002 0.683473
vt 0.052701 0.692487
vt 0.067098 0.703857
vt 0.008415 0.480408
vt 0.000244 0.487822
vt 0.008417 0.509521
vt 0.601807 0.007568
vt 0.617628 0.006295
vt 0.606537 0.000994
vt 0.250569 0.423683
vt 0.235596 0.430662
vt 0.247480 0.447021
vt 0.260285 0.428184
vt 0.269634 0.442508
vt 0.653765 0.067840
vt 0.640869 0.066913
vt 0.642661 0.079834
vt 0.018600 0.016872
vt 0.018889 0.000742
vt 0.001221 0.022217
vt 0.047525 0.016566
vt 0.981820 0.238115
vt 0.965321 0.240841
vt 0.980029 0.246435
vt 0.973148 0.218055
vt 0.998984 0.251709
vt 0.950439 0.236529
vt 0.976807 0.444761
vt 0.999475 0.445068
vt 0.986294 0.429857
vt 0.156447 0.329521
vt 0.155264 0.320645
vt 0.135986 0.338623
vt 0.176305 0.318471
vt 0.931885 0.217848
vt 0.944371 0.223389
vt 0.951890 0.210131
vt 0.965408 0.218150
vt 0.988792 0.024663
vt 0.979736 0.028292
vt 0.999436 0.034912
vt 0.595947 0.379639
vt 0.617391 0.375201
vt 0.609482 0.367154
vt 0.729757 0.891258
vt 0.710076 0.891503
vt 0.721649 0.910889
vt 0.712594 0.909753
vt 0.635010 0.869040
vt 0.654274 0.886037
vt 0.655608 0.869012
vt 0.670700 0.869489
vt 0.682438 0.891342
vt 0.672694 0.908245
vt 0.652198 0.904276
vt 0.704131 0.879680
vt 0.699052 0.896901
vt 0.687570 0.875361
vt 0.714493 0.879269
vt 0.751021 0.897786
vt 0.743319 0.875250
vt 0.754673 0.881747
vt 0.764134 0.875951
vt 0.781521 0.884077
vt 0.764391 0.894010
vt 0.785400 0.286448
vt 0.793549 0.292725
vt 0.812941 0.279185
vt 0.650734 0.080764
vt 0.631104 0.091553
vt 0.640178 0.091477
vt 0.935331 0.195921
vt 0.915283 0.188261
vt 0.915330 0.198975
vt 0.936548 0.186244
vt 0.949917 0.189392
vt 0.443211 0.828857
vt 0.445919 0.804212
vt 0.437744 0.805907
vt 0.441558 0.785948
vt 0.993143 0.035705
vt 0.988525 0.042737
vt 0.999356 0.049560
vt 0.926357 0.072814
vt 0.919189 0.086670
vt 0.929076 0.085418
vt 0.947596 0.068196
vt 0.949932 0.080986
vt 0.974242 0.071824
vt 0.957295 0.057751
vt 0.541175 0.718138
vt 0.540283 0.733154
vt 0.554352 0.704306
vt 0.631091 0.966849
vt 0.614502 0.969673
vt 0.632778 0.986690
vt 0.653343 0.972156
vt 0.646886 0.965535
vt 0.657742 0.989014
vt 0.683482 0.975767
vt 0.030398 0.631395
vt 0.027158 0.613783
vt 0.020752 0.638428
vt 0.474101 0.708320
vt 0.472478 0.683013
vt 0.458252 0.705326
vt 0.462484 0.719303
vt 0.469207 0.728271
vt 0.483762 0.764404
vt 0.488313 0.749691
vt 0.477783 0.744668
vt 0.478584 0.736170
vt 0.999165 0.683536
vt 0.983643 0.674612
vt 0.997802 0.694092
vt 0.338135 0.320316
vt 0.363479 0.332764
vt 0.352816 0.319708
vt 0.281494 0.914360
vt 0.293015 0.885216
vt 0.282339 0.893367
vt 0.297017 0.910411
vt 0.289924 0.873816
vt 0.304313 0.868151
vt 0.317685 0.902210
vt 0.325373 0.914471
vt 0.347886 0.911950
vt 0.337654 0.903128
vt 0.337576 0.877966
vt 0.315522 0.869807
vt 0.325987 0.864876
vt 0.349046 0.877632
vt 0.339540 0.867405
vt 0.352616 0.903061
vt 0.380852 0.921631
vt 0.372733 0.910774
vt 0.367414 0.888954
vt 0.386967 0.903122
vt 0.381267 0.876423
vt 0.360825 0.871285
vt 0.924072 0.149170
vt 0.948424 0.142988
vt 0.929854 0.136114
vt 0.923096 0.045574
vt 0.932305 0.047607
vt 0.925579 0.035927
vt 0.277176 0.962898
vt 0.281655 0.937028
vt 0.260986 0.940931
vt 0.289342 0.954075
vt 0.301623 0.943409
vt 0.301006 0.971132
vt 0.285470 0.978271
vt 0.322723 0.960074
vt 0.311856 0.946296
vt 0.344821 0.947720
vt 0.553955 0.970757
vt 0.573618 0.967970
vt 0.585888 0.949614
vt 0.589448 0.965119
vt 0.606580 0.966321
vt 0.602584 0.942453
vt 0.616667 0.954556
vt 0.612556 0.972412
vt 0.618632 0.934173
vt 0.633267 0.946917
vt 0.623462 0.418428
vt 0.609229 0.430731
vt 0.617347 0.439209
vt 0.589111 0.431782
vt 0.999704 0.566598
vt 0.973877 0.567871
vt 0.984812 0.583740
vt 0.992452 0.560363
vt 0.812847 0.306392
vt 0.814818 0.292500
vt 0.792236 0.311279
vt 0.832867 0.293277
vt 0.835848 0.279390
vt 0.985881 0.068103
vt 0.999560 0.068115
vt 0.987041 0.049686
vt 0.957671 0.027485
vt 0.967373 0.047321
vt 0.975910 0.032560
vt 0.940674 0.037478
vt 0.053955 0.059257
vt 0.062971 0.069092
vt 0.073176 0.060892
vt 0.525842 0.565072
vt 0.513685 0.565311
vt 0.509033 0.583740
vt 0.516531 0.548185
vt 0.537027 0.547930
vt 0.241331 0.016173
vt 0.216064 0.017097
vt 0.229828 0.025146
vt 0.557913 0.351615
vt 0.548096 0.352178
vt 0.555664 0.362608
vt 0.578481 0.364020
vt 0.562349 0.372803
vt 0.588535 0.353295
vt 0.574405 0.346190
vt 0.588063 0.339975
vt 0.590399 0.371794
vt 0.367261 0.056480
vt 0.358643 0.052097
vt 0.360123 0.066162
vt 0.487482 0.338623
vt 0.499232 0.325373
vt 0.472900 0.335476
vt 0.934814 0.650670
vt 0.935140 0.672607
vt 0.946306 0.661218
vt 0.687744 0.447741
vt 0.688524 0.476318
vt 0.694195 0.466043
vt 0.003966 0.128136
vt 0.000244 0.141344
vt 0.007323 0.145264
vt 0.690099 0.397034
vt 0.708054 0.390707
vt 0.692050 0.383480
vt 0.702218 0.376856
vt 0.699757 0.412343
vt 0.729401 0.397588
vt 0.703793 0.420427
vt 0.720921 0.438968
vt 0.725945 0.418983
vt 0.704607 0.456466
vt 0.718937 0.463021
vt 0.712889 0.447723
vt 0.704450 0.432844
vt 0.694080 0.443546
vt 0.735217 0.431432
vt 0.747588 0.419643
vt 0.689386 0.425155
vt 0.686329 0.409824
vt 0.729800 0.453463
vt 0.734150 0.471575
vt 0.710753 0.476914
vt 0.746852 0.439223
vt 0.763955 0.429588
vt 0.746450 0.457575
vt 0.695736 0.463389
vt 0.760341 0.409112
vt 0.777322 0.467650
vt 0.778183 0.455138
vt 0.761055 0.461914
vt 0.777031 0.437970
vt 0.760742 0.483065
vt 0.723935 0.476895
vt 0.742125 0.491370
vt 0.787322 0.483501
vt 0.772720 0.492378
vt 0.682000 0.340715
vt 0.695365 0.348173
vt 0.698193 0.337505
vt 0.782043 0.433858
vt 0.787467 0.447355
vt 0.797919 0.486877
vt 0.816080 0.467067
vt 0.800908 0.400394
vt 0.796073 0.416149
vt 0.814558 0.418331
vt 0.803818 0.371236
vt 0.824947 0.385241
vt 0.821226 0.397523
vt 0.787865 0.423646
vt 0.804175 0.427244
vt 0.834826 0.412891
vt 0.780994 0.397788
vt 0.823623 0.430451
vt 0.794031 0.385159
vt 0.783484 0.376460
vt 0.775627 0.413895
vt 0.748977 0.399482
vt 0.767093 0.380745
vt 0.750827 0.384892
vt 0.812807 0.437878
vt 0.733000 0.378844
vt 0.932254 0.331888
vt 0.936933 0.324454
vt 0.920411 0.316120
vt 0.926027 0.342192
vt 0.942425 0.340662
vt 0.928877 0.361343
vt 0.915021 0.354523
vt 0.937234 0.358842
vt 0.888351 0.291680
vt 0.892968 0.307610
vt 0.905807 0.296919
vt 0.913361 0.327400
vt 0.903403 0.351724
vt 0.904587 0.315490
vt 0.888312 0.317952
vt 0.882948 0.328983
vt 0.873420 0.301791
vt 0.888189 0.344642
vt 0.851418 0.315469
vt 0.863390 0.296467
vt 0.844795 0.293339
vt 0.810639 0.456482
vt 0.809247 0.495687
vt 0.816017 0.485786
vt 0.778474 0.504037
vt 0.815137 0.505967
vt 0.822550 0.447051
vt 0.797681 0.513805
vt 0.716122 0.367918
vt 0.705334 0.359569
vt 0.836750 0.507612
vt 0.828845 0.523274
vt 0.818647 0.523362
vt 0.858442 0.506891
vt 0.870363 0.527643
vt 0.875573 0.513781
vt 0.853166 0.526224
vt 0.877475 0.503965
vt 0.850493 0.537450
vt 0.882508 0.524185
vt 0.897688 0.537168
vt 0.911296 0.526112
vt 0.868269 0.543584
vt 0.882315 0.544479
vt 0.913280 0.513269
vt 0.902036 0.510342
vt 0.932022 0.536798
vt 0.936179 0.551530
vt 0.906432 0.558221
vt 0.893036 0.561273
vt 0.956713 0.340981
vt 0.973432 0.343534
vt 0.952190 0.325896
vt 0.976728 0.360097
vt 0.951056 0.368409
vt 0.975503 0.380984
vt 0.953845 0.353295
vt 0.963549 0.380492
vt 0.972530 0.394087
vt 0.959750 0.405816
vt 0.949662 0.387176
vt 0.945513 0.401290
vt 0.978501 0.405426
vt 0.977787 0.424709
vt 0.959273 0.425780
vt 0.940704 0.419722
vt 0.928201 0.381345
vt 0.928818 0.406116
vt 0.949193 0.447276
vt 0.968778 0.443261
vt 0.958777 0.433058
vt 0.965406 0.435976
vt 0.941431 0.425305
vt 0.929294 0.428115
vt 0.930293 0.393499
vt 0.973685 0.484133
vt 0.954192 0.479088
vt 0.967673 0.495219
vt 0.949818 0.492468
vt 0.942726 0.472272
vt 0.941515 0.451869
vt 0.933511 0.463027
vt 0.959361 0.461410
vt 0.964277 0.473294
vt 0.926431 0.478493
vt 0.934806 0.492720
vt 0.683856 0.448864
vt 0.675109 0.419668
vt 0.962101 0.508597
vt 0.661351 0.400472
vt 0.665946 0.390910
vt 0.653564 0.385578
vt 0.678393 0.388338
vt 0.657986 0.380195
vt 0.671031 0.374889
vt 0.948223 0.516584
vt 0.963030 0.515410
vt 0.930014 0.512594
vt 0.955664 0.537287
vt 0.958215 0.554982
vt 0.968066 0.554475
vt 0.936093 0.532104
vt 0.972789 0.589980
vt 0.972642 0.575991
vt 0.960436 0.576672
vt 0.951685 0.574080
vt 0.944485 0.593630
vt 0.964118 0.597143
vt 0.950107 0.608154
vt 0.938609 0.572188
vt 0.930323 0.591478
vt 0.927164 0.523322
vt 0.799055 0.323677
vt 0.820468 0.329880
vt 0.812173 0.319207
vt 0.817477 0.336406
vt 0.914137 0.495922
vt 0.760791 0.322511
vt 0.771734 0.333609
vt 0.775664 0.317460
vt 0.784711 0.314830
vt 0.766293 0.305171
vt 0.783837 0.329143
vt 0.747998 0.318279
vt 0.739995 0.302840
vt 0.819349 0.366768
vt 0.787498 0.349464
vt 0.815062 0.358782
vt 0.756208 0.296686
vt 0.741832 0.348705
vt 0.750238 0.358047
vt 0.750761 0.340230
vt 0.765830 0.352421
vt 0.783807 0.359344
vt 0.735907 0.335285
vt 0.721250 0.317222
vt 0.729440 0.309735
vt 0.752776 0.372612
vt 0.769830 0.361505
vt 0.706265 0.309517
vt 0.710720 0.304924
vt 0.710618 0.325461
vt 0.740608 0.360001
vt 0.717045 0.332459
vt 0.725031 0.349770
vt 0.736209 0.373794
vt 0.713493 0.347788
vt 0.696153 0.316551
vt 0.918625 0.559194
vt 0.908162 0.574453
vt 0.921755 0.582894
vt 0.918341 0.415256
vt 0.914240 0.432084
vt 0.912766 0.394837
vt 0.910977 0.382396
vt 0.898212 0.379147
vt 0.903745 0.400386
vt 0.883462 0.385142
vt 0.920966 0.465634
vt 0.880394 0.400822
vt 0.896813 0.409303
vt 0.891372 0.418271
vt 0.912109 0.456589
vt 0.914098 0.445743
vt 0.917669 0.486548
vt 0.925739 0.444094
vt 0.900038 0.449253
vt 0.894771 0.457119
vt 0.905610 0.466789
vt 0.889404 0.424552
vt 0.881316 0.440126
vt 0.899619 0.434319
vt 0.860970 0.381058
vt 0.896456 0.479418
vt 0.885952 0.464926
vt 0.851850 0.391102
vt 0.865500 0.451364
vt 0.879431 0.479813
vt 0.886651 0.500329
vt 0.843883 0.435075
vt 0.869570 0.432898
vt 0.863293 0.470283
vt 0.854636 0.463926
vt 0.831995 0.400389
vt 0.869674 0.413333
vt 0.851903 0.419607
vt 0.840780 0.453733
vt 0.853596 0.402867
vt 0.843545 0.389014
vt 0.934082 0.376392
vt 0.915367 0.376524
vt 0.849757 0.335968
vt 0.862792 0.359729
vt 0.878490 0.356491
vt 0.894152 0.368267
vt 0.868624 0.341499
vt 0.865494 0.326921
vt 0.846424 0.324222
vt 0.837237 0.330892
vt 0.835398 0.316828
vt 0.856009 0.363999
vt 0.846323 0.373305
vt 0.834604 0.340061
vt 0.843228 0.350101
vt 0.653855 0.362292
vt 0.681761 0.358836
vt 0.660207 0.346271
vt 0.673804 0.330858
vt 0.668336 0.322531
vt 0.845114 0.485965
vt 0.865344 0.489718
vt 0.869623 0.497834
vt 0.844821 0.495719
vt 0.834211 0.501873
vt 0.833956 0.473541
vt 0.484034 0.616219
vt 0.467650 0.608035
vt 0.470574 0.621217
vt 0.485762 0.631432
vt 0.479160 0.684604
vt 0.479229 0.670002
vt 0.463383 0.675756
vt 0.473705 0.639407
vt 0.462472 0.659230
vt 0.458307 0.642241
vt 0.447514 0.634253
vt 0.454942 0.614002
vt 0.464447 0.593018
vt 0.441415 0.625021
vt 0.428407 0.606439
vt 0.426651 0.622209
vt 0.443737 0.581063
vt 0.435998 0.602050
vt 0.433639 0.585660
vt 0.414999 0.588064
vt 0.326688 0.531225
vt 0.339913 0.534833
vt 0.339030 0.518546
vt 0.330307 0.512228
vt 0.349656 0.589167
vt 0.318512 0.588854
vt 0.318871 0.607419
vt 0.341804 0.550297
vt 0.320007 0.562642
vt 0.337967 0.571692
vt 0.317018 0.545565
vt 0.315099 0.574902
vt 0.362280 0.548155
vt 0.368857 0.562105
vt 0.302002 0.557446
vt 0.351160 0.540432
vt 0.363503 0.527451
vt 0.347712 0.507849
vt 0.374326 0.541677
vt 0.388502 0.564649
vt 0.476275 0.765551
vt 0.463637 0.772907
vt 0.479468 0.779597
vt 0.472292 0.747775
vt 0.457564 0.742684
vt 0.458990 0.768792
vt 0.469884 0.790318
vt 0.355542 0.568990
vt 0.368484 0.584301
vt 0.368861 0.605481
vt 0.387591 0.580453
vt 0.385524 0.601135
vt 0.372433 0.765943
vt 0.382923 0.755281
vt 0.356316 0.750894
vt 0.343199 0.725896
vt 0.329905 0.736610
vt 0.353433 0.737615
vt 0.396024 0.762617
vt 0.385572 0.774434
vt 0.403867 0.775978
vt 0.359615 0.720432
vt 0.365722 0.733311
vt 0.385673 0.743788
vt 0.387996 0.717685
vt 0.404924 0.733619
vt 0.418635 0.757910
vt 0.413181 0.787908
vt 0.426758 0.780575
vt 0.432479 0.797607
vt 0.410761 0.729237
vt 0.443160 0.770343
vt 0.433453 0.782708
vt 0.403189 0.701238
vt 0.450138 0.785141
vt 0.431749 0.750756
vt 0.428815 0.729323
vt 0.416733 0.719883
vt 0.429282 0.700042
vt 0.451783 0.718770
vt 0.445679 0.748104
vt 0.322771 0.711272
vt 0.348180 0.713231
vt 0.327271 0.644639
vt 0.303095 0.648287
vt 0.321193 0.657773
vt 0.312815 0.629147
vt 0.334309 0.691391
vt 0.317219 0.688417
vt 0.351942 0.673683
vt 0.353588 0.689699
vt 0.367313 0.694919
vt 0.343124 0.699863
vt 0.356238 0.704105
vt 0.356814 0.655292
vt 0.337272 0.669122
vt 0.357289 0.667314
vt 0.328033 0.680478
vt 0.373904 0.687793
vt 0.338634 0.653595
vt 0.364211 0.637811
vt 0.391292 0.698135
vt 0.375544 0.666478
vt 0.380234 0.654728
vt 0.334753 0.625336
vt 0.340726 0.606954
vt 0.327688 0.614230
vt 0.350233 0.618991
vt 0.382112 0.626019
vt 0.388800 0.677719
vt 0.387750 0.628936
vt 0.414251 0.699033
vt 0.408687 0.686068
vt 0.400631 0.642897
vt 0.415882 0.659436
vt 0.391597 0.672174
vt 0.411734 0.684407
vt 0.423718 0.673466
vt 0.420811 0.684595
vt 0.435574 0.677641
vt 0.423089 0.670837
vt 0.437465 0.696910
vt 0.448061 0.665910
vt 0.410959 0.590423
vt 0.437425 0.652175
vt 0.425598 0.639266
vt 0.316541 0.676077
vt 0.324653 0.626968
vt 0.314563 0.827224
vt 0.312027 0.847067
vt 0.325647 0.840144
vt 0.283578 0.864845
vt 0.262579 0.869019
vt 0.281022 0.873771
vt 0.258539 0.883924
vt 0.302523 0.866672
vt 0.275987 0.885780
vt 0.235171 0.891589
vt 0.249257 0.876179
vt 0.249383 0.859023
vt 0.227739 0.875268
vt 0.216064 0.901123
vt 0.216437 0.881900
vt 0.236082 0.858294
vt 0.281219 0.854235
vt 0.291318 0.843063
vt 0.278400 0.847527
vt 0.270223 0.840226
vt 0.270656 0.826302
vt 0.268642 0.814087
vt 0.254529 0.834165
vt 0.285758 0.825541
vt 0.306227 0.803346
vt 0.281438 0.815710
vt 0.282381 0.797221
vt 0.292614 0.801865
vt 0.302651 0.832543
vt 0.307182 0.784150
vt 0.053489 0.650363
vt 0.052002 0.667274
vt 0.064819 0.658395
vt 0.070007 0.684326
vt 0.148667 0.366687
vt 0.139249 0.381592
vt 0.158678 0.375961
vt 0.136114 0.358561
vt 0.125894 0.375690
vt 0.119385 0.362438
vt 0.556885 0.298455
vt 0.564653 0.303467
vt 0.564758 0.285379
vt 0.499060 0.500772
vt 0.488525 0.510941
vt 0.504265 0.519287
vt 0.514352 0.505061
vt 0.492750 0.816304
vt 0.511430 0.810715
vt 0.497016 0.805228
vt 0.479493 0.812454
vt 0.515890 0.814691
vt 0.494472 0.824462
vt 0.519046 0.825787
vt 0.469888 0.797618
vt 0.466064 0.810206
vt 0.579127 0.804557
vt 0.572471 0.825064
vt 0.592549 0.814963
vt 0.536316 0.813299
vt 0.555137 0.807387
vt 0.540186 0.802391
vt 0.618272 0.809688
vt 0.612133 0.826920
vt 0.634867 0.833897
vt 0.558335 0.820249
vt 0.604829 0.801463
vt 0.597017 0.823651
vt 0.513232 0.799783
vt 0.749926 0.848679
vt 0.740909 0.839306
vt 0.739516 0.859116
vt 0.717777 0.825062
vt 0.719800 0.841873
vt 0.694711 0.813747
vt 0.702344 0.836633
vt 0.659620 0.818263
vt 0.671236 0.834309
vt 0.686739 0.831616
vt 0.674453 0.814495
vt 0.658788 0.838292
vt 0.639893 0.825027
vt 0.639637 0.805735
vt 0.487772 0.798663
vt 0.478019 0.784509
vt 0.495770 0.782581
vt 0.762756 0.852938
vt 0.766183 0.870849
vt 0.776921 0.868156
vt 0.584916 0.831221
vt 0.561515 0.841199
vt 0.548982 0.825921
vt 0.545274 0.840821
vt 0.532425 0.844124
vt 0.547509 0.851256
vt 0.532533 0.832113
vt 0.499558 0.833139
vt 0.521031 0.842729
vt 0.659455 0.782318
vt 0.652498 0.765682
vt 0.642351 0.773181
vt 0.672742 0.763070
vt 0.657915 0.796060
vt 0.637229 0.797663
vt 0.654277 0.752369
vt 0.628368 0.784403
vt 0.633328 0.767491
vt 0.677681 0.794866
vt 0.671597 0.781692
vt 0.634091 0.743611
vt 0.638565 0.758210
vt 0.653228 0.741213
vt 0.500774 0.769257
vt 0.512034 0.772235
vt 0.618233 0.751290
vt 0.689023 0.793737
vt 0.686045 0.777026
vt 0.697940 0.774686
vt 0.693259 0.754971
vt 0.676561 0.751692
vt 0.701339 0.807065
vt 0.586671 0.738220
vt 0.601361 0.744428
vt 0.605057 0.728839
vt 0.618160 0.737247
vt 0.626511 0.728332
vt 0.571780 0.732032
vt 0.562973 0.740599
vt 0.580785 0.750859
vt 0.617577 0.766315
vt 0.606706 0.749609
vt 0.614763 0.783341
vt 0.564978 0.748830
vt 0.606861 0.764106
vt 0.619794 0.796889
vt 0.599231 0.783307
vt 0.593802 0.762493
vt 0.579445 0.773202
vt 0.570916 0.776846
vt 0.574120 0.789616
vt 0.572191 0.753183
vt 0.588358 0.780036
vt 0.548782 0.745786
vt 0.550135 0.769797
vt 0.556827 0.780588
vt 0.552760 0.757757
vt 0.595858 0.799371
vt 0.534953 0.759196
vt 0.529190 0.770617
vt 0.544253 0.791448
vt 0.562071 0.803025
vt 0.592054 0.757463
vt 0.522366 0.784857
vt 0.528071 0.776735
vt 0.533776 0.795094
vt 0.693683 0.782240
vt 0.706660 0.786688
vt 0.681350 0.739401
vt 0.668103 0.733819
vt 0.604552 0.478262
vt 0.589573 0.466254
vt 0.589111 0.482178
vt 0.935262 0.739089
vt 0.926751 0.718883
vt 0.919523 0.739969
vt 0.942137 0.755121
vt 0.951566 0.744555
vt 0.956205 0.733842
vt 0.947474 0.711842
vt 0.955099 0.761012
vt 0.972588 0.744029
vt 0.974248 0.724194
vt 0.976331 0.762874
vt 0.973753 0.695649
vt 0.957172 0.692866
vt 0.962341 0.702530
vt 0.987324 0.762391
vt 0.966241 0.711393
vt 0.978686 0.780954
vt 0.996366 0.779467
vt 0.983985 0.714251
vt 0.995829 0.767386
vt 0.997729 0.741135
vt 0.995056 0.723782
vt 0.996678 0.712021
vt 0.919537 0.712370
vt 0.902678 0.730610
vt 0.921730 0.832031
vt 0.904795 0.809859
vt 0.905187 0.821474
vt 0.911399 0.838427
vt 0.924354 0.844319
vt 0.922612 0.806419
vt 0.911933 0.800563
vt 0.915509 0.848396
vt 0.853736 0.789626
vt 0.841204 0.778190
vt 0.839111 0.795471
vt 0.854196 0.779129
vt 0.874241 0.797564
vt 0.885962 0.784588
vt 0.891796 0.799891
vt 0.860521 0.766061
vt 0.874716 0.766120
vt 0.874362 0.787665
vt 0.897102 0.784323
vt 0.886405 0.776117
vt 0.897266 0.760581
vt 0.913103 0.784945
vt 0.889005 0.809840
vt 0.910095 0.770598
vt 0.919740 0.779897
vt 0.917517 0.766562
vt 0.924728 0.749151
vt 0.909436 0.758987
vt 0.929107 0.787291
vt 0.933435 0.797727
vt 0.937494 0.813458
vt 0.940057 0.777133
vt 0.943051 0.798458
vt 0.933303 0.762732
vt 0.950499 0.783711
vt 0.953965 0.799271
vt 0.948040 0.820404
vt 0.970669 0.794228
vt 0.960647 0.767458
vt 0.944703 0.768126
vt 0.982033 0.806897
vt 0.963713 0.813210
vt 0.950769 0.820268
vt 0.945828 0.851136
vt 0.930234 0.852881
vt 0.944054 0.864990
vt 0.940649 0.838881
vt 0.956268 0.858810
vt 0.965568 0.825547
vt 0.951573 0.835628
vt 0.961186 0.842078
vt 0.991174 0.482178
vt 0.999664 0.466254
vt 0.973877 0.476647
vt 0.717041 0.609198
vt 0.735051 0.630615
vt 0.729920 0.607476
vt 0.720539 0.594218
vt 0.739925 0.626155
vt 0.415849 0.802720
vt 0.407434 0.807806
vt 0.426881 0.827294
vt 0.410856 0.787279
vt 0.390941 0.806574
vt 0.392974 0.821173
vt 0.402284 0.826701
vt 0.393560 0.787965
vt 0.366102 0.832961
vt 0.384166 0.814564
vt 0.372087 0.803188
vt 0.367087 0.815904
vt 0.352329 0.803453
vt 0.360995 0.796098
vt 0.357755 0.791614
vt 0.355921 0.815956
vt 0.345556 0.818394
vt 0.342912 0.805180
vt 0.347123 0.786867
vt 0.350458 0.772979
vt 0.330633 0.808492
vt 0.338841 0.828658
vt 0.361715 0.779598
vt 0.336363 0.776790
vt 0.442546 0.920381
vt 0.436798 0.905265
vt 0.433876 0.916248
vt 0.442356 0.943115
vt 0.420404 0.921691
vt 0.420537 0.897869
vt 0.433518 0.893164
vt 0.415002 0.877638
vt 0.437801 0.880719
vt 0.428329 0.869763
vt 0.400940 0.861954
vt 0.416751 0.855757
vt 0.414660 0.840673
vt 0.409791 0.896897
vt 0.397836 0.851021
vt 0.411782 0.829279
vt 0.402330 0.879471
vt 0.390602 0.878449
vt 0.386641 0.888533
vt 0.381459 0.862236
vt 0.384841 0.842618
vt 0.380683 0.830080
vt 0.370418 0.851681
vt 0.346028 0.839286
vt 0.354748 0.858148
vt 0.352330 0.832859
vt 0.357438 0.828506
vt 0.334505 0.847272
vt 0.325439 0.835734
vt 0.959242 0.049989
vt 0.940733 0.045457
vt 0.946281 0.054546
vt 0.925049 0.055420
vt 0.079346 0.027536
vt 0.082049 0.037842
vt 0.093425 0.035658
vt 0.759727 0.637026
vt 0.757025 0.621310
vt 0.750244 0.643310
vt 0.769598 0.619556
vt 0.042236 0.632676
vt 0.045457 0.650146
vt 0.052921 0.633983
vt 0.060929 0.646783
vt 0.011712 0.372690
vt 0.019702 0.385498
vt 0.026311 0.380302
vt 0.000244 0.371960
vt 0.613525 0.209447
vt 0.628998 0.211670
vt 0.631569 0.202187
vt 0.895539 0.580743
vt 0.882259 0.588484
vt 0.901475 0.600415
vt 0.900674 0.619873
vt 0.893107 0.605794
vt 0.877503 0.601407
vt 0.876221 0.570768
vt 0.116800 0.570592
vt 0.112549 0.577195
vt 0.136542 0.590051
vt 0.126566 0.602295
vt 0.296293 0.500781
vt 0.273368 0.497480
vt 0.283315 0.504111
vt 0.286086 0.515035
vt 0.277324 0.514210
vt 0.271036 0.529053
vt 0.265869 0.509156
vt 0.800181 0.851897
vt 0.785400 0.879328
vt 0.794158 0.872022
vt 0.804500 0.857290
vt 0.795617 0.888111
vt 0.797814 0.834822
vt 0.804647 0.839817
vt 0.821046 0.847050
vt 0.832457 0.837595
vt 0.824304 0.828736
vt 0.814587 0.840284
vt 0.812222 0.813566
vt 0.823064 0.812408
vt 0.819965 0.882583
vt 0.816842 0.861211
vt 0.804608 0.880447
vt 0.835749 0.825175
vt 0.837862 0.802306
vt 0.829205 0.795148
vt 0.813491 0.796213
vt 0.837558 0.784357
vt 0.825881 0.784451
vt 0.829158 0.892242
vt 0.835693 0.871313
vt 0.839974 0.887543
vt 0.850399 0.869071
vt 0.829584 0.851370
vt 0.845764 0.843947
vt 0.846333 0.855159
vt 0.845485 0.825714
vt 0.861665 0.847636
vt 0.851693 0.880375
vt 0.864051 0.869326
vt 0.845664 0.833817
vt 0.855419 0.823922
vt 0.868776 0.837599
vt 0.868688 0.824634
vt 0.882572 0.823226
vt 0.800196 0.903208
vt 0.791937 0.921133
vt 0.812050 0.904234
vt 0.809283 0.921631
vt 0.821725 0.915379
vt 0.817443 0.890215
vt 0.840901 0.917131
vt 0.850372 0.896220
vt 0.864038 0.914238
vt 0.867800 0.886274
vt 0.491455 0.457092
vt 0.509199 0.459717
vt 0.501192 0.445180
vt 0.982377 0.116368
vt 0.994393 0.124237
vt 0.998877 0.117069
vt 0.985954 0.107416
vt 0.968238 0.101267
vt 0.975758 0.122758
vt 0.953395 0.082863
vt 0.948342 0.093704
vt 0.954754 0.105379
vt 0.946533 0.134521
vt 0.958602 0.119900
vt 0.966102 0.111976
vt 0.891217 0.901331
vt 0.877508 0.904349
vt 0.878110 0.920438
vt 0.886462 0.889617
vt 0.900859 0.879377
vt 0.905371 0.893539
vt 0.892226 0.912774
vt 0.884560 0.872611
vt 0.890144 0.861064
vt 0.871352 0.953460
vt 0.880867 0.935535
vt 0.862249 0.945804
vt 0.859619 0.932625
vt 0.862092 0.917424
vt 0.860552 0.958740
vt 0.871116 0.911655
vt 0.844949 0.372165
vt 0.829346 0.385498
vt 0.840438 0.382470
vt 0.802637 0.551044
vt 0.782471 0.548297
vt 0.796263 0.558629
vt 0.809713 0.570068
vt 0.001097 0.043969
vt 0.000244 0.056804
vt 0.010094 0.059326
vt 0.658517 0.325866
vt 0.652349 0.335630
vt 0.661829 0.339600
vt 0.640982 0.334123
vt 0.640205 0.324583
vt 0.630127 0.337266
vt 0.739865 0.728840
vt 0.737549 0.751709
vt 0.751047 0.722566
vt 0.738001 0.710891
vt 0.858016 0.541566
vt 0.844971 0.547977
vt 0.853192 0.559326
vt 0.739852 0.577661
vt 0.730365 0.566357
vt 0.723786 0.593506
vt 0.714111 0.584829
vt 0.001491 0.507545
vt 0.000244 0.534912
vt 0.006286 0.518758
vt 0.100115 0.718343
vt 0.099689 0.703183
vt 0.086182 0.717804
vt 0.092921 0.730224
vt 0.569254 0.291748
vt 0.568429 0.281618
vt 0.560791 0.273515
vt 0.111288 0.934651
vt 0.121526 0.936500
vt 0.121956 0.922709
vt 0.109006 0.904794
vt 0.125744 0.913228
vt 0.103760 0.910261
vt 0.116087 0.890910
vt 0.130307 0.901861
vt 0.120321 0.877641
vt 0.127685 0.891006
vt 0.116762 0.949951
vt 0.334987 0.283806
vt 0.325439 0.275624
vt 0.330559 0.293701
vt 0.530518 0.678176
vt 0.530696 0.686279
vt 0.546650 0.668202
vt 0.532850 0.663016
vt 0.427002 0.009064
vt 0.440367 0.009521
vt 0.433201 0.000882
vt 0.407701 0.037015
vt 0.405518 0.045654
vt 0.419613 0.034686
vt 0.048096 0.373353
vt 0.060008 0.376709
vt 0.051041 0.359552
vt 0.710205 0.949400
vt 0.719583 0.952570
vt 0.710853 0.939362
vt 0.732325 0.964751
vt 0.718231 0.971090
vt 0.731231 0.982654
vt 0.725752 0.988037
vt 0.728999 0.948730
vt 0.714957 0.924990
vt 0.635586 0.186279
vt 0.628529 0.174619
vt 0.619385 0.182991
vt 0.032630 0.797122
vt 0.045288 0.793096
vt 0.038231 0.784151
vt 0.031628 0.758294
vt 0.034162 0.774158
vt 0.046104 0.770272
vt 0.026906 0.728144
vt 0.054848 0.752748
vt 0.054433 0.788261
vt 0.060153 0.769450
vt 0.012428 0.777553
vt 0.081479 0.769834
vt 0.070799 0.758701
vt 0.021379 0.748447
vt 0.062642 0.786728
vt 0.079691 0.790348
vt 0.019463 0.787462
vt 0.007392 0.714018
vt 0.000244 0.731319
vt 0.006517 0.770800
vt 0.007200 0.735991
vt 0.052560 0.829329
vt 0.053357 0.811070
vt 0.037582 0.819436
vt 0.064921 0.830078
vt 0.074246 0.812876
vt 0.078973 0.827333
vt 0.069908 0.840533
vt 0.087682 0.842605
vt 0.094384 0.833285
vt 0.087393 0.805403
vt 0.102062 0.848514
vt 0.117810 0.844547
vt 0.121936 0.826439
vt 0.108275 0.807178
vt 0.102288 0.821773
vt 0.117481 0.860107
vt 0.131959 0.858008
vt 0.133467 0.836629
vt 0.148602 0.829074
vt 0.153052 0.843086
vt 0.145462 0.810922
vt 0.163570 0.823452
vt 0.158636 0.809290
vt 0.095006 0.798612
vt 0.067332 0.798390
vt 0.027625 0.810030
vt 0.053616 0.732858
vt 0.092507 0.766275
vt 0.079575 0.756120
vt 0.116356 0.787897
vt 0.103422 0.780099
vt 0.124829 0.805435
vt 0.141581 0.797834
vt 0.144217 0.775719
vt 0.126482 0.779293
vt 0.130313 0.793285
vt 0.127456 0.764393
vt 0.158216 0.787129
vt 0.151778 0.799227
vt 0.164075 0.800723
vt 0.163887 0.772003
vt 0.831555 0.009521
vt 0.830022 0.000360
vt 0.812744 0.001101
vt 0.108114 0.682373
vt 0.103424 0.659146
vt 0.091064 0.673382
vt 0.933665 0.066162
vt 0.947714 0.060923
vt 0.919189 0.057435
vt 0.759943 0.614841
vt 0.749012 0.599139
vt 0.751434 0.618896
vt 0.739502 0.602466
vt 0.071830 0.359836
vt 0.077558 0.348845
vt 0.060791 0.362060
vt 0.606689 0.238667
vt 0.618621 0.249756
vt 0.623832 0.238717
vt 0.691599 0.960250
vt 0.677420 0.956984
vt 0.668416 0.971276
vt 0.692947 0.975342
vt 0.708742 0.974456
vt 0.655133 0.963623
vt 0.667911 0.946485
vt 0.651752 0.953112
vt 0.642157 0.940485
vt 0.642318 0.964482
vt 0.629150 0.954170
vt 0.565674 0.451904
vt 0.597594 0.435584
vt 0.579886 0.437181
vt 0.456563 0.583740
vt 0.469501 0.566805
vt 0.455322 0.566973
vt 0.479009 0.575360
vt 0.675485 0.001951
vt 0.669574 0.000815
vt 0.651611 0.007568
vt 0.368408 0.057373
vt 0.390764 0.056036
vt 0.385516 0.047081
vt 0.411271 0.056104
vt 0.401675 0.043532
vt 0.885969 0.274170
vt 0.882972 0.265297
vt 0.866455 0.272749
vt 0.912679 0.262194
vt 0.906499 0.252073
vt 0.999160 0.353271
vt 0.976807 0.340182
vt 0.986130 0.350677
vt 0.616379 0.409912
vt 0.617300 0.404469
vt 0.597900 0.394941
vt 0.971997 0.694092
vt 0.982655 0.681691
vt 0.968018 0.675613
vt 0.881075 0.606333
vt 0.876221 0.625263
vt 0.889276 0.625732
vt 0.232981 0.391082
vt 0.251620 0.386544
vt 0.237835 0.373570
vt 0.260530 0.382778
vt 0.251473 0.372690
vt 0.251811 0.405029
vt 0.268671 0.396720
vt 0.241151 0.359445
vt 0.228760 0.396525
vt 0.265120 0.355755
vt 0.269453 0.365938
vt 0.000244 0.320068
vt 0.013531 0.315411
vt 0.003560 0.305010
vt 0.391976 0.958221
vt 0.372645 0.966071
vt 0.395696 0.967454
vt 0.355785 0.971435
vt 0.353234 0.957181
vt 0.341064 0.955325
vt 0.396304 0.934362
vt 0.389979 0.946737
vt 0.409296 0.942479
vt 0.375784 0.952842
vt 0.284424 0.399921
vt 0.292565 0.414795
vt 0.301475 0.411842
vt 0.089953 0.701904
vt 0.085517 0.686941
vt 0.075079 0.687962
vt 0.073486 0.671122
vt 0.229179 0.569644
vt 0.227783 0.584607
vt 0.252591 0.575464
vt 0.242503 0.594482
vt 0.369385 0.008566
vt 0.392204 0.010498
vt 0.387871 0.001171
vt 0.908447 0.638234
vt 0.909061 0.654053
vt 0.915628 0.650514
vt 0.926933 0.634800
vt 0.310031 0.410793
vt 0.284424 0.425623
vt 0.307243 0.432373
vt 0.319810 0.414448
vt 0.630370 0.173584
vt 0.636937 0.167842
vt 0.613525 0.161522
vt 0.551023 0.537179
vt 0.540283 0.539705
vt 0.553966 0.555420
vt 0.824631 0.369854
vt 0.843213 0.370850
vt 0.821533 0.357846
vt 0.925049 0.601723
vt 0.936068 0.621826
vt 0.945300 0.620153
vt 0.183673 0.783400
vt 0.173096 0.796066
vt 0.180666 0.805420
vt 0.176528 0.762974
vt 0.153581 0.607877
vt 0.132080 0.597216
vt 0.140053 0.618896
vt 0.700951 0.501079
vt 0.711149 0.505284
vt 0.712385 0.494173
vt 0.693604 0.486406
vt 0.724401 0.508691
vt 0.712579 0.519702
vt 0.704176 0.480107
vt 0.725761 0.526123
vt 0.552166 0.739014
vt 0.562040 0.736701
vt 0.550049 0.715881
vt 0.936079 0.029597
vt 0.923096 0.027639
vt 0.939959 0.039795
vt 0.262333 0.478486
vt 0.245470 0.481311
vt 0.254163 0.492905
vt 0.238792 0.501709
vt 0.235596 0.492335
vt 0.119844 0.653790
vt 0.108080 0.656925
vt 0.125632 0.673584
vt 0.106689 0.641716
vt 0.577229 0.412551
vt 0.598048 0.415771
vt 0.576000 0.400808
vt 0.592659 0.394069
vt 0.560791 0.394555
vt 0.056885 0.726318
vt 0.069868 0.719289
vt 0.069454 0.704616
vt 0.735596 0.800008
vt 0.735893 0.816530
vt 0.743239 0.805120
vt 0.741753 0.785404
vt 0.744257 0.831787
vt 0.510554 0.672393
vt 0.525996 0.679443
vt 0.520978 0.663619
vt 0.508057 0.647344
vt 0.045777 0.695068
vt 0.051489 0.679464
vt 0.033788 0.680137
vt 0.033447 0.651512
vt 0.037631 0.670108
vt 0.045017 0.663961
vt 0.876221 0.723760
vt 0.882659 0.746826
vt 0.888277 0.730388
vt 0.710205 0.740484
vt 0.711142 0.764404
vt 0.722736 0.745509
vt 0.722958 0.723889
vt 0.894715 0.068272
vt 0.905958 0.077642
vt 0.918635 0.072666
vt 0.873291 0.077503
vt 0.888317 0.086670
vt 0.337103 0.011328
vt 0.328736 0.035079
vt 0.353882 0.014693
vt 0.325439 0.055420
vt 0.339789 0.033886
vt 0.351569 0.033614
vt 0.341274 0.047149
vt 0.363357 0.050055
vt 0.345951 0.054434
vt 0.371923 0.016111
vt 0.370308 0.034467
vt 0.380963 0.026638
vt 0.386014 0.041812
vt 0.362542 0.000377
vt 0.927812 0.917124
vt 0.951563 0.906933
vt 0.942689 0.904640
vt 0.907471 0.919678
vt 0.921478 0.904364
vt 0.948854 0.883867
vt 0.930598 0.898570
vt 0.919866 0.878119
vt 0.947167 0.869075
vt 0.923802 0.867158
vt 0.919513 0.890762
vt 0.908814 0.910539
vt 0.966887 0.874610
vt 0.967074 0.851183
vt 0.955526 0.892469
vt 0.972703 0.892705
vt 0.986318 0.881921
vt 0.977494 0.873938
vt 0.987983 0.863133
vt 0.993038 0.844823
vt 0.974950 0.833190
vt 0.995900 0.861776
vt 0.998932 0.871746
vt 0.999074 0.833208
vt 0.985632 0.823240
vt 0.059150 0.002973
vt 0.045615 0.000435
vt 0.038330 0.010498
vt 0.327243 0.104710
vt 0.323163 0.095900
vt 0.322510 0.114990
vt 0.016079 0.211645
vt 0.000244 0.200782
vt 0.006301 0.214600
vt 0.734665 0.797629
vt 0.732255 0.783621
vt 0.724854 0.796286
vt 0.733390 0.812874
vt 0.724894 0.820068
vt 0.317833 0.437421
vt 0.325131 0.445678
vt 0.327306 0.431309
vt 0.344128 0.429205
vt 0.310791 0.449951
vt 0.530518 0.696531
vt 0.544973 0.694848
vt 0.540296 0.687564
vt 0.530928 0.711670
vt 0.286278 0.011470
vt 0.273682 0.015366
vt 0.287200 0.025146
vt 0.297470 0.020809
vt 0.330734 0.012145
vt 0.312741 0.011167
vt 0.313493 0.024333
vt 0.294518 0.000436
vt 0.931399 0.691715
vt 0.932095 0.677897
vt 0.916850 0.682828
vt 0.916260 0.700928
vt 0.433838 0.571254
vt 0.446959 0.575928
vt 0.452509 0.568247
vt 0.443034 0.554221
vt 0.459627 0.561997
vt 0.918519 0.090349
vt 0.917732 0.080876
vt 0.903564 0.092529
vt 0.533002 0.595631
vt 0.525815 0.590594
vt 0.511963 0.603271
vt 0.535570 0.582913
vt 0.656823 0.394274
vt 0.640993 0.394164
vt 0.648582 0.406144
vt 0.635986 0.407959
vt 0.715103 0.627492
vt 0.711182 0.643109
vt 0.724685 0.640135
vt 0.730308 0.659912
vt 0.010665 0.352484
vt 0.022530 0.342338
vt 0.004618 0.345601
vt 0.000244 0.356201
vt 0.968599 0.195116
vt 0.980521 0.217529
vt 0.999453 0.199014
vt 0.950439 0.197803
vt 0.778582 0.532839
vt 0.760882 0.529827
vt 0.754799 0.547607
vt 0.750244 0.544377
vt 0.907673 0.976777
vt 0.877842 0.981539
vt 0.895835 0.989990
vt 0.859619 0.973392
vt 0.882121 0.972116
vt 0.880546 0.958547
vt 0.933253 0.968841
vt 0.910708 0.963232
vt 0.917774 0.977589
vt 0.897072 0.964968
vt 0.563984 0.320390
vt 0.578907 0.330726
vt 0.577105 0.316874
vt 0.560791 0.330810
vt 0.209195 0.570076
vt 0.192627 0.569863
vt 0.195212 0.585693
vt 0.694825 0.327881
vt 0.692944 0.316919
vt 0.674072 0.316065
vt 0.318604 0.031226
vt 0.328625 0.032959
vt 0.320903 0.022321
vt 0.492432 0.670285
vt 0.507896 0.677490
vt 0.498031 0.661121
vt 0.561768 0.679049
vt 0.575718 0.684326
vt 0.578262 0.660720
vt 0.510813 0.460395
vt 0.493408 0.470132
vt 0.502131 0.478271
vt 0.001221 0.479248
vt 0.021697 0.463406
vt 0.010578 0.462879
vt 0.762354 0.946874
vt 0.743371 0.955268
vt 0.762973 0.957764
vt 0.777199 0.956583
vt 0.800171 0.950631
vt 0.784205 0.942608
vt 0.750326 0.930177
vt 0.735129 0.925083
vt 0.775308 0.933424
vt 0.757134 0.920750
vt 0.727783 0.943800
vt 0.740843 0.913793
vt 0.740445 0.903191
vt 0.799158 0.926501
vt 0.771852 0.915313
vt 0.758541 0.897289
vt 0.691650 0.592837
vt 0.713846 0.612060
vt 0.697508 0.586205
vt 0.968994 0.494859
vt 0.983651 0.522217
vt 0.998825 0.510636
vt 0.995512 0.494795
vt 0.288231 0.693101
vt 0.273682 0.716396
vt 0.282721 0.720459
vt 0.275955 0.698047
vt 0.865992 0.551298
vt 0.853760 0.567139
vt 0.872775 0.555849
vt 0.880815 0.545247
vt 0.038458 0.823213
vt 0.026544 0.828548
vt 0.050447 0.840559
vt 0.013017 0.818004
vt 0.024791 0.844522
vt 0.027658 0.814533
vt 0.047900 0.871248
vt 0.037081 0.884559
vt 0.063250 0.898620
vt 0.064618 0.878036
vt 0.039614 0.853152
vt 0.057906 0.853000
vt 0.049138 0.911865
vt 0.074160 0.872176
vt 0.076989 0.895313
vt 0.000244 0.786749
vt 0.000741 0.812786
vt 0.016820 0.799633
vt 0.012458 0.787368
vt 0.526611 0.639860
vt 0.527702 0.655057
vt 0.542398 0.661865
vt 0.545627 0.645574
vt 0.538872 0.603934
vt 0.518799 0.602744
vt 0.529032 0.622803
vt 0.689697 0.514633
vt 0.710281 0.523193
vt 0.706974 0.506327
vt 0.068461 0.625882
vt 0.049072 0.607393
vt 0.064939 0.636474
vt 0.069130 0.612038
vt 0.759117 0.018417
vt 0.749268 0.026049
vt 0.759823 0.028076
vt 0.302257 0.571885
vt 0.291898 0.579193
vt 0.310767 0.589599
vt 0.284424 0.574017
vt 0.288114 0.560852
vt 0.796935 0.613573
vt 0.803547 0.620653
vt 0.809999 0.607489
vt 0.792236 0.631592
vt 0.812310 0.625830
vt 0.625588 0.146997
vt 0.624268 0.162842
vt 0.635339 0.156757
vt 0.988452 0.559326
vt 0.999635 0.541434
vt 0.987736 0.540365
vt 0.973875 0.542591
vt 0.969971 0.529873
vt 0.985393 0.529254
vt 0.993467 0.523441
vt 0.035712 0.077698
vt 0.044017 0.080385
vt 0.052091 0.068912
vt 0.028594 0.088623
vt 0.016822 0.070714
vt 0.002197 0.087809
vt 0.019119 0.081745
vt 0.037327 0.062968
vt 0.200439 0.402705
vt 0.211701 0.417169
vt 0.217001 0.411827
vt 0.228480 0.429443
vt 0.237141 0.414211
vt 0.228721 0.401556
vt 0.569512 0.298985
vt 0.560791 0.316162
vt 0.577353 0.313660
vt 0.589073 0.303217
vt 0.588367 0.292477
vt 0.572017 0.285370
vt 0.594830 0.279133
vt 0.580105 0.272756
vt 0.608650 0.289523
vt 0.597492 0.309174
vt 0.016333 0.700928
vt 0.013487 0.682140
vt 0.001221 0.692944
vt 0.615872 0.440044
vt 0.606679 0.467529
vt 0.619437 0.453889
vt 0.631788 0.441185
vt 0.598877 0.447979
vt 0.072662 0.964003
vt 0.067420 0.979762
vt 0.078455 0.974202
vt 0.075110 0.995849
vt 0.054601 0.966844
vt 0.063410 0.954450
vt 0.040283 0.944985
vt 0.071731 0.943037
vt 0.051659 0.937945
vt 0.066201 0.923830
vt 0.014139 0.325485
vt 0.025135 0.341553
vt 0.030226 0.328062
vt 0.001221 0.329146
vt 0.613293 0.411653
vt 0.598877 0.409670
vt 0.610935 0.425537
vt 0.999119 0.628662
vt 0.998559 0.613278
vt 0.988172 0.604101
vt 0.990813 0.596249
vt 0.975830 0.585069
vt 0.706182 0.754639
vt 0.709461 0.739458
vt 0.697510 0.727313
vt 0.999193 0.098427
vt 0.983170 0.091149
vt 0.972900 0.101318
vt 0.391867 0.066061
vt 0.392349 0.058675
vt 0.364502 0.069092
vt 0.228400 0.365820
vt 0.226807 0.377685
vt 0.236003 0.357536
vt 0.017166 0.392284
vt 0.000244 0.385509
vt 0.009563 0.399170
vt 0.466826 0.558349
vt 0.484146 0.538558
vt 0.456299 0.550175
vt 0.537260 0.325417
vt 0.547958 0.338366
vt 0.548401 0.324629
vt 0.560001 0.327956
vt 0.524267 0.339600
vt 0.521260 0.315134
vt 0.516846 0.334837
vt 0.544906 0.362060
vt 0.546941 0.340586
vt 0.537354 0.356204
vt 0.681885 0.473427
vt 0.688023 0.494873
vt 0.692785 0.490838
vt 0.470350 0.026710
vt 0.454346 0.030755
vt 0.463713 0.036865
vt 0.031811 0.901753
vt 0.018943 0.899145
vt 0.034799 0.920334
vt 0.050023 0.914721
vt 0.032217 0.931136
vt 0.018625 0.946013
vt 0.039547 0.954834
vt 0.017794 0.922296
vt 0.017820 0.913309
vt 0.000244 0.923813
vt 0.006111 0.902572
vt 0.029381 0.888571
vt 0.008970 0.934295
vt 0.014009 0.886315
vt 0.978760 0.646240
vt 0.996971 0.641589
vt 0.989654 0.628808
vt 0.839390 0.926357
vt 0.835440 0.943865
vt 0.857182 0.944531
vt 0.842456 0.964117
vt 0.859021 0.964357
vt 0.831251 0.971574
vt 0.858564 0.983324
vt 0.827672 0.936021
vt 0.819262 0.968839
vt 0.815674 0.919939
vt 0.820487 0.947952
vt 0.833810 0.984644
vt 0.838377 0.992920
vt 0.816289 0.981942
vt 0.373331 0.492965
vt 0.353760 0.485780
vt 0.368737 0.500732
vt 0.929971 0.618684
vt 0.921245 0.614053
vt 0.910400 0.630615
vt 0.505127 0.702881
vt 0.520734 0.694858
vt 0.509486 0.678633
vt 0.777362 0.105005
vt 0.755127 0.098607
vt 0.764896 0.108154
vt 0.945557 0.679536
vt 0.950780 0.691162
vt 0.953909 0.665985
vt 0.961829 0.686971
vt 0.555366 0.386662
vt 0.552979 0.394640
vt 0.560288 0.406006
vt 0.227675 0.698294
vt 0.238656 0.702881
vt 0.223877 0.683302
vt 0.339487 0.503662
vt 0.356213 0.503627
vt 0.327393 0.483440
vt 0.118408 0.625240
vt 0.131414 0.641357
vt 0.137921 0.636791
vt 0.127240 0.619269
vt 0.186527 0.851252
vt 0.190891 0.830282
vt 0.170669 0.828361
vt 0.180827 0.863634
vt 0.161824 0.840019
vt 0.164442 0.866864
vt 0.153838 0.848006
vt 0.154552 0.828722
vt 0.166356 0.881328
vt 0.175909 0.898210
vt 0.176669 0.881663
vt 0.196262 0.911759
vt 0.186690 0.888442
vt 0.149537 0.883388
vt 0.155872 0.897123
vt 0.144829 0.866558
vt 0.125244 0.870572
vt 0.140328 0.896591
vt 0.149736 0.907430
vt 0.158035 0.929708
vt 0.143724 0.918515
vt 0.138152 0.931894
vt 0.177918 0.907408
vt 0.195472 0.925090
vt 0.135412 0.884706
vt 0.183290 0.927815
vt 0.158899 0.921662
vt 0.149619 0.972471
vt 0.172422 0.975299
vt 0.161927 0.966789
vt 0.184970 0.947264
vt 0.167374 0.951461
vt 0.182164 0.958379
vt 0.173631 0.940392
vt 0.177827 0.967102
vt 0.167665 0.988683
vt 0.158690 0.998779
vt 0.139081 0.938706
vt 0.131715 0.960584
vt 0.157589 0.957662
vt 0.159553 0.943278
vt 0.144117 0.977772
vt 0.029054 0.348676
vt 0.055624 0.355448
vt 0.061089 0.340456
vt 0.034595 0.335345
vt 0.046111 0.325726
vt 0.032743 0.360920
vt 0.015869 0.370850
vt 0.650432 0.066162
vt 0.656428 0.056511
vt 0.638916 0.066084
vt 0.519732 0.769287
vt 0.525613 0.748934
vt 0.512939 0.750944
vt 0.517972 0.728898
vt 0.710325 0.641926
vt 0.692627 0.652014
vt 0.707905 0.664795
vt 0.898682 0.689116
vt 0.914380 0.705810
vt 0.915249 0.690591
vt 0.901300 0.673064
vt 0.500244 0.422631
vt 0.505460 0.444092
vt 0.509580 0.428512
vt 0.569258 0.575048
vt 0.554932 0.582326
vt 0.565822 0.585243
vt 0.558091 0.592529
vt 0.600609 0.716553
vt 0.597597 0.697984
vt 0.584229 0.698710
vt 0.586282 0.716057
vt 0.585604 0.675620
vt 0.581665 0.632351
vt 0.596269 0.649170
vt 0.586587 0.608058
vt 0.574463 0.618226
vt 0.579127 0.600380
vt 0.773462 0.748802
vt 0.761963 0.747939
vt 0.774420 0.773193
vt 0.767981 0.733627
vt 0.573256 0.636474
vt 0.553955 0.617089
vt 0.557621 0.632100
vt 0.873364 0.409430
vt 0.870361 0.419180
vt 0.883634 0.425537
vt 0.209229 0.393997
vt 0.216267 0.405029
vt 0.222501 0.390135
vt 0.251740 0.966264
vt 0.245016 0.957409
vt 0.241337 0.972799
vt 0.194810 0.936392
vt 0.186725 0.948507
vt 0.209884 0.936413
vt 0.179932 0.971250
vt 0.196308 0.976213
vt 0.193421 0.963859
vt 0.200147 0.953628
vt 0.217425 0.964393
vt 0.215996 0.982178
vt 0.210825 0.949374
vt 0.222575 0.944447
vt 0.227323 0.976009
vt 0.220906 0.954875
vt 0.339738 0.069967
vt 0.358682 0.067569
vt 0.337452 0.056743
vt 0.318320 0.061594
vt 0.316650 0.072021
vt 0.964111 0.296471
vt 0.974149 0.304443
vt 0.979046 0.290116
vt 0.999050 0.299929
vt 0.266579 0.931383
vt 0.284353 0.928081
vt 0.276133 0.909967
vt 0.243533 0.909507
vt 0.254375 0.917008
vt 0.260738 0.902979
vt 0.274713 0.892046
vt 0.219644 0.939458
vt 0.259877 0.941162
vt 0.236452 0.933824
vt 0.252199 0.928485
vt 0.236781 0.920455
vt 0.254708 0.886744
vt 0.220658 0.906989
vt 0.222302 0.920145
vt 0.211277 0.917085
vt 0.205488 0.931582
vt 0.200439 0.917593
vt 0.207619 0.896078
vt 0.610115 0.936525
vt 0.579060 0.927626
vt 0.589469 0.941721
vt 0.597310 0.917249
vt 0.577739 0.936519
vt 0.564568 0.949238
vt 0.551239 0.963152
vt 0.542221 0.947901
vt 0.538907 0.956098
vt 0.530518 0.969482
vt 0.562891 0.936275
vt 0.555968 0.928063
vt 0.551124 0.939179
vt 0.637017 0.029053
vt 0.630799 0.014702
vt 0.614136 0.027924
vt 0.612549 0.016944
vt 0.653891 0.022437
vt 0.707142 0.017185
vt 0.726790 0.021240
vt 0.719842 0.003287
vt 0.734694 0.002698
vt 0.695611 0.013499
vt 0.694460 0.000994
vt 0.676025 0.000281
vt 0.283241 0.554443
vt 0.299611 0.551128
vt 0.271729 0.535901
vt 0.772900 0.020264
vt 0.747518 0.009225
vt 0.732666 0.009982
vt 0.935991 0.321045
vt 0.956713 0.316521
vt 0.933838 0.309542
vt 0.272489 0.733154
vt 0.261886 0.710391
vt 0.260986 0.724305
vt 0.567020 0.601877
vt 0.580053 0.596195
vt 0.574620 0.587068
vt 0.585677 0.580867
vt 0.578370 0.572684
vt 0.560791 0.607178
vt 0.072390 0.026241
vt 0.053955 0.026723
vt 0.068111 0.034912
vt 0.617432 0.200928
vt 0.631187 0.187098
vt 0.617793 0.190029
vt 0.111572 0.624756
vt 0.131664 0.603047
vt 0.116687 0.610408
vt 0.331585 0.453509
vt 0.322510 0.470459
vt 0.335830 0.461828
vt 0.354329 0.447986
vt 0.544189 0.388428
vt 0.570544 0.376414
vt 0.549838 0.373451
vt 0.730713 0.547935
vt 0.749452 0.550537
vt 0.741239 0.534541
vt 0.999125 0.325622
vt 0.971640 0.324064
vt 0.992399 0.333738
vt 0.969971 0.335163
vt 0.981721 0.339600
vt 0.359124 0.461882
vt 0.344400 0.479097
vt 0.370071 0.485107
vt 0.338135 0.464635
vt 0.319313 0.795450
vt 0.329625 0.819092
vt 0.328489 0.799521
vt 0.318604 0.774724
vt 0.979227 0.162077
vt 0.978949 0.146173
vt 0.965670 0.151957
vt 0.999118 0.168701
vt 0.990491 0.159199
vt 0.948486 0.134267
vt 0.961366 0.134113
vt 0.771701 0.528101
vt 0.767338 0.513126
vt 0.755749 0.529053
vt 0.751221 0.506525
vt 0.755048 0.519550
vt 0.780477 0.510610
vt 0.487549 0.519375
vt 0.490130 0.536865
vt 0.501263 0.531183
vt 0.457245 0.711670
vt 0.451781 0.691992
vt 0.444580 0.700506
vt 0.655518 0.433240
vt 0.668450 0.435303
vt 0.673813 0.420864
vt 0.951106 0.011684
vt 0.959717 0.026123
vt 0.963035 0.013183
vt 0.986727 0.008121
vt 0.981339 0.017785
vt 0.998877 0.023570
vt 0.972735 0.000791
vt 0.973541 0.025759
vt 0.937744 0.005697
vt 0.339495 0.000811
vt 0.314697 0.005916
vt 0.337361 0.010498
vt 0.354394 0.007847
vt 0.979820 0.254869
vt 0.963135 0.265381
vt 0.979895 0.263813
vt 0.999566 0.252947
vt 0.947510 0.664795
vt 0.964261 0.652797
vt 0.952994 0.649346
vt 0.618408 0.406587
vt 0.635046 0.408890
vt 0.633487 0.393865
vt 0.650140 0.426532
vt 0.631584 0.429812
vt 0.656376 0.439209
vt 0.496643 0.841186
vt 0.479665 0.845426
vt 0.488425 0.858544
vt 0.469180 0.862267
vt 0.486154 0.863849
vt 0.466826 0.842585
vt 0.479066 0.831082
vt 0.492015 0.826807
vt 0.463833 0.830208
vt 0.470110 0.822035
vt 0.469741 0.812664
vt 0.463125 0.849687
vt 0.460905 0.866542
vt 0.443604 0.833870
vt 0.446840 0.861434
vt 0.453902 0.818105
vt 0.509921 0.892796
vt 0.496856 0.896128
vt 0.512977 0.911865
vt 0.502274 0.883608
vt 0.484085 0.880975
vt 0.486638 0.866839
vt 0.477948 0.889600
vt 0.456191 0.877793
vt 0.305828 0.405628
vt 0.320207 0.409545
vt 0.324843 0.401576
vt 0.300049 0.396008
vt 0.337565 0.422607
vt 0.326633 0.039795
vt 0.306951 0.025743
vt 0.314053 0.039554
vt 0.282471 0.031926
vt 0.133847 0.335680
vt 0.134722 0.326060
vt 0.111572 0.338623
vt 0.871997 0.070646
vt 0.863525 0.074646
vt 0.868840 0.088623
vt 0.752619 0.660508
vt 0.735596 0.649263
vt 0.744263 0.664795
vt 0.923575 0.663573
vt 0.938282 0.683349
vt 0.931883 0.666782
vt 0.920166 0.646695
vt 0.051405 0.718506
vt 0.057085 0.698376
vt 0.043213 0.710157
vt 0.507995 0.006303
vt 0.498533 0.000296
vt 0.490479 0.008545
vt 0.083293 0.209717
vt 0.065882 0.198862
vt 0.061768 0.203530
vt 0.074215 0.717077
vt 0.067627 0.737060
vt 0.082205 0.714669
vt 0.075734 0.697234
vt 0.016846 0.684921
vt 0.024903 0.695068
vt 0.022965 0.675898
vt 0.032893 0.681135
vt 0.943730 0.687433
vt 0.932861 0.705898
vt 0.947365 0.709717
vt 0.327872 0.251087
vt 0.321014 0.244585
vt 0.314697 0.260498
vt 0.388845 0.988224
vt 0.405935 0.987809
vt 0.399660 0.976423
vt 0.408898 0.958338
vt 0.388167 0.974963
vt 0.363525 0.989014
vt 0.425215 0.978037
vt 0.423568 0.966808
vt 0.428915 0.957838
vt 0.730713 0.633089
vt 0.734380 0.649170
vt 0.748812 0.631880
vt 0.433838 0.320570
vt 0.441359 0.332764
vt 0.451079 0.318355
vt 0.512249 0.619651
vt 0.506104 0.637876
vt 0.520992 0.631792
vt 0.525269 0.646240
vt 0.991957 0.305890
vt 0.977485 0.322543
vt 0.999099 0.322998
vt 0.973101 0.313681
vt 0.957275 0.314433
vt 0.022271 0.033935
vt 0.033400 0.023230
vt 0.004150 0.024207
vt 0.236572 0.352295
vt 0.262594 0.338982
vt 0.242463 0.339279
vt 0.992195 0.261274
vt 0.987549 0.276123
vt 0.998949 0.274834
vt 0.085149 0.639305
vt 0.075676 0.632727
vt 0.070557 0.654053
vt 0.090525 0.623720
vt 0.504892 0.637451
vt 0.486572 0.620379
vt 0.495867 0.636181
vt 0.034592 0.725342
vt 0.042179 0.710415
vt 0.030956 0.706026
vt 0.027588 0.693261
vt 0.018871 0.629809
vt 0.000623 0.630228
vt 0.020432 0.644287
vt 0.000244 0.611505
vt 0.778419 0.587220
vt 0.762849 0.574675
vt 0.773539 0.596435
vt 0.765529 0.565818
vt 0.750244 0.548480
vt 0.768799 0.560301
vt 0.772466 0.570068
vt 0.787976 0.554020
vt 0.557861 0.345016
vt 0.573482 0.345459
vt 0.559598 0.331316
vt 0.098115 0.332540
vt 0.095662 0.358177
vt 0.107239 0.361084
vt 0.081653 0.350363
vt 0.084524 0.334286
vt 0.061768 0.332593
vt 0.062120 0.315516
vt 0.281494 0.684353
vt 0.296736 0.698974
vt 0.297004 0.676106
vt 0.885774 0.255615
vt 0.897983 0.244770
vt 0.878174 0.248279
vt 0.785400 0.315691
vt 0.790568 0.329834
vt 0.796977 0.312384
vt 0.589964 0.392320
vt 0.609142 0.394287
vt 0.593862 0.378666
vt 0.571533 0.372485
vt 0.281372 0.478238
vt 0.285269 0.482733
vt 0.295381 0.469033
vt 0.262939 0.497803
vt 0.323708 0.216371
vt 0.322510 0.230225
vt 0.336101 0.218459
vt 0.971529 0.619380
vt 0.983921 0.627685
vt 0.976241 0.609136
vt 0.962158 0.600782
vt 0.865479 0.562538
vt 0.871031 0.584717
vt 0.875097 0.570895
vt 0.283153 0.554949
vt 0.271729 0.574951
vt 0.281065 0.569998
vt 0.713135 0.776013
vt 0.717661 0.803467
vt 0.724014 0.782797
vt 0.715780 0.763233
vt 0.510955 0.735107
vt 0.514448 0.719445
vt 0.501221 0.703748
vt 0.561451 0.654053
vt 0.559573 0.639453
vt 0.543213 0.635007
vt 0.757694 0.492934
vt 0.735937 0.506061
vt 0.744626 0.516138
vt 0.726807 0.520660
vt 0.734487 0.533935
vt 0.772352 0.708822
vt 0.766846 0.727295
vt 0.780929 0.719881
vt 0.780708 0.700836
vt 0.305619 0.479248
vt 0.321945 0.472420
vt 0.296432 0.468902
vt 0.289307 0.457231
vt 0.480975 0.019431
vt 0.467718 0.015539
vt 0.449463 0.027100
vt 0.968994 0.125939
vt 0.999197 0.137478
vt 0.989844 0.128191
vt 0.971199 0.138428
vt 0.077680 0.223924
vt 0.097817 0.224365
vt 0.080727 0.218894
vt 0.068604 0.211243
vt 0.438152 0.953872
vt 0.424393 0.942551
vt 0.427022 0.951134
vt 0.450467 0.945088
vt 0.392822 0.929521
vt 0.453599 0.959101
vt 0.472326 0.943370
vt 0.437964 0.966553
vt 0.405732 0.921284
vt 0.315697 0.812256
vt 0.317577 0.778056
vt 0.307861 0.798226
vt 0.308850 0.510440
vt 0.328119 0.516357
vt 0.321079 0.497121
vt 0.306965 0.480143
vt 0.297119 0.495892
vt 0.495995 0.582082
vt 0.484619 0.601318
vt 0.507746 0.587058
vt 0.610596 0.393310
vt 0.623750 0.392356
vt 0.629130 0.372934
vt 0.634256 0.375815
vt 0.632466 0.360932
vt 0.650791 0.359778
vt 0.652497 0.346829
vt 0.642301 0.341217
vt 0.073486 0.669678
vt 0.089777 0.658181
vt 0.085225 0.652967
vt 0.265989 0.421312
vt 0.281723 0.425537
vt 0.272374 0.407188
vt 0.246338 0.405676
vt 0.564793 0.655425
vt 0.554053 0.659953
vt 0.548096 0.672607
vt 0.486610 0.580810
vt 0.498705 0.565303
vt 0.479736 0.568556
vt 0.492063 0.550079
vt 0.505991 0.549943
vt 0.509315 0.528946
vt 0.286367 0.007384
vt 0.264893 0.000394
vt 0.270773 0.009521
vt 0.523643 0.546631
vt 0.538543 0.540511
vt 0.527030 0.527338
vt 0.510010 0.528607
vt 0.511378 0.545338
vt 0.520564 0.512076
vt 0.539906 0.527574
vt 0.537043 0.514396
vt 0.523613 0.499738
vt 0.539416 0.499194
vt 0.292905 0.436906
vt 0.289559 0.445877
vt 0.310256 0.455810
vt 0.276611 0.433597
vt 0.926025 0.631643
vt 0.945342 0.650146
vt 0.932431 0.622730
vt 0.689697 0.611491
vt 0.696393 0.641357
vt 0.703812 0.624064
vt 0.710619 0.638154
vt 0.480287 0.692009
vt 0.493300 0.708740
vt 0.497748 0.687002
vt 0.489709 0.674953
vt 0.483296 0.653068
vt 0.479736 0.668019
vt 0.031494 0.614582
vt 0.031606 0.631122
vt 0.051400 0.631592
vt 0.576416 0.656924
vt 0.593096 0.674560
vt 0.592707 0.661583
vt 0.056885 0.738803
vt 0.067080 0.751709
vt 0.066459 0.726894
vt 0.307509 0.599042
vt 0.298907 0.590371
vt 0.294189 0.610277
vt 0.306690 0.620849
vt 0.316835 0.608945
vt 0.791492 0.002934
vt 0.769636 0.000561
vt 0.778453 0.008545
vt 0.748291 0.003860
vt 0.922119 0.016083
vt 0.938645 0.027100
vt 0.952281 0.020720
vt 0.032553 0.650146
vt 0.041567 0.632234
vt 0.022705 0.649360
vt 0.459121 0.440827
vt 0.417273 0.423220
vt 0.484618 0.452605
vt 0.473130 0.529401
vt 0.136505 0.482186
vt 0.046725 0.461879
vt 0.138278 0.499941
vt 0.064664 0.452957
vt 0.070613 0.467252
vt 0.122826 0.141208
vt 0.216632 0.198372
vt 0.216632 0.198372
vt 0.224878 0.169259
vt 0.298483 0.181339
vt 0.324290 0.168828
vt 0.303409 0.267965
vt 0.150789 0.240957
vt 0.071288 0.076255
vt 0.052167 0.279557
vt 0.110822 0.241682
vt 0.110822 0.241682
vt 0.123998 0.738453
vt 0.242009 0.614563
vt 0.218149 0.643033
vt 0.221984 0.656604
vt 0.181982 0.618881
vt 0.152296 0.642211
vt 0.355081 0.105802
vt 0.368298 0.104517
vt 0.343096 0.092386
vt 0.411579 0.089201
vt 0.355836 0.310533
vt 0.515124 0.231193
vt 0.478834 0.219692
vt 0.238978 0.824277
vt 0.275983 0.801030
vt 0.592762 0.528210
vt 0.637368 0.185843
vt 0.759511 0.200614
vt 0.782539 0.221190
vt 0.745305 0.157278
vt 0.810816 0.211243
vt 0.839021 0.091532
vt 0.829533 0.108104
vt 0.864032 0.067043
vt 0.846246 0.043994
vt 0.750580 0.034617
vt 0.790032 0.128914
vt 0.809253 0.148821
vt 0.798152 0.100892
vt 0.813033 0.104351
vt 0.871731 0.163005
vt 0.910025 0.113205
vt 0.920411 0.316120
vt 0.928877 0.361343
vt 0.716122 0.367918
vt 0.911296 0.526112
vt 0.972530 0.394087
vt 0.949662 0.387176
vt 0.968778 0.443261
vt 0.930293 0.393499
vt 0.955664 0.537287
vt 0.713493 0.347788
vt 0.912109 0.456589
vt 0.899619 0.434319
vt 0.862792 0.359729
vt 0.843228 0.350101
vt 0.362280 0.548155
vt 0.469884 0.790318
vt 0.359615 0.720432
vt 0.359615 0.720432
vt 0.357289 0.667314
vt 0.515890 0.814691
vt 0.686045 0.777026
vt 0.574120 0.789616
vt 0.595858 0.799371
vt 0.706660 0.786688
vt 0.913103 0.784945
vt 0.913103 0.784945
vt 0.924728 0.749151
vt 0.945828 0.851136
vt 0.930234 0.852881
vt 0.804608 0.880447
vt 0.845764 0.843947
vt 0.060153 0.769450
vt 0.158636 0.809290
vt 0.986318 0.881921
vt 0.196262 0.911759
vt 0.143724 0.918515
vt 0.144117 0.977772
vt 0.453902 0.818105
g default
usemtl Sphalerite_u1_v1
f 1/1/1 22/2/22 8/3/8
f 508/216/508 510/217/510 627/218/627
f 2/219/2 508/220/508 627/221/627
f 22/401/22 1/402/1 520/403/520
f 1/1/1 8/3/8 634/4/634
f 9/5/9 637/6/637 3/7/3
f 629/222/629 637/223/637 10/224/10
f 510/225/510 515/226/515 627/221/627
f 637/6/637 9/5/9 10/8/10
f 5/409/5 10/410/10 6/411/6
f 520/403/520 17/404/17 22/401/22
f 145/227/145 2/219/2 627/221/627
f 10/410/10 5/409/5 629/412/629
f 520/403/520 1/402/1 440/405/440
f 16/9/16 9/5/9 8/3/8
f 3/7/3 8/3/8 9/5/9
f 3/7/3 634/4/634 8/3/8
f 5/409/5 6/411/6 7/413/7
f 9/5/9 16/9/16 14/10/14
f 32/418/32 7/419/7 6/420/6
f 11/228/11 220/229/220 7/230/7
f 16/9/16 17/11/17 25/12/25
f 6/421/6 10/422/10 4/423/4
f 15/441/15 42/442/42 54/443/54
f 10/422/10 34/424/34 4/423/4
f 10/805/10 13/806/13 34/807/34
f 19/808/19 10/809/10 9/810/9
f 7/813/7 32/814/32 11/815/11
f 6/816/6 4/817/4 32/818/32
f 49/444/49 42/442/42 30/445/30
f 20/819/20 36/820/36 30/821/30
f 13/811/13 10/809/10 19/808/19
f 11/228/11 32/231/32 148/232/148
f 482/822/482 483/823/483 413/824/413
f 638/233/638 636/234/636 2264/235/2264
f 17/11/17 16/9/16 22/2/22
f 15/441/15 30/445/30 42/442/42
f 26/425/26 34/424/34 21/426/21
f 483/446/483 40/447/40 15/441/15
f 32/826/32 146/827/146 148/828/148
f 8/3/8 22/2/22 16/9/16
f 14/427/14 25/428/25 28/429/28
f 14/10/14 19/13/19 9/5/9
f 28/429/28 21/426/21 13/430/13
f 16/431/16 25/428/25 14/427/14
f 12/406/12 33/407/33 17/404/17
f 30/445/30 24/448/24 49/444/49
f 33/14/33 12/15/12 530/16/530
f 14/812/14 13/811/13 19/808/19
f 4/829/4 46/830/46 32/826/32
f 21/840/21 34/841/34 13/842/13
f 193/236/193 2/219/2 31/237/31
f 28/843/28 13/844/13 14/845/14
f 15/441/15 40/447/40 491/449/491
f 29/846/29 36/847/36 27/848/27
f 676/450/676 49/444/49 24/448/24
f 4/829/4 35/831/35 46/830/46
f 4/423/4 26/425/26 35/432/35
f 29/451/29 676/450/676 24/448/24
f 44/17/44 58/18/58 64/19/64
f 34/424/34 26/425/26 4/423/4
f 676/450/676 29/451/29 1393/452/1393
f 44/17/44 530/16/530 58/18/58
f 26/425/26 21/426/21 47/433/47
f 39/20/39 33/14/33 48/21/48
f 37/238/37 45/239/45 31/237/31
f 39/20/39 25/12/25 33/14/33
f 36/453/36 24/448/24 30/445/30
f 39/434/39 28/429/28 25/428/25
f 61/435/61 28/429/28 39/434/39
f 530/16/530 48/21/48 33/14/33
f 489/976/489 36/977/36 20/978/20
f 30/445/30 491/449/491 20/454/20
f 25/12/25 17/11/17 33/14/33
f 15/441/15 491/449/491 30/445/30
f 46/830/46 50/832/50 52/833/52
f 26/425/26 47/433/47 50/436/50
f 530/16/530 44/17/44 48/21/48
f 43/979/43 38/980/38 60/981/60
f 144/240/144 137/241/137 37/238/37
f 28/429/28 61/435/61 53/437/53
f 29/983/29 51/984/51 1393/985/1393
f 21/426/21 28/429/28 53/437/53
f 48/21/48 62/22/62 39/20/39
f 48/21/48 44/17/44 64/19/64
f 63/23/63 39/20/39 62/22/62
f 43/1000/43 27/1001/27 38/1002/38
f 15/441/15 54/443/54 23/455/23
f 63/1005/63 61/1006/61 39/1007/39
f 53/437/53 47/433/47 21/426/21
f 43/849/43 57/850/57 51/851/51
f 24/448/24 36/453/36 29/451/29
f 50/832/50 46/830/46 35/831/35
f 37/238/37 137/241/137 45/239/45
f 26/425/26 50/436/50 35/432/35
f 57/1314/57 175/1315/175 51/1316/51
f 58/18/58 80/24/80 64/19/64
f 137/241/137 171/242/171 266/243/266
f 61/1006/61 166/1008/166 53/1009/53
f 50/436/50 47/433/47 172/438/172
f 64/1010/64 165/1011/165 62/1012/62
f 51/1318/51 29/1319/29 43/1320/43
f 166/1008/166 63/1005/63 167/1013/167
f 66/25/66 660/26/660 522/27/522
f 47/1321/47 169/1322/169 172/1323/172
f 165/1011/165 167/1013/167 63/1005/63
f 57/850/57 60/4818/60 174/853/174
f 64/19/64 62/22/62 48/21/48
f 67/1324/67 77/1325/77 69/4831/69
f 68/28/68 66/25/66 522/27/522
f 67/29/67 70/30/70 74/31/74
f 65/32/65 69/33/69 655/34/655
f 66/25/66 70/30/70 67/29/67
f 78/1014/78 73/1015/73 72/1016/72
f 73/35/73 70/30/70 68/28/68
f 72/1016/72 73/1015/73 68/1017/68
f 317/36/317 655/34/655 69/33/69
f 69/33/69 65/32/65 67/29/67
f 74/31/74 70/30/70 73/35/73
f 655/34/655 317/36/317 623/37/623
f 326/1373/326 315/1374/315 69/1375/69
f 78/1014/78 71/1018/71 75/1019/75
f 76/4832/76 81/1328/81 67/1324/67
f 81/1328/81 77/1325/77 67/1324/67
f 66/25/66 68/28/68 70/30/70
f 66/25/66 67/29/67 65/32/65
f 71/1018/71 78/1014/78 72/1016/72
f 80/1020/80 78/1014/78 75/1019/75
f 69/1375/69 77/1376/77 83/1377/83
f 65/32/65 660/26/660 66/25/66
f 77/1325/77 82/1329/82 83/1330/83
f 83/1377/83 326/1373/326 69/1375/69
f 76/38/76 67/29/67 74/31/74
f 80/24/80 79/39/79 78/40/78
f 73/35/73 78/40/78 84/41/84
f 86/1331/86 82/1329/82 81/1328/81
f 89/1332/89 83/1330/83 82/1329/82
f 78/40/78 87/42/87 84/41/84
f 87/42/87 90/43/90 84/41/84
f 79/39/79 87/42/87 78/40/78
f 105/1333/105 89/1332/89 86/1331/86
f 76/38/76 74/31/74 85/44/85
f 85/44/85 74/31/74 73/35/73
f 351/1334/351 357/1335/357 86/1331/86
f 81/1328/81 82/1329/82 77/1325/77
f 85/44/85 90/43/90 88/45/88
f 88/45/88 93/46/93 76/38/76
f 368/47/368 88/45/88 90/43/90
f 86/1331/86 89/1332/89 82/1329/82
f 58/18/58 79/39/79 80/24/80
f 73/35/73 84/41/84 85/44/85
f 81/1381/81 76/1382/76 107/1383/107
f 107/1383/107 86/1384/86 81/1381/81
f 58/18/58 41/48/41 92/49/92
f 92/49/92 91/50/91 90/43/90
f 93/1336/93 107/1337/107 76/1327/76
f 87/42/87 92/49/92 90/43/90
f 58/18/58 92/49/92 79/39/79
f 359/1338/359 88/1339/88 368/1340/368
f 84/41/84 90/43/90 85/44/85
f 366/1341/366 359/1338/359 368/1340/368
f 41/48/41 91/50/91 92/49/92
f 90/43/90 91/50/91 368/47/368
f 88/1339/88 361/1342/361 93/1336/93
f 361/1342/361 86/1331/86 93/1336/93
f 359/1338/359 361/1342/361 88/1339/88
f 105/1385/105 94/1386/94 95/1387/95
f 367/1388/367 375/1389/375 98/1390/98
f 93/1336/93 86/1331/86 107/1337/107
f 361/1342/361 351/1334/351 86/1331/86
f 95/1391/95 332/1392/332 105/1393/105
f 98/1394/98 355/1395/355 358/1396/358
f 100/1398/100 96/1399/96 97/1400/97
f 96/1402/96 100/1403/100 99/1404/99
f 97/854/97 356/855/356 355/856/355
f 97/854/97 96/857/96 356/855/356
f 98/1401/98 100/1398/100 97/1400/97
f 98/1394/98 358/1396/358 367/1397/367
f 355/1406/355 98/1407/98 97/1408/97
f 106/1409/106 99/1410/99 233/1411/233
f 356/855/356 94/858/94 355/856/355
f 100/1412/100 101/1413/101 99/1410/99
f 106/1405/106 96/1402/96 99/1404/99
f 94/858/94 105/859/105 357/860/357
f 103/1424/103 100/1425/100 98/1426/98
f 102/1427/102 104/1428/104 377/1429/377
f 101/1413/101 100/1412/100 103/1414/103
f 102/1415/102 239/1416/239 101/1413/101
f 377/1417/377 245/1418/245 102/1415/102
f 106/1431/106 349/1432/349 96/1433/96
f 101/1413/101 239/1416/239 108/1419/108
f 103/1435/103 98/1436/98 102/1437/102
f 375/1438/375 102/1439/102 98/1440/98
f 99/1410/99 108/1419/108 233/1411/233
f 375/1430/375 104/1428/104 102/1427/102
f 245/1418/245 239/1416/239 102/1415/102
f 101/1413/101 108/1419/108 99/1410/99
f 102/1415/102 101/1413/101 103/1414/103
f 85/44/85 88/45/88 76/38/76
f 92/49/92 87/42/87 79/39/79
f 86/1331/86 357/1335/357 105/1333/105
f 112/1021/112 771/1022/771 114/1023/114
f 109/1441/109 115/1442/115 120/1443/120
f 116/1444/116 115/1445/115 109/1446/109
f 111/1447/111 536/1448/536 113/1449/113
f 114/1023/114 117/1024/117 112/1021/112
f 115/1445/115 116/1444/116 110/1450/110
f 569/1025/569 766/1026/766 765/1027/765
f 119/1028/119 112/1021/112 117/1024/117
f 109/1446/109 536/1448/536 116/1444/116
f 109/1446/109 113/1449/113 536/1448/536
f 113/1449/113 109/1446/109 120/1451/120
f 115/1029/115 110/1030/110 112/1021/112
f 122/1031/122 131/1032/131 121/1033/121
f 755/1034/755 766/1026/766 122/1031/122
f 123/1564/123 766/1565/766 569/1566/569
f 121/1033/121 119/1028/119 117/1024/117
f 113/1449/113 128/1452/128 118/1453/118
f 120/1451/120 128/1452/128 113/1449/113
f 115/1029/115 124/1035/124 125/1036/125
f 112/1021/112 119/1028/119 115/1029/115
f 126/1037/126 119/1028/119 121/1033/121
f 122/1031/122 129/1038/129 131/1032/131
f 117/1024/117 122/1031/122 121/1033/121
f 115/1029/115 119/1028/119 124/1035/124
f 766/1026/766 123/1039/123 129/1038/129
f 129/1038/129 122/1031/122 766/1026/766
f 118/1453/118 111/1447/111 113/1449/113
f 132/1454/132 552/1455/552 118/1453/118
f 124/1035/124 119/1028/119 130/1040/130
f 120/1041/120 125/1036/125 128/1042/128
f 132/1454/132 597/1456/597 552/1455/552
f 126/1037/126 577/1043/577 135/1044/135
f 132/1454/132 118/1453/118 128/1452/128
f 115/1029/115 125/1036/125 120/1041/120
f 135/1044/135 136/1045/136 126/1037/126
f 119/1028/119 126/1037/126 136/1045/136
f 604/1567/604 136/1568/136 135/1569/135
f 133/1046/133 128/1042/128 134/4824/134
f 125/1036/125 124/1035/124 128/1042/128
f 136/1045/136 604/4825/604 130/1040/130
f 568/1049/568 577/1043/577 126/1037/126
f 130/1570/130 134/1571/134 124/1572/124
f 121/1033/121 131/1032/131 126/1037/126
f 130/1040/130 604/4825/604 134/1047/134
f 124/1035/124 134/4824/134 128/1042/128
f 596/1573/596 133/1574/133 134/1575/134
f 568/1049/568 131/1032/131 129/1038/129
f 126/1037/126 131/1032/131 568/1049/568
f 141/244/141 137/241/137 144/240/144
f 130/1040/130 119/1028/119 136/1045/136
f 52/245/52 142/246/142 138/247/138
f 37/238/37 145/227/145 143/248/143
f 141/244/141 144/240/144 139/249/139
f 135/1044/135 577/1043/577 581/1050/581
f 138/247/138 171/242/171 137/241/137
f 52/245/52 137/241/137 141/244/141
f 143/248/143 139/249/139 37/238/37
f 32/826/32 46/830/46 146/827/146
f 46/830/46 52/833/52 141/834/141
f 138/247/138 142/246/142 140/250/140
f 146/251/146 139/249/139 143/248/143
f 31/237/31 145/227/145 37/238/37
f 139/249/139 144/240/144 37/238/37
f 148/232/148 145/227/145 147/252/147
f 141/834/141 139/835/139 46/830/46
f 581/1050/581 609/1051/609 135/1044/135
f 148/232/148 143/248/143 145/227/145
f 148/232/148 147/252/147 220/229/220
f 220/229/220 11/228/11 148/232/148
f 148/232/148 146/251/146 143/248/143
f 151/51/151 153/52/153 383/53/383
f 147/252/147 145/227/145 627/221/627
f 139/249/139 146/251/146 46/253/46
f 145/227/145 31/237/31 2/219/2
f 153/52/153 377/54/377 383/53/383
f 155/55/155 150/56/150 151/51/151
f 627/221/627 628/254/628 147/252/147
f 151/1577/151 382/1578/382 158/1579/158
f 156/57/156 154/58/154 149/59/149
f 386/1581/386 381/1582/381 164/1583/164
f 152/60/152 164/61/164 517/62/517
f 154/58/154 158/63/158 387/64/387
f 382/1578/382 151/1577/151 383/1580/383
f 150/56/150 153/52/153 151/51/151
f 164/1583/164 162/1584/162 386/1581/386
f 154/58/154 157/65/157 158/63/158
f 517/62/517 164/61/164 381/66/381
f 163/67/163 161/68/161 150/56/150
f 1962/69/1962 155/55/155 157/65/157
f 158/63/158 155/55/155 151/51/151
f 150/1588/150 246/1589/246 153/1590/153
f 157/65/157 155/55/155 158/63/158
f 149/59/149 162/70/162 156/57/156
f 157/65/157 160/71/160 1962/69/1962
f 163/67/163 150/56/150 155/55/155
f 149/59/149 386/4797/386 162/70/162
f 163/67/163 1961/73/1961 161/68/161
f 164/1583/164 438/1585/438 675/1586/675
f 156/57/156 162/70/162 159/74/159
f 160/71/160 157/65/157 154/58/154
f 154/58/154 156/57/156 159/74/159
f 152/60/152 438/75/438 164/61/164
f 674/76/674 161/68/161 1961/73/1961
f 154/58/154 2123/77/2123 160/71/160
f 162/1584/162 164/1583/164 675/1586/675
f 162/70/162 675/4798/675 2153/79/2153
f 160/71/160 2123/77/2123 2121/80/2121
f 162/70/162 2153/79/2153 159/74/159
f 1962/69/1962 163/67/163 155/55/155
f 160/71/160 2121/80/2121 1962/69/1962
f 166/1008/166 184/1052/184 53/1009/53
f 63/1005/63 62/1012/62 165/1011/165
f 63/1005/63 166/1008/166 61/1006/61
f 53/437/53 169/439/169 47/433/47
f 53/1009/53 184/1052/184 181/1053/181
f 80/1020/80 180/1054/180 64/1010/64
f 165/1011/165 64/1010/64 180/1054/180
f 194/1055/194 59/1056/59 191/1057/191
f 59/1056/59 194/1055/194 182/1058/182
f 53/1009/53 181/1053/181 169/1059/169
f 501/861/501 192/862/192 183/863/183
f 167/1013/167 165/1011/165 173/1060/173
f 60/981/60 38/980/38 499/982/499
f 167/1013/167 178/1061/178 166/1008/166
f 175/1315/175 1591/1317/1591 51/1316/51
f 191/440/191 50/436/50 172/438/172
f 169/1059/169 182/1058/182 194/1055/194
f 57/850/57 43/849/43 60/4818/60
f 170/836/170 142/837/142 191/838/191
f 55/864/55 57/850/57 174/853/174
f 137/241/137 52/245/52 138/247/138
f 183/1592/183 174/1593/174 509/1594/509
f 142/837/142 52/833/52 50/832/50
f 178/1061/178 167/1013/167 173/1060/173
f 172/1062/172 194/1055/194 191/1057/191
f 187/986/187 176/987/176 286/988/286
f 55/1596/55 192/1597/192 186/1598/186
f 43/1000/43 29/1003/29 27/1001/27
f 180/1054/180 168/1063/168 173/1060/173
f 166/1008/166 178/1061/178 184/1052/184
f 172/1062/172 169/1059/169 194/1055/194
f 165/1011/165 180/1054/180 173/1060/173
f 180/1054/180 80/1020/80 525/1064/525
f 142/837/142 50/832/50 191/838/191
f 142/246/142 170/255/170 197/256/197
f 169/1059/169 185/1065/185 182/1058/182
f 190/1066/190 180/1054/180 525/1064/525
f 197/1600/197 170/1601/170 59/1602/59
f 169/1059/169 181/1053/181 185/1065/185
f 190/1603/190 168/1604/168 180/1605/180
f 55/1596/55 186/1598/186 175/1599/175
f 80/1020/80 75/1019/75 525/1064/525
f 176/987/176 186/989/186 192/990/192
f 184/1052/184 178/1061/178 205/1067/205
f 2/219/2 193/236/193 179/257/179
f 1393/985/1393 51/984/51 1597/991/1597
f 503/865/503 27/848/27 36/847/36
f 183/863/183 55/864/55 174/853/174
f 142/246/142 197/256/197 140/250/140
f 184/1052/184 205/1067/205 181/1053/181
f 178/1061/178 198/1068/198 205/1067/205
f 187/1606/187 285/1607/285 1589/1608/1589
f 508/220/508 179/257/179 513/258/513
f 173/1060/173 168/1063/168 190/1066/190
f 1599/1610/1599 177/1611/177 176/1612/176
f 203/1621/203 195/1622/195 179/1623/179
f 286/988/286 176/987/176 192/990/192
f 182/1058/182 185/1065/185 202/1069/202
f 185/1065/185 204/1070/204 202/1069/202
f 191/838/191 59/839/59 170/836/170
f 195/1622/195 208/1624/208 513/1625/513
f 178/1061/178 173/1060/173 198/1068/198
f 205/1067/205 185/1065/185 181/1053/181
f 197/256/197 255/259/255 428/260/428
f 199/1071/199 206/1072/206 223/1073/223
f 193/236/193 203/261/203 179/257/179
f 185/1065/185 205/1067/205 204/1070/204
f 1589/992/1589 176/987/176 187/986/187
f 2/219/2 179/257/179 508/220/508
f 179/1623/179 195/1622/195 513/1625/513
f 182/1058/182 202/1069/202 59/1056/59
f 208/262/208 195/263/195 253/4801/253
f 203/1621/203 253/1626/253 195/1622/195
f 200/1628/200 59/1629/59 202/1630/202
f 190/1066/190 664/1074/664 523/1075/523
f 200/1076/200 202/1069/202 207/1077/207
f 206/1072/206 214/1078/214 223/1073/223
f 208/262/208 201/265/201 209/266/209
f 210/267/210 188/268/188 193/236/193
f 59/1629/59 200/1628/200 197/1631/197
f 197/256/197 428/260/428 140/250/140
f 190/1066/190 206/1072/206 173/1060/173
f 204/1070/204 205/1067/205 221/1079/221
f 198/1068/198 199/1071/199 205/1067/205
f 199/1632/199 198/1633/198 173/1634/173
f 173/1060/173 206/1072/206 199/1071/199
f 199/1071/199 221/1079/221 205/1067/205
f 213/269/213 631/270/631 632/271/632
f 189/1635/189 2379/1636/2379 218/1637/218
f 201/265/201 253/4801/253 267/272/267
f 190/1066/190 523/1075/523 206/1072/206
f 204/1070/204 221/1079/221 216/1080/216
f 668/273/668 209/266/209 201/265/201
f 220/229/220 621/274/621 213/269/213
f 207/1077/207 202/1069/202 204/1070/204
f 193/236/193 31/237/31 45/239/45
f 218/1637/218 213/1638/213 189/1635/189
f 260/275/260 211/276/211 252/277/252
f 137/241/137 266/243/266 45/239/45
f 45/239/45 260/275/260 210/267/210
f 255/1644/255 251/1645/251 215/1646/215
f 204/1070/204 216/1080/216 219/1081/219
f 220/229/220 147/252/147 621/274/621
f 213/1648/213 621/1649/621 212/1650/212
f 630/1639/630 2381/1640/2381 189/1635/189
f 188/268/188 203/261/203 193/236/193
f 147/1651/147 212/1650/212 621/1649/621
f 193/236/193 45/239/45 210/267/210
f 207/1077/207 219/1081/219 257/1082/257
f 255/1083/255 197/1084/197 200/1076/200
f 220/229/220 213/269/213 632/271/632
f 221/1079/221 199/1071/199 224/1085/224
f 219/1081/219 207/1077/207 204/1070/204
f 260/275/260 45/239/45 266/243/266
f 221/1079/221 222/1086/222 216/1080/216
f 200/1076/200 207/1077/207 256/1087/256
f 228/1652/228 226/1653/226 231/1654/231
f 344/1657/344 231/1658/231 421/1659/421
f 199/1071/199 223/1073/223 224/1085/224
f 232/1655/232 228/1652/228 231/1654/231
f 216/1080/216 222/1086/222 219/1081/219
f 243/1666/243 231/1667/231 227/1668/227
f 229/1660/229 231/1658/231 344/1657/344
f 237/1669/237 235/1670/235 232/1671/232
f 290/1675/290 226/1676/226 228/1677/228
f 241/1685/241 227/1686/227 230/1687/230
f 242/1689/242 241/1690/241 230/1691/230
f 227/1420/227 231/1421/231 229/1422/229
f 287/1678/287 290/1675/290 1791/1679/1791
f 230/1423/230 227/1420/227 106/1409/106
f 108/1419/108 230/1423/230 233/1411/233
f 230/1423/230 106/1409/106 233/1411/233
f 108/1696/108 242/1697/242 230/1698/230
f 235/1670/235 228/1672/228 232/1671/232
f 652/1088/652 225/1089/225 223/1073/223
f 228/1677/228 235/1680/235 290/1675/290
f 244/1692/244 242/1689/242 667/1693/667
f 237/1699/237 666/1700/666 235/1701/235
f 242/1703/242 108/1704/108 239/1705/239
f 667/1709/667 242/1710/242 238/1711/238
f 232/1671/232 243/1673/243 237/1669/237
f 240/1706/240 239/1705/239 245/1707/245
f 243/1656/243 232/1655/232 231/1654/231
f 229/1422/229 106/1409/106 227/1420/227
f 227/1686/227 241/1685/241 243/1688/243
f 377/54/377 153/52/153 245/81/245
f 240/1706/240 242/1703/242 239/1705/239
f 246/1708/246 240/1706/240 245/1707/245
f 247/1712/247 242/1713/242 240/1714/240
f 247/1712/247 238/1715/238 242/1713/242
f 247/82/247 248/83/248 238/84/238
f 247/1712/247 240/1714/240 246/1716/246
f 242/1689/242 244/1692/244 241/1690/241
f 241/1690/241 236/1694/236 243/1695/243
f 246/1589/246 245/1591/245 153/1590/153
f 244/1692/244 236/1694/236 241/1690/241
f 1959/85/1959 1960/86/1960 248/83/248
f 246/87/246 150/56/150 161/68/161
f 248/83/248 667/88/667 238/84/238
f 236/1694/236 244/1692/244 667/1693/667
f 161/68/161 249/89/249 247/82/247
f 247/82/247 246/87/246 161/68/161
f 249/89/249 248/83/248 247/82/247
f 674/76/674 249/89/249 161/68/161
f 248/83/248 249/89/249 1959/85/1959
f 1960/86/1960 667/88/667 248/83/248
f 221/1079/221 224/1085/224 222/1086/222
f 223/1073/223 225/1089/225 224/1085/224
f 259/278/259 263/279/263 753/280/753
f 652/1088/652 657/1090/657 648/1091/648
f 225/1089/225 222/1086/222 224/1085/224
f 200/1076/200 251/1092/251 255/1083/255
f 274/281/274 217/282/217 211/276/211
f 260/275/260 266/243/266 265/283/265
f 217/282/217 188/268/188 211/276/211
f 256/1087/256 251/1092/251 200/1076/200
f 188/268/188 253/264/253 203/261/203
f 257/1082/257 268/1093/268 234/1094/234
f 207/1077/207 257/1082/257 256/1087/256
f 257/1082/257 222/1086/222 258/1095/258
f 256/1087/256 257/1082/257 234/1094/234
f 253/4801/253 201/265/201 208/262/208
f 210/267/210 252/277/252 188/268/188
f 679/284/679 749/285/749 209/266/209
f 201/265/201 267/272/267 261/286/261
f 251/1092/251 234/1094/234 263/1096/263
f 251/287/251 263/279/263 259/278/259
f 257/1082/257 219/1081/219 222/1086/222
f 251/1092/251 256/1087/256 234/1094/234
f 259/278/259 215/4802/215 251/287/251
f 268/1093/268 269/1097/269 234/1094/234
f 753/280/753 736/289/736 264/290/264
f 225/1089/225 652/1088/652 254/1098/254
f 257/1082/257 258/1095/258 268/1093/268
f 668/273/668 201/265/201 270/4803/270
f 254/1098/254 652/1088/652 648/1091/648
f 171/242/171 265/283/265 266/243/266
f 753/280/753 264/290/264 259/278/259
f 258/1095/258 222/1086/222 225/1089/225
f 260/275/260 252/277/252 210/267/210
f 217/1717/217 267/1718/267 253/1719/253
f 253/264/253 188/268/188 217/282/217
f 435/4804/435 423/4805/423 273/294/273
f 265/283/265 415/295/415 260/275/260
f 252/277/252 211/276/211 188/268/188
f 263/1096/263 275/1099/275 279/1100/279
f 263/1096/263 234/1094/234 275/1099/275
f 269/1097/269 268/1093/268 277/1101/277
f 258/1095/258 277/1101/277 268/1093/268
f 225/1089/225 254/1098/254 258/1095/258
f 269/1097/269 275/1099/275 234/1094/234
f 272/1102/272 271/1103/271 282/1104/282
f 277/1101/277 258/1095/258 272/1102/272
f 258/1095/258 588/1105/588 271/1103/271
f 271/1103/271 272/1102/272 258/1095/258
f 415/295/415 418/296/418 274/281/274
f 275/1099/275 269/1097/269 276/1106/276
f 254/1723/254 588/1724/588 258/1725/258
f 423/4805/423 265/283/265 273/294/273
f 279/297/279 753/280/753 263/279/263
f 269/1097/269 277/1101/277 276/1106/276
f 1123/1107/1123 276/1106/276 278/1108/278
f 1113/1109/1113 586/1110/586 280/1111/280
f 1114/1112/1114 1113/1109/1113 280/1111/280
f 282/1104/282 271/1103/271 281/1113/281
f 732/1726/732 753/1727/753 279/1728/279
f 275/1099/275 276/1106/276 1123/1107/1123
f 276/1106/276 277/1101/277 278/1108/278
f 272/1102/272 282/1104/282 277/1101/277
f 586/1110/586 281/1113/281 592/1114/592
f 1122/1115/1122 1123/1107/1123 278/1108/278
f 282/1104/282 281/1113/281 1113/1109/1113
f 282/1104/282 1113/1109/1113 278/1108/278
f 277/1101/277 282/1104/282 278/1108/278
f 588/1105/588 281/1113/281 271/1103/271
f 1113/1109/1113 281/1113/281 586/1110/586
f 424/866/424 289/867/289 292/868/292
f 422/1729/422 445/1730/445 448/1731/448
f 286/1681/286 290/1675/290 287/1678/287
f 292/868/292 284/869/284 424/866/424
f 286/1681/286 226/1676/226 290/1675/290
f 192/990/192 288/993/288 286/988/286
f 309/4819/309 298/871/298 620/872/620
f 298/871/298 301/873/301 614/874/614
f 613/875/613 620/872/620 298/871/298
f 304/1742/304 300/1743/300 303/1744/303
f 306/1745/306 303/1744/303 293/1746/293
f 599/876/599 608/877/608 424/866/424
f 285/1766/285 286/1767/286 287/1768/287
f 303/1744/303 306/1745/306 310/1747/310
f 300/878/300 614/874/614 293/879/293
f 293/879/293 303/880/303 300/878/300
f 299/1748/299 313/1749/313 296/1750/296
f 304/1742/304 303/1744/303 453/1751/453
f 309/1770/309 301/1771/301 298/1772/298
f 311/90/311 305/91/305 314/92/314
f 614/874/614 299/881/299 293/879/293
f 294/1752/294 297/1753/297 309/1754/309
f 293/1746/293 296/1750/296 306/1745/306
f 294/1752/294 311/1755/311 297/1753/297
f 301/873/301 299/881/299 614/874/614
f 302/93/302 305/91/305 311/90/311
f 309/870/309 299/881/299 301/873/301
f 299/1748/299 309/1754/309 297/1753/297
f 69/1326/69 315/1343/315 317/1344/317
f 623/37/623 317/36/317 302/93/302
f 296/1750/296 293/1746/293 299/1748/299
f 308/94/308 311/90/311 314/92/314
f 300/878/300 304/882/304 608/877/608
f 319/1345/319 314/1346/314 305/1347/305
f 312/883/312 318/884/318 313/4820/313
f 297/1753/297 312/1756/312 299/1748/299
f 319/1345/319 321/1348/321 314/1346/314
f 310/1773/310 307/1774/307 465/1775/465
f 317/1344/317 319/1345/319 305/1347/305
f 296/1776/296 316/1777/316 322/1778/322
f 322/886/322 310/887/310 306/888/306
f 302/93/302 317/36/317 305/91/305
f 318/1779/318 323/1780/323 313/1781/313
f 322/886/322 307/889/307 310/887/310
f 313/885/313 316/890/316 296/4821/296
f 347/892/347 495/893/495 320/894/320
f 347/892/347 320/894/320 316/890/316
f 312/883/312 325/895/325 318/884/318
f 308/94/308 297/95/297 311/90/311
f 335/896/335 339/897/339 501/861/501
f 297/95/297 308/94/308 312/96/312
f 328/1349/328 325/1350/325 321/1348/321
f 331/898/331 347/892/347 323/899/323
f 321/1348/321 325/1350/325 308/1351/308
f 470/1757/470 451/1758/451 455/1759/455
f 325/1350/325 312/1352/312 308/1351/308
f 321/1348/321 308/1351/308 314/1346/314
f 350/1378/350 319/1379/319 326/1373/326
f 324/900/324 318/884/318 325/895/325
f 322/886/322 306/888/306 296/891/296
f 320/894/320 495/893/495 307/889/307
f 299/1748/299 312/1756/312 313/1749/313
f 315/1343/315 319/1345/319 317/1344/317
f 320/894/320 307/889/307 322/886/322
f 333/4822/333 331/898/331 329/902/329
f 324/900/324 329/902/329 323/899/323
f 331/898/331 323/899/323 329/902/329
f 326/1373/326 319/1379/319 315/1374/315
f 316/890/316 320/894/320 322/886/322
f 327/1353/327 328/1349/328 350/1354/350
f 350/1354/350 328/1349/328 321/1348/321
f 323/899/323 316/890/316 313/885/313
f 495/893/495 492/903/492 307/889/307
f 328/904/328 324/900/324 325/895/325
f 323/899/323 347/892/347 316/890/316
f 326/1373/326 83/1377/83 350/1378/350
f 319/1379/319 350/1378/350 321/1380/321
f 493/905/493 497/906/497 330/907/330
f 332/908/332 353/909/353 328/904/328
f 350/1354/350 83/1330/83 89/1332/89
f 327/1353/327 350/1354/350 89/1332/89
f 337/910/337 493/905/493 330/907/330
f 353/909/353 329/902/329 324/900/324
f 324/900/324 328/904/328 353/909/353
f 330/907/330 341/911/341 337/910/337
f 323/1780/323 318/1779/318 324/1782/324
f 105/1333/105 332/1355/332 89/1332/89
f 501/861/501 338/912/338 335/896/335
f 333/4822/333 340/913/340 331/898/331
f 338/912/338 337/910/337 341/911/341
f 343/914/343 345/915/345 334/4823/334
f 339/1783/339 334/1784/334 346/1785/346
f 341/911/341 352/917/352 336/918/336
f 352/917/352 341/911/341 330/907/330
f 330/907/330 492/903/492 495/893/495
f 335/896/335 341/911/341 339/897/339
f 356/855/356 342/919/342 95/920/95
f 346/1785/346 334/1784/334 345/1786/345
f 347/892/347 352/917/352 495/893/495
f 492/903/492 330/907/330 497/906/497
f 347/892/347 340/913/340 352/917/352
f 352/917/352 330/907/330 495/893/495
f 354/921/354 334/4823/334 352/917/352
f 354/1790/354 340/1791/340 333/1792/333
f 331/898/331 340/913/340 347/892/347
f 343/914/343 333/901/333 342/919/342
f 353/1794/353 342/1795/342 329/1796/329
f 95/920/95 94/858/94 356/855/356
f 352/1793/352 340/1791/340 354/1790/354
f 344/1800/344 345/1801/345 349/1802/349
f 327/1353/327 89/1332/89 332/1355/332
f 343/914/343 342/919/342 356/855/356
f 344/1657/344 346/1661/346 345/1662/345
f 106/1663/106 344/1657/344 349/1664/349
f 341/911/341 335/896/335 338/912/338
f 328/1349/328 327/1353/327 332/1355/332
f 229/1660/229 344/1657/344 106/1663/106
f 421/1787/421 339/1783/339 346/1785/346
f 334/4823/334 336/918/336 352/917/352
f 353/1794/353 332/1797/332 95/1798/95
f 357/860/357 355/856/355 94/858/94
f 95/1798/95 342/1795/342 353/1794/353
f 356/1803/356 96/1804/96 348/1805/348
f 333/901/333 343/914/343 354/921/354
f 348/1807/348 349/1808/349 345/1809/345
f 357/1810/357 358/1811/358 355/1812/355
f 348/1813/348 345/1814/345 343/1815/343
f 363/1816/363 358/1817/358 357/1818/357
f 362/1356/362 361/1342/361 359/1338/359
f 348/1805/348 343/1806/343 356/1803/356
f 342/1795/342 333/1799/333 329/1796/329
f 361/1342/361 363/1357/363 351/1334/351
f 341/1819/341 336/1820/336 334/1821/334
f 344/1657/344 421/1659/421 346/1661/346
f 91/1358/91 360/1359/360 368/1340/368
f 363/1357/363 357/1335/357 351/1334/351
f 364/1360/364 362/1356/362 365/1361/365
f 369/1362/369 362/1356/362 370/1363/370
f 96/1433/96 349/1432/349 348/1434/348
f 365/1361/365 366/1341/366 360/1359/360
f 362/1356/362 363/1357/363 361/1342/361
f 363/1357/363 367/1364/367 358/1365/358
f 528/1366/528 372/1367/372 373/1368/373
f 528/1366/528 91/1358/91 41/1369/41
f 366/1341/366 365/1361/365 359/1338/359
f 528/1366/528 41/1369/41 529/1370/529
f 362/1356/362 369/1362/369 363/1357/363
f 360/1359/360 373/1368/373 365/1361/365
f 373/1368/373 364/1360/364 365/1361/365
f 373/1368/373 91/1358/91 528/1366/528
f 373/1368/373 360/1359/360 91/1358/91
f 365/1361/365 362/1356/362 359/1338/359
f 362/1356/362 364/1360/364 370/1363/370
f 374/1371/374 370/1363/370 364/1360/364
f 372/1367/372 364/1360/364 373/1368/373
f 367/1364/367 363/1357/363 369/1362/369
f 366/1341/366 368/1340/368 360/1359/360
f 384/4799/384 372/98/372 385/99/385
f 369/100/369 371/101/371 367/102/367
f 372/1367/372 374/1371/374 364/1360/364
f 384/1372/384 374/1371/374 372/1367/372
f 379/103/379 382/104/382 383/53/383
f 371/101/371 375/4800/375 367/102/367
f 376/106/376 377/54/377 104/107/104
f 528/108/528 385/99/385 372/98/372
f 375/105/375 376/106/376 104/107/104
f 375/1822/375 371/1823/371 376/1824/376
f 379/1825/379 376/1824/376 371/1823/371
f 369/1362/369 370/1363/370 374/1371/374
f 380/109/380 369/100/369 374/110/374
f 374/110/374 388/111/388 380/109/380
f 384/97/384 388/111/388 374/110/374
f 369/100/369 379/103/379 371/101/371
f 376/106/376 383/53/383 377/54/377
f 380/109/380 379/103/379 369/100/369
f 376/106/376 379/103/379 383/53/383
f 378/112/378 380/109/380 388/111/388
f 527/113/527 385/99/385 528/108/528
f 380/109/380 378/112/378 379/103/379
f 158/63/158 382/104/382 378/112/378
f 388/111/388 384/97/384 389/114/389
f 379/103/379 378/112/378 382/104/382
f 389/1826/389 384/1827/384 386/1828/386
f 385/1587/385 381/1582/381 386/1581/386
f 384/4799/384 385/99/385 386/72/386
f 389/1826/389 386/1828/386 149/1829/149
f 149/59/149 154/58/154 387/64/387
f 339/897/339 341/911/341 334/916/334
f 149/59/149 387/64/387 389/114/389
f 288/1788/288 339/1783/339 421/1787/421
f 387/64/387 378/112/378 388/111/388
f 387/64/387 158/63/158 378/112/378
f 381/66/381 385/99/385 524/115/524
f 354/921/354 343/914/343 334/4823/334
f 196/456/196 555/457/555 390/458/390
f 390/458/390 393/459/393 196/456/196
f 396/460/396 444/461/444 394/462/394
f 389/114/389 387/64/387 388/111/388
f 392/463/392 393/459/393 391/464/391
f 393/459/393 412/465/412 196/456/196
f 196/456/196 412/465/412 735/466/735
f 391/464/391 397/467/397 392/463/392
f 394/462/394 397/467/397 391/464/391
f 392/463/392 408/468/408 395/469/395
f 412/465/412 393/459/393 392/463/392
f 399/470/399 402/471/402 401/472/401
f 743/473/743 555/457/555 196/456/196
f 412/465/412 395/469/395 401/472/401
f 398/474/398 408/468/408 397/467/397
f 554/475/554 429/476/429 394/462/394
f 396/460/396 429/476/429 283/477/283
f 394/462/394 429/476/429 396/460/396
f 412/465/412 392/463/392 395/469/395
f 408/468/408 398/474/398 457/478/457
f 394/462/394 398/474/398 397/467/397
f 401/472/401 395/469/395 405/479/405
f 444/461/444 398/474/398 394/462/394
f 401/472/401 717/480/717 412/465/412
f 444/461/444 457/478/457 398/474/398
f 408/468/408 405/479/405 395/469/395
f 390/458/390 391/464/391 393/459/393
f 397/467/397 408/468/408 392/463/392
f 399/470/399 401/472/401 405/479/405
f 709/481/709 717/480/717 402/471/402
f 391/464/391 549/482/549 554/475/554
f 402/471/402 717/480/717 401/472/401
f 405/479/405 403/483/403 414/484/414
f 414/484/414 403/483/403 409/485/409
f 408/468/408 411/486/411 400/487/400
f 408/468/408 404/488/404 411/486/411
f 394/462/394 391/464/391 554/475/554
f 414/484/414 420/489/420 406/490/406
f 409/1830/409 420/1831/420 414/1832/414
f 407/491/407 400/487/400 411/486/411
f 407/491/407 403/483/403 400/487/400
f 399/470/399 405/479/405 414/484/414
f 201/1833/201 261/1834/261 270/1835/270
f 709/481/709 414/484/414 406/490/406
f 403/483/403 405/479/405 400/487/400
f 404/488/404 408/468/408 457/478/457
f 414/484/414 402/471/402 399/470/399
f 709/481/709 402/471/402 414/484/414
f 406/1836/406 561/1837/561 410/1838/410
f 420/489/420 561/492/561 406/490/406
f 409/485/409 407/491/407 417/493/417
f 408/468/408 400/487/400 405/479/405
f 432/1720/432 217/1717/217 274/1721/274
f 416/494/416 566/495/566 413/496/413
f 410/497/410 671/498/671 406/490/406
f 482/822/482 413/824/413 407/825/407
f 413/496/413 483/446/483 416/494/416
f 432/298/432 261/286/261 267/272/267
f 423/293/423 418/296/418 415/295/415
f 424/866/424 284/869/284 426/922/426
f 265/1839/265 423/1840/423 415/1841/415
f 284/1732/284 445/1730/445 295/1733/295
f 415/295/415 274/281/274 211/276/211
f 420/489/420 417/493/417 566/495/566
f 403/483/403 407/491/407 409/485/409
f 339/897/339 192/862/192 501/861/501
f 411/486/411 482/499/482 407/491/407
f 175/923/175 57/850/57 55/864/55
f 428/260/428 435/292/435 140/250/140
f 288/1788/288 192/1789/192 339/1783/339
f 295/1733/295 445/1730/445 422/1729/422
f 417/493/417 420/489/420 409/485/409
f 159/1842/159 2123/1843/2123 154/1844/154
f 407/491/407 413/496/413 417/493/417
f 217/1717/217 432/1720/432 267/1718/267
f 421/1659/421 231/1658/231 226/1665/226
f 594/1846/594 599/1847/599 426/1848/426
f 226/1676/226 286/1681/286 288/1682/288
f 561/492/561 420/489/420 566/495/566
f 599/1847/599 424/1849/424 426/1848/426
f 292/1760/292 289/1761/289 453/1751/453
f 417/493/417 413/496/413 566/495/566
f 288/1682/288 421/1683/421 226/1676/226
f 171/242/171 273/294/273 265/283/265
f 415/295/415 211/276/211 260/275/260
f 284/869/284 292/868/292 445/924/445
f 419/1850/419 273/1851/273 171/1852/171
f 284/1732/284 295/1733/295 291/1734/291
f 291/1734/291 426/1735/426 284/1732/284
f 425/1854/425 422/1855/422 283/1856/283
f 422/1729/422 427/1736/427 295/1733/295
f 594/1857/594 426/1858/426 543/1859/543
f 283/1737/283 422/1729/422 443/1738/443
f 426/1860/426 558/1861/558 543/1862/543
f 427/1864/427 291/1865/291 295/1866/295
f 419/1850/419 435/1853/435 273/1851/273
f 422/1729/422 425/1739/425 427/1736/427
f 430/1457/430 544/1458/544 552/1455/552
f 261/286/261 432/298/432 683/299/683
f 669/116/669 438/75/438 441/117/441
f 529/118/529 439/119/439 527/113/527
f 2335/120/2335 442/121/442 434/122/434
f 2152/123/2152 675/78/675 438/75/438
f 669/1874/669 437/1875/437 436/1876/436
f 669/1874/669 441/1877/441 437/1875/437
f 437/124/437 152/60/152 517/62/517
f 442/121/442 433/125/433 436/126/436
f 433/125/433 442/121/442 2335/120/2335
f 152/60/152 441/117/441 438/75/438
f 437/124/437 441/117/441 152/60/152
f 422/1729/422 448/1731/448 443/1738/443
f 443/500/443 396/460/396 283/477/283
f 447/1880/447 443/1881/443 448/1882/448
f 396/460/396 443/500/443 447/501/447
f 448/1883/448 446/1884/446 447/1885/447
f 304/1742/304 453/1751/453 289/1761/289
f 445/924/445 292/868/292 450/925/450
f 461/502/461 447/501/447 446/503/446
f 461/502/461 449/504/449 447/501/447
f 419/300/419 138/247/138 140/250/140
f 396/460/396 447/501/447 449/504/449
f 445/924/445 452/926/452 448/927/448
f 396/460/396 449/504/449 444/461/444
f 419/300/419 171/242/171 138/247/138
f 442/121/442 440/127/440 434/122/434
f 453/928/453 450/925/450 292/868/292
f 453/1751/453 303/1744/303 310/1747/310
f 450/1762/450 454/1763/454 452/1764/452
f 448/927/448 452/926/452 459/929/459
f 437/124/437 519/128/519 442/121/442
f 453/1751/453 454/1763/454 450/1762/450
f 459/929/459 462/930/462 446/931/446
f 448/927/448 459/929/459 446/931/446
f 445/924/445 450/925/450 452/926/452
f 454/1763/454 455/1759/455 451/1758/451
f 452/1764/452 454/1763/454 451/1758/451
f 470/932/470 465/933/465 471/934/471
f 310/1747/310 470/1757/470 455/1759/455
f 455/1759/455 454/1763/454 453/1751/453
f 453/1751/453 310/1747/310 455/1759/455
f 456/935/456 459/929/459 451/936/451
f 470/1757/470 310/1747/310 465/1765/465
f 451/1886/451 459/1887/459 452/1888/452
f 462/930/462 463/937/463 458/938/458
f 470/932/470 456/935/456 451/936/451
f 461/502/461 460/505/460 449/504/449
f 449/504/449 404/488/404 457/478/457
f 517/62/517 521/129/521 519/128/519
f 444/461/444 449/504/449 457/478/457
f 464/939/464 458/938/458 463/937/463
f 449/504/449 460/505/460 404/488/404
f 458/506/458 460/505/460 461/502/461
f 462/930/462 458/938/458 461/940/461
f 446/931/446 462/930/462 461/940/461
f 473/507/473 460/505/460 464/508/464
f 464/508/464 460/505/460 458/506/458
f 468/941/468 472/942/472 463/937/463
f 462/930/462 468/941/468 463/937/463
f 475/943/475 472/942/472 468/941/468
f 459/929/459 468/941/468 462/930/462
f 465/933/465 307/889/307 471/934/471
f 467/944/467 475/943/475 468/941/468
f 471/934/471 456/935/456 470/932/470
f 456/935/456 467/944/467 468/941/468
f 459/929/459 456/935/456 468/941/468
f 404/488/404 460/505/460 466/509/466
f 478/1889/478 473/1890/473 464/1891/464
f 471/934/471 469/945/469 467/944/467
f 479/946/479 469/945/469 471/934/471
f 456/935/456 471/934/471 467/944/467
f 464/939/464 463/937/463 472/942/472
f 411/486/411 404/488/404 466/509/466
f 307/889/307 492/903/492 471/934/471
f 473/507/473 466/509/466 460/505/460
f 473/507/473 498/510/498 474/511/474
f 476/512/476 498/510/498 473/507/473
f 466/509/466 473/507/473 474/511/474
f 466/509/466 474/511/474 411/486/411
f 472/942/472 478/947/478 464/939/464
f 471/934/471 492/903/492 479/946/479
f 473/1890/473 478/1889/478 476/1892/476
f 477/1893/477 476/1894/476 478/1895/478
f 487/948/487 478/947/478 472/942/472
f 477/513/477 488/514/488 476/512/476
f 488/514/488 477/513/477 481/515/481
f 478/1895/478 487/1896/487 480/1897/480
f 478/1895/478 480/1897/480 477/1893/477
f 488/514/488 498/510/498 476/512/476
f 477/513/477 480/516/480 481/515/481
f 411/486/411 474/511/474 482/499/482
f 474/511/474 498/510/498 482/499/482
f 486/949/486 490/950/490 487/948/487
f 486/949/486 487/948/487 475/943/475
f 491/449/491 40/447/40 484/517/484
f 472/942/472 475/943/475 487/948/487
f 491/449/491 484/517/484 498/510/498
f 490/950/490 480/951/480 487/948/487
f 494/518/494 491/449/491 488/514/488
f 481/515/481 489/519/489 511/520/511
f 486/949/486 475/943/475 469/945/469
f 482/499/482 498/510/498 484/517/484
f 482/499/482 40/447/40 483/446/483
f 482/499/482 484/517/484 40/447/40
f 507/952/507 496/953/496 500/954/500
f 485/955/485 500/954/500 486/949/486
f 490/950/490 499/956/499 503/865/503
f 485/955/485 486/949/486 469/945/469
f 511/520/511 494/518/494 481/515/481
f 494/518/494 488/514/488 481/515/481
f 490/950/490 486/949/486 496/953/496
f 492/903/492 497/906/497 479/946/479
f 469/945/469 475/943/475 467/944/467
f 486/949/486 500/954/500 496/953/496
f 490/950/490 503/865/503 480/951/480
f 479/946/479 485/955/485 469/945/469
f 491/449/491 494/518/494 20/454/20
f 488/514/488 491/449/491 498/510/498
f 480/516/480 489/519/489 481/515/481
f 20/454/20 494/518/494 511/520/511
f 493/905/493 485/955/485 497/906/497
f 183/863/183 509/957/509 502/958/502
f 480/951/480 503/865/503 489/959/489
f 493/905/493 500/954/500 485/955/485
f 479/946/479 497/906/497 485/955/485
f 502/958/502 509/957/509 507/952/507
f 489/959/489 503/865/503 36/847/36
f 496/953/496 499/956/499 490/950/490
f 499/956/499 496/953/496 507/952/507
f 38/1898/38 503/1899/503 499/1900/499
f 338/912/338 502/958/502 337/910/337
f 502/958/502 493/905/493 337/910/337
f 503/1004/503 38/1002/38 27/1001/27
f 509/1594/509 174/1593/174 60/1595/60
f 338/912/338 183/863/183 502/958/502
f 506/301/506 2180/302/2180 505/303/505
f 505/303/505 512/304/512 506/301/506
f 208/262/208 209/266/209 746/305/746
f 504/306/504 208/262/208 746/305/746
f 513/258/513 504/306/504 514/307/514
f 2192/1901/2192 512/1902/512 505/1903/505
f 502/958/502 507/952/507 500/954/500
f 499/956/499 507/952/507 60/852/60
f 508/220/508 513/258/513 514/307/514
f 512/304/512 504/306/504 746/305/746
f 208/1624/208 504/1627/504 513/1625/513
f 2226/308/2226 504/306/504 512/304/512
f 510/1908/510 508/1909/508 516/1910/516
f 512/304/512 2192/309/2192 2226/308/2226
f 515/226/515 510/225/510 516/310/516
f 502/958/502 500/954/500 493/905/493
f 746/305/746 506/301/506 512/304/512
f 338/912/338 501/861/501 183/863/183
f 506/301/506 746/305/746 1310/311/1310
f 683/299/683 432/298/432 56/312/56
f 516/1910/516 514/1911/514 670/1912/670
f 507/952/507 509/957/509 60/852/60
f 670/1912/670 672/1913/672 516/1910/516
f 514/1911/514 2408/1914/2408 670/1912/670
f 514/307/514 504/306/504 2226/308/2226
f 511/1922/511 489/1923/489 20/1924/20
f 672/313/672 515/226/515 516/310/516
f 508/1909/508 514/1911/514 516/1910/516
f 672/1925/672 670/1926/670 2403/1927/2403
f 215/288/215 435/292/435 428/260/428
f 2226/1915/2226 2408/1914/2408 514/1911/514
f 672/313/672 624/314/624 515/226/515
f 435/1929/435 215/1930/215 423/1931/423
f 437/124/437 442/121/442 436/126/436
f 428/1647/428 255/1644/255 215/1646/215
f 56/312/56 432/298/432 418/296/418
f 518/315/518 418/296/418 423/293/423
f 442/121/442 519/128/519 440/127/440
f 693/316/693 518/315/518 264/290/264
f 525/1064/525 75/1019/75 664/1074/664
f 274/1721/274 418/1722/418 432/1720/432
f 518/315/518 259/278/259 264/290/264
f 190/1066/190 525/1064/525 664/1074/664
f 419/300/419 140/250/140 435/292/435
f 264/290/264 736/289/736 693/316/693
f 693/316/693 736/289/736 690/317/690
f 418/296/418 518/315/518 693/316/693
f 521/129/521 440/127/440 519/128/519
f 524/115/524 517/62/517 381/66/381
f 518/315/518 215/4802/215 259/278/259
f 527/113/527 526/130/526 524/115/524
f 521/408/521 520/403/520 440/405/440
f 519/128/519 437/124/437 517/62/517
f 521/129/521 517/62/517 526/130/526
f 520/131/520 521/129/521 526/130/526
f 526/130/526 517/62/517 524/115/524
f 250/1116/250 665/1117/665 664/1074/664
f 518/315/518 423/293/423 215/4802/215
f 693/316/693 56/312/56 418/296/418
f 527/1932/527 528/1933/528 529/1934/529
f 524/115/524 385/99/385 527/113/527
f 527/113/527 439/119/439 526/130/526
f 520/403/520 12/406/12 17/404/17
f 526/130/526 439/119/439 520/131/520
f 439/119/439 12/15/12 520/131/520
f 439/119/439 529/118/529 530/16/530
f 530/16/530 12/15/12 439/119/439
f 75/1019/75 71/1018/71 664/1074/664
f 41/48/41 530/16/530 529/118/529
f 192/862/192 55/864/55 183/863/183
f 177/994/177 186/989/186 176/987/176
f 177/994/177 175/995/175 186/989/186
f 58/18/58 530/16/530 41/48/41
f 285/1935/285 187/1936/187 286/1937/286
f 177/994/177 1591/996/1591 175/995/175
f 1589/1608/1589 285/1607/285 1590/1609/1590
f 1597/991/1597 51/984/51 1591/996/1591
f 72/1016/72 250/1116/250 664/1074/664
f 287/1768/287 1590/1769/1590 285/1766/285
f 532/1459/532 1086/1460/1086 533/1461/533
f 1124/4833/1124 537/1463/537 531/1464/531
f 538/1465/538 535/1466/535 1124/1462/1124
f 1119/1467/1119 532/1459/532 537/1463/537
f 1124/4833/1124 1119/1467/1119 537/1463/537
f 532/1459/532 534/1468/534 537/1463/537
f 1124/1938/1124 531/1939/531 538/1940/538
f 534/1468/534 533/1461/533 536/1448/536
f 116/1444/116 536/1448/536 533/1461/533
f 531/1939/531 537/1941/537 538/1940/538
f 757/1942/757 1124/1943/1124 535/1944/535
f 546/1469/546 541/1470/541 539/1471/539
f 533/1461/533 534/1468/534 532/1459/532
f 537/1463/537 534/1468/534 546/1469/546
f 538/1465/538 546/1469/546 539/1471/539
f 534/1468/534 536/1448/536 111/1447/111
f 546/1469/546 538/1465/538 537/1463/537
f 535/1944/535 539/1945/539 545/1946/545
f 757/1942/757 542/1947/542 745/1948/745
f 546/1469/546 534/1468/534 111/1447/111
f 118/1453/118 544/1458/544 546/1469/546
f 542/1947/542 545/1946/545 548/1949/548
f 538/1465/538 539/1471/539 535/1466/535
f 540/1950/540 545/1946/545 539/1945/539
f 550/1867/550 541/1868/541 544/1869/544
f 545/1946/545 542/1947/542 757/1942/757
f 544/1458/544 541/1470/541 546/1469/546
f 539/1945/539 541/1951/541 540/1950/540
f 118/1453/118 546/1469/546 111/1447/111
f 535/1944/535 545/1946/545 757/1942/757
f 540/1950/540 547/1952/547 545/1946/545
f 551/521/551 743/473/743 548/522/548
f 544/1869/544 558/1870/558 550/1867/550
f 550/1867/550 558/1870/558 560/1871/560
f 550/1867/550 553/1872/553 541/1868/541
f 541/1951/541 553/1953/553 540/1950/540
f 556/523/556 549/482/549 547/524/547
f 547/1952/547 540/1950/540 556/1954/556
f 431/2032/431 543/2033/543 430/2034/430
f 548/1949/548 545/1946/545 547/1952/547
f 552/1455/552 544/1458/544 118/1453/118
f 553/2037/553 556/2038/556 540/2039/540
f 547/524/547 551/521/551 548/522/548
f 556/523/556 554/475/554 549/482/549
f 556/2038/556 553/2037/553 425/2040/425
f 550/1867/550 560/1871/560 553/1872/553
f 390/458/390 551/521/551 549/482/549
f 551/521/551 547/524/547 549/482/549
f 390/458/390 549/482/549 391/464/391
f 553/1872/553 560/1871/560 427/1864/427
f 72/132/72 68/28/68 522/27/522
f 551/521/551 390/458/390 555/457/555
f 743/473/743 551/521/551 555/457/555
f 72/1016/72 522/1118/522 250/1116/250
f 430/2034/430 543/2033/543 544/2035/544
f 548/522/548 743/473/743 741/525/741
f 671/498/671 557/526/557 710/527/710
f 560/1871/560 291/1865/291 427/1864/427
f 291/1734/291 560/1740/560 558/1741/558
f 554/475/554 425/528/425 429/476/429
f 425/528/425 554/475/554 556/523/556
f 291/1734/291 558/1741/558 426/1735/426
f 559/529/559 416/494/416 23/455/23
f 561/492/561 557/526/557 671/498/671
f 671/498/671 410/497/410 561/492/561
f 283/477/283 429/476/429 425/528/425
f 416/494/416 559/529/559 566/495/566
f 559/529/559 565/530/565 561/492/561
f 23/455/23 1556/531/1556 564/532/564
f 23/455/23 564/532/564 562/533/562
f 559/529/559 23/455/23 562/533/562
f 563/534/563 562/533/562 564/532/564
f 559/529/559 562/533/562 563/534/563
f 23/455/23 483/446/483 15/441/15
f 23/455/23 54/443/54 1556/531/1556
f 567/535/567 262/536/262 565/530/565
f 559/529/559 563/534/563 565/530/565
f 262/536/262 557/526/557 565/530/565
f 23/455/23 416/494/416 483/446/483
f 561/492/561 565/530/565 557/526/557
f 1565/537/1565 567/535/567 563/534/563
f 564/532/564 1565/537/1565 563/534/563
f 565/530/565 563/534/563 567/535/567
f 559/529/559 561/492/561 566/495/566
f 558/1861/558 544/1863/544 543/1862/543
f 425/1873/425 553/1872/553 427/1864/427
f 569/1025/569 129/1038/129 123/1039/123
f 569/1025/569 573/1119/573 576/1120/576
f 127/1121/127 568/1049/568 129/1038/129
f 570/1122/570 280/1111/280 586/1110/586
f 569/1025/569 568/1049/568 127/1121/127
f 127/1121/127 129/1038/129 569/1025/569
f 578/1123/578 574/1124/574 572/1125/572
f 576/1120/576 589/1126/589 569/1025/569
f 573/1119/573 569/1025/569 18/1127/18
f 568/1049/568 569/1025/569 589/1126/589
f 584/1128/584 568/1049/568 589/1126/589
f 582/1129/582 583/1130/583 578/1123/578
f 572/1125/572 574/1124/574 573/1119/573
f 582/1129/582 572/1125/572 1314/1131/1314
f 582/1129/582 1314/1131/1314 696/1132/696
f 571/1133/571 591/1134/591 589/1126/589
f 580/1135/580 592/1114/592 583/1130/583
f 582/1129/582 578/1123/578 572/1125/572
f 578/1123/578 575/1136/575 574/1124/574
f 576/1120/576 573/1119/573 574/1124/574
f 575/1136/575 571/1133/571 574/1124/574
f 583/1130/583 582/1129/582 580/1135/580
f 571/1133/571 589/1126/589 576/1120/576
f 570/1122/570 586/1110/586 580/1135/580
f 587/1137/587 575/1136/575 585/1138/585
f 576/1120/576 574/1124/574 571/1133/571
f 585/1138/585 575/1136/575 578/1123/578
f 579/1139/579 578/1123/578 583/1130/583
f 571/1133/571 575/1136/575 587/1137/587
f 586/1110/586 592/1114/592 580/1135/580
f 585/1138/585 579/1139/579 590/1140/590
f 592/1114/592 590/1140/590 579/1139/579
f 577/1043/577 568/1049/568 584/1128/584
f 639/1141/639 581/1050/581 577/1043/577
f 588/1105/588 595/1142/595 590/1140/590
f 584/1128/584 589/1126/589 591/1134/591
f 583/1130/583 592/1114/592 579/1139/579
f 591/2041/591 587/2042/587 642/2043/642
f 579/1139/579 585/1138/585 578/1123/578
f 588/1105/588 590/1140/590 592/1114/592
f 133/1472/133 597/1456/597 132/1454/132
f 597/1456/597 430/1457/430 552/1455/552
f 577/1043/577 584/1128/584 639/1141/639
f 595/2044/595 641/2045/641 585/2046/585
f 587/2042/587 585/2046/585 641/2045/641
f 128/1452/128 133/1472/133 132/1454/132
f 571/1133/571 587/1137/587 591/1134/591
f 587/2042/587 641/2045/641 642/2043/642
f 593/960/593 594/961/594 597/962/597
f 595/1142/595 588/1105/588 254/1098/254
f 281/1113/281 588/1105/588 592/1114/592
f 431/2032/431 430/2034/430 597/2036/597
f 133/1472/133 593/1473/593 597/1456/597
f 646/1143/646 584/1128/584 591/1134/591
f 594/961/594 593/960/593 603/963/603
f 593/960/593 605/964/605 603/963/603
f 595/1142/595 585/1138/585 590/1140/590
f 596/4826/596 615/1145/615 598/1146/598
f 596/2047/596 598/2048/598 593/2049/593
f 594/961/594 603/963/603 599/876/599
f 600/965/600 605/964/605 602/966/602
f 639/1141/639 584/1128/584 646/1143/646
f 600/965/600 602/966/602 613/875/613
f 600/965/600 614/874/614 300/878/300
f 610/1147/610 606/1148/606 601/1149/601
f 135/1044/135 609/1051/609 606/1148/606
f 608/877/608 289/867/289 424/866/424
f 133/1574/133 596/1573/596 593/1576/593
f 598/967/598 602/966/602 605/964/605
f 605/964/605 608/877/608 603/963/603
f 300/878/300 608/877/608 600/965/600
f 604/4825/604 596/1144/596 134/1047/134
f 431/2050/431 594/2051/594 543/2052/543
f 609/2053/609 581/2054/581 622/2055/622
f 597/2058/597 594/2059/594 431/2060/431
f 596/4826/596 607/1150/607 615/1145/615
f 604/2061/604 607/2062/607 596/2063/596
f 598/967/598 605/964/605 593/960/593
f 581/1050/581 639/1141/639 622/4827/622
f 600/965/600 608/877/608 605/964/605
f 598/967/598 615/968/615 602/966/602
f 607/1150/607 610/1147/610 615/1145/615
f 603/963/603 608/877/608 599/876/599
f 601/1149/601 612/1152/612 619/1153/619
f 608/877/608 304/882/304 289/867/289
f 601/1149/601 619/1153/619 611/1154/611
f 606/1148/606 610/1147/610 607/1150/607
f 604/1048/604 606/1148/606 607/1150/607
f 614/874/614 600/965/600 298/871/298
f 613/875/613 298/871/298 600/965/600
f 617/969/617 613/875/613 602/966/602
f 615/968/615 610/970/610 617/969/617
f 606/2056/606 609/2053/609 601/2057/601
f 311/90/311 618/133/618 302/93/302
f 625/134/625 302/93/302 618/133/618
f 604/1048/604 135/1044/135 606/1148/606
f 622/1151/622 612/1152/612 601/1149/601
f 619/971/619 618/972/618 611/973/611
f 610/1147/610 601/1149/601 611/1154/611
f 625/974/625 618/972/618 619/971/619
f 601/2057/601 609/2053/609 622/2055/622
f 611/1154/611 617/1155/617 610/1147/610
f 611/973/611 618/972/618 620/872/620
f 623/37/623 302/93/302 625/134/625
f 611/973/611 613/875/613 617/969/617
f 625/1156/625 619/1153/619 616/1157/616
f 616/2064/616 623/2065/623 625/2066/625
f 294/975/294 620/872/620 618/972/618
f 616/1157/616 619/1153/619 612/1152/612
f 618/2067/618 311/2068/311 294/2069/294
f 2381/1640/2381 630/1639/630 624/1641/624
f 611/973/611 620/872/620 613/875/613
f 628/254/628 212/318/212 147/252/147
f 294/975/294 309/4819/309 620/872/620
f 220/229/220 632/271/632 7/230/7
f 515/226/515 624/314/624 630/319/630
f 5/409/5 632/414/632 626/415/626
f 630/319/630 212/318/212 628/254/628
f 626/320/626 629/222/629 5/321/5
f 515/226/515 628/254/628 627/221/627
f 628/254/628 515/226/515 630/319/630
f 630/1639/630 189/1635/189 212/1642/212
f 626/415/626 632/414/632 636/416/636
f 189/1635/189 213/1638/213 212/1642/212
f 5/409/5 7/413/7 632/414/632
f 634/322/634 633/323/633 434/324/434
f 629/222/629 626/320/626 633/323/633
f 637/6/637 634/4/634 3/7/3
f 631/270/631 635/325/635 632/271/632
f 626/415/626 636/416/636 638/417/638
f 635/325/635 636/234/636 632/271/632
f 629/222/629 633/323/633 637/223/637
f 440/127/440 1/1/1 634/4/634
f 637/6/637 633/135/633 634/4/634
f 2469/326/2469 636/234/636 635/325/635
f 434/324/434 633/323/633 638/233/638
f 664/1074/664 71/1018/71 72/1016/72
f 646/1143/646 591/1134/591 640/1158/640
f 616/1157/616 612/1152/612 622/1151/622
f 673/1643/673 2381/1640/2381 624/1641/624
f 622/1151/622 645/1159/645 616/1157/616
f 634/4/634 434/122/434 440/127/440
f 640/1158/640 591/1134/591 642/1160/642
f 641/1161/641 651/1162/651 642/1160/642
f 656/1163/656 644/1164/644 640/1158/640
f 633/323/633 626/320/626 638/233/638
f 622/1151/622 643/1165/643 645/1159/645
f 639/2070/639 646/2071/646 643/2072/643
f 656/2074/656 659/2075/659 644/2076/644
f 646/1143/646 644/1164/644 645/1159/645
f 647/1166/647 654/1167/654 649/1168/649
f 640/1158/640 642/1160/642 651/1162/651
f 646/1143/646 645/1159/645 643/1165/643
f 646/1143/646 640/1158/640 644/1164/644
f 650/1169/650 654/1167/654 647/1166/647
f 647/1166/647 649/1168/649 645/1159/645
f 254/1098/254 648/1091/648 595/1142/595
f 651/1162/651 641/1161/641 595/1142/595
f 649/1168/649 623/1170/623 616/1157/616
f 657/1090/657 653/1171/653 651/1162/651
f 653/1171/653 658/1172/658 651/1162/651
f 643/2072/643 622/2073/622 639/2070/639
f 615/968/615 617/969/617 602/966/602
f 648/1091/648 657/1090/657 595/1142/595
f 595/1142/595 657/1090/657 651/1162/651
f 659/1173/659 647/1166/647 645/1159/645
f 654/136/654 655/34/655 623/37/623
f 649/1168/649 616/1157/616 645/1159/645
f 665/1117/665 658/1172/658 653/1171/653
f 659/2075/659 645/2077/645 644/2076/644
f 658/1172/658 656/1163/656 651/1162/651
f 640/1158/640 651/1162/651 656/1163/656
f 658/1172/658 663/1174/663 656/1163/656
f 650/1169/650 660/1175/660 654/1167/654
f 657/1090/657 661/1176/661 653/1171/653
f 663/1174/663 659/1173/659 656/1163/656
f 647/1166/647 659/1173/659 650/1169/650
f 663/1174/663 650/1169/650 659/1173/659
f 649/1168/649 654/1167/654 623/1170/623
f 223/1073/223 657/1090/657 652/1088/652
f 661/1176/661 657/1090/657 214/1078/214
f 662/137/662 522/27/522 660/26/660
f 662/1177/662 660/1175/660 650/1169/650
f 523/1075/523 665/1117/665 661/1176/661
f 654/136/654 65/32/65 655/34/655
f 662/1177/662 650/1169/650 663/1174/663
f 523/1075/523 661/1176/661 214/1078/214
f 658/1172/658 665/1117/665 250/1116/250
f 657/1090/657 223/1073/223 214/1078/214
f 250/1116/250 662/1177/662 663/1174/663
f 522/27/522 662/137/662 250/138/250
f 206/1072/206 523/1075/523 214/1078/214
f 654/136/654 660/26/660 65/32/65
f 250/1116/250 663/1174/663 658/1172/658
f 664/1074/664 665/1117/665 523/1075/523
f 661/1176/661 665/1117/665 653/1171/653
f 570/1122/570 580/1135/580 582/1129/582
f 569/1025/569 765/1027/765 1360/1178/1360
f 688/327/688 1295/328/1295 680/329/680
f 1303/2078/1303 1096/2079/1096 1304/2080/1304
f 684/330/684 1304/331/1304 1309/332/1309
f 668/2081/668 270/2082/270 681/2083/681
f 682/333/682 1304/331/1304 684/330/684
f 679/284/679 1309/332/1309 749/285/749
f 681/334/681 685/335/685 679/284/679
f 668/273/668 681/334/681 679/284/679
f 261/286/261 683/299/683 681/334/681
f 678/336/678 688/327/688 680/329/680
f 684/330/684 1309/332/1309 679/284/679
f 682/333/682 1303/337/1303 1304/331/1304
f 689/338/689 688/327/688 678/336/678
f 687/339/687 1217/340/1217 740/341/740
f 261/286/261 681/334/681 270/291/270
f 679/284/679 685/335/685 684/330/684
f 678/336/678 685/335/685 681/334/681
f 681/334/681 689/338/689 678/336/678
f 686/342/686 688/327/688 695/343/695
f 682/333/682 684/330/684 685/335/685
f 682/333/682 685/335/685 680/329/680
f 680/329/680 685/335/685 678/336/678
f 697/344/697 694/345/694 695/343/695
f 691/346/691 695/343/695 689/338/689
f 703/347/703 694/345/694 690/317/690
f 697/344/697 56/312/56 693/316/693
f 1081/2084/1081 1268/2085/1268 1076/2086/1076
f 690/317/690 736/289/736 711/348/711
f 683/299/683 691/346/691 681/334/681
f 681/334/681 691/346/691 689/338/689
f 697/344/697 695/343/695 691/346/691
f 56/312/56 691/346/691 683/299/683
f 689/338/689 695/343/695 688/327/688
f 692/349/692 694/345/694 704/350/704
f 697/344/697 690/317/690 694/345/694
f 711/348/711 704/350/704 703/347/703
f 692/349/692 695/343/695 694/345/694
f 736/289/736 753/280/753 711/348/711
f 702/538/702 701/539/701 698/540/698
f 570/1122/570 582/1129/582 1370/1179/1370
f 724/541/724 727/542/727 722/543/722
f 693/316/693 690/317/690 697/344/697
f 715/544/715 714/545/714 700/546/700
f 1513/4806/1513 701/539/701 262/536/262
f 700/546/700 702/538/702 1365/548/1365
f 697/344/697 691/346/691 56/312/56
f 714/545/714 702/538/702 700/546/700
f 705/549/705 710/527/710 702/538/702
f 698/540/698 701/539/701 1513/4806/1513
f 710/527/710 557/526/557 701/539/701
f 1279/351/1279 692/349/692 699/352/699
f 557/526/557 262/536/262 701/539/701
f 702/538/702 698/540/698 1511/550/1511
f 705/549/705 671/498/671 710/527/710
f 705/549/705 714/545/714 716/551/716
f 702/538/702 710/527/710 701/539/701
f 711/348/711 703/347/703 690/317/690
f 707/552/707 719/553/719 713/554/713
f 707/552/707 706/555/706 708/556/708
f 707/552/707 713/554/713 706/555/706
f 702/538/702 714/545/714 705/549/705
f 712/557/712 707/552/707 708/556/708
f 708/556/708 716/551/716 712/557/712
f 1511/550/1511 1365/548/1365 702/538/702
f 716/551/716 1066/4807/1066 718/559/718
f 406/490/406 706/555/706 709/481/709
f 196/456/196 725/560/725 743/473/743
f 708/556/708 671/498/671 705/549/705
f 729/561/729 717/480/717 713/554/713
f 705/549/705 716/551/716 708/556/708
f 718/559/718 712/557/712 716/551/716
f 706/555/706 713/554/713 709/481/709
f 718/559/718 719/553/719 712/557/712
f 1072/562/1072 714/545/714 715/544/715
f 708/556/708 706/555/706 671/498/671
f 727/542/727 729/561/729 722/543/722
f 706/555/706 406/490/406 671/498/671
f 704/350/704 699/352/699 692/349/692
f 714/545/714 1072/562/1072 716/551/716
f 722/543/722 721/563/721 726/564/726
f 709/481/709 713/554/713 717/480/717
f 720/4809/720 721/563/721 722/543/722
f 722/543/722 731/566/731 724/541/724
f 718/559/718 720/565/720 719/553/719
f 735/466/735 412/465/412 717/480/717
f 735/466/735 725/560/725 196/456/196
f 734/353/734 711/348/711 753/280/753
f 751/567/751 741/525/741 725/560/725
f 727/542/727 735/466/735 717/480/717
f 1059/568/1059 721/563/721 720/4809/720
f 737/569/737 725/560/725 735/466/735
f 699/352/699 711/348/711 748/354/748
f 707/552/707 712/557/712 719/553/719
f 711/348/711 699/352/699 704/350/704
f 713/554/713 720/4809/720 729/561/729
f 719/2087/719 720/2088/720 713/2089/713
f 720/4809/720 722/543/722 729/561/729
f 728/570/728 731/566/731 991/571/991
f 723/572/723 726/564/726 721/563/721
f 724/541/724 737/569/737 735/466/735
f 732/1180/732 279/1100/279 734/1181/734
f 727/542/727 717/480/717 729/561/729
f 748/354/748 1279/351/1279 699/352/699
f 733/573/733 724/541/724 731/566/731
f 731/566/731 728/570/728 733/573/733
f 548/1949/548 741/1955/741 542/1947/542
f 752/4810/752 728/570/728 1017/575/1017
f 704/350/704 694/345/694 703/347/703
f 279/1100/279 1111/1182/1111 734/1181/734
f 737/569/737 733/573/733 751/567/751
f 733/573/733 728/570/728 730/576/730
f 751/567/751 725/560/725 737/569/737
f 750/1956/750 745/1948/745 742/1957/742
f 724/541/724 735/466/735 727/542/727
f 726/564/726 723/572/723 991/571/991
f 733/573/733 730/576/730 751/567/751
f 741/525/741 751/567/751 730/576/730
f 991/571/991 731/566/731 726/564/726
f 730/576/730 738/577/738 741/525/741
f 733/573/733 737/569/737 724/541/724
f 722/543/722 726/564/726 731/566/731
f 739/4811/739 738/577/738 730/576/730
f 742/1957/742 738/1958/738 739/1959/739
f 1086/1460/1086 532/1459/532 744/1474/744
f 1111/1182/1111 279/1100/279 759/1183/759
f 532/1459/532 1119/1467/1119 744/1474/744
f 752/2090/752 739/2091/739 730/2092/730
f 728/570/728 991/571/991 1017/575/1017
f 734/353/734 1115/355/1115 711/348/711
f 741/525/741 743/473/743 725/560/725
f 542/1947/542 742/1957/742 745/1948/745
f 740/341/740 748/354/748 687/339/687
f 756/1960/756 750/1956/750 1116/1961/1116
f 1116/1961/1116 750/1956/750 761/1962/761
f 275/1099/275 759/1183/759 279/1100/279
f 738/1958/738 742/1957/742 542/1947/542
f 711/348/711 1115/355/1115 748/354/748
f 755/1034/755 765/1027/765 766/1026/766
f 542/1947/542 741/1955/741 738/1958/738
f 754/1963/754 1117/1964/1117 761/1962/761
f 728/570/728 752/4810/752 730/576/730
f 1124/1943/1124 757/1942/757 745/1948/745
f 278/1108/278 1113/1109/1113 1122/1115/1122
f 759/1183/759 1131/1184/1131 1106/1185/1106
f 739/1959/739 762/1965/762 742/1957/742
f 760/579/760 814/580/814 739/578/739
f 760/579/760 739/578/739 752/574/752
f 761/1962/761 750/1956/750 754/1963/754
f 1371/1186/1371 1369/1187/1369 1133/1188/1133
f 765/1027/765 764/1189/764 747/1190/747
f 739/1959/739 814/1966/814 762/1965/762
f 755/1034/755 767/1191/767 765/1027/765
f 754/1963/754 750/1956/750 742/1957/742
f 759/1183/759 1123/1107/1123 1122/1115/1122
f 754/1963/754 742/1957/742 762/1965/762
f 750/1956/750 756/1960/756 745/1948/745
f 114/1023/114 769/1192/769 117/1024/117
f 756/1960/756 1124/1943/1124 745/1948/745
f 117/1024/117 763/1193/763 755/1034/755
f 761/1962/761 1117/1964/1117 1116/1961/1116
f 892/1194/892 768/1195/768 776/1196/776
f 114/1023/114 771/1022/771 769/1192/769
f 696/1132/696 1314/1131/1314 1364/1197/1364
f 767/1191/767 764/1189/764 765/1027/765
f 763/1193/763 770/1198/770 755/1034/755
f 117/1024/117 769/1192/769 763/1193/763
f 770/1198/770 763/1193/763 769/1192/769
f 775/1199/775 892/1194/892 776/1196/776
f 764/1189/764 776/1196/776 772/1200/772
f 772/1200/772 747/1190/747 764/1189/764
f 767/1191/767 776/1196/776 764/1189/764
f 774/1201/774 1083/1202/1083 850/1203/850
f 755/1034/755 770/1198/770 767/1191/767
f 769/1192/769 771/1022/771 1083/1202/1083
f 767/1191/767 770/1198/770 776/1196/776
f 775/1199/775 776/1196/776 770/1198/770
f 1108/1475/1108 771/1476/771 110/1450/110
f 849/1204/849 775/1199/775 850/1203/850
f 777/1477/777 839/1478/839 850/1479/850
f 775/1199/775 770/1198/770 774/1201/774
f 770/1198/770 769/1192/769 774/1201/774
f 116/1444/116 533/1461/533 773/1480/773
f 769/1192/769 1083/1202/1083 774/1201/774
f 781/1481/781 810/1482/810 779/1483/779
f 781/1481/781 778/1484/778 806/1485/806
f 779/1483/779 801/1486/801 783/1487/783
f 810/1482/810 781/1481/781 793/1488/793
f 783/1487/783 800/1489/800 782/1490/782
f 778/1484/778 781/1481/781 783/1487/783
f 806/1967/806 778/1968/778 785/1969/785
f 783/1487/783 782/1490/782 778/1484/778
f 779/2093/779 810/2094/810 797/2095/797
f 781/1481/781 779/1483/779 783/1487/783
f 786/2096/786 784/2097/784 780/2098/780
f 778/1968/778 795/1970/795 785/1969/785
f 800/1489/800 789/1491/789 782/1490/782
f 780/2098/780 788/2099/788 786/2096/786
f 791/1492/791 780/1493/780 784/1494/784
f 784/2106/784 787/2107/787 820/2108/820
f 818/2109/818 787/2107/787 786/2110/786
f 804/1971/804 795/1970/795 782/1972/782
f 786/2110/786 787/2107/787 784/2106/784
f 788/1495/788 790/1496/790 792/1497/792
f 790/1496/790 788/1495/788 780/1493/780
f 805/1498/805 804/1499/804 782/1490/782
f 784/1494/784 823/1500/823 791/1492/791
f 803/1973/803 785/1969/785 795/1970/795
f 779/1483/779 797/1501/797 801/1486/801
f 805/1498/805 789/1491/789 817/1502/817
f 784/1494/784 820/1503/820 823/1500/823
f 793/1974/793 781/1975/781 799/1976/799
f 790/1496/790 780/1493/780 794/1504/794
f 800/1489/800 783/1487/783 801/1486/801
f 790/1977/790 793/1974/793 798/1978/798
f 792/1979/792 790/1977/790 798/1978/798
f 786/2096/786 788/2099/788 818/2100/818
f 810/1482/810 790/1496/790 794/1504/794
f 782/1490/782 789/1491/789 805/1498/805
f 804/1499/804 805/1498/805 825/1505/825
f 844/2101/844 818/2100/818 788/2099/788
f 790/1496/790 810/1482/810 793/1488/793
f 782/1972/782 795/1970/795 778/1968/778
f 799/1976/799 812/1980/812 793/1974/793
f 844/2101/844 841/2102/841 818/2100/818
f 799/1976/799 885/1981/885 812/1980/812
f 798/1978/798 856/1982/856 792/1979/792
f 795/1970/795 802/1983/802 833/1984/833
f 791/1492/791 794/1504/794 780/1493/780
f 823/1500/823 822/1506/822 791/1492/791
f 817/1502/817 811/1507/811 805/1498/805
f 794/1504/794 832/1508/832 810/1482/810
f 822/1506/822 794/1504/794 791/1492/791
f 856/1982/856 798/1978/798 809/1985/809
f 792/1979/792 796/1986/796 838/1987/838
f 812/1980/812 809/1985/809 793/1974/793
f 788/1988/788 792/1979/792 838/1987/838
f 795/1970/795 804/1971/804 802/1983/802
f 884/1989/884 838/1987/838 796/1986/796
f 799/1976/799 781/1975/781 806/1967/806
f 806/1967/806 885/1981/885 799/1976/799
f 793/1974/793 809/1985/809 798/1978/798
f 801/1486/801 797/1501/797 808/1509/808
f 800/1489/800 817/1502/817 789/1491/789
f 802/1983/802 804/1971/804 834/1990/834
f 792/1979/792 856/1982/856 796/1986/796
f 806/1967/806 785/1969/785 815/1991/815
f 800/1489/800 807/1510/807 817/1502/817
f 815/1991/815 885/1981/885 806/1967/806
f 810/1482/810 832/1508/832 797/1501/797
f 898/1992/898 809/1985/809 812/1980/812
f 800/1489/800 808/1509/808 807/1510/807
f 844/2111/844 788/2112/788 838/2113/838
f 800/1489/800 801/1486/801 808/1509/808
f 860/1511/860 797/1501/797 832/1508/832
f 813/2114/813 787/2107/787 818/2109/818
f 837/1512/837 817/1502/817 807/1510/807
f 803/1973/803 815/1991/815 785/1969/785
f 1127/1993/1127 834/1990/834 804/1971/804
f 808/1509/808 824/1513/824 807/1510/807
f 808/1509/808 797/1501/797 824/1513/824
f 797/1501/797 860/1511/860 824/1513/824
f 819/1514/819 823/1500/823 820/1503/820
f 813/2114/813 820/2108/820 787/2107/787
f 817/1502/817 837/1512/837 826/1515/826
f 837/1512/837 839/1478/839 826/1515/826
f 822/1506/822 832/1508/832 794/1504/794
f 820/1503/820 821/1516/821 819/1514/819
f 812/1980/812 885/1981/885 898/1992/898
f 821/2115/821 820/2108/820 813/2114/813
f 803/1973/803 795/1970/795 833/1984/833
f 831/1517/831 823/1500/823 819/1514/819
f 827/1518/827 821/1516/821 828/1519/828
f 825/1505/825 805/1498/805 840/1520/840
f 824/1513/824 836/1521/836 807/1510/807
f 825/1505/825 816/1522/816 804/1499/804
f 825/1505/825 840/1520/840 816/1522/816
f 805/1498/805 811/1507/811 840/1520/840
f 813/2114/813 882/2116/882 821/2115/821
f 845/1523/845 817/1502/817 826/1515/826
f 827/1518/827 819/1514/819 821/1516/821
f 822/1506/822 823/1500/823 830/1524/830
f 831/1517/831 819/1514/819 827/1518/827
f 830/1524/830 829/1525/829 822/1506/822
f 823/1500/823 831/1517/831 830/1524/830
f 832/1508/832 829/1525/829 842/1526/842
f 822/1506/822 829/1525/829 832/1508/832
f 828/2117/828 821/2115/821 882/2116/882
f 1109/1527/1109 811/1507/811 1120/1528/1120
f 827/1518/827 847/1529/847 846/1530/846
f 811/1507/811 1109/1527/1109 840/1520/840
f 811/1507/811 817/1502/817 845/1523/845
f 807/1510/807 836/1521/836 837/1512/837
f 839/1478/839 837/1512/837 851/1531/851
f 852/2118/852 844/2111/844 838/2113/838
f 841/2119/841 813/2114/813 818/2109/818
f 879/2120/879 875/2121/875 828/2117/828
f 847/1529/847 848/1532/848 855/1533/855
f 847/1529/847 827/1518/827 848/1532/848
f 827/2405/827 828/2406/828 875/2407/875
f 836/1521/836 851/1531/851 837/1512/837
f 846/1530/846 831/1517/831 827/1518/827
f 1120/1528/1120 811/1507/811 845/1523/845
f 843/1205/843 893/1206/893 836/1207/836
f 831/1517/831 846/1530/846 835/1534/835
f 842/1526/842 829/1525/829 854/1535/854
f 815/1991/815 803/1973/803 866/1994/866
f 884/1989/884 852/1995/852 838/1987/838
f 830/1524/830 854/1535/854 829/1525/829
f 844/2101/844 877/2103/877 841/2102/841
f 832/1508/832 842/1526/842 860/1511/860
f 841/2102/841 877/2103/877 853/2104/853
f 852/2118/852 881/2122/881 877/2123/877
f 803/1973/803 868/1996/868 866/1994/866
f 853/2124/853 876/2125/876 841/2119/841
f 849/1204/849 850/1203/850 851/1208/851
f 877/2123/877 844/2111/844 852/2118/852
f 836/1207/836 893/1206/893 849/1204/849
f 839/1478/839 777/1477/777 845/1523/845
f 796/1986/796 856/1982/856 884/1989/884
f 826/1515/826 839/1478/839 845/1523/845
f 839/1478/839 851/1531/851 850/1479/850
f 813/2114/813 841/2119/841 882/2116/882
f 836/1207/836 849/1204/849 851/1208/851
f 847/1529/847 859/1536/859 846/1530/846
f 856/1982/856 867/1997/867 884/1989/884
f 859/1536/859 861/1537/861 835/1534/835
f 855/1533/855 858/1538/858 847/1529/847
f 876/2125/876 882/2116/882 841/2119/841
f 803/1973/803 833/1984/833 868/1996/868
f 862/1539/862 854/1535/854 831/1517/831
f 815/1991/815 866/1994/866 857/1998/857
f 860/1511/860 854/1535/854 864/1540/864
f 859/1536/859 835/1534/835 846/1530/846
f 831/1517/831 854/1535/854 830/1524/830
f 862/1539/862 831/1517/831 835/1534/835
f 842/1526/842 854/1535/854 860/1511/860
f 858/1538/858 859/1536/859 847/1529/847
f 862/1539/862 835/1534/835 861/1537/861
f 859/1536/859 858/1538/858 865/1541/865
f 874/1542/874 863/1543/863 902/1544/902
f 863/1543/863 874/1542/874 865/1541/865
f 865/1541/865 861/1537/861 859/1536/859
f 858/2126/858 855/2127/855 909/2128/909
f 865/1541/865 858/1538/858 863/1543/863
f 878/1209/878 864/1210/864 862/1211/862
f 865/1541/865 913/1545/913 861/1537/861
f 893/1206/893 892/1194/892 849/1204/849
f 893/1206/893 843/1205/843 903/1212/903
f 834/1990/834 1127/1993/1127 869/1999/869
f 878/1546/878 860/1511/860 864/1540/864
f 843/1205/843 878/1209/878 890/1213/890
f 878/1546/878 843/1547/843 824/1513/824
f 861/1537/861 913/1545/913 894/1548/894
f 843/1547/843 836/1521/836 824/1513/824
f 903/1212/903 843/1205/843 890/1213/890
f 860/1511/860 878/1546/878 824/1513/824
f 802/1983/802 870/2000/870 868/1996/868
f 833/1984/833 802/1983/802 868/1996/868
f 862/1539/862 861/1537/861 894/1548/894
f 864/1540/864 854/1535/854 862/1539/862
f 802/1983/802 834/1990/834 870/2000/870
f 870/2000/870 834/1990/834 869/1999/869
f 856/1982/856 871/2001/871 867/1997/867
f 882/2116/882 876/2125/876 873/2129/873
f 856/1982/856 809/1985/809 871/2001/871
f 902/1544/902 908/1549/908 874/1542/874
f 890/1213/890 878/1209/878 894/4828/894
f 815/1991/815 857/1998/857 885/1981/885
f 878/1209/878 862/1211/862 894/4828/894
f 1139/1550/1139 874/1542/874 886/1551/886
f 908/1549/908 886/1551/886 874/1542/874
f 870/2000/870 869/1999/869 1117/1964/1117
f 922/2002/922 1117/1964/1117 754/1963/754
f 855/2127/855 848/2130/848 875/2121/875
f 898/1992/898 871/2001/871 809/1985/809
f 879/2120/879 912/2131/912 875/2121/875
f 923/2003/923 867/1997/867 871/2001/871
f 882/2116/882 879/2120/879 828/2117/828
f 884/1989/884 867/1997/867 899/2004/899
f 902/4834/902 927/2133/927 908/2134/908
f 877/2103/877 880/2105/880 853/2104/853
f 890/1213/890 894/4828/894 896/1215/896
f 898/1992/898 888/2005/888 871/2001/871
f 867/1997/867 923/2003/923 899/2004/899
f 881/2122/881 880/2135/880 877/2123/877
f 913/1545/913 865/1541/865 874/1542/874
f 853/2124/853 880/2135/880 876/2125/876
f 857/1998/857 888/2005/888 898/1992/898
f 848/2130/848 827/2136/827 875/2121/875
f 879/2120/879 882/2116/882 873/2129/873
f 899/2004/899 891/2006/891 884/1989/884
f 857/1998/857 898/1992/898 885/1981/885
f 873/2129/873 912/2131/912 879/2120/879
f 911/2007/911 857/1998/857 887/2008/887
f 887/2008/887 916/2009/916 911/2007/911
f 884/1989/884 881/2010/881 852/1995/852
f 887/2008/887 868/1996/868 922/2002/922
f 884/1989/884 891/2006/891 881/2010/881
f 870/2000/870 922/2002/922 868/1996/868
f 775/1199/775 849/1204/849 892/1194/892
f 896/1215/896 932/1216/932 901/1217/901
f 880/2135/880 897/2137/897 907/2138/907
f 903/1212/903 892/1194/892 893/1206/893
f 897/2137/897 880/2135/880 881/2122/881
f 866/1994/866 868/1996/868 887/2008/887
f 876/2125/876 905/2139/905 873/2129/873
f 896/2408/896 894/2409/894 932/2410/932
f 906/2140/906 876/2125/876 880/2135/880
f 888/2005/888 857/1998/857 911/2007/911
f 866/1994/866 887/2008/887 857/1998/857
f 896/1215/896 900/1218/900 903/1212/903
f 909/2128/909 855/2127/855 875/2121/875
f 890/1213/890 896/1215/896 903/1212/903
f 906/2140/906 880/2135/880 907/2138/907
f 923/581/923 940/582/940 899/583/899
f 909/2128/909 902/2132/902 858/2126/858
f 923/2003/923 871/2001/871 888/2005/888
f 891/2006/891 899/2004/899 883/2011/883
f 858/1538/858 902/1544/902 863/1543/863
f 910/2141/910 924/2142/924 909/2128/909
f 901/1217/901 939/1219/939 900/1218/900
f 919/2143/919 875/2121/875 912/2131/912
f 768/1195/768 892/1194/892 904/1220/904
f 904/1220/904 903/1212/903 900/1218/900
f 892/1194/892 903/1212/903 904/1220/904
f 910/2141/910 909/2128/909 875/2121/875
f 881/2010/881 891/2006/891 897/2012/897
f 873/2129/873 905/2139/905 918/2144/918
f 900/1218/900 896/1215/896 901/1217/901
f 875/2121/875 919/2143/919 910/2141/910
f 873/2129/873 918/2144/918 912/2131/912
f 905/2139/905 876/2125/876 906/2140/906
f 924/2142/924 927/2133/927 902/4834/902
f 902/2411/902 909/2412/909 924/2413/924
f 894/1214/894 913/1221/913 920/1222/920
f 904/1220/904 914/1223/914 758/1224/758
f 772/1200/772 776/1196/776 768/1195/768
f 772/1200/772 904/1220/904 758/1224/758
f 906/2140/906 917/2145/917 905/2139/905
f 928/2146/928 924/2142/924 910/2141/910
f 918/2144/918 919/2143/919 912/2131/912
f 904/1220/904 900/1218/900 939/1219/939
f 913/1545/913 874/1542/874 872/1552/872
f 772/1200/772 768/1195/768 904/1220/904
f 939/1219/939 914/1223/914 904/1220/904
f 940/582/940 883/584/883 899/583/899
f 906/2140/906 907/2138/907 958/2147/958
f 913/1221/913 872/1225/872 920/1222/920
f 888/2005/888 911/2007/911 915/2013/915
f 915/2414/915 923/2415/923 888/2416/888
f 762/1965/762 938/2014/938 922/2002/922
f 889/2015/889 911/2007/911 916/2009/916
f 905/2139/905 917/2145/917 957/2148/957
f 754/1963/754 762/1965/762 922/2002/922
f 897/2012/897 891/2006/891 950/2016/950
f 931/2149/931 928/2146/928 919/2143/919
f 958/2147/958 917/2145/917 906/2140/906
f 916/2009/916 922/2002/922 938/2014/938
f 925/2150/925 919/2143/919 918/2144/918
f 889/2417/889 916/2418/916 921/2419/921
f 883/2011/883 953/2017/953 891/2006/891
f 918/2144/918 957/2148/957 925/2150/925
f 921/2018/921 916/2009/916 948/2019/948
f 957/2148/957 979/2151/979 926/2152/926
f 916/2009/916 938/2014/938 948/2019/948
f 930/2153/930 931/2149/931 925/2150/925
f 1117/1964/1117 922/2002/922 870/2000/870
f 928/2146/928 934/2154/934 943/2155/943
f 926/2152/926 930/2153/930 925/2150/925
f 922/2002/922 916/2009/916 887/2008/887
f 927/2133/927 924/2142/924 933/2156/933
f 910/2141/910 919/2143/919 928/2146/928
f 928/2146/928 943/2155/943 1142/2157/1142
f 933/2156/933 924/2142/924 928/2146/928
f 931/2149/931 919/2143/919 925/2150/925
f 957/2148/957 918/2144/918 905/2139/905
f 928/2146/928 1142/2157/1142 933/2156/933
f 957/2148/957 917/2145/917 979/2151/979
f 930/2153/930 993/2158/993 931/2149/931
f 917/2145/917 956/2159/956 979/2151/979
f 1139/1550/1139 872/1552/872 874/1542/874
f 939/1219/939 935/1226/935 936/1227/936
f 935/1226/935 1139/1228/1139 936/1227/936
f 935/1226/935 872/1225/872 1139/1228/1139
f 934/2154/934 928/2146/928 931/2149/931
f 872/1225/872 935/1226/935 920/1222/920
f 894/1214/894 920/1222/920 932/1216/932
f 932/1216/932 920/1222/920 901/1217/901
f 993/2158/993 934/2154/934 931/2149/931
f 929/2160/929 934/2154/934 993/2158/993
f 925/2150/925 957/2148/957 926/2152/926
f 911/2007/911 889/2015/889 942/2020/942
f 923/581/923 915/585/915 940/582/940
f 901/1217/901 935/1226/935 939/1219/939
f 934/2154/934 929/2160/929 943/2155/943
f 941/586/941 944/4812/944 915/585/915
f 901/1217/901 920/1222/920 935/1226/935
f 941/2021/941 915/2013/915 911/2007/911
f 999/2161/999 1142/2157/1142 943/2155/943
f 921/2420/921 942/2421/942 889/2422/889
f 937/1229/937 914/1223/914 939/1219/939
f 946/2022/946 948/2019/948 938/2014/938
f 883/584/883 940/582/940 962/588/962
f 938/2014/938 814/1966/814 760/2023/760
f 915/585/915 944/4812/944 940/582/940
f 961/2423/961 895/2424/895 944/2425/944
f 937/1229/937 939/1219/939 936/1227/936
f 762/1965/762 814/1966/814 938/2014/938
f 944/4812/944 895/589/895 962/588/962
f 985/590/985 964/591/964 982/592/982
f 945/593/945 982/592/982 942/594/942
f 963/595/963 953/596/953 883/584/883
f 944/4812/944 941/586/941 964/591/964
f 883/584/883 962/588/962 963/595/963
f 947/597/947 760/579/760 752/574/752
f 982/592/982 964/591/964 941/586/941
f 948/598/948 945/593/945 921/599/921
f 911/2007/911 942/2020/942 941/2021/941
f 965/2427/965 944/2428/944 964/2429/964
f 946/600/946 760/579/760 948/598/948
f 947/597/947 948/598/948 760/579/760
f 942/594/942 921/599/921 945/593/945
f 962/588/962 940/582/940 944/4812/944
f 949/2162/949 955/2163/955 907/2138/907
f 955/2163/955 954/2164/954 907/2138/907
f 941/586/941 942/594/942 982/592/982
f 948/598/948 982/592/982 945/593/945
f 950/2016/950 949/2024/949 897/2012/897
f 938/2430/938 760/2431/760 946/2432/946
f 954/2164/954 958/2147/958 907/2138/907
f 954/2164/954 955/2163/955 952/2165/952
f 897/2137/897 949/2162/949 907/2138/907
f 950/2016/950 951/2025/951 949/2024/949
f 952/2165/952 955/2163/955 960/2166/960
f 954/2164/954 952/2165/952 956/2159/956
f 949/2024/949 951/2025/951 955/2026/955
f 972/601/972 974/602/974 950/603/950
f 950/603/950 963/595/963 970/604/970
f 958/2147/958 954/2164/954 917/2145/917
f 979/2151/979 956/2159/956 971/2167/971
f 951/2025/951 960/2027/960 955/2026/955
f 950/2016/950 891/2006/891 953/2017/953
f 963/595/963 950/603/950 953/596/953
f 972/601/972 950/603/950 970/604/970
f 952/2165/952 960/2166/960 959/2168/959
f 951/2025/951 950/2016/950 974/2028/974
f 952/2165/952 971/2167/971 956/2159/956
f 956/2159/956 917/2145/917 954/2164/954
f 960/2166/960 969/2169/969 959/2168/959
f 968/605/968 963/595/963 962/588/962
f 962/588/962 895/589/895 973/606/973
f 951/2025/951 974/2028/974 978/2029/978
f 978/2170/978 969/2169/969 960/2166/960
f 984/607/984 982/592/982 947/597/947
f 951/2171/951 978/2170/978 960/2166/960
f 967/608/967 970/604/970 968/605/968
f 976/2172/976 959/2168/959 969/2169/969
f 962/588/962 973/606/973 968/605/968
f 963/595/963 968/605/968 970/604/970
f 1006/2433/1006 969/2434/969 978/2435/978
f 966/609/966 987/610/987 965/611/965
f 987/610/987 961/612/961 965/611/965
f 959/2168/959 971/2167/971 952/2165/952
f 970/604/970 967/608/967 972/601/972
f 961/612/961 944/587/944 965/611/965
f 961/2423/961 987/2426/987 895/2424/895
f 967/608/967 977/613/977 972/601/972
f 969/2169/969 1007/2173/1007 976/2172/976
f 974/602/974 972/601/972 986/614/986
f 979/2151/979 980/2174/980 926/2152/926
f 985/590/985 966/609/966 965/611/965
f 895/589/895 987/610/987 973/606/973
f 977/613/977 986/614/986 972/601/972
f 959/2168/959 1003/2175/1003 971/2167/971
f 978/2435/978 981/2436/981 1006/2433/1006
f 986/614/986 1026/615/1026 981/616/981
f 965/2437/965 964/2438/964 985/2439/985
f 974/2028/974 981/2030/981 978/2029/978
f 982/592/982 984/607/984 985/590/985
f 967/608/967 983/617/983 990/618/990
f 968/605/968 973/606/973 967/608/967
f 992/619/992 984/607/984 947/597/947
f 975/2440/975 992/2441/992 947/2442/947
f 976/2172/976 1003/2175/1003 959/2168/959
f 973/606/973 987/610/987 989/620/989
f 980/2174/980 971/2167/971 994/2176/994
f 990/2444/990 977/2445/977 967/2446/967
f 983/617/983 967/608/967 973/606/973
f 986/614/986 981/616/981 974/602/974
f 975/2440/975 947/2442/947 752/2443/752
f 987/610/987 1011/621/1011 989/620/989
f 986/614/986 977/613/977 1026/615/1026
f 992/619/992 988/622/988 984/607/984
f 947/597/947 982/592/982 948/598/948
f 984/607/984 988/622/988 1019/623/1019
f 1017/575/1017 975/624/975 752/4810/752
f 984/607/984 966/609/966 985/590/985
f 926/2152/926 997/2177/997 930/2153/930
f 973/2447/973 989/2448/989 983/2449/983
f 980/2174/980 997/2177/997 926/2152/926
f 996/2178/996 976/2172/976 1007/2173/1007
f 979/2151/979 971/2167/971 980/2174/980
f 1017/575/1017 1008/625/1008 992/619/992
f 975/624/975 1017/575/1017 992/619/992
f 943/2155/943 929/2160/929 999/2161/999
f 1019/623/1019 966/609/966 984/607/984
f 976/2172/976 996/2178/996 1003/2175/1003
f 1004/2179/1004 1001/2180/1001 994/2176/994
f 994/2176/994 1001/2180/1001 995/2181/995
f 977/613/977 990/618/990 1026/615/1026
f 966/609/966 1011/621/1011 987/610/987
f 998/2182/998 999/2161/999 929/2160/929
f 997/2177/997 980/2174/980 994/2176/994
f 997/2177/997 994/2176/994 995/2181/995
f 1003/2175/1003 1004/2179/1004 994/2176/994
f 997/2177/997 929/2160/929 993/2158/993
f 969/2169/969 1005/2183/1005 1007/2173/1007
f 998/2182/998 997/2177/997 1021/2184/1021
f 993/2158/993 930/2153/930 997/2177/997
f 994/2176/994 971/2167/971 1003/2175/1003
f 1145/2185/1145 999/2161/999 1000/2186/1000
f 1004/2450/1004 1022/2451/1022 1001/2452/1001
f 995/2181/995 1021/2184/1021 997/2177/997
f 1002/2454/1002 1005/2455/1005 1006/2456/1006
f 1005/2455/1005 1002/2454/1002 1009/2457/1009
f 1005/2455/1005 969/2458/969 1006/2456/1006
f 998/2182/998 929/2160/929 997/2177/997
f 1003/2175/1003 996/2178/996 1004/2179/1004
f 1000/2186/1000 999/2161/999 998/2182/998
f 1008/625/1008 1014/626/1014 1019/623/1019
f 1013/2187/1013 996/2178/996 1007/2173/1007
f 1007/2173/1007 1015/2188/1015 1018/2189/1018
f 1005/2183/1005 1009/2190/1009 1015/2188/1015
f 989/2475/989 1010/2476/1010 983/2477/983
f 988/622/988 992/619/992 1008/625/1008
f 1008/625/1008 1012/627/1012 1014/626/1014
f 1014/626/1014 1040/628/1040 1019/623/1019
f 1007/2173/1007 1018/2189/1018 1013/2187/1013
f 1009/2457/1009 1002/2454/1002 1016/2459/1016
f 1008/625/1008 1019/623/1019 988/622/988
f 1040/628/1040 1014/626/1014 1054/629/1054
f 1019/623/1019 1040/628/1040 1010/630/1010
f 1010/630/1010 1011/621/1011 1019/623/1019
f 990/618/990 983/617/983 1039/631/1039
f 1047/632/1047 1010/630/1010 1040/628/1040
f 983/617/983 1010/630/1010 1047/632/1047
f 966/609/966 1019/623/1019 1011/621/1011
f 723/572/723 1017/575/1017 991/571/991
f 1012/627/1012 1008/625/1008 1017/575/1017
f 1012/627/1012 1017/575/1017 723/572/723
f 1041/633/1041 1047/632/1047 1040/628/1040
f 1011/621/1011 1010/630/1010 989/620/989
f 1012/627/1012 723/572/723 721/563/721
f 1054/629/1054 1012/627/1012 1059/568/1059
f 1059/568/1059 1012/627/1012 721/563/721
f 1054/629/1054 1014/626/1014 1012/627/1012
f 1016/2459/1016 1025/2460/1025 1009/2457/1009
f 1020/2191/1020 1028/4835/1028 1021/2184/1021
f 1016/2459/1016 1002/2454/1002 1031/2461/1031
f 1020/2191/1020 1001/2180/1001 1022/2193/1022
f 1033/2462/1033 1006/2456/1006 981/2463/981
f 1015/2188/1015 1007/2173/1007 1005/2183/1005
f 1015/2464/1015 1009/2457/1009 1025/2460/1025
f 1002/2454/1002 1033/2462/1033 1031/2461/1031
f 1000/2186/1000 998/2182/998 1021/2184/1021
f 1013/2187/1013 1018/2189/1018 1042/2194/1042
f 1006/2456/1006 1033/2462/1033 1002/2454/1002
f 996/2178/996 1013/2187/1013 1024/2195/1024
f 1021/2478/1021 1028/2479/1028 1027/2480/1027
f 1020/2191/1020 1021/2184/1021 995/2181/995
f 996/2178/996 1024/2195/1024 1004/2179/1004
f 995/2181/995 1001/2180/1001 1020/2191/1020
f 1021/2478/1021 1027/2480/1027 1034/2481/1034
f 1004/2179/1004 1024/2195/1024 1030/4836/1030
f 1015/2188/1015 1029/2197/1029 1018/2189/1018
f 1034/4837/1034 1000/2186/1000 1021/2184/1021
f 1018/2189/1018 1029/2197/1029 1042/2194/1042
f 1026/615/1026 1033/634/1033 981/616/981
f 1028/4835/1028 1022/2193/1022 1030/2196/1030
f 1015/2188/1015 1023/2199/1023 1029/2197/1029
f 1030/2453/1030 1022/2451/1022 1004/2450/1004
f 1035/635/1035 1026/615/1026 1044/636/1044
f 1035/635/1035 1031/637/1031 1033/634/1033
f 1026/615/1026 1035/635/1035 1033/634/1033
f 1020/2191/1020 1022/2193/1022 1028/4835/1028
f 1023/2465/1023 1015/2464/1015 1025/2460/1025
f 1042/2194/1042 1029/2197/1029 1037/2200/1037
f 1016/2459/1016 1031/2461/1031 1038/2466/1038
f 1052/2482/1052 1044/2483/1044 1039/2484/1039
f 1044/636/1044 1026/615/1026 990/618/990
f 1044/636/1044 990/618/990 1039/631/1039
f 1056/2487/1056 1028/2488/1028 1030/2489/1030
f 1069/638/1069 1038/639/1038 1031/637/1031
f 1044/636/1044 1032/640/1032 1035/635/1035
f 1320/2467/1320 1016/2459/1016 1038/2466/1038
f 1039/631/1039 983/617/983 1047/632/1047
f 1317/2201/1317 1037/2200/1037 1036/2202/1036
f 1047/632/1047 1052/641/1052 1039/631/1039
f 1025/2460/1025 1016/2459/1016 1320/2467/1320
f 1037/2200/1037 1317/2201/1317 1042/2194/1042
f 1030/4836/1030 1024/2195/1024 1045/2203/1045
f 1042/2194/1042 1045/2203/1045 1013/2187/1013
f 1045/2203/1045 1024/2195/1024 1013/2187/1013
f 1035/635/1035 1057/642/1057 1069/638/1069
f 1057/642/1057 1035/635/1035 1032/640/1032
f 1050/2485/1050 1044/2483/1044 1052/2482/1052
f 1029/2197/1029 1023/2199/1023 1036/2202/1036
f 1035/635/1035 1069/638/1069 1031/637/1031
f 1028/2192/1028 1056/2204/1056 1049/2205/1049
f 1027/2206/1027 1028/2192/1028 1049/2205/1049
f 1320/2467/1320 1036/2468/1036 1023/2465/1023
f 1077/2490/1077 1056/2487/1056 1030/2489/1030
f 1029/2197/1029 1036/2202/1036 1037/2200/1037
f 1027/2206/1027 1049/2205/1049 1043/2207/1043
f 1056/2204/1056 1077/4838/1077 1078/2209/1078
f 1320/2467/1320 1023/2465/1023 1025/2460/1025
f 1045/2203/1045 1077/2208/1077 1030/4836/1030
f 1048/2210/1048 1255/2211/1255 1043/2207/1043
f 1042/2194/1042 1323/2212/1323 1325/2213/1325
f 1045/2203/1045 1042/2194/1042 1325/2213/1325
f 1032/640/1032 1044/636/1044 1050/643/1050
f 1048/2210/1048 1264/2214/1264 1255/2211/1255
f 1045/2203/1045 1325/2213/1325 1077/2208/1077
f 1032/640/1032 1050/643/1050 1065/644/1065
f 1050/2491/1050 1053/2492/1053 1064/2493/1064
f 1326/2215/1326 1077/2208/1077 1325/2213/1325
f 1041/633/1041 1046/645/1046 1047/632/1047
f 1064/646/1064 1065/644/1065 1050/643/1050
f 1071/647/1071 1046/645/1046 1041/633/1041
f 1046/645/1046 1052/641/1052 1047/632/1047
f 1064/2493/1064 1053/2492/1053 1046/2494/1046
f 1053/2486/1053 1050/2485/1050 1052/2482/1052
f 1043/2207/1043 1051/2216/1051 1048/2210/1048
f 1058/648/1058 1057/642/1057 1032/640/1032
f 1065/644/1065 1058/648/1058 1032/640/1032
f 1068/649/1068 1330/650/1330 1058/648/1058
f 1040/628/1040 1054/629/1054 1071/647/1071
f 1055/651/1055 1068/649/1068 1065/644/1065
f 1049/2205/1049 1051/2216/1051 1043/2207/1043
f 1318/652/1318 1069/638/1069 1062/653/1062
f 1318/652/1318 1038/639/1038 1069/638/1069
f 1071/647/1071 1054/629/1054 1066/558/1066
f 1071/647/1071 1041/633/1041 1040/628/1040
f 1058/648/1058 1330/650/1330 1063/654/1063
f 1066/558/1066 1054/629/1054 1059/568/1059
f 1067/655/1067 1070/656/1070 1336/657/1336
f 1071/647/1071 1060/658/1060 1061/659/1061
f 1070/656/1070 1046/645/1046 1071/647/1071
f 1065/644/1065 1064/646/1064 1067/655/1067
f 1060/2495/1060 1071/2496/1071 1066/2497/1066
f 1057/642/1057 1058/648/1058 1062/653/1062
f 1046/2498/1046 1053/2499/1053 1052/2500/1052
f 1066/558/1066 1059/568/1059 720/4809/720
f 1069/638/1069 1057/642/1057 1062/653/1062
f 1074/660/1074 1072/562/1072 1075/661/1075
f 720/2501/720 718/2502/718 1066/2503/1066
f 1061/659/1061 1060/658/1060 1072/562/1072
f 1055/651/1055 1331/662/1331 1330/650/1330
f 1060/658/1060 1066/4808/1066 1072/562/1072
f 1068/649/1068 1055/651/1055 1330/650/1330
f 1072/2504/1072 1066/2505/1066 1073/2506/1073
f 1063/654/1063 1062/653/1062 1058/648/1058
f 1318/652/1318 1062/653/1062 1319/663/1319
f 1072/562/1072 1074/660/1074 1061/659/1061
f 1070/656/1070 1061/659/1061 1074/660/1074
f 1068/649/1068 1058/648/1058 1065/644/1065
f 1062/653/1062 1063/654/1063 1319/663/1319
f 1070/656/1070 1074/660/1074 1336/657/1336
f 1051/2216/1051 1049/2205/1049 1078/2209/1078
f 1079/2217/1079 1080/2218/1080 1076/2219/1076
f 1073/664/1073 1066/4807/1066 716/551/716
f 1073/664/1073 716/551/716 1072/562/1072
f 1339/2507/1339 1078/2508/1078 1077/2509/1077
f 1071/647/1071 1061/659/1061 1070/656/1070
f 1067/2512/1067 1064/2513/1064 1046/2514/1046
f 1074/660/1074 1075/661/1075 1332/665/1332
f 1072/562/1072 715/544/715 1075/661/1075
f 1339/2507/1339 1077/2509/1077 1340/2510/1340
f 1067/655/1067 1055/651/1055 1065/644/1065
f 1080/2515/1080 1081/2516/1081 1076/2517/1076
f 1339/2220/1339 1352/2221/1352 1080/2218/1080
f 1078/2209/1078 1339/2220/1339 1079/2217/1079
f 1070/656/1070 1067/655/1067 1046/645/1046
f 774/1201/774 850/1203/850 775/1199/775
f 1332/665/1332 1336/657/1336 1074/660/1074
f 1076/2219/1076 1051/2216/1051 1078/2209/1078
f 1051/2216/1051 1076/2219/1076 1048/2210/1048
f 1336/657/1336 1055/651/1055 1067/655/1067
f 1078/2209/1078 1079/2217/1079 1076/2219/1076
f 1078/2209/1078 1049/2205/1049 1056/2204/1056
f 773/1480/773 1108/1475/1108 116/1444/116
f 1083/1553/1083 771/1476/771 1108/1475/1108
f 1085/2519/1085 1285/2520/1285 1282/2521/1282
f 1282/2222/1282 1288/2223/1288 1267/2224/1267
f 1339/2220/1339 1080/2218/1080 1079/2217/1079
f 1097/2225/1097 1267/2224/1267 1088/2226/1088
f 1282/2222/1282 1267/2224/1267 1097/2225/1097
f 1091/2522/1091 1285/2520/1285 1085/2519/1085
f 110/1030/110 771/1022/771 112/1021/112
f 1092/2227/1092 1296/2228/1296 1087/2229/1087
f 1097/2225/1097 1088/2226/1088 1813/2230/1813
f 1082/2231/1082 1088/2226/1088 1081/2232/1081
f 1097/2523/1097 1085/2519/1085 1282/2521/1282
f 1088/2226/1088 1082/2231/1082 1813/2230/1813
f 1087/2229/1087 1091/2233/1091 1084/4839/1084
f 1087/2229/1087 1981/2235/1981 1098/2236/1098
f 1085/2525/1085 1994/2526/1994 1084/2527/1084
f 1994/2237/1994 1085/4840/1085 1835/2239/1835
f 1820/2240/1820 1097/2225/1097 1813/2230/1813
f 1094/2241/1094 1089/2242/1089 1092/2227/1092
f 1090/2243/1090 1084/2234/1084 1994/2237/1994
f 1098/2236/1098 1092/2227/1092 1087/2229/1087
f 1981/2235/1981 1087/2229/1087 1084/4839/1084
f 1098/2236/1098 1981/2235/1981 1373/4841/1373
f 1290/2245/1290 1091/2233/1091 1296/2228/1296
f 1094/2241/1094 1092/2227/1092 1107/4842/1107
f 1095/2528/1095 1107/2529/1107 1092/2530/1092
f 1087/2229/1087 1296/2228/1296 1091/2233/1091
f 1104/2247/1104 1093/2248/1093 1305/2249/1305
f 1084/2532/1084 1090/2533/1090 1981/2534/1981
f 1990/2250/1990 1994/2237/1994 1835/2239/1835
f 1103/2536/1103 1093/2537/1093 1104/2538/1104
f 1098/2539/1098 1373/2540/1373 1101/2541/1101
f 1835/2239/1835 1097/2225/1097 1820/2240/1820
f 1107/2246/1107 1105/2251/1105 1104/2247/1104
f 1092/2227/1092 1098/2236/1098 1095/2252/1095
f 1084/4839/1084 1091/2233/1091 1085/2238/1085
f 1100/2542/1100 1096/2543/1096 1103/2544/1103
f 1305/2563/1305 1094/2564/1094 1107/2565/1107
f 1093/2545/1093 1103/2544/1103 1096/2543/1096
f 1835/2239/1835 1085/4840/1085 1097/2225/1097
f 1102/2253/1102 1105/2251/1105 1107/2246/1107
f 1107/2246/1107 1104/2247/1104 1305/2249/1305
f 1090/2533/1090 1989/2535/1989 1981/2534/1981
f 1100/2566/1100 1103/2567/1103 1099/2568/1099
f 1099/2254/1099 1103/2255/1103 1105/2251/1105
f 1103/2255/1103 1104/2247/1104 1105/2251/1105
f 1996/2531/1996 1107/2529/1107 1095/2528/1095
f 2160/2569/2160 1100/2570/1100 1099/2571/1099
f 1099/2254/1099 1105/2251/1105 2160/2256/2160
f 1102/2253/1102 1107/2246/1107 1996/2257/1996
f 1111/1182/1111 1106/1185/1106 687/1230/687
f 280/1111/280 1133/1188/1133 1114/1112/1114
f 1114/1112/1114 1133/1188/1133 1307/1231/1307
f 734/1181/734 1111/1182/1111 1115/1232/1115
f 1095/2252/1095 1098/2236/1098 1101/2258/1101
f 777/1477/777 1110/1554/1110 845/1523/845
f 687/339/687 748/354/748 1115/355/1115
f 687/1230/687 1106/1185/1106 1217/1233/1217
f 1122/1115/1122 1113/1109/1113 1114/1112/1114
f 1083/1553/1083 1108/1475/1108 1110/1554/1110
f 110/1450/110 116/1444/116 1108/1475/1108
f 1106/1185/1106 1132/1234/1132 1217/1233/1217
f 777/1477/777 1083/1553/1083 1110/1554/1110
f 275/1099/275 1123/1107/1123 759/1183/759
f 1111/1182/1111 687/1230/687 1115/1232/1115
f 1083/1202/1083 777/1235/777 850/1203/850
f 1130/1555/1130 1086/1460/1086 1112/1556/1112
f 1122/1115/1122 1131/1184/1131 759/1183/759
f 1121/1236/1121 1118/1237/1118 1125/1238/1125
f 773/1480/773 1109/1527/1109 1120/1528/1120
f 1086/1460/1086 744/1474/744 1112/1556/1112
f 1116/1961/1116 1127/1993/1127 756/1960/756
f 773/1480/773 533/1461/533 1086/1460/1086
f 773/1480/773 1120/1528/1120 1108/1475/1108
f 1120/1528/1120 1110/1554/1110 1108/1475/1108
f 1110/1554/1110 1120/1528/1120 845/1523/845
f 840/1520/840 1130/1555/1130 816/1522/816
f 1129/1557/1129 1126/1558/1126 744/1474/744
f 1112/1556/1112 744/1474/744 1126/1558/1126
f 756/1960/756 1129/2031/1129 1124/1943/1124
f 840/1520/840 1109/1527/1109 1130/1555/1130
f 1112/1556/1112 1128/1559/1128 1130/1555/1130
f 1127/1560/1127 1126/1558/1126 1129/1557/1129
f 1119/1467/1119 1124/4833/1124 1129/1557/1129
f 1129/1557/1129 744/1474/744 1119/1467/1119
f 1127/1993/1127 1129/2031/1129 756/1960/756
f 1109/1527/1109 773/1480/773 1130/1555/1130
f 1128/1559/1128 1112/1556/1112 1126/1558/1126
f 804/1499/804 1128/1559/1128 1127/1560/1127
f 816/1522/816 1130/1555/1130 1128/1559/1128
f 869/1999/869 1116/1961/1116 1117/1964/1117
f 1116/1961/1116 869/1999/869 1127/1993/1127
f 1128/1559/1128 1126/1558/1126 1127/1560/1127
f 1132/1234/1132 1118/1237/1118 1121/1236/1121
f 804/1499/804 816/1522/816 1128/1559/1128
f 209/266/209 668/273/668 679/284/679
f 1106/1185/1106 1111/1182/1111 759/1183/759
f 1211/1239/1211 1217/1233/1217 1132/1234/1132
f 773/1480/773 1086/1460/1086 1130/1555/1130
f 1125/1238/1125 1118/1237/1118 1131/1184/1131
f 1106/1185/1106 1118/1237/1118 1132/1234/1132
f 570/1122/570 1371/1186/1371 280/1111/280
f 1140/1240/1140 886/1241/886 1134/1242/1134
f 1131/1184/1131 1122/1115/1122 1307/1231/1307
f 1114/1112/1114 1307/1231/1307 1122/1115/1122
f 1313/1243/1313 1125/1238/1125 1307/1231/1307
f 937/1229/937 1138/1244/1138 914/1223/914
f 1118/1237/1118 1106/1185/1106 1131/1184/1131
f 1138/1244/1138 758/1224/758 914/1223/914
f 886/1551/886 1135/1561/1135 1144/1562/1144
f 1133/1188/1133 1306/1245/1306 1307/1231/1307
f 1144/1562/1144 1134/1563/1134 886/1551/886
f 1125/1238/1125 1313/1243/1313 1121/1236/1121
f 1306/1245/1306 1372/1246/1372 1313/1243/1313
f 1361/1247/1361 1138/1244/1138 1136/1248/1136
f 1134/1242/1134 1148/1249/1148 1140/1240/1140
f 886/1241/886 1140/1240/1140 1139/1228/1139
f 1135/2259/1135 908/2134/908 1141/2260/1141
f 933/2156/933 1141/2260/1141 927/2133/927
f 1135/2259/1135 1147/2261/1147 1144/2262/1144
f 1147/2261/1147 1135/2259/1135 1141/2260/1141
f 1138/1244/1138 937/1229/937 1167/1250/1167
f 1147/2261/1147 1141/2260/1141 1150/2263/1150
f 1144/2574/1144 1152/2575/1152 1134/2576/1134
f 1137/2264/1137 1141/2260/1141 1142/2157/1142
f 999/2161/999 1145/2185/1145 1142/2157/1142
f 886/1551/886 908/1549/908 1135/1561/1135
f 1148/2577/1148 1134/2576/1134 1152/2575/1152
f 1146/2578/1146 1144/2579/1144 1147/2580/1147
f 1141/2260/1141 933/2156/933 1142/2157/1142
f 1146/2581/1146 1147/2582/1147 1149/2583/1149
f 1141/2260/1141 908/2134/908 927/2133/927
f 1137/2264/1137 1150/2263/1150 1141/2260/1141
f 1136/1248/1136 1138/1244/1138 1167/1250/1167
f 1137/2264/1137 1142/2157/1142 1145/2185/1145
f 1159/2588/1159 936/2589/936 1140/2590/1140
f 1155/2584/1155 1149/2583/1149 1153/2585/1153
f 1178/2265/1178 1149/2266/1149 1150/2263/1150
f 1152/1251/1152 1146/1252/1146 1151/1253/1151
f 1149/2266/1149 1178/2265/1178 1153/2267/1153
f 1157/1254/1157 1148/1249/1148 1152/1251/1152
f 1149/2266/1149 1147/2261/1147 1150/2263/1150
f 1151/1253/1151 1155/1255/1155 1160/1256/1160
f 1139/1228/1139 1140/1240/1140 936/1227/936
f 1143/2591/1143 1137/2592/1137 1145/2593/1145
f 1146/2598/1146 1152/2599/1152 1144/2600/1144
f 1153/2585/1153 1163/2586/1163 1156/2587/1156
f 1155/2584/1155 1146/2581/1146 1149/2583/1149
f 1148/1249/1148 1157/1254/1157 1164/1257/1164
f 1156/2587/1156 1155/2584/1155 1153/2585/1153
f 1155/1255/1155 1151/1253/1151 1146/1252/1146
f 1160/1256/1160 1152/1251/1152 1151/1253/1151
f 1169/1258/1169 1162/1259/1162 1156/1260/1156
f 1150/2263/1150 1137/2264/1137 1154/2268/1154
f 1160/1256/1160 1156/1260/1156 1162/1259/1162
f 1160/1256/1160 1155/1255/1155 1156/1260/1156
f 937/1229/937 936/1227/936 1165/1261/1165
f 1140/1240/1140 1165/1261/1165 1159/1262/1159
f 1159/1262/1159 1165/1261/1165 936/1227/936
f 1152/1251/1152 1160/1256/1160 1157/1254/1157
f 1148/1249/1148 1165/1261/1165 1140/1240/1140
f 1148/1249/1148 1174/1263/1174 1165/1261/1165
f 1161/1264/1161 1162/1259/1162 1169/1258/1169
f 1154/2268/1154 1178/2265/1178 1150/2263/1150
f 1165/1261/1165 1158/1265/1158 1167/1250/1167
f 1160/1256/1160 1168/1266/1168 1157/1254/1157
f 1148/1249/1148 1164/1257/1164 1174/1263/1174
f 1162/1259/1162 1161/1264/1161 1168/1266/1168
f 1202/2269/1202 1153/2267/1153 1178/2265/1178
f 937/1229/937 1165/1261/1165 1167/1250/1167
f 1158/1265/1158 1165/1261/1165 1174/1263/1174
f 1163/2270/1163 1153/2267/1153 1202/2269/1202
f 1175/1267/1175 1169/1258/1169 1163/1268/1163
f 1161/1264/1161 1169/1258/1169 1175/1267/1175
f 1168/1266/1168 1160/1256/1160 1162/1259/1162
f 1166/1269/1166 1164/1257/1164 1157/1254/1157
f 1156/1260/1156 1163/1268/1163 1169/1258/1169
f 1171/1270/1171 1161/1264/1161 1175/1267/1175
f 1166/1269/1166 1170/1271/1170 1180/1272/1180
f 1179/1273/1179 1136/1248/1136 1158/1265/1158
f 1157/1254/1157 1168/1266/1168 1166/1269/1166
f 1166/1269/1166 1174/1263/1174 1164/1257/1164
f 1170/1271/1170 1168/1266/1168 1182/1274/1182
f 1177/2271/1177 1175/2272/1175 1192/2273/1192
f 1163/2270/1163 1192/2273/1192 1175/2272/1175
f 1183/1275/1183 1171/1270/1171 1172/1276/1172
f 1180/1272/1180 1186/1277/1186 1179/1273/1179
f 1182/1274/1182 1161/1264/1161 1183/1275/1183
f 1166/1269/1166 1180/1272/1180 1174/1263/1174
f 1158/1265/1158 1136/1248/1136 1167/1250/1167
f 1137/2264/1137 1234/2274/1234 1154/2268/1154
f 1183/1275/1183 1172/1276/1172 1191/1278/1191
f 1166/1269/1166 1168/1266/1168 1170/1271/1170
f 1158/1265/1158 1174/1263/1174 1180/1272/1180
f 1179/1273/1179 1356/1279/1356 1359/1280/1359
f 1171/1270/1171 1175/1267/1175 1177/1281/1177
f 1186/1277/1186 1170/1271/1170 1181/1282/1181
f 1177/1281/1177 1197/1283/1197 1171/1270/1171
f 1173/1284/1173 1356/1279/1356 1186/1277/1186
f 1172/1276/1172 1171/1270/1171 1189/1285/1189
f 1143/2275/1143 1234/2274/1234 1137/2264/1137
f 1186/1277/1186 1180/1272/1180 1170/1271/1170
f 1183/1275/1183 1161/1264/1161 1171/1270/1171
f 1172/1276/1172 1189/1285/1189 1191/1278/1191
f 1180/1272/1180 1179/1273/1179 1158/1265/1158
f 1161/1264/1161 1182/1274/1182 1168/1266/1168
f 1356/1279/1356 1179/1273/1179 1186/1277/1186
f 1173/2601/1173 1176/2602/1176 1362/2603/1362
f 1154/2268/1154 1234/2274/1234 1187/2276/1187
f 1363/1286/1363 1362/1287/1362 1176/4829/1176
f 1197/1283/1197 1177/1281/1177 1198/1289/1198
f 1171/2606/1171 1197/2607/1197 1189/2608/1189
f 1192/2273/1192 1163/2270/1163 1202/2269/1202
f 1178/2265/1178 1154/2268/1154 1187/2276/1187
f 1196/1290/1196 1193/1291/1193 1195/1292/1195
f 1170/1271/1170 1184/1293/1184 1194/1294/1194
f 1181/1282/1181 1170/1271/1170 1194/1294/1194
f 1186/1277/1186 1181/1282/1181 1173/1284/1173
f 1191/1278/1191 1184/1293/1184 1183/1275/1183
f 1184/1293/1184 1170/1271/1170 1182/1274/1182
f 1184/1293/1184 1182/1274/1182 1183/1275/1183
f 1178/2265/1178 1187/2276/1187 1185/2277/1185
f 1201/2610/1201 1195/2611/1195 1199/2612/1199
f 1185/2613/1185 1187/2614/1187 1188/2615/1188
f 1193/2609/1193 1189/2608/1189 1197/2607/1197
f 1185/2277/1185 1202/2269/1202 1178/2265/1178
f 1199/1295/1199 1193/1291/1193 1197/1283/1197
f 1184/1293/1184 1190/1296/1190 1194/1294/1194
f 1173/1284/1173 1181/1282/1181 1194/1294/1194
f 1199/1295/1199 1195/1292/1195 1193/1291/1193
f 1191/1278/1191 1189/1285/1189 1193/1291/1193
f 1200/1297/1200 1204/1298/1204 1195/1292/1195
f 1197/1283/1197 1198/1289/1198 1199/1295/1199
f 1195/2616/1195 1218/2617/1218 1203/2618/1203
f 1306/1245/1306 1205/1299/1205 1372/1246/1372
f 1201/2619/1201 1218/2617/1218 1195/2616/1195
f 1184/1293/1184 1191/1278/1191 1196/1290/1196
f 1191/1278/1191 1193/1291/1193 1196/1290/1196
f 1196/1290/1196 1195/1292/1195 1204/1298/1204
f 1210/1300/1210 1372/1246/1372 1204/1298/1204
f 1199/2278/1199 1198/2279/1198 1209/2280/1209
f 1173/1284/1173 1194/1294/1194 1176/1288/1176
f 1372/1246/1372 1205/1299/1205 1204/1298/1204
f 1187/2276/1187 1234/2274/1234 1227/2281/1227
f 1203/2618/1203 1218/2617/1218 1212/2620/1212
f 1190/1296/1190 1184/1293/1184 1205/1299/1205
f 1205/1299/1205 1184/1293/1184 1196/1290/1196
f 1204/1298/1204 1205/1299/1205 1196/1290/1196
f 1185/2277/1185 1207/2282/1207 1202/2269/1202
f 1202/2269/1202 1207/2282/1207 1215/2283/1215
f 1190/1296/1190 1176/1288/1176 1194/1294/1194
f 1199/2278/1199 1209/2280/1209 1201/2284/1201
f 1202/2269/1202 1215/2283/1215 1192/2273/1192
f 1200/1297/1200 1206/1301/1206 1204/1298/1204
f 1313/1243/1313 1372/1246/1372 1210/1300/1210
f 1203/1302/1203 1200/1297/1200 1195/1292/1195
f 1188/2285/1188 1227/2281/1227 1231/2286/1231
f 1187/2638/1187 1227/2639/1227 1188/2640/1188
f 1210/2641/1210 1204/2642/1204 1206/2643/1206
f 1209/2644/1209 1223/2645/1223 1201/2646/1201
f 1242/2287/1242 1207/2282/1207 1235/2288/1235
f 1208/2289/1208 1185/2277/1185 1188/2285/1188
f 1177/2271/1177 1214/2290/1214 1198/2279/1198
f 1207/2282/1207 1185/2277/1185 1208/2289/1208
f 1121/1236/1121 1210/1300/1210 1206/1301/1206
f 1188/2285/1188 1231/2286/1231 1208/2289/1208
f 1203/1302/1203 1213/1303/1213 1200/1297/1200
f 1177/2271/1177 1192/2273/1192 1214/2290/1214
f 1211/1239/1211 1213/1303/1213 1212/1304/1212
f 1235/2288/1235 1207/2282/1207 1208/2289/1208
f 1203/1302/1203 1212/1304/1212 1213/1303/1213
f 1215/2283/1215 1214/2290/1214 1192/2273/1192
f 1211/1239/1211 1132/1234/1132 1213/1303/1213
f 1200/1297/1200 1213/1303/1213 1206/1301/1206
f 1132/1234/1132 1121/1236/1121 1213/1303/1213
f 1213/1303/1213 1121/1236/1121 1206/1301/1206
f 1222/2291/1222 1214/2290/1214 1215/2283/1215
f 1211/356/1211 1216/357/1216 740/341/740
f 1215/2283/1215 1207/2282/1207 1242/2287/1242
f 1223/2645/1223 1209/2644/1209 1219/2647/1219
f 1209/2280/1209 1198/2279/1198 1214/2290/1214
f 1121/1236/1121 1313/1243/1313 1210/1300/1210
f 1216/2621/1216 1212/2620/1212 1218/2617/1218
f 1211/356/1211 1212/358/1212 1216/357/1216
f 1223/2622/1223 1218/2617/1218 1201/2619/1201
f 1219/2623/1219 1251/2624/1251 1253/2625/1253
f 1219/2647/1219 1253/2648/1253 1223/2645/1223
f 1209/2644/1209 1222/2649/1222 1219/2647/1219
f 1216/357/1216 1221/359/1221 1229/360/1229
f 748/354/748 740/341/740 1279/351/1279
f 1216/357/1216 1218/361/1218 1221/359/1221
f 740/341/740 1229/360/1229 1279/351/1279
f 1253/2625/1253 1220/2626/1220 1223/2622/1223
f 1209/2644/1209 1214/2650/1214 1222/2649/1222
f 1218/2617/1218 1223/2622/1223 1221/2627/1221
f 1217/340/1217 1211/356/1211 740/341/740
f 1145/2593/1145 1225/2594/1225 1224/2595/1224
f 740/341/740 1216/357/1216 1229/360/1229
f 1145/2593/1145 1000/2596/1000 1225/2594/1225
f 1143/2591/1143 1145/2593/1145 1224/2595/1224
f 1220/2626/1220 1229/2628/1229 1221/2627/1221
f 1234/2274/1234 1226/2292/1226 1227/2281/1227
f 1220/2626/1220 1221/2627/1221 1223/2622/1223
f 1034/2198/1034 1228/2293/1228 1225/2294/1225
f 1231/2286/1231 1227/2281/1227 1232/2295/1232
f 1230/2296/1230 1228/2293/1228 1244/2297/1244
f 1233/2298/1233 1226/2292/1226 1225/2294/1225
f 1226/2292/1226 1233/2298/1233 1227/2281/1227
f 1224/2299/1224 1226/2292/1226 1234/2274/1234
f 1034/2597/1034 1225/2594/1225 1000/2596/1000
f 1232/2295/1232 1237/2300/1237 1231/2286/1231
f 1230/2296/1230 1233/2298/1233 1225/2294/1225
f 1143/2275/1143 1224/2299/1224 1234/2274/1234
f 1231/2286/1231 1237/2300/1237 1235/2288/1235
f 1226/2292/1226 1224/2299/1224 1225/2294/1225
f 1228/2293/1228 1230/2296/1230 1225/2294/1225
f 1227/2281/1227 1233/2298/1233 1232/2295/1232
f 1236/2301/1236 1232/2295/1232 1233/2298/1233
f 1208/2289/1208 1231/2286/1231 1235/2288/1235
f 1235/2288/1235 1237/2300/1237 1238/2302/1238
f 1239/2303/1239 1232/2295/1232 1241/2304/1241
f 1233/2298/1233 1230/2296/1230 1236/2301/1236
f 1232/2654/1232 1236/2655/1236 1241/2656/1241
f 1255/2211/1255 1034/2198/1034 1027/2206/1027
f 1228/2293/1228 1034/2198/1034 1255/2211/1255
f 1236/2655/1236 1246/2657/1246 1241/2656/1241
f 1247/2305/1247 1238/2302/1238 1237/2300/1237
f 1242/2287/1242 1222/2291/1222 1215/2283/1215
f 1236/2301/1236 1230/2296/1230 1244/2297/1244
f 1237/2300/1237 1239/2303/1239 1247/2305/1247
f 1240/2306/1240 1238/2302/1238 1247/2305/1247
f 1048/2210/1048 1076/2219/1076 1264/2214/1264
f 1260/2307/1260 1240/2306/1240 1247/2305/1247
f 1242/2287/1242 1238/2302/1238 1240/2306/1240
f 1244/2297/1244 1246/2308/1246 1236/2301/1236
f 1243/2309/1243 1260/2307/1260 1247/2305/1247
f 1238/2302/1238 1242/2287/1242 1235/2288/1235
f 1256/2310/1256 1239/2303/1239 1241/2304/1241
f 1222/2291/1222 1242/2287/1242 1240/2306/1240
f 1243/2309/1243 1247/2305/1247 1256/2310/1256
f 1256/2310/1256 1247/2305/1247 1239/2303/1239
f 1239/2303/1239 1237/2300/1237 1232/2295/1232
f 1248/2311/1248 1260/2307/1260 1243/2309/1243
f 1249/2651/1249 1251/2652/1251 1222/2649/1222
f 1222/2649/1222 1251/2652/1251 1219/2647/1219
f 1249/2312/1249 1240/2306/1240 1254/2313/1254
f 1249/2312/1249 1222/2291/1222 1240/2306/1240
f 1256/2310/1256 1245/2314/1245 1243/2309/1243
f 1254/2313/1254 1240/2306/1240 1260/2307/1260
f 1254/2313/1254 1283/4843/1283 1258/2316/1258
f 1220/2626/1220 1250/2629/1250 1276/2630/1276
f 1249/2312/1249 1254/2313/1254 1258/2316/1258
f 1272/2664/1272 1257/2665/1257 1258/2666/1258
f 1248/2668/1248 1283/2669/1283 1260/2670/1260
f 1250/2629/1250 1220/2626/1220 1253/2625/1253
f 1251/2652/1251 1249/2651/1249 1258/2653/1258
f 1270/2317/1270 1264/2214/1264 1261/4844/1261
f 1250/2629/1250 1253/2625/1253 1252/2631/1252
f 1276/2630/1276 1229/2628/1229 1220/2626/1220
f 1253/2625/1253 1251/2624/1251 1252/2631/1252
f 1252/2631/1252 1251/2624/1251 1258/2632/1258
f 1255/2211/1255 1264/2214/1264 1270/2317/1270
f 1283/2669/1283 1248/2668/1248 1259/2671/1259
f 1257/2665/1257 1252/2667/1252 1258/2666/1258
f 1262/2658/1262 1241/2656/1241 1246/2657/1246
f 1228/2293/1228 1255/2211/1255 1270/2317/1270
f 1257/2633/1257 1269/2634/1269 1252/2631/1252
f 1250/2629/1250 1252/2631/1252 1269/2634/1269
f 1228/2293/1228 1270/2317/1270 1244/2297/1244
f 1283/4843/1283 1254/2313/1254 1260/2307/1260
f 1262/2319/1262 1246/2308/1246 1244/2297/1244
f 1264/2214/1264 1266/2320/1266 1261/4844/1261
f 1261/2672/1261 1274/2673/1274 1270/2674/1270
f 1255/2211/1255 1027/2206/1027 1043/2207/1043
f 1281/2321/1281 1262/2319/1262 1244/2297/1244
f 1262/2658/1262 1273/2659/1273 1241/2656/1241
f 1281/2321/1281 1270/2317/1270 1274/2322/1274
f 1270/2317/1270 1281/2321/1281 1244/2297/1244
f 1271/2660/1271 1273/2659/1273 1262/2658/1262
f 1088/2226/1088 1268/4845/1268 1081/2232/1081
f 1281/2661/1281 1271/2660/1271 1262/2658/1262
f 1267/2224/1267 1261/2318/1261 1268/4845/1268
f 1248/2311/1248 1243/2309/1243 1245/2314/1245
f 1258/2677/1258 1283/2678/1283 1265/2679/1265
f 1245/2314/1245 1273/2324/1273 1284/2325/1284
f 1241/2304/1241 1273/2324/1273 1256/2310/1256
f 1076/2219/1076 1268/2323/1268 1266/2320/1266
f 1076/2219/1076 1266/2320/1266 1264/2214/1264
f 1245/2314/1245 1256/2310/1256 1273/2324/1273
f 1267/2224/1267 1288/2223/1288 1261/2318/1261
f 1276/362/1276 1250/363/1250 1263/364/1263
f 1261/2684/1261 1266/2685/1266 1268/2686/1268
f 1288/2675/1288 1274/2673/1274 1261/2672/1261
f 1248/2311/1248 1245/2314/1245 1291/2326/1291
f 1275/365/1275 1263/364/1263 1278/366/1278
f 1275/365/1275 686/342/686 695/343/695
f 1275/365/1275 695/343/695 692/349/692
f 1088/2226/1088 1267/2224/1267 1268/4845/1268
f 1229/360/1229 1276/362/1276 1279/351/1279
f 1272/2635/1272 1278/2636/1278 1269/2634/1269
f 1263/2637/1263 1269/2634/1269 1278/2636/1278
f 1300/2680/1300 1272/2681/1272 1277/2682/1277
f 1269/2634/1269 1257/2633/1257 1272/2635/1272
f 1275/365/1275 1278/366/1278 686/342/686
f 1275/365/1275 1279/351/1279 1276/362/1276
f 1278/2546/1278 1300/2547/1300 1294/2548/1294
f 1284/2662/1284 1273/2659/1273 1271/2660/1271
f 1250/2629/1250 1269/2634/1269 1263/2637/1263
f 1271/2327/1271 1281/2321/1281 1280/4846/1280
f 1300/2680/1300 1278/2683/1278 1272/2681/1272
f 1272/2681/1272 1265/2679/1265 1277/2682/1277
f 1265/2679/1265 1272/2681/1272 1258/2677/1258
f 1285/4847/1285 1288/2223/1288 1282/2222/1282
f 686/342/686 1294/367/1294 688/327/688
f 1286/2330/1286 1283/2315/1283 1259/2331/1259
f 1279/351/1279 1275/365/1275 692/349/692
f 1280/2663/1280 1284/2662/1284 1271/2660/1271
f 1275/365/1275 1276/362/1276 1263/364/1263
f 1286/2687/1286 1265/2688/1265 1283/2689/1283
f 1284/2325/1284 1291/2326/1291 1245/2314/1245
f 1278/366/1278 1294/367/1294 686/342/686
f 1287/2332/1287 1286/2330/1286 1259/2331/1259
f 1287/2332/1287 1259/2331/1259 1291/2326/1291
f 1289/2333/1289 1284/2325/1284 1290/2245/1290
f 1285/2676/1285 1274/2673/1274 1288/2675/1288
f 1274/2322/1274 1285/2329/1285 1280/4846/1280
f 1091/2233/1091 1290/2245/1290 1280/2328/1280
f 1281/2321/1281 1274/2322/1274 1280/4846/1280
f 1289/2333/1289 1291/2326/1291 1284/2325/1284
f 1297/2334/1297 1286/2330/1286 1293/2335/1293
f 1091/2522/1091 1280/2524/1280 1285/2520/1285
f 1290/2245/1290 1284/2325/1284 1280/2328/1280
f 1289/2333/1289 1290/2245/1290 1296/2228/1296
f 1292/2336/1292 1291/2326/1291 1089/2242/1089
f 1277/2690/1277 1265/2688/1265 1286/2687/1286
f 1297/2691/1297 1277/2690/1277 1286/2687/1286
f 1292/2336/1292 1287/2332/1287 1291/2326/1291
f 1089/2242/1089 1291/2326/1291 1289/2333/1289
f 1259/2331/1259 1248/2311/1248 1291/2326/1291
f 1092/2227/1092 1089/2242/1089 1296/2228/1296
f 1293/2335/1293 1292/2336/1292 1299/2337/1299
f 1293/2335/1293 1286/2330/1286 1287/2332/1287
f 1299/2337/1299 1297/2334/1297 1293/2335/1293
f 1300/2547/1300 1295/2549/1295 1294/2548/1294
f 1301/2550/1301 1295/2549/1295 1300/2547/1300
f 1292/2336/1292 1293/2335/1293 1287/2332/1287
f 1301/2550/1301 1300/2547/1300 1297/2551/1297
f 1298/2338/1298 1299/2337/1299 1093/2248/1093
f 1297/2551/1297 1300/2547/1300 1277/2552/1277
f 1298/2338/1298 1297/2334/1297 1299/2337/1299
f 1303/2553/1303 1301/2550/1301 1298/2554/1298
f 1302/2555/1302 1295/2549/1295 1301/2550/1301
f 1305/2249/1305 1093/2248/1093 1299/2337/1299
f 688/327/688 1294/367/1294 1295/328/1295
f 1299/2337/1299 1292/2336/1292 1305/2249/1305
f 732/368/732 734/353/734 753/280/753
f 280/1111/280 1371/1186/1371 1133/1188/1133
f 1303/2553/1303 1302/2555/1302 1301/2550/1301
f 1089/2242/1089 1289/2333/1289 1296/2228/1296
f 1305/2249/1305 1089/2242/1089 1094/2241/1094
f 1093/2545/1093 1096/2543/1096 1298/2554/1298
f 1304/2556/1304 1096/2543/1096 1100/2542/1100
f 1298/2554/1298 1301/2550/1301 1297/2551/1297
f 1311/369/1311 1309/332/1309 1304/331/1304
f 1303/2553/1303 1298/2554/1298 1096/2543/1096
f 680/329/680 1295/328/1295 1302/370/1302
f 1311/369/1311 1308/371/1308 1309/332/1309
f 1308/371/1308 749/285/749 1309/332/1309
f 1304/2556/1304 1100/2542/1100 1312/2557/1312
f 1302/370/1302 682/333/682 680/329/680
f 1303/337/1303 682/333/682 1302/370/1302
f 1316/372/1316 1310/311/1310 1308/371/1308
f 749/285/749 746/305/746 209/266/209
f 1311/2558/1311 1304/2556/1304 1312/2557/1312
f 2174/373/2174 1316/372/1316 1311/369/1311
f 1311/369/1311 1316/372/1316 1308/371/1308
f 1310/311/1310 1316/372/1316 2180/302/2180
f 1100/2570/1100 2160/2569/2160 1312/2572/1312
f 1307/1231/1307 1306/1245/1306 1313/1243/1313
f 746/305/746 749/285/749 1310/311/1310
f 1315/2559/1315 1311/2558/1311 1312/2557/1312
f 1315/2559/1315 2174/2560/2174 1311/2558/1311
f 506/301/506 1310/311/1310 2180/302/2180
f 1305/2249/1305 1292/2336/1292 1089/2242/1089
f 1036/2468/1036 1321/2469/1321 1327/2470/1327
f 1308/371/1308 1310/311/1310 749/285/749
f 1036/2202/1036 1327/2339/1327 1317/2201/1317
f 1317/2201/1317 1327/2339/1327 1323/2212/1323
f 1036/2468/1036 1320/2467/1320 1321/2469/1321
f 1322/2340/1322 1326/2215/1326 1325/2213/1325
f 1620/2471/1620 1327/2470/1327 1321/2469/1321
f 1320/2467/1320 1038/2466/1038 1318/2472/1318
f 1327/2339/1327 1620/2341/1620 1324/2342/1324
f 1319/663/1319 1063/654/1063 1338/666/1338
f 1323/2692/1323 1042/2693/1042 1317/2694/1317
f 1338/666/1338 1334/667/1334 1319/663/1319
f 1323/2212/1323 1322/2340/1322 1325/2213/1325
f 1318/652/1318 1334/667/1334 1328/668/1328
f 1327/2339/1327 1324/2342/1324 1322/2340/1322
f 1637/2343/1637 1347/2344/1347 1322/2340/1322
f 1324/2342/1324 1623/2345/1623 1322/2340/1322
f 1323/2212/1323 1327/2339/1327 1322/2340/1322
f 1322/2340/1322 1623/2345/1623 1637/2343/1637
f 1318/2472/1318 1321/2469/1321 1320/2467/1320
f 1336/657/1336 1331/662/1331 1055/651/1055
f 1318/2472/1318 1328/2473/1328 1321/2469/1321
f 1063/654/1063 1330/650/1330 1329/669/1329
f 1620/2471/1620 1328/2473/1328 1626/2474/1626
f 1319/663/1319 1334/667/1334 1318/652/1318
f 1330/650/1330 1331/662/1331 1333/670/1333
f 1334/667/1334 1338/666/1338 1346/671/1346
f 1332/665/1332 1075/661/1075 1335/672/1335
f 1063/654/1063 1329/669/1329 1338/666/1338
f 1340/2510/1340 1077/2509/1077 1326/2511/1326
f 1342/673/1342 1343/674/1343 1333/670/1333
f 1336/657/1336 1332/665/1332 1344/4813/1344
f 1341/2695/1341 1344/2696/1344 1345/2697/1345
f 1330/650/1330 1333/670/1333 1329/669/1329
f 1340/2346/1340 1347/2344/1347 1337/2347/1337
f 1343/674/1343 1400/676/1400 1402/677/1402
f 1333/670/1333 1331/662/1331 1336/657/1336
f 1342/2704/1342 1333/2705/1333 1344/2706/1344
f 1340/2346/1340 1352/2221/1352 1339/2220/1339
f 1343/674/1343 1329/669/1329 1333/670/1333
f 1349/678/1349 1400/676/1400 1343/674/1343
f 1342/673/1342 1344/675/1344 1341/679/1341
f 1326/2215/1326 1347/2344/1347 1340/2346/1340
f 1340/2346/1340 1355/2348/1355 1352/2221/1352
f 1329/669/1329 1343/674/1343 1338/666/1338
f 1321/2469/1321 1328/2473/1328 1620/2471/1620
f 1338/666/1338 1343/674/1343 1402/677/1402
f 1336/657/1336 1344/4813/1344 1333/670/1333
f 1326/2215/1326 1322/2340/1322 1347/2344/1347
f 1349/678/1349 1343/674/1343 1342/673/1342
f 700/546/700 1075/661/1075 715/544/715
f 1348/680/1348 1511/550/1511 1351/681/1351
f 1365/548/1365 1348/680/1348 700/546/700
f 1637/2343/1637 1337/2347/1337 1347/2344/1347
f 1346/2707/1346 1630/2708/1630 1334/2709/1334
f 1332/665/1332 1335/672/1335 1344/4813/1344
f 1338/666/1338 1402/677/1402 1346/671/1346
f 1342/673/1342 1426/682/1426 1349/678/1349
f 1344/4813/1344 1335/672/1335 1345/683/1345
f 1342/673/1342 1341/679/1341 1426/682/1426
f 1348/680/1348 1351/681/1351 1445/684/1445
f 1340/2346/1340 1337/2347/1337 1355/2348/1355
f 1328/668/1328 1334/667/1334 1630/685/1630
f 1075/661/1075 1348/680/1348 1335/672/1335
f 1511/550/1511 1425/686/1425 1351/681/1351
f 1335/672/1335 1348/680/1348 1445/684/1445
f 1345/683/1345 1335/672/1335 1445/684/1445
f 1355/2348/1355 1819/2349/1819 1082/2231/1082
f 1355/2518/1355 1081/2516/1081 1080/2515/1080
f 1337/2347/1337 1374/2350/1374 1819/2349/1819
f 1354/1305/1354 1361/1247/1361 1136/1248/1136
f 1355/2348/1355 1337/2347/1337 1819/2349/1819
f 1345/2697/1345 1446/2698/1446 1341/2695/1341
f 1637/2343/1637 1374/2350/1374 1337/2347/1337
f 1448/687/1448 1445/684/1445 1351/681/1351
f 1353/1306/1353 758/1224/758 1138/1244/1138
f 1345/2697/1345 1445/2699/1445 1446/2698/1446
f 1367/1307/1367 1360/1178/1360 747/1190/747
f 1355/2348/1355 1080/2218/1080 1352/2221/1352
f 1358/1308/1358 1361/1247/1361 1354/1305/1354
f 1348/680/1348 1365/548/1365 1511/550/1511
f 1355/2348/1355 1082/2231/1082 1081/2232/1081
f 747/1190/747 1353/1306/1353 1367/1307/1367
f 1138/1244/1138 1361/1247/1361 1353/1306/1353
f 1357/4830/1357 1359/1280/1359 1356/1279/1356
f 1367/1307/1367 1353/1306/1353 1361/1247/1361
f 1358/1308/1358 1357/1309/1357 1364/1197/1364
f 1361/1247/1361 1358/1308/1358 1367/1307/1367
f 747/1190/747 758/1224/758 1353/1306/1353
f 772/1200/772 758/1224/758 747/1190/747
f 1366/1310/1366 1362/1287/1362 1363/1286/1363
f 1362/2603/1362 1357/2604/1357 1173/2601/1173
f 1173/2601/1173 1357/2604/1357 1356/2605/1356
f 1354/1305/1354 1359/1280/1359 1358/1308/1358
f 765/2710/765 747/2711/747 1360/2712/1360
f 1362/1287/1362 1366/1310/1366 1357/1309/1357
f 1357/2713/1357 1358/2714/1358 1359/2715/1359
f 1367/1307/1367 1358/1308/1358 677/1311/677
f 1075/661/1075 700/546/700 1348/680/1348
f 1363/1286/1363 1350/1312/1350 1306/1245/1306
f 1358/1308/1358 1364/1197/1364 677/1311/677
f 18/1127/18 677/1311/677 572/1125/572
f 569/1025/569 1360/1178/1360 18/1127/18
f 1360/1178/1360 1367/1307/1367 18/1127/18
f 696/1132/696 1364/1197/1364 1366/1310/1366
f 1364/1197/1364 572/1125/572 677/1311/677
f 1190/1296/1190 1205/1299/1205 1176/1288/1176
f 1370/1179/1370 1366/1310/1366 1368/1313/1368
f 1359/1280/1359 1354/1305/1354 1136/1248/1136
f 572/1125/572 573/1119/573 18/1127/18
f 1366/1310/1366 1364/1197/1364 1357/1309/1357
f 1359/1280/1359 1136/1248/1136 1179/1273/1179
f 1176/4829/1176 1350/1312/1350 1363/1286/1363
f 1364/1197/1364 1314/1131/1314 572/1125/572
f 18/1127/18 1367/1307/1367 677/1311/677
f 1366/1310/1366 1363/1286/1363 1368/1313/1368
f 582/1129/582 696/1132/696 1370/1179/1370
f 570/1122/570 1370/1179/1370 1369/1187/1369
f 1369/1187/1369 1371/1186/1371 570/1122/570
f 1306/1245/1306 1133/1188/1133 1369/1187/1369
f 1306/2716/1306 1350/2717/1350 1176/2718/1176
f 1176/1288/1176 1205/1299/1205 1306/1245/1306
f 1306/1245/1306 1368/1313/1368 1363/1286/1363
f 1307/1231/1307 1125/1238/1125 1131/1184/1131
f 1306/1245/1306 1369/1187/1369 1368/1313/1368
f 1370/1179/1370 696/1132/696 1366/1310/1366
f 1370/1179/1370 1368/1313/1368 1369/1187/1369
f 755/1034/755 122/1031/122 117/1024/117
f 2067/2719/2067 2058/2720/2058 2066/2721/2066
f 2066/2721/2066 2058/2720/2058 2053/2722/2053
f 2058/2720/2058 2051/2723/2051 2057/2724/2057
f 2051/2723/2051 2058/2720/2058 2067/2719/2067
f 2052/2725/2052 2029/2726/2029 2061/2727/2061
f 2053/2722/2053 2058/2720/2058 2057/2724/2057
f 2045/2728/2045 2039/2729/2039 2046/2730/2046
f 2028/2731/2028 2048/2732/2048 2045/2728/2045
f 2061/2727/2061 2036/2733/2036 2062/2734/2062
f 2039/2995/2039 2043/2996/2043 2038/2997/2038
f 2235/2735/2235 2052/2725/2052 2233/2736/2233
f 2051/2723/2051 2061/2727/2061 2057/2724/2057
f 2046/2730/2046 2029/2726/2029 2028/2731/2028
f 2052/2725/2052 2028/2731/2028 2029/2726/2029
f 2052/2725/2052 2061/2727/2061 2051/2723/2051
f 2045/2728/2045 2046/2730/2046 2028/2731/2028
f 2233/2736/2233 2052/2725/2052 2051/2723/2051
f 2235/2735/2235 2048/2732/2048 2028/2731/2028
f 2048/3123/2048 2040/3124/2040 2045/3125/2045
f 2046/2730/2046 2039/2729/2039 2034/2737/2034
f 2039/2729/2039 2032/2738/2032 2034/2737/2034
f 2029/2726/2029 2036/2733/2036 2061/2727/2061
f 2039/2995/2039 2038/2997/2038 2032/2998/2032
f 2039/2729/2039 2045/2728/2045 2043/2739/2043
f 2235/2735/2235 2028/2731/2028 2052/2725/2052
f 2046/3153/2046 2034/3154/2034 2029/3155/2029
f 2036/2733/2036 2033/2740/2033 2062/2734/2062
f 1880/2741/1880 2062/2734/2062 2033/2740/2033
f 2032/2738/2032 2030/2742/2030 2034/2737/2034
f 2040/2743/2040 2043/2739/2043 2045/2728/2045
f 2029/2726/2029 2033/2740/2033 2036/2733/2036
f 1880/2741/1880 2055/2744/2055 2062/2734/2062
f 1886/2745/1886 1875/2746/1875 2031/2747/2031
f 2030/2742/2030 2032/2738/2032 2031/2747/2031
f 1876/2748/1876 1880/2741/1880 2033/2740/2033
f 2030/2742/2030 2033/2740/2033 2034/2737/2034
f 1982/2351/1982 1999/2352/1999 1992/2353/1992
f 1809/2354/1809 1810/2355/1810 1823/2356/1823
f 2029/3155/2029 2034/3154/2034 2033/3156/2033
f 1809/2354/1809 1823/2356/1823 1811/2357/1811
f 2031/2747/2031 1885/2749/1885 1886/2745/1886
f 1876/2748/1876 2030/2742/2030 2031/2747/2031
f 2032/2738/2032 2038/2750/2038 2035/2751/2035
f 1887/2752/1887 1885/2749/1885 1888/2753/1888
f 2033/2740/2033 2030/2742/2030 1876/2748/1876
f 2032/2738/2032 2035/2751/2035 1885/2749/1885
f 1987/2358/1987 1989/2359/1989 1990/2250/1990
f 1982/3157/1982 1812/3158/1812 1978/3159/1978
f 1886/2745/1886 1885/2749/1885 1887/2752/1887
f 1876/3163/1876 1879/3164/1879 1880/3165/1880
f 1887/2999/1887 1888/3000/1888 1864/3001/1864
f 1834/2360/1834 1835/2239/1835 1820/2240/1820
f 2032/2738/2032 1885/2749/1885 2031/2747/2031
f 2031/2747/2031 1875/2746/1875 1876/2748/1876
f 1983/2361/1983 1999/2352/1999 1982/2351/1982
f 1987/2358/1987 1990/2250/1990 1992/2353/1992
f 2490/3166/2490 2484/3167/2484 2487/3168/2487
f 2283/3170/2283 2293/3171/2293 2331/3172/2331
f 2278/3282/2278 2343/3283/2343 2285/3284/2285
f 1808/2362/1808 1821/2363/1821 1810/2355/1810
f 1812/3158/1812 1992/3160/1992 1834/3161/1834
f 2331/3172/2331 2343/3173/2343 2283/3170/2283
f 2077/4869/2077 2278/3175/2278 2105/3176/2105
f 2484/3285/2484 2496/3286/2496 2487/3287/2487
f 2285/3361/2285 2343/3362/2343 2282/3363/2282
f 2278/3364/2278 2077/3365/2077 2283/3366/2283
f 2278/3369/2278 2275/3370/2275 2105/3371/2105
f 2484/3285/2484 2486/3288/2486 2492/3289/2492
f 1888/3000/1888 2035/3002/2035 2021/3003/2021
f 2275/3370/2275 2278/3369/2278 2285/3372/2285
f 2465/139/2465 2496/140/2496 2493/141/2493
f 2486/3422/2486 2474/3423/2474 2481/3424/2481
f 2483/3290/2483 2494/3291/2494 2484/3285/2484
f 2492/3289/2492 2486/3288/2486 2481/3292/2481
f 2278/3364/2278 2283/3366/2283 2343/3367/2343
f 2293/3368/2293 2283/3366/2283 2077/3365/2077
f 2483/3290/2483 2484/3285/2484 2492/3289/2492
f 2496/140/2496 2494/142/2494 2493/141/2493
f 2346/3177/2346 2277/3178/2277 2343/3173/2343
f 2277/143/2277 2266/144/2266 2343/145/2343
f 2296/146/2296 2265/147/2265 2297/148/2297
f 2494/3291/2494 2496/3286/2496 2484/3285/2484
f 2288/149/2288 2290/150/2290 2299/151/2299
f 2298/152/2298 2465/139/2465 2493/141/2493
f 2297/148/2297 2290/150/2290 2296/146/2296
f 2279/3426/2279 2281/3427/2281 2104/3428/2104
f 2290/150/2290 2298/152/2298 2299/151/2299
f 2282/153/2282 2266/144/2266 2276/154/2276
f 2493/141/2493 2299/151/2299 2298/152/2298
f 2478/155/2478 2493/141/2493 2494/142/2494
f 2290/150/2290 2297/148/2297 2298/152/2298
f 2495/3429/2495 2494/3430/2494 2483/3431/2483
f 2478/155/2478 2299/151/2299 2493/141/2493
f 2280/156/2280 2274/157/2274 2282/153/2282
f 2275/3370/2275 2274/3373/2274 2101/3374/2101
f 2478/3432/2478 2494/3430/2494 2495/3429/2495
f 2274/3373/2274 2275/3370/2275 2285/3372/2285
f 2478/3433/2478 2495/3434/2495 2480/3435/2480
f 2274/3437/2274 2104/3438/2104 2101/3439/2101
f 2101/3374/2101 2096/3375/2096 2275/3370/2275
f 2491/3293/2491 2483/3290/2483 2492/3289/2492
f 2274/3373/2274 2285/3372/2285 2282/3376/2282
f 2282/153/2282 2343/145/2343 2266/144/2266
f 2478/155/2478 2480/158/2480 2299/151/2299
f 2284/159/2284 2282/153/2282 2276/154/2276
f 2479/3441/2479 2495/3442/2495 2483/3443/2483
f 2479/3294/2479 2483/3290/2483 2491/3293/2491
f 2475/3295/2475 2491/3293/2491 2481/3292/2481
f 2286/3296/2286 2288/3297/2288 2287/3298/2287
f 2344/160/2344 2295/161/2295 2276/154/2276
f 2492/3289/2492 2481/3292/2481 2491/3293/2491
f 2345/162/2345 2290/150/2290 2288/149/2288
f 2280/3440/2280 2104/3438/2104 2274/3437/2274
f 2284/3444/2284 2289/3445/2289 2280/3446/2280
f 2104/3447/2104 2280/3446/2280 2279/3448/2279
f 2480/158/2480 2287/163/2287 2299/151/2299
f 2295/161/2295 2288/149/2288 2286/164/2286
f 2282/153/2282 2284/159/2284 2280/156/2280
f 2295/3451/2295 2269/3452/2269 2284/3453/2284
f 2268/165/2268 2269/166/2269 2286/164/2286
f 2488/3299/2488 2491/3293/2491 2475/3295/2475
f 2087/3377/2087 2104/3378/2104 2281/3379/2281
f 2295/161/2295 2284/159/2284 2276/154/2276
f 2287/163/2287 2288/149/2288 2299/151/2299
f 2292/3380/2292 2087/3377/2087 2281/3379/2281
f 2495/3434/2495 2479/3436/2479 2480/3435/2480
f 2286/3296/2286 2287/3298/2287 2480/3300/2480
f 2310/3381/2310 2294/3382/2294 2291/3383/2291
f 2111/3384/2111 2310/3381/2310 2115/3385/2115
f 2310/3381/2310 2111/3384/2111 2292/3380/2292
f 2286/3455/2286 2471/3456/2471 2268/3457/2268
f 2292/3380/2292 2281/3379/2281 2294/3382/2294
f 2417/3462/2417 2439/3463/2439 2421/3464/2421
f 2472/3510/2472 2480/3511/2480 2479/3512/2479
f 2417/3462/2417 2421/3464/2421 2425/3465/2425
f 2272/3513/2272 2291/3514/2291 2294/3515/2294
f 2312/3386/2312 2115/3385/2115 2310/3381/2310
f 2421/3464/2421 2439/3463/2439 2436/3466/2436
f 2289/3445/2289 2279/3448/2279 2280/3446/2280
f 2447/3525/2447 2421/3526/2421 2436/3527/2436
f 2488/3299/2488 2475/3295/2475 2418/3301/2418
f 2488/3299/2488 2418/3301/2418 2417/3302/2417
f 2309/3387/2309 2291/3383/2291 2313/3388/2313
f 2279/3541/2279 2294/3542/2294 2281/3543/2281
f 2289/3516/2289 2272/3513/2272 2294/3515/2294
f 2310/3381/2310 2291/3383/2291 2309/3387/2309
f 2447/3525/2447 2425/3528/2425 2421/3526/2421
f 2272/3513/2272 2289/3516/2289 2270/3517/2270
f 2286/3296/2286 2480/3300/2480 2472/3303/2472
f 2289/3445/2289 2294/3449/2294 2279/3448/2279
f 2270/3450/2270 2289/3445/2289 2284/3444/2284
f 2444/3529/2444 2447/3525/2447 2443/3530/2443
f 2310/3381/2310 2309/3387/2309 2312/3386/2312
f 2117/3544/2117 2300/3545/2300 2118/3546/2118
f 2115/3385/2115 2300/3389/2300 2117/3390/2117
f 2272/3391/2272 2313/3388/2313 2291/3383/2291
f 2488/3299/2488 2476/3304/2476 2473/3305/2473
f 2436/3527/2436 2445/3531/2445 2447/3525/2447
f 2445/3548/2445 2428/3549/2428 2446/3550/2446
f 2310/3381/2310 2292/3380/2292 2294/3382/2294
f 2488/3299/2488 2473/3305/2473 2491/3293/2491
f 2488/3467/2488 2417/3462/2417 2476/3468/2476
f 2444/3529/2444 2477/3532/2477 2425/3528/2425
f 2443/3530/2443 2447/3525/2447 2445/3531/2445
f 2444/3469/2444 2442/3470/2442 2470/3471/2470
f 2489/3306/2489 2491/3293/2491 2473/3305/2473
f 2476/3468/2476 2477/3472/2477 2473/3473/2473
f 2470/3471/2470 2273/3474/2273 2477/3472/2477
f 2269/3452/2269 2270/3454/2270 2284/3453/2284
f 2312/3386/2312 2300/3389/2300 2115/3385/2115
f 2446/3475/2446 2443/3476/2443 2445/4879/2445
f 2269/3458/2269 2271/3459/2271 2270/3460/2270
f 2417/3462/2417 2425/3465/2425 2477/3472/2477
f 2477/3472/2477 2476/3468/2476 2417/3462/2417
f 2489/3306/2489 2479/3294/2479 2491/3293/2491
f 2444/3529/2444 2425/3528/2425 2447/3525/2447
f 2489/3306/2489 2472/3303/2472 2479/3294/2479
f 2471/3307/2471 2286/3296/2286 2472/3303/2472
f 2470/3471/2470 2442/3470/2442 2305/3478/2305
f 2302/3461/2302 2268/3457/2268 2471/3456/2471
f 2444/3529/2444 2470/3533/2470 2477/3532/2477
f 2312/3551/2312 2314/3552/2314 2300/3553/2300
f 2273/3474/2273 2470/3471/2470 2306/3479/2306
f 2271/3459/2271 2269/3458/2269 2268/3457/2268
f 2473/3473/2473 2477/3472/2477 2273/3474/2273
f 2270/3517/2270 2313/3518/2313 2272/3513/2272
f 2471/3307/2471 2472/3303/2472 2489/3306/2489
f 2306/3557/2306 2305/3558/2305 2303/3559/2303
f 2267/3480/2267 2489/3481/2489 2273/3474/2273
f 2270/3517/2270 2271/3519/2271 2302/3520/2302
f 2302/3461/2302 2271/3459/2271 2268/3457/2268
f 2273/3474/2273 2306/3479/2306 2267/3480/2267
f 2473/3473/2473 2273/3474/2273 2489/3481/2489
f 2302/3561/2302 2303/3562/2303 2307/3563/2307
f 2303/3521/2303 2305/3522/2305 2304/3523/2304
f 2307/3524/2307 2313/3518/2313 2270/3517/2270
f 2306/3479/2306 2470/3471/2470 2305/3478/2305
f 2311/3392/2311 2309/3387/2309 2313/3388/2313
f 2316/3554/2316 2309/3555/2309 2311/3556/2311
f 2302/3482/2302 2471/3483/2471 2267/3480/2267
f 2446/3475/2446 2448/3484/2448 2258/3485/2258
f 2307/3524/2307 2270/3517/2270 2302/3520/2302
f 2312/3551/2312 2309/3555/2309 2314/3552/2314
f 2258/3485/2258 2239/3486/2239 2234/3487/2234
f 2258/3485/2258 2443/3476/2443 2446/3475/2446
f 2443/3476/2443 2232/3488/2232 2444/3469/2444
f 2448/3484/2448 2239/3486/2239 2258/3485/2258
f 2309/3555/2309 2316/3554/2316 2314/3552/2314
f 2489/3481/2489 2267/3480/2267 2471/3483/2471
f 2236/3564/2236 2234/3565/2234 2241/3566/2241
f 2230/4880/2230 2232/3488/2232 2258/3485/2258
f 2230/3568/2230 2258/3569/2258 2231/3570/2231
f 2301/3571/2301 2304/3572/2304 2305/3573/2305
f 2232/3488/2232 2443/3476/2443 2258/3485/2258
f 2444/3469/2444 2232/3488/2232 2442/3470/2442
f 2231/3490/2231 2258/3485/2258 2234/3487/2234
f 2301/3571/2301 2305/3573/2305 2442/3574/2442
f 2302/3560/2302 2306/3557/2306 2303/3559/2303
f 2230/3575/2230 2229/3576/2229 2301/3577/2301
f 2301/3491/2301 2442/3470/2442 2230/4880/2230
f 2249/3492/2249 2230/3489/2230 2231/3490/2231
f 2320/3578/2320 2118/3579/2118 2300/3580/2300
f 2321/2754/2321 2113/2755/2113 2320/2756/2320
f 2306/3479/2306 2302/3482/2302 2267/3480/2267
f 2231/3490/2231 2234/3487/2234 2249/3492/2249
f 2234/3487/2234 2236/3493/2236 2246/3494/2246
f 2317/3589/2317 2308/3590/2308 2229/3591/2229
f 2301/3592/2301 2229/3593/2229 2308/3594/2308
f 2308/3594/2308 2304/3595/2304 2301/3592/2301
f 2307/3524/2307 2304/3523/2304 2313/3518/2313
f 2317/3596/2317 2311/3597/2311 2308/3598/2308
f 2230/4880/2230 2442/3470/2442 2232/3488/2232
f 2229/3495/2229 2230/3489/2230 2317/3496/2317
f 2308/3599/2308 2311/3600/2311 2313/3601/2313
f 2308/3602/2308 2313/3603/2313 2304/3604/2304
f 2318/3497/2318 2230/3489/2230 2249/3492/2249
f 2322/3581/2322 2300/3580/2300 2314/3582/2314
f 2300/3580/2300 2319/3583/2319 2320/3578/2320
f 2315/3498/2315 2230/3489/2230 2318/3497/2318
f 2317/3496/2317 2230/3489/2230 2315/3498/2315
f 2249/3605/2249 2250/3606/2250 2318/3607/2318
f 2304/3523/2304 2307/3524/2307 2303/3521/2303
f 2315/3584/2315 2322/3581/2322 2316/3585/2316
f 2322/3499/2322 2315/3498/2315 2318/3497/2318
f 2317/3586/2317 2315/3584/2315 2311/3587/2311
f 1654/3614/1654 1653/3615/1653 1655/3616/1655
f 2311/3587/2311 2315/3584/2315 2316/3585/2316
f 2322/3581/2322 2314/3582/2314 2316/3585/2316
f 1649/3617/1649 1653/3618/1653 1654/3619/1654
f 1671/3620/1671 1656/3621/1656 1664/3622/1664
f 1646/688/1646 1649/689/1649 1611/690/1611
f 2319/3583/2319 2300/3580/2300 2322/3581/2322
f 2249/3492/2249 2234/3487/2234 2246/3494/2246
f 1656/3621/1656 1654/3619/1654 1664/3622/1664
f 1807/3623/1807 1671/3620/1671 1663/3624/1663
f 1655/3625/1655 1645/4881/1645 1664/3622/1664
f 1658/691/1658 1653/692/1653 1647/693/1647
f 1664/3622/1664 1654/3619/1654 1655/3625/1655
f 1655/3679/1655 1658/3680/1658 1645/3681/1645
f 1656/3621/1656 1618/3627/1618 1654/3619/1654
f 1646/688/1646 1653/692/1653 1649/689/1649
f 1660/3628/1660 1651/3629/1651 1645/3626/1645
f 1653/692/1653 1646/688/1646 1647/693/1647
f 1655/694/1655 1653/692/1653 1658/691/1658
f 1671/3620/1671 1635/3630/1635 1656/3621/1656
f 1658/3682/1658 1666/3683/1666 1665/3684/1665
f 1671/3620/1671 1645/3626/1645 1663/3624/1663
f 1664/3685/1664 1645/3686/1645 1671/3687/1671
f 1658/3631/1658 1660/3628/1660 1645/3626/1645
f 1660/3628/1660 1658/3631/1658 1665/3632/1665
f 1324/3688/1324 1626/3689/1626 1621/3690/1621
f 1324/2342/1324 1620/2341/1620 1626/2364/1626
f 1626/695/1626 1328/668/1328 1630/685/1630
f 1630/685/1630 1634/696/1634 1626/695/1626
f 1634/3692/1634 1631/3693/1631 1628/3694/1628
f 1621/3695/1621 1634/3696/1634 1628/3697/1628
f 1626/3689/1626 1634/3691/1634 1621/3690/1621
f 1634/696/1634 1630/685/1630 1631/697/1631
f 1628/3698/1628 1629/3699/1629 1619/3700/1619
f 1374/3709/1374 1822/3710/1822 1819/3711/1819
f 1623/2345/1623 1324/2342/1324 1621/2365/1621
f 1623/2345/1623 1636/2366/1636 1638/2367/1638
f 1628/3698/1628 1636/3701/1636 1621/3702/1621
f 1636/2366/1636 1623/2345/1623 1621/2365/1621
f 1631/3712/1631 1629/3713/1629 1628/3714/1628
f 1619/2368/1619 1622/2369/1622 1636/2366/1636
f 1638/2367/1638 1636/2366/1636 1622/2369/1622
f 1613/3715/1613 1629/3713/1629 1631/3712/1631
f 1632/698/1632 1613/699/1613 1631/697/1631
f 1640/2370/1640 1814/2371/1814 1641/2372/1641
f 1823/2356/1823 1814/2371/1814 1815/2373/1815
f 1641/2372/1641 1818/2374/1818 1638/2367/1638
f 1623/2345/1623 1638/2367/1638 1637/2343/1637
f 1618/2375/1618 1622/2369/1622 1619/2368/1619
f 1625/2376/1625 1639/2377/1639 1622/2369/1622
f 1638/2367/1638 1374/2350/1374 1637/2343/1637
f 1638/2367/1638 1818/2374/1818 1374/2350/1374
f 1636/3701/1636 1628/3698/1628 1619/3700/1619
f 1818/2374/1818 1822/4848/1822 1374/2350/1374
f 1641/2372/1641 1814/2371/1814 1818/2374/1818
f 1627/3703/1627 1629/3699/1629 1613/3704/1613
f 1618/3716/1618 1624/3717/1624 1622/3718/1622
f 1632/3719/1632 1612/3720/1612 1613/3721/1613
f 1806/2379/1806 1811/2357/1811 1815/2373/1815
f 1622/2369/1622 1624/2380/1624 1625/2376/1625
f 1641/2372/1641 1638/2367/1638 1622/2369/1622
f 1619/3700/1619 1629/3699/1629 1627/3703/1627
f 1616/3633/1616 1649/3617/1649 1654/3619/1654
f 1613/3704/1613 1617/3705/1617 1627/3703/1627
f 1617/3705/1617 1611/3706/1611 1616/3707/1616
f 1611/3722/1611 1617/3723/1617 1612/3720/1612
f 1814/2371/1814 1823/2356/1823 1822/4848/1822
f 1822/4848/1822 1818/2374/1818 1814/2371/1814
f 1622/2369/1622 1639/2377/1639 1641/2372/1641
f 1611/3706/1611 1649/3708/1649 1616/3707/1616
f 1616/3707/1616 1627/3703/1627 1617/3705/1617
f 1618/2375/1618 1619/2368/1619 1627/2381/1627
f 1618/3627/1618 1616/3633/1616 1654/3619/1654
f 1640/2370/1640 1641/2372/1641 1639/2377/1639
f 1805/2382/1805 1640/2370/1640 1639/2377/1639
f 1805/2382/1805 1639/2377/1639 1625/2376/1625
f 1616/2383/1616 1618/2375/1618 1627/2381/1627
f 1805/2382/1805 1625/2376/1625 1635/2384/1635
f 1613/3721/1613 1612/3720/1612 1617/3723/1617
f 1806/3634/1806 1640/3635/1640 1807/3623/1807
f 1640/2370/1640 1815/2373/1815 1814/2371/1814
f 1618/3627/1618 1635/3630/1635 1624/3636/1624
f 1807/3623/1807 1640/3635/1640 1805/3637/1805
f 1807/3724/1807 1803/3725/1803 1806/3726/1806
f 1618/3627/1618 1656/3621/1656 1635/3630/1635
f 2041/3004/2041 2035/3002/2035 2042/3005/2042
f 1879/2757/1879 1876/2748/1876 1882/2758/1882
f 1885/2749/1885 2035/2751/2035 1888/2753/1888
f 1624/3729/1624 1635/3730/1635 1625/3731/1625
f 1806/2379/1806 1815/2373/1815 1640/2370/1640
f 1635/3630/1635 1807/3623/1807 1805/3637/1805
f 2043/2996/2043 2044/3006/2044 2038/2997/2038
f 1807/3623/1807 1635/3630/1635 1671/3620/1671
f 636/234/636 2469/326/2469 2264/235/2264
f 2449/374/2449 631/270/631 2452/375/2452
f 2449/3732/2449 2468/3733/2468 2469/3734/2469
f 1887/2752/1887 1891/2759/1891 1878/2760/1878
f 2035/3002/2035 2041/3004/2041 2021/3003/2021
f 2469/3735/2469 635/3736/635 2449/3737/2449
f 631/270/631 2449/374/2449 635/325/635
f 2468/3738/2468 2466/3739/2466 2469/3740/2469
f 2469/326/2469 2466/376/2466 2264/235/2264
f 2468/3741/2468 2467/3742/2467 2466/3743/2466
f 2263/167/2263 2340/168/2340 434/122/434
f 2263/377/2263 434/324/434 638/233/638
f 2262/3752/2262 2264/3753/2264 2466/3754/2466
f 2452/3755/2452 2455/3756/2455 2449/3757/2449
f 2467/3742/2467 2462/3744/2462 2460/3745/2460
f 2455/3746/2455 2463/3747/2463 2467/3742/2467
f 2262/3748/2262 2466/3743/2466 2460/3745/2460
f 2263/377/2263 638/233/638 2262/378/2262
f 2449/3749/2449 2455/3746/2455 2468/3741/2468
f 2467/3742/2467 2460/3745/2460 2466/3743/2466
f 2455/3746/2455 2467/3742/2467 2468/3741/2468
f 2460/3745/2460 2462/3744/2462 2450/3750/2450
f 2260/379/2260 2263/377/2263 2262/378/2262
f 638/233/638 2264/235/2264 2262/378/2262
f 2463/3765/2463 2462/3766/2462 2467/3767/2467
f 2334/169/2334 2260/170/2260 2261/171/2261
f 2463/3768/2463 2464/3769/2464 2462/3770/2462
f 2463/3758/2463 2455/3756/2455 2456/3759/2456
f 2462/3744/2462 2459/3751/2459 2450/3750/2450
f 2260/170/2260 2337/172/2337 2340/168/2340
f 2260/170/2260 2340/168/2340 2263/167/2263
f 2464/3772/2464 2463/3773/2463 2487/3774/2487
f 2487/3774/2487 2463/3773/2463 2457/3775/2457
f 2259/3776/2259 2450/3777/2450 2459/3778/2459
f 2261/171/2261 2260/170/2260 2262/173/2262
f 2459/3779/2459 2464/3780/2464 2461/3781/2461
f 2464/3769/2464 2459/3771/2459 2462/3770/2462
f 2460/3745/2460 2450/3750/2450 2262/3748/2262
f 2262/173/2262 2450/174/2450 2261/171/2261
f 2265/3783/2265 2450/3784/2450 2259/3785/2259
f 2465/3308/2465 2461/3309/2461 2487/3287/2487
f 2461/3787/2461 2464/3788/2464 2487/3789/2487
f 2298/152/2298 2297/148/2297 2259/175/2259
f 2261/171/2261 2265/147/2265 2333/176/2333
f 2461/3781/2461 2259/3782/2259 2459/3779/2459
f 2333/176/2333 2334/169/2334 2261/171/2261
f 2465/3308/2465 2487/3287/2487 2496/3286/2496
f 2463/3758/2463 2456/3759/2456 2457/3760/2457
f 2465/3790/2465 2259/3791/2259 2461/3792/2461
f 2450/174/2450 2265/147/2265 2261/171/2261
f 2265/3783/2265 2259/3785/2259 2297/3786/2297
f 2259/175/2259 2465/139/2465 2298/152/2298
f 2079/3179/2079 2082/3180/2082 1921/3181/1921
f 1922/3393/1922 1944/3394/1944 1946/3395/1946
f 1946/3395/1946 1923/3396/1923 1922/3393/1922
f 2080/3182/2080 2078/3183/2078 2146/3184/2146
f 1919/3185/1919 1922/3186/1922 1923/3187/1923
f 2081/3188/2081 2082/3180/2082 2079/3179/2079
f 2078/3183/2078 2081/3188/2081 2079/3179/2079
f 1919/3185/1919 1954/3189/1954 1921/3181/1921
f 2024/3793/2024 2049/3794/2049 2047/3795/2047
f 1921/3181/1921 1944/3190/1944 1919/3185/1919
f 1919/3185/1919 1944/3190/1944 1922/3186/1922
f 2044/3796/2044 2049/3797/2049 2042/3798/2042
f 2044/3006/2044 2043/2996/2043 2040/3007/2040
f 1911/2761/1911 1912/2762/1912 1914/2763/1914
f 2037/3126/2037 2205/3127/2205 2047/3128/2047
f 2147/3191/2147 2077/3174/2077 2080/3182/2080
f 2049/3008/2049 2024/3009/2024 2005/3010/2005
f 2027/3129/2027 2047/3128/2047 2205/3127/2205
f 2047/3128/2047 2044/3130/2044 2037/3126/2037
f 1915/2764/1915 1911/2761/1911 1908/2765/1908
f 2080/3182/2080 2081/3188/2081 2078/3183/2078
f 1911/2761/1911 1916/2766/1916 1908/2765/1908
f 2038/2997/2038 2044/3006/2044 2042/3005/2042
f 2080/3799/2080 2109/3800/2109 2081/3801/2081
f 1881/2767/1881 1889/2768/1889 1912/2762/1912
f 2040/3007/2040 2220/3011/2220 2037/3012/2037
f 2037/3012/2037 2221/3013/2221 2205/3014/2205
f 2044/3803/2044 2047/3804/2047 2049/3805/2049
f 1916/2766/1916 1911/2761/1911 1913/2769/1913
f 2040/3007/2040 2037/3012/2037 2044/3006/2044
f 2059/2770/2059 1912/2762/1912 1911/2761/1911
f 1914/2763/1914 1889/2768/1889 1892/2771/1892
f 2059/2770/2059 1910/2772/1910 1907/2773/1907
f 1910/2772/1910 2059/2770/2059 1911/2761/1911
f 1880/2741/1880 1906/2774/1906 2055/2744/2055
f 1912/2762/1912 1889/2768/1889 1914/2763/1914
f 1906/2774/1906 1912/2762/1912 2059/2770/2059
f 2047/3128/2047 2027/3129/2027 2024/3131/2024
f 2060/2775/2060 2055/2744/2055 2063/2776/2063
f 2055/2744/2055 1906/2774/1906 2059/2770/2059
f 2060/2775/2060 2056/2777/2056 2057/2724/2057
f 1889/2768/1889 1893/2778/1893 1892/2771/1892
f 2054/2779/2054 2057/2724/2057 2056/2777/2056
f 2060/2775/2060 2061/2727/2061 2055/2744/2055
f 1914/2763/1914 1913/2769/1913 1911/2761/1911
f 2062/2734/2062 2055/2744/2055 2061/2727/2061
f 2060/2775/2060 2063/2776/2063 2056/2777/2056
f 2063/2776/2063 2055/2744/2055 2059/2770/2059
f 1915/2764/1915 1910/2772/1910 1911/2761/1911
f 1906/2774/1906 1881/2767/1881 1912/2762/1912
f 1879/2757/1879 1881/2767/1881 1880/2741/1880
f 1906/2774/1906 1880/2741/1880 1881/2767/1881
f 2061/2727/2061 2060/2775/2060 2057/2724/2057
f 1791/1679/1791 1590/1684/1590 287/1678/287
f 1601/3192/1601 1772/3193/1772 1770/3194/1770
f 1776/3806/1776 1595/3807/1595 1590/3808/1590
f 1772/3814/1772 1774/3815/1774 1769/3816/1769
f 1776/3817/1776 1774/3818/1774 1595/3819/1595
f 1595/3820/1595 1774/3821/1774 1594/3822/1594
f 1790/3825/1790 1768/3826/1768 1797/3827/1797
f 1601/3823/1601 1594/3822/1594 1774/3821/1774
f 1772/3824/1772 1601/3823/1601 1774/3821/1774
f 1765/2780/1765 1610/2781/1610 1771/4850/1771
f 1790/3825/1790 1796/3828/1796 1768/3826/1768
f 1769/3829/1769 1774/3830/1774 1768/3831/1768
f 1776/3806/1776 1590/3808/1590 1797/3809/1797
f 1769/3195/1769 1775/3196/1775 1772/3193/1772
f 1768/3831/1768 1774/3830/1774 1797/3832/1797
f 1775/3196/1775 1770/3194/1770 1772/3193/1772
f 1738/2783/1738 1557/2784/1557 1765/2780/1765
f 1761/4851/1761 1738/2783/1738 1759/2786/1759
f 1738/2783/1738 1761/4851/1761 1573/2787/1573
f 1779/2788/1779 1780/2789/1780 1775/2790/1775
f 1774/3834/1774 1776/3835/1776 1797/3836/1797
f 1771/3837/1771 1610/3838/1610 1770/3839/1770
f 1783/3842/1783 1771/3843/1771 1773/3844/1773
f 1771/4850/1771 1783/2791/1783 1765/2780/1765
f 1787/2792/1787 1738/2783/1738 1783/2791/1783
f 1773/2793/1773 1775/2790/1775 1780/2789/1780
f 1782/2794/1782 1785/2795/1785 1783/2791/1783
f 1787/2792/1787 1759/2786/1759 1738/2783/1738
f 1779/3846/1779 1777/3847/1777 1767/3848/1767
f 1781/3197/1781 1779/3198/1779 1769/3195/1769
f 1783/2791/1783 1738/2783/1738 1765/2780/1765
f 1775/3196/1775 1769/3195/1769 1779/3198/1779
f 1771/2782/1771 1775/2790/1775 1773/2793/1773
f 1769/3829/1769 1768/3831/1768 1796/3833/1796
f 1767/2796/1767 1780/2789/1780 1779/2788/1779
f 1770/3839/1770 1775/3840/1775 1771/3837/1771
f 1926/3199/1926 1927/3200/1927 1777/3201/1777
f 1781/3852/1781 1769/3853/1769 1796/3854/1796
f 1780/2789/1780 1782/2794/1782 1773/2793/1773
f 1924/3849/1924 1778/3850/1778 1927/3851/1927
f 1927/3851/1927 1778/3850/1778 1777/3847/1777
f 1773/3844/1773 1782/3845/1782 1783/3842/1783
f 1777/3201/1777 1766/3202/1766 1926/3199/1926
f 1785/2795/1785 1752/2797/1752 1783/2791/1783
f 1784/2798/1784 1778/2799/1778 1924/2800/1924
f 1926/3199/1926 1924/3203/1924 1927/3200/1927
f 1923/3855/1923 1924/3856/1924 1920/3857/1920
f 1923/3855/1923 1920/3857/1920 1919/3858/1919
f 1777/3847/1777 1778/3850/1778 1767/3848/1767
f 1784/2798/1784 1767/2796/1767 1778/2799/1778
f 1781/3197/1781 1766/3202/1766 1777/3201/1777
f 1920/3204/1920 1924/3203/1924 1926/3199/1926
f 1782/2794/1782 1780/2789/1780 1767/2796/1767
f 1923/3859/1923 1925/3860/1925 1924/3861/1924
f 1779/3198/1779 1781/3197/1781 1777/3201/1777
f 1919/3185/1919 1920/3204/1920 1964/3205/1964
f 1964/3205/1964 1920/3204/1920 1926/3199/1926
f 1876/2748/1876 1875/2746/1875 1882/2758/1882
f 1882/2758/1882 1890/2801/1890 1893/2778/1893
f 1883/2802/1883 1874/2803/1874 1891/2759/1891
f 1882/2758/1882 1893/2778/1893 1889/2768/1889
f 2038/2997/2038 2042/3005/2042 2035/3002/2035
f 1887/2752/1887 1864/2804/1864 1884/2805/1884
f 1879/2757/1879 1889/2768/1889 1881/2767/1881
f 2353/3864/2353 2357/3865/2357 2376/3866/2376
f 2357/3878/2357 2353/3879/2353 2354/3880/2354
f 1882/2758/1882 1889/2768/1889 1879/2757/1879
f 1875/2746/1875 1886/2745/1886 1882/2758/1882
f 1995/2385/1995 1101/2258/1101 1373/2244/1373
f 1882/2758/1882 1886/2745/1886 1890/2801/1890
f 2357/3865/2357 2188/3867/2188 2356/3868/2356
f 2021/3003/2021 1864/3001/1864 1888/3000/1888
f 1891/2759/1891 1887/2752/1887 1884/2805/1884
f 2347/3903/2347 2184/3904/2184 2196/3905/2196
f 1891/2759/1891 1874/2803/1874 1878/2760/1878
f 2347/3869/2347 2376/3866/2376 2356/3868/2356
f 2185/3015/2185 2168/3016/2168 2197/3017/2197
f 1893/2778/1893 1890/2801/1890 1877/2806/1877
f 1890/2801/1890 1887/2752/1887 1878/2760/1878
f 2356/3868/2356 2376/3866/2376 2357/3865/2357
f 1886/2745/1886 1887/2752/1887 1890/2801/1890
f 1883/3906/1883 1891/3907/1891 1884/3908/1884
f 2188/3881/2188 2357/3878/2357 2358/3882/2358
f 2361/3883/2361 2359/3884/2359 2354/3880/2354
f 2184/3909/2184 2188/3910/2188 2178/3911/2178
f 2184/3870/2184 2356/3868/2356 2188/3867/2188
f 2188/3912/2188 2358/3913/2358 2186/3914/2186
f 1990/2250/1990 1989/2359/1989 1994/2237/1994
f 2356/3868/2356 2184/3870/2184 2347/3869/2347
f 1808/2362/1808 1810/2355/1810 1809/2354/1809
f 2359/3884/2359 2358/3882/2358 2357/3878/2357
f 1978/4849/1978 1812/2387/1812 1808/2362/1808
f 2354/3880/2354 2359/3884/2359 2357/3878/2357
f 2169/3917/2169 2185/3918/2185 2176/3919/2176
f 2177/380/2177 2176/381/2176 2190/382/2190
f 2169/383/2169 2189/384/2189 2156/385/2156
f 2196/3920/2196 2176/3919/2176 2185/3918/2185
f 2406/1916/2406 2402/1917/2402 2350/1918/2350
f 2186/3914/2186 2190/3915/2190 2188/3912/2188
f 2178/3922/2178 2196/3923/2196 2184/3924/2184
f 2410/3885/2410 2350/3886/2350 2409/3887/2409
f 2196/3923/2196 2178/3922/2178 2176/3925/2176
f 2197/3017/2197 2196/3018/2196 2185/3015/2185
f 1991/3926/1991 1981/3927/1981 1989/3928/1989
f 1823/2356/1823 1810/2355/1810 1822/4848/1822
f 2178/3934/2178 2188/3935/2188 2190/3936/2190
f 2398/3938/2398 2405/3939/2405 2400/3940/2400
f 2169/3943/2169 2176/3944/2176 2189/3945/2189
f 1808/2362/1808 1820/2240/1820 1821/2363/1821
f 2190/3936/2190 2176/3937/2176 2178/3934/2178
f 1373/2244/1373 1979/2388/1979 1995/2385/1995
f 1812/2387/1812 1834/2360/1834 1808/2362/1808
f 1822/2378/1822 1082/2231/1082 1819/2349/1819
f 2361/3883/2361 2350/3886/2350 2359/3884/2359
f 2175/386/2175 2169/383/2169 2156/385/2156
f 2406/3946/2406 2405/3947/2405 2402/3948/2402
f 2350/3886/2350 2410/3885/2410 2359/3884/2359
f 1989/2359/1989 1090/2243/1090 1994/2237/1994
f 2358/3882/2358 2362/3888/2362 2186/3889/2186
f 1979/3950/1979 1373/3951/1373 1991/3952/1991
f 1991/3926/1991 1989/3928/1989 1988/3929/1988
f 2402/1917/2402 2409/1919/2409 2350/1918/2350
f 2359/3884/2359 2410/3885/2410 2362/3888/2362
f 2410/3954/2410 2167/3955/2167 2362/3956/2362
f 2398/3958/2398 673/3959/673 672/3960/672
f 2408/1914/2408 2409/1919/2409 2402/1917/2402
f 1813/3962/1813 1822/3963/1822 1810/3964/1810
f 2189/384/2189 2176/381/2176 2177/380/2177
f 1810/2355/1810 1821/2363/1821 1813/2230/1813
f 2186/3966/2186 2182/3967/2182 2177/3968/2177
f 1996/2257/1996 1101/2258/1101 1995/2385/1995
f 2192/309/2192 2191/387/2191 2226/308/2226
f 2359/3884/2359 2362/3888/2362 2358/3882/2358
f 2004/3970/2004 2002/3971/2002 2003/3972/2003
f 2398/3980/2398 2402/3981/2402 2405/3982/2405
f 1990/2250/1990 1835/2239/1835 1834/2360/1834
f 2020/3019/2020 2155/3020/2155 1980/3021/1980
f 1996/2257/1996 1095/2252/1095 1101/2258/1101
f 2177/3968/2177 2182/3967/2182 2187/3969/2187
f 2410/3984/2410 2191/3985/2191 2167/3986/2167
f 2186/3914/2186 2177/3916/2177 2190/3915/2190
f 2410/3987/2410 2409/3988/2409 2408/3989/2408
f 1821/2363/1821 1820/2240/1820 1813/2230/1813
f 2173/388/2173 2187/389/2187 2181/390/2181
f 1373/3951/1373 1981/3953/1981 1991/3952/1991
f 2156/385/2156 2189/384/2189 2171/391/2171
f 2156/385/2156 2157/392/2157 2161/393/2161
f 2215/3022/2215 2162/3023/2162 2166/3024/2166
f 2403/1927/2403 670/1926/670 2402/1928/2402
f 2398/3980/2398 2403/3983/2403 2402/3981/2402
f 2362/3956/2362 2167/3955/2167 2186/3957/2186
f 2408/1914/2408 2226/1915/2226 2191/1920/2191
f 2182/1904/2182 2167/1905/2167 2179/1906/2179
f 2167/1905/2167 2192/1901/2192 2179/1906/2179
f 2175/3025/2175 2162/3023/2162 2215/3022/2215
f 2167/1905/2167 2182/1904/2182 2186/1907/2186
f 1808/2362/1808 1834/2360/1834 1820/2240/1820
f 2161/2389/2161 2163/2390/2163 2162/2391/2162
f 2189/384/2189 2177/380/2177 2171/391/2171
f 2171/391/2171 2177/380/2177 2187/389/2187
f 1864/2804/1864 1857/2807/1857 1884/2805/1884
f 2215/3022/2215 2185/3015/2185 2175/3025/2175
f 2161/2389/2161 2154/2392/2154 2163/2390/2163
f 2179/394/2179 2181/390/2181 2182/395/2182
f 2167/396/2167 2191/387/2191 2192/309/2192
f 2181/3990/2181 2187/3991/2187 2182/3992/2182
f 2185/3918/2185 2169/3917/2169 2175/3921/2175
f 1997/2393/1997 2155/2394/2155 2163/2390/2163
f 2410/1921/2410 2408/1914/2408 2191/1920/2191
f 2183/397/2183 2173/388/2173 2181/390/2181
f 2179/394/2179 2183/397/2183 2181/390/2181
f 672/3960/672 2403/3961/2403 2398/3958/2398
f 2183/397/2183 2179/394/2179 505/303/505
f 2158/398/2158 2156/385/2156 2171/391/2171
f 2171/391/2171 2170/399/2170 2158/398/2158
f 2173/388/2173 2171/391/2171 2187/389/2187
f 2192/1901/2192 505/1903/505 2179/1906/2179
f 2402/1917/2402 670/1912/670 2408/1914/2408
f 2171/2561/2171 2174/2560/2174 2170/2562/2170
f 2156/385/2156 2161/393/2161 2175/386/2175
f 1312/2557/1312 2170/2562/2170 1315/2559/1315
f 1822/3963/1822 1813/3962/1813 1082/3965/1082
f 2174/373/2174 2173/388/2173 2172/400/2172
f 2172/400/2172 2183/397/2183 2180/302/2180
f 2172/400/2172 2180/302/2180 1316/372/1316
f 2180/302/2180 2183/397/2183 505/303/505
f 2166/3024/2166 2162/3023/2162 2163/3026/2163
f 2171/391/2171 2173/388/2173 2174/373/2174
f 2172/400/2172 1316/372/1316 2174/373/2174
f 2172/400/2172 2173/388/2173 2183/397/2183
f 1315/2559/1315 2170/2562/2170 2174/2560/2174
f 2053/2722/2053 2076/4852/2076 2064/2809/2064
f 2163/3026/2163 2020/3019/2020 2166/3024/2166
f 2209/4864/2209 2215/3022/2215 2213/3028/2213
f 2064/2809/2064 2320/2756/2320 2113/2755/2113
f 2160/2256/2160 1105/2251/1105 1102/2253/1102
f 2161/2389/2161 2157/2395/2157 2154/2392/2154
f 2154/2392/2154 2159/2396/2159 1997/2393/1997
f 2168/3993/2168 2215/3994/2215 2208/3995/2208
f 2175/3025/2175 2161/3029/2161 2162/3023/2162
f 2163/3026/2163 2155/3020/2155 2020/3019/2020
f 2054/2779/2054 2076/4852/2076 2053/2722/2053
f 2208/3030/2208 2207/3031/2207 2197/3017/2197
f 2209/3996/2209 2213/3997/2213 2210/3998/2210
f 2198/3999/2198 2196/4000/2196 2197/4001/2197
f 2198/3032/2198 2197/3017/2197 2207/3031/2207
f 2207/3031/2207 2208/3030/2208 2209/3027/2209
f 2164/3132/2164 2195/3133/2195 2194/3134/2194
f 2164/3132/2164 2206/3135/2206 2011/3136/2011
f 2197/3017/2197 2168/3016/2168 2208/3030/2208
f 2207/3031/2207 2209/3027/2209 2212/3033/2212
f 2213/3137/2213 2206/3135/2206 2210/3138/2210
f 2215/4002/2215 2209/4003/2209 2208/4004/2208
f 2198/3871/2198 2347/3869/2347 2196/3872/2196
f 2203/4005/2203 2198/4006/2198 2207/4007/2207
f 2207/4007/2207 2212/4008/2212 2203/4005/2203
f 2210/4009/2210 2211/4010/2211 2212/4008/2212
f 2212/3033/2212 2209/3027/2209 2210/3034/2210
f 2213/4021/2213 2011/4022/2011 2206/4023/2206
f 2203/4005/2203 2200/4011/2200 2198/4006/2198
f 2206/3135/2206 2164/3132/2164 2194/3134/2194
f 2200/4011/2200 2370/4012/2370 2198/4006/2198
f 2206/3135/2206 2194/3134/2194 2210/3138/2210
f 2203/4005/2203 2214/4013/2214 2204/4014/2204
f 2371/3873/2371 2376/3866/2376 2377/3874/2377
f 2200/4011/2200 2203/4005/2203 2204/4014/2204
f 2378/4024/2378 2372/4025/2372 2370/4026/2370
f 2372/3875/2372 2377/3874/2377 2370/3876/2370
f 2373/3877/2373 2376/3866/2376 2371/3873/2371
f 2214/4013/2214 2212/4008/2212 2211/4010/2211
f 2377/4015/2377 2198/4006/2198 2370/4012/2370
f 2377/3874/2377 2347/3869/2347 2198/3871/2198
f 2378/4028/2378 2371/4029/2371 2372/4030/2372
f 2376/3866/2376 2347/3869/2347 2377/3874/2377
f 2372/3875/2372 2371/3873/2371 2377/3874/2377
f 2203/4005/2203 2212/4008/2212 2214/4013/2214
f 2367/4032/2367 2370/4033/2370 2202/4034/2202
f 2369/4036/2369 2368/4037/2368 2430/4038/2430
f 2370/4055/2370 2200/4056/2200 2204/4057/2204
f 2368/4037/2368 2378/4039/2378 2367/4040/2367
f 2195/3133/2195 2205/3127/2205 2194/3134/2194
f 2202/4016/2202 2204/4014/2204 2199/4017/2199
f 2205/3127/2205 2195/3133/2195 2027/3129/2027
f 2378/4024/2378 2370/4026/2370 2367/4027/2367
f 2369/3534/2369 2437/3535/2437 2429/3536/2429
f 2199/4035/2199 2367/4032/2367 2202/4034/2202
f 2211/4010/2211 2210/4009/2210 2193/4018/2193
f 2201/4019/2201 2204/4014/2204 2214/4013/2214
f 2374/4041/2374 2368/4037/2368 2369/4036/2369
f 2370/4055/2370 2204/4057/2204 2202/4058/2202
f 2221/3139/2221 2220/3140/2220 2224/3141/2224
f 2223/3142/2223 2224/3141/2224 2219/3143/2219
f 2219/3143/2219 2218/3144/2218 2193/3145/2193
f 2201/4019/2201 2211/4010/2211 2193/4018/2193
f 2368/4037/2368 2367/4040/2367 2430/4038/2430
f 2194/3134/2194 2223/3142/2223 2193/3145/2193
f 2224/3141/2224 2223/3142/2223 2194/3134/2194
f 2228/4042/2228 2201/4043/2201 2218/4044/2218
f 2224/3141/2224 2194/3134/2194 2205/3127/2205
f 2220/3011/2220 2221/3013/2221 2037/3012/2037
f 2199/4017/2199 2204/4014/2204 2201/4019/2201
f 2201/4019/2201 2228/4020/2228 2199/4017/2199
f 2194/3134/2194 2193/3145/2193 2210/3138/2210
f 2224/3141/2224 2225/3146/2225 2219/3143/2219
f 2378/4039/2378 2368/4037/2368 2374/4041/2374
f 2219/3143/2219 2193/3145/2193 2223/3142/2223
f 2221/3139/2221 2224/3141/2224 2205/3127/2205
f 2201/4019/2201 2214/4013/2214 2211/4010/2211
f 2227/4045/2227 2228/4042/2228 2218/4044/2218
f 2199/4046/2199 2228/4042/2228 2256/4047/2256
f 2430/4038/2430 2367/4040/2367 2199/4046/2199
f 2255/4059/2255 2244/4060/2244 2257/4061/2257
f 2199/4046/2199 2256/4047/2256 2430/4038/2430
f 2225/3146/2225 2216/3147/2216 2222/3148/2222
f 2218/4044/2218 2201/4043/2201 2193/4048/2193
f 2219/3143/2219 2244/3149/2244 2218/3144/2218
f 2222/3148/2222 2216/3147/2216 2257/3150/2257
f 2227/4062/2227 2218/4063/2218 2244/4064/2244
f 2242/4049/2242 2227/4045/2227 2244/4050/2244
f 2222/3148/2222 2219/3143/2219 2225/3146/2225
f 2222/4065/2222 2244/4066/2244 2219/4067/2219
f 2437/3500/2437 2369/3501/2369 2427/3502/2427
f 2216/3147/2216 2225/3146/2225 2217/3151/2217
f 2244/4066/2244 2222/4065/2222 2257/4068/2257
f 2256/4047/2256 2228/4042/2228 2227/4045/2227
f 2217/3151/2217 2220/3140/2220 2040/3124/2040
f 2437/3535/2437 2436/3527/2436 2429/3536/2429
f 2224/3141/2224 2220/3140/2220 2225/3146/2225
f 2430/3503/2430 2256/3504/2256 2427/3502/2427
f 2428/3505/2428 2445/3477/2445 2427/3502/2427
f 2430/3503/2430 2427/3502/2427 2369/3501/2369
f 2225/3146/2225 2220/3140/2220 2217/3151/2217
f 2446/4069/2446 2428/4070/2428 2448/4071/2448
f 2242/3506/2242 2241/3507/2241 2448/3484/2448
f 2238/4072/2238 2255/4073/2255 2257/4074/2257
f 2427/3502/2427 2256/3504/2256 2428/3505/2428
f 2437/3500/2437 2427/3502/2427 2445/3477/2445
f 2242/3506/2242 2244/3508/2244 2241/3507/2241
f 2242/4049/2242 2256/4047/2256 2227/4045/2227
f 2241/3566/2241 2234/3565/2234 2239/3567/2239
f 2448/3484/2448 2256/3504/2256 2242/3506/2242
f 2448/3484/2448 2241/3507/2241 2239/3486/2239
f 2436/3527/2436 2437/3535/2437 2445/3531/2445
f 2241/4077/2241 2254/4078/2254 2237/4079/2237
f 2254/4078/2254 2244/4080/2244 2255/4081/2255
f 2255/4073/2255 2238/4072/2238 2254/4075/2254
f 2448/3484/2448 2428/3505/2428 2256/3504/2256
f 2236/4082/2236 2241/4083/2241 2237/4084/2237
f 2237/4076/2237 2254/4075/2254 2238/4072/2238
f 2350/4085/2350 2397/4086/2397 2399/4087/2399
f 2400/3949/2400 2405/3947/2405 2406/3946/2406
f 2401/4092/2401 2396/4093/2396 2395/4094/2395
f 2350/3886/2350 2355/3890/2355 2397/3891/2397
f 2399/4087/2399 2406/4088/2406 2350/4085/2350
f 2244/4080/2244 2254/4078/2254 2241/4077/2241
f 2360/3892/2360 2354/3880/2354 2353/3879/2353
f 2398/3938/2398 2400/3940/2400 2386/3941/2386
f 2400/4089/2400 2399/4087/2399 2396/4090/2396
f 2360/4100/2360 2353/4101/2353 2348/4102/2348
f 2355/3890/2355 2350/3886/2350 2361/3883/2361
f 2352/4106/2352 2360/4107/2360 2348/4108/2348
f 2361/3883/2361 2354/3880/2354 2360/3892/2360
f 2361/3883/2361 2360/3892/2360 2355/3890/2355
f 2355/3890/2355 2360/3892/2360 2352/3893/2352
f 2400/4089/2400 2406/4088/2406 2399/4087/2399
f 2396/4090/2396 2399/4087/2399 2397/4086/2397
f 2351/4109/2351 2352/4106/2352 2348/4108/2348
f 2401/4092/2401 2400/4095/2400 2396/4093/2396
f 2363/4110/2363 2352/4106/2352 2351/4109/2351
f 2376/4103/2376 2348/4102/2348 2353/4101/2353
f 2352/3893/2352 2393/4883/2393 2349/3895/2349
f 2363/4110/2363 2393/4111/2393 2352/4106/2352
f 2397/4086/2397 2395/4091/2395 2396/4090/2396
f 2397/3891/2397 2383/3896/2383 2394/3897/2394
f 2393/4116/2393 2383/4117/2383 2349/4118/2349
f 2349/3895/2349 2355/3890/2355 2352/3893/2352
f 2394/3897/2394 2395/3898/2395 2397/3891/2397
f 2397/3891/2397 2355/3890/2355 2349/3895/2349
f 2391/3899/2391 2394/3897/2394 2383/3896/2383
f 2497/3310/2497 2390/3311/2390 2394/3312/2394
f 2393/3894/2393 2498/3900/2498 2391/3899/2391
f 2393/3894/2393 2391/3899/2391 2383/3896/2383
f 2497/3310/2497 2391/3313/2391 2501/3314/2501
f 2349/3895/2349 2383/3896/2383 2397/3891/2397
f 2411/4112/2411 2393/4111/2393 2363/4110/2363
f 2393/4111/2393 2411/4112/2411 2498/4113/2498
f 2497/3310/2497 2500/3315/2500 2390/3311/2390
f 2395/3898/2395 2394/3897/2394 2390/3901/2390
f 2390/3311/2390 2500/3315/2500 2385/3316/2385
f 2497/3310/2497 2394/3312/2394 2391/3313/2391
f 1851/2810/1851 1884/2805/1884 1854/2811/1854
f 2498/3317/2498 2501/3314/2501 2391/3313/2391
f 1854/2811/1854 1884/2805/1884 1856/2812/1856
f 1680/2813/1680 1681/2814/1681 1690/2815/1690
f 1851/2810/1851 1854/2811/1854 1852/2816/1852
f 1680/2813/1680 1690/2815/1690 1689/2817/1689
f 2160/2256/2160 1102/2253/1102 2159/2396/2159
f 1852/2816/1852 1680/2813/1680 1851/2810/1851
f 1680/2813/1680 1852/2816/1852 1681/2814/1681
f 2154/2392/2154 2157/2395/2157 2159/2396/2159
f 2158/4119/2158 2159/4120/2159 2157/4121/2157
f 2157/4121/2157 2156/4122/2156 2158/4119/2158
f 1856/4124/1856 1869/4125/1869 1854/4126/1854
f 1853/4127/1853 1854/4126/1854 1869/4125/1869
f 1854/2811/1854 1853/2818/1853 1852/2816/1852
f 1683/2819/1683 1687/2820/1687 1696/4853/1696
f 2163/2390/2163 2154/2392/2154 1997/2393/1997
f 1869/4134/1869 1855/4135/1855 1853/4136/1853
f 1683/2819/1683 1690/2815/1690 1681/2814/1681
f 1856/4124/1856 1868/4128/1868 1869/4125/1869
f 1700/2822/1700 1681/2814/1681 1852/2816/1852
f 2159/2396/2159 2170/2397/2170 2160/2256/2160
f 2170/4123/2170 2159/4120/2159 2158/4119/2158
f 2159/2396/2159 1102/2253/1102 1997/2393/1997
f 1681/2814/1681 1700/2822/1700 1682/2823/1682
f 1690/2815/1690 1683/2819/1683 1689/2817/1689
f 1700/3035/1700 1684/3036/1684 1682/3037/1682
f 1852/2816/1852 1853/2818/1853 1700/2822/1700
f 1694/2824/1694 1692/2825/1692 1696/4853/1696
f 1853/3038/1853 1855/3039/1855 1708/3040/1708
f 1694/4138/1694 1696/4139/1696 1693/4140/1693
f 1692/4141/1692 1723/4142/1723 1689/4143/1689
f 1700/3035/1700 1708/3040/1708 1684/3036/1684
f 1689/2817/1689 1683/2819/1683 1692/2825/1692
f 1997/2393/1997 1102/2253/1102 1995/2385/1995
f 1995/2385/1995 1102/2253/1102 1996/2257/1996
f 1692/2825/1692 1683/2819/1683 1696/4853/1696
f 1687/4146/1687 1683/4147/1683 1681/4148/1681
f 1687/2820/1687 1493/2826/1493 1696/4853/1696
f 2170/2573/2170 1312/2572/1312 2160/2569/2160
f 1979/3973/1979 2002/3971/2002 2001/3974/2001
f 1684/3036/1684 1691/4865/1691 1682/3037/1682
f 1869/4134/1869 1868/4137/1868 1855/4135/1855
f 1482/2827/1482 1493/2826/1493 1688/2828/1688
f 1999/4149/1999 1988/4150/1988 1989/4151/1989
f 1990/3162/1990 1834/3161/1834 1992/3160/1992
f 1691/2829/1691 1687/2820/1687 1682/2823/1682
f 1982/3157/1982 1992/3160/1992 1812/3158/1812
f 1987/2358/1987 1992/2353/1992 1999/2352/1999
f 2001/3974/2001 1993/3975/1993 1979/3973/1979
f 2381/1640/2381 2379/1636/2379 189/1635/189
f 2380/3318/2380 2379/3319/2379 2381/3320/2381
f 2003/3930/2003 2002/3931/2002 1999/3932/1999
f 1700/3035/1700 1853/3038/1853 1708/3040/1708
f 2380/4096/2380 2381/4097/2381 2386/4098/2386
f 2382/3761/2382 2454/3762/2454 2379/3763/2379
f 2454/3762/2454 2452/3755/2452 2379/3763/2379
f 2379/3319/2379 2380/3318/2380 2382/3321/2382
f 213/4152/213 218/4153/218 2452/4154/2452
f 673/4155/673 2398/4156/2398 2386/4157/2386
f 631/270/631 213/269/213 2452/375/2452
f 2401/3942/2401 2386/3941/2386 2400/3940/2400
f 2386/4098/2386 2401/4092/2401 2380/4096/2380
f 2382/3321/2382 2380/3318/2380 2392/3322/2392
f 2454/3762/2454 2453/3764/2453 2452/3755/2452
f 2386/4158/2386 2381/4159/2381 673/4160/673
f 2379/4161/2379 2452/4162/2452 218/4163/218
f 2384/3323/2384 2392/3322/2392 2407/3324/2407
f 2401/4092/2401 2392/4099/2392 2380/4096/2380
f 2454/3325/2454 2382/3321/2382 2453/3326/2453
f 2392/3322/2392 2384/3323/2384 2404/3327/2404
f 2382/3321/2382 2392/3322/2392 2404/3327/2404
f 2456/3759/2456 2455/3756/2455 2453/3764/2453
f 2385/3316/2385 2389/3328/2389 2407/3324/2407
f 2389/3328/2389 2384/3323/2384 2407/3324/2407
f 2390/3901/2390 2407/3902/2407 2395/3898/2395
f 2455/3756/2455 2452/3755/2452 2453/3764/2453
f 2395/4094/2395 2392/4099/2392 2401/4092/2401
f 2389/4164/2389 2388/4165/2388 2384/4166/2384
f 2404/3327/2404 2388/3329/2388 2453/3326/2453
f 2388/3329/2388 2456/3330/2456 2453/3326/2453
f 2385/3316/2385 2387/4874/2387 2389/3328/2389
f 2500/4171/2500 2387/4172/2387 2385/4173/2385
f 2390/3311/2390 2385/3316/2385 2407/3324/2407
f 2404/3327/2404 2453/3326/2453 2382/3321/2382
f 2384/4166/2384 2388/4165/2388 2404/4167/2404
f 2407/3324/2407 2392/3322/2392 2395/3332/2395
f 2458/3333/2458 2456/3330/2456 2388/3329/2388
f 2387/3331/2387 2414/3334/2414 2451/3335/2451
f 2389/4164/2389 2458/4168/2458 2388/4165/2388
f 2387/4169/2387 2451/4170/2451 2458/4168/2458
f 2387/4169/2387 2458/4168/2458 2389/4164/2389
f 2343/3173/2343 2331/3172/2331 2342/3206/2342
f 2346/3177/2346 2343/3173/2343 2342/3206/2342
f 2346/177/2346 2296/146/2296 2277/143/2277
f 2490/4876/2490 2457/3337/2457 2458/3333/2458
f 2458/3333/2458 2457/3337/2457 2456/3330/2456
f 2490/4174/2490 2458/4175/2458 2451/4176/2451
f 2422/3338/2422 2387/4875/2387 2500/3315/2500
f 2296/146/2296 2341/178/2341 2265/147/2265
f 2276/154/2276 2345/162/2345 2344/160/2344
f 2328/3207/2328 2342/3206/2342 2330/3208/2330
f 2288/149/2288 2344/160/2344 2345/162/2345
f 2387/4177/2387 2422/4178/2422 2414/4179/2414
f 2328/179/2328 2346/177/2346 2342/180/2342
f 2328/179/2328 2341/178/2341 2346/177/2346
f 2295/161/2295 2344/160/2344 2288/149/2288
f 2345/162/2345 2277/143/2277 2290/150/2290
f 2296/146/2296 2346/177/2346 2341/178/2341
f 2266/144/2266 2277/143/2277 2345/162/2345
f 2276/154/2276 2266/144/2266 2345/162/2345
f 2296/146/2296 2290/150/2290 2277/143/2277
f 2286/164/2286 2269/166/2269 2295/161/2295
f 1388/700/1388 49/444/49 676/450/676
f 49/444/49 1392/701/1392 42/442/42
f 42/442/42 1392/701/1392 54/443/54
f 1570/702/1570 54/443/54 1392/701/1392
f 49/444/49 1388/700/1388 1392/701/1392
f 1591/996/1591 1593/997/1593 1597/991/1597
f 1388/1613/1388 1393/1614/1393 1603/1615/1603
f 1570/702/1570 1392/701/1392 1391/703/1391
f 1593/1616/1593 1603/1615/1603 1597/1617/1597
f 1388/700/1388 1390/704/1390 1392/701/1392
f 1385/705/1385 1391/703/1391 1389/706/1389
f 1393/452/1393 1388/700/1388 676/450/676
f 1597/1617/1597 1603/1615/1603 1393/1614/1393
f 177/994/177 1592/998/1592 1591/996/1591
f 1392/701/1392 1390/704/1390 1391/703/1391
f 1593/1616/1593 1592/1618/1592 1608/1619/1608
f 1604/1620/1604 1603/1615/1603 1593/1616/1593
f 1599/1610/1599 1608/1619/1608 1592/1618/1592
f 1589/992/1589 1599/999/1599 176/987/176
f 1592/1618/1592 177/1611/177 1599/1610/1599
f 1608/1619/1608 1604/1620/1604 1593/1616/1593
f 1600/4180/1600 1596/4181/1596 1608/4182/1608
f 1608/4182/1608 1599/4183/1599 1600/4180/1600
f 1390/704/1390 1388/700/1388 1603/707/1603
f 1390/704/1390 1389/706/1389 1391/703/1391
f 1592/998/1592 1593/997/1593 1591/996/1591
f 1385/705/1385 1570/702/1570 1391/703/1391
f 1604/4184/1604 1602/4185/1602 1603/4186/1603
f 1390/704/1390 1603/707/1603 1602/708/1602
f 1600/4194/1600 1599/4195/1599 1589/4196/1589
f 1598/4187/1598 1604/4184/1604 1608/4182/1608
f 1589/3810/1589 1590/3808/1590 1595/3807/1595
f 1589/3810/1589 1595/3807/1595 1594/3811/1594
f 1602/4197/1602 1572/4198/1572 1390/4199/1390
f 1606/4188/1606 1598/4187/1598 1608/4182/1608
f 1606/4188/1606 1608/4182/1608 1596/4181/1596
f 1770/3194/1770 1596/3209/1596 1601/3192/1601
f 1598/4187/1598 1606/4188/1606 1560/4189/1560
f 1770/3839/1770 1610/3838/1610 1605/3841/1605
f 1571/4200/1571 1389/4201/1389 1390/4199/1390
f 1561/4202/1561 1387/4203/1387 1571/4200/1571
f 1602/4185/1602 1604/4184/1604 1598/4187/1598
f 1572/4198/1572 1602/4197/1602 1609/4204/1609
f 1590/3808/1590 1791/3812/1791 1797/3809/1797
f 1572/4198/1572 1571/4200/1571 1390/4199/1390
f 1770/3194/1770 1605/3210/1605 1596/3209/1596
f 1594/3811/1594 1600/3813/1600 1589/3810/1589
f 1605/4190/1605 1560/4189/1560 1606/4188/1606
f 1596/3209/1596 1605/3210/1605 1606/3211/1606
f 1609/4211/1609 1569/4212/1569 1572/4213/1572
f 1596/4181/1596 1600/4180/1600 1594/4191/1594
f 1559/4205/1559 1571/4200/1571 1572/4198/1572
f 1560/4189/1560 1609/4192/1609 1598/4187/1598
f 1609/4204/1609 1602/4197/1602 1598/4206/1598
f 1607/2830/1607 1560/2831/1560 1605/2832/1605
f 1609/4214/1609 1560/4215/1560 1569/4216/1569
f 1594/4191/1594 1601/4193/1601 1596/4181/1596
f 1559/4205/1559 1572/4198/1572 1569/4207/1569
f 1569/2833/1569 1582/2834/1582 1559/2835/1559
f 1573/2787/1573 1558/2836/1558 1557/2784/1557
f 1605/2832/1605 1610/2781/1610 1765/2780/1765
f 1573/2787/1573 1582/2834/1582 1558/2836/1558
f 1513/4217/1513 262/4218/262 567/4219/567
f 1573/2787/1573 1557/2784/1557 1738/2783/1738
f 1560/2831/1560 1558/2836/1558 1569/2833/1569
f 1571/4200/1571 1559/4205/1559 1561/4202/1561
f 1605/2832/1605 1557/2784/1557 1607/2830/1607
f 1583/2837/1583 1559/2835/1559 1582/2834/1582
f 1557/2784/1557 1605/2832/1605 1765/2780/1765
f 1558/2836/1558 1582/2834/1582 1569/2833/1569
f 1516/709/1516 1515/710/1515 567/535/567
f 698/540/698 1509/711/1509 1511/550/1511
f 1557/2784/1557 1558/2836/1558 1607/2830/1607
f 1425/686/1425 1376/712/1376 1457/713/1457
f 1508/714/1508 1509/711/1509 1512/715/1512
f 1510/716/1510 1514/717/1514 1507/718/1507
f 1508/714/1508 1512/715/1512 1510/716/1510
f 1511/550/1511 1509/711/1509 1425/686/1425
f 1512/715/1512 1518/719/1518 1510/716/1510
f 1376/712/1376 1425/686/1425 1508/714/1508
f 1558/2836/1558 1560/2831/1560 1607/2830/1607
f 1457/713/1457 1507/718/1507 1456/720/1456
f 1513/547/1513 567/535/567 1515/710/1515
f 567/535/567 1565/537/1565 1516/709/1516
f 1513/547/1513 1518/719/1518 1512/715/1512
f 1517/721/1517 1378/722/1378 1518/719/1518
f 1566/723/1566 1516/709/1516 1565/537/1565
f 1565/537/1565 564/532/564 1556/531/1556
f 1378/722/1378 1377/724/1377 1518/719/1518
f 1510/716/1510 1518/719/1518 1377/724/1377
f 1507/718/1507 1376/712/1376 1510/716/1510
f 1567/725/1567 1564/726/1564 1519/727/1519
f 1519/727/1519 1566/723/1566 1567/725/1567
f 1425/686/1425 1509/711/1509 1508/714/1508
f 1568/4220/1568 1556/4221/1556 1570/4222/1570
f 1513/547/1513 1515/710/1515 1518/719/1518
f 1556/531/1556 54/443/54 1570/702/1570
f 1512/4223/1512 1509/4224/1509 1513/4225/1513
f 1513/4225/1513 1509/4224/1509 698/4226/698
f 1567/725/1567 1563/728/1563 1564/726/1564
f 1510/716/1510 1376/712/1376 1508/714/1508
f 1514/717/1514 1510/716/1510 1377/724/1377
f 1516/709/1516 1566/723/1566 1515/710/1515
f 1514/717/1514 1377/724/1377 1524/729/1524
f 1519/727/1519 1378/722/1378 1517/721/1517
f 1568/730/1568 1565/537/1565 1556/531/1556
f 1454/731/1454 1456/720/1456 1524/729/1524
f 1524/729/1524 1456/720/1456 1514/717/1514
f 1565/537/1565 1567/725/1567 1566/723/1566
f 1570/702/1570 1385/705/1385 1568/730/1568
f 1519/727/1519 1517/721/1517 1566/723/1566
f 1567/725/1567 1565/537/1565 1568/730/1568
f 1379/732/1379 1519/727/1519 1520/733/1520
f 1379/732/1379 1520/733/1520 1522/734/1522
f 1385/705/1385 1389/706/1389 1387/4814/1387
f 1521/736/1521 1520/733/1520 1519/727/1519
f 1567/725/1567 1568/730/1568 1385/705/1385
f 1563/728/1563 1521/736/1521 1519/727/1519
f 1379/732/1379 1377/724/1377 1378/722/1378
f 1521/736/1521 1541/737/1541 1520/733/1520
f 1515/710/1515 1566/723/1566 1517/721/1517
f 1507/718/1507 1514/717/1514 1456/720/1456
f 1524/729/1524 1377/724/1377 1379/732/1379
f 1518/719/1518 1515/710/1515 1517/721/1517
f 1519/727/1519 1379/732/1379 1378/722/1378
f 1524/729/1524 1522/734/1522 1523/738/1523
f 1567/725/1567 1385/705/1385 1387/4814/1387
f 1387/4814/1387 1563/728/1563 1567/725/1567
f 1522/734/1522 1524/729/1524 1379/732/1379
f 1522/734/1522 1520/733/1520 1541/737/1541
f 1519/727/1519 1564/726/1564 1563/728/1563
f 1562/739/1562 1386/740/1386 1387/735/1387
f 1563/728/1563 1386/740/1386 1562/739/1562
f 1563/728/1563 1562/739/1562 1521/736/1521
f 1551/741/1551 1523/738/1523 1522/734/1522
f 1524/729/1524 1538/742/1538 1454/731/1454
f 1586/4208/1586 1561/4202/1561 1559/4205/1559
f 1387/4227/1387 1386/4228/1386 1563/4229/1563
f 1587/743/1587 1521/736/1521 1562/739/1562
f 2165/3042/2165 2166/3024/2166 2020/3019/2020
f 1571/4200/1571 1387/4203/1387 1389/4201/1389
f 2185/3015/2185 2215/3022/2215 2168/3016/2168
f 1585/4209/1585 1387/4203/1387 1561/4202/1561
f 2165/3042/2165 2011/3043/2011 2213/3028/2213
f 2215/3022/2215 2165/3042/2165 2213/3028/2213
f 2020/3019/2020 2014/3044/2014 2011/3043/2011
f 1523/738/1523 1538/742/1538 1524/729/1524
f 1523/738/1523 1549/744/1549 1539/745/1539
f 2164/3045/2164 2011/3043/2011 2012/3046/2012
f 1382/746/1382 1539/745/1539 1384/747/1384
f 1475/4230/1475 1471/4231/1471 1382/4232/1382
f 2165/3042/2165 2215/3022/2215 2166/3024/2166
f 1539/745/1539 1454/731/1454 1538/742/1538
f 1585/4209/1585 1561/4202/1561 1586/4208/1586
f 2165/3042/2165 2020/3019/2020 2011/3043/2011
f 1562/4233/1562 1387/4234/1387 1585/4235/1585
f 1523/738/1523 1539/745/1539 1538/742/1538
f 1541/737/1541 1521/736/1521 1552/748/1552
f 1539/745/1539 1549/744/1549 1384/747/1384
f 1552/748/1552 1521/736/1521 1587/743/1587
f 1552/748/1552 1551/741/1551 1541/737/1541
f 1547/749/1547 1549/744/1549 1552/748/1552
f 1523/738/1523 1551/741/1551 1549/744/1549
f 1382/746/1382 1471/750/1471 1539/745/1539
f 1522/734/1522 1541/737/1541 1551/741/1551
f 1551/741/1551 1552/748/1552 1549/744/1549
f 1575/4236/1575 1585/4237/1585 1586/4238/1586
f 2164/3132/2164 2027/3129/2027 2195/3133/2195
f 1547/749/1547 1552/748/1552 1587/743/1587
f 1587/4240/1587 1562/4241/1562 1585/4242/1585
f 1547/4243/1547 1527/4244/1527 1548/4245/1548
f 1584/4210/1584 1586/4208/1586 1559/4205/1559
f 1546/4246/1546 1548/4245/1548 1527/4244/1527
f 1575/4247/1575 1546/4246/1546 1527/4244/1527
f 1545/751/1545 1384/747/1384 1549/744/1549
f 1527/4244/1527 1547/4243/1547 1587/4240/1587
f 1547/749/1547 1545/751/1545 1549/744/1549
f 1382/746/1382 1384/747/1384 1381/752/1381
f 1527/4244/1527 1585/4242/1585 1575/4247/1575
f 1586/4238/1586 1584/4239/1584 1575/4236/1575
f 1381/752/1381 1384/747/1384 1545/751/1545
f 1527/4244/1527 1587/4240/1587 1585/4242/1585
f 1383/4282/1383 1475/4283/1475 1382/4284/1382
f 1380/4285/1380 1383/4282/1383 1381/4286/1381
f 1550/4248/1550 1543/4249/1543 1544/4250/1544
f 1381/4289/1381 1545/4290/1545 1380/4291/1380
f 1380/4884/1380 1545/4252/1545 1543/4249/1543
f 1380/4292/1380 1543/4293/1543 1540/4294/1540
f 1544/4250/1544 1545/4252/1545 1547/4243/1547
f 1584/4854/1584 1559/2835/1559 1583/2837/1583
f 1576/2839/1576 1580/4855/1580 1577/2841/1577
f 1584/4854/1584 1583/2837/1583 1580/2840/1580
f 1383/4282/1383 1382/4284/1382 1381/4286/1381
f 1575/2842/1575 1584/2838/1584 1576/2839/1576
f 1546/2843/1546 1575/2842/1575 1578/2844/1578
f 1580/4296/1580 1576/4297/1576 1584/4298/1584
f 1544/4250/1544 1548/4245/1548 1550/4248/1550
f 1578/2844/1578 1575/2842/1575 1576/2839/1576
f 1741/4299/1741 1577/4300/1577 1574/4301/1574
f 1544/4250/1544 1547/4243/1547 1548/4245/1548
f 1531/4253/1531 1542/4254/1542 1550/4248/1550
f 1579/4303/1579 1580/4304/1580 1588/4305/1588
f 1578/2844/1578 1576/2839/1576 1581/2845/1581
f 1533/4255/1533 1548/4245/1548 1546/4246/1546
f 1578/4306/1578 1532/4307/1532 1535/4308/1535
f 1579/2846/1579 1577/2841/1577 1580/4855/1580
f 1578/4310/1578 1581/4311/1581 1758/4312/1758
f 1550/4248/1550 1548/4245/1548 1533/4255/1533
f 1741/2847/1741 1581/2845/1581 1577/2841/1577
f 1550/4248/1550 1542/4254/1542 1543/4249/1543
f 1531/4315/1531 1550/4316/1550 1534/4317/1534
f 1534/2848/1534 1533/4856/1533 1532/2850/1532
f 1534/4256/1534 1550/4248/1550 1533/4255/1533
f 1532/4307/1532 1533/4309/1533 1535/4308/1535
f 1532/4313/1532 1578/4310/1578 1758/4312/1758
f 1535/2851/1535 1533/2849/1533 1546/2843/1546
f 1758/2852/1758 1743/2853/1743 1532/2850/1532
f 1544/4250/1544 1543/4249/1543 1545/4252/1545
f 1576/2839/1576 1577/2841/1577 1581/2845/1581
f 1546/2843/1546 1578/2844/1578 1535/2851/1535
f 1743/2853/1743 1534/2848/1534 1532/2850/1532
f 1536/4318/1536 1531/4315/1531 1534/4317/1534
f 1574/4857/1574 1577/2841/1577 1579/2846/1579
f 1528/4257/1528 1537/4258/1537 1542/4254/1542
f 1555/4259/1555 1526/4885/1526 1480/4261/1480
f 1380/4251/1380 1540/4262/1540 1383/4263/1383
f 1525/4320/1525 1555/4321/1555 1477/4322/1477
f 1540/4294/1540 1543/4293/1543 1542/4295/1542
f 1536/4318/1536 1534/4317/1534 1530/4319/1530
f 1536/4264/1536 1542/4254/1542 1531/4253/1531
f 1540/4262/1540 1477/4265/1477 1383/4263/1383
f 1537/2855/1537 1554/2856/1554 1526/2857/1526
f 1528/4257/1528 1542/4254/1542 1536/4264/1536
f 1537/4258/1537 1525/4266/1525 1542/4254/1542
f 1526/2857/1526 1554/2856/1554 1489/2858/1489
f 1555/4321/1555 1525/4320/1525 1526/4323/1526
f 1526/4260/1526 1525/4266/1525 1537/4258/1537
f 1553/2859/1553 1530/2860/1530 1529/2861/1529
f 1525/4266/1525 1540/4262/1540 1542/4254/1542
f 1553/2859/1553 1536/2862/1536 1530/2860/1530
f 1477/4265/1477 1540/4262/1540 1525/4266/1525
f 1554/2856/1554 1528/2863/1528 1553/2859/1553
f 1537/2855/1537 1528/2863/1528 1554/2856/1554
f 1734/2864/1734 1729/2865/1729 1554/2856/1554
f 1734/2864/1734 1554/2856/1554 1553/2859/1553
f 2217/2866/2217 2048/2732/2048 2216/2867/2216
f 1489/2858/1489 1480/2868/1480 1526/2857/1526
f 1553/2859/1553 1528/2863/1528 1536/2862/1536
f 2216/2867/2216 2048/2732/2048 2235/2735/2235
f 1554/4324/1554 1729/4325/1729 1489/4326/1489
f 2233/2736/2233 2216/2867/2216 2235/2735/2235
f 2048/3123/2048 2217/3151/2217 2040/3124/2040
f 2067/2719/2067 2233/2736/2233 2051/2723/2051
f 2216/3147/2216 2238/3152/2238 2257/3150/2257
f 2238/2869/2238 2233/2736/2233 2253/2870/2253
f 2233/2736/2233 2238/2869/2238 2216/2867/2216
f 2238/2869/2238 2253/2870/2253 2240/2871/2240
f 2067/2719/2067 2066/2721/2066 2252/2872/2252
f 2245/2873/2245 2253/2870/2253 2252/2872/2252
f 2236/4327/2236 2237/4328/2237 2240/4329/2240
f 2252/2872/2252 2233/2736/2233 2067/2719/2067
f 2252/2872/2252 2253/2870/2253 2233/2736/2233
f 2245/2873/2245 2252/2872/2252 2251/2874/2251
f 2245/2873/2245 2240/2871/2240 2253/2870/2253
f 2251/2874/2251 2252/2872/2252 2066/2721/2066
f 2237/4330/2237 2238/4331/2238 2240/4332/2240
f 1644/4815/1644 1404/754/1404 1406/755/1406
f 1404/754/1404 1430/756/1430 1463/757/1463
f 1404/754/1404 1463/757/1463 1405/758/1405
f 1463/757/1463 1462/759/1462 1458/760/1458
f 1462/759/1462 1463/757/1463 1428/761/1428
f 1470/4333/1470 1442/4334/1442 1478/4335/1478
f 1405/3638/1405 1643/3639/1643 1406/3640/1406
f 1431/4349/1431 1462/4350/1462 1428/4351/1428
f 1478/762/1478 1454/731/1454 1479/763/1479
f 1468/764/1468 1474/765/1474 1472/766/1472
f 1458/760/1458 1405/758/1405 1463/757/1463
f 1471/750/1471 1474/765/1474 1479/763/1479
f 1458/760/1458 1408/767/1408 1405/758/1405
f 1431/768/1431 1442/769/1442 1474/765/1474
f 1462/759/1462 1431/768/1431 1474/765/1474
f 1470/770/1470 1478/762/1478 1479/763/1479
f 1474/765/1474 1468/764/1468 1462/759/1462
f 1643/3639/1643 1405/3638/1405 1409/3641/1409
f 1479/763/1479 1454/731/1454 1539/745/1539
f 1442/769/1442 1470/770/1470 1474/765/1474
f 1463/757/1463 1430/756/1430 1428/761/1428
f 1404/754/1404 1405/758/1405 1406/755/1406
f 1410/3642/1410 1409/3641/1409 1407/3643/1407
f 1643/3639/1643 1409/3641/1409 1410/3642/1410
f 1474/765/1474 1470/770/1470 1479/763/1479
f 1408/3644/1408 1413/3645/1413 1409/3641/1409
f 1458/760/1458 1462/759/1462 1466/771/1466
f 1413/3645/1413 1407/3643/1407 1409/3641/1409
f 1479/763/1479 1539/745/1539 1471/750/1471
f 1468/4354/1468 1472/4355/1472 1469/4356/1469
f 1407/3643/1407 1414/3646/1414 1667/3647/1667
f 1413/4358/1413 1408/4359/1408 1460/4360/1460
f 1466/771/1466 1460/772/1460 1458/760/1458
f 1405/3638/1405 1408/3644/1408 1409/3641/1409
f 1474/4377/1474 1476/4378/1476 1472/4379/1472
f 1471/4380/1471 1476/4378/1476 1474/4377/1474
f 1408/767/1408 1458/760/1458 1460/772/1460
f 1407/3643/1407 1413/3645/1413 1414/3646/1414
f 1466/771/1466 1462/759/1462 1468/764/1468
f 1375/4390/1375 1476/4391/1476 1475/4392/1475
f 1500/4361/1500 1461/4362/1461 1459/4363/1459
f 1466/771/1466 1469/773/1469 1460/772/1460
f 1375/4287/1375 1475/4283/1475 1383/4282/1383
f 1469/773/1469 1466/771/1466 1468/764/1468
f 1459/4363/1459 1460/4360/1460 1469/4364/1469
f 1467/4381/1467 1464/4382/1464 1472/4379/1472
f 1464/4357/1464 1469/4356/1469 1472/4355/1472
f 1467/4381/1467 1472/4379/1472 1476/4378/1476
f 1421/4395/1421 1411/4396/1411 1412/4397/1412
f 1476/4391/1476 1471/4393/1471 1475/4392/1475
f 1459/4363/1459 1461/4362/1461 1413/4358/1413
f 1413/4358/1413 1460/4360/1460 1459/4363/1459
f 1411/4396/1411 1414/4398/1414 1412/4397/1412
f 1414/3646/1414 1403/3648/1403 1416/3649/1416
f 1411/4402/1411 1667/4403/1667 1414/4404/1414
f 1417/4405/1417 1412/4406/1412 1414/4407/1414
f 1417/4365/1417 1414/4366/1414 1416/4367/1416
f 1403/4368/1403 1413/4358/1413 1461/4362/1461
f 1483/4267/1483 1502/4268/1502 1505/4269/1505
f 1481/4369/1481 1461/4362/1461 1500/4361/1500
f 1504/4383/1504 1464/4382/1464 1506/4384/1506
f 1504/4383/1504 1506/4384/1506 1502/4385/1502
f 1502/4385/1502 1491/4386/1491 1504/4383/1504
f 1469/4364/1469 1464/4370/1464 1459/4363/1459
f 1464/4382/1464 1467/4381/1467 1465/4387/1465
f 1403/3648/1403 1414/3646/1414 1413/3645/1413
f 1421/3650/1421 1676/3651/1676 1411/3652/1411
f 1465/4387/1465 1476/4378/1476 1473/4388/1473
f 1464/4382/1464 1503/4389/1503 1506/4384/1506
f 1473/4394/1473 1476/4391/1476 1375/4390/1375
f 1473/4388/1473 1503/4389/1503 1465/4387/1465
f 1473/4270/1473 1383/4263/1383 1477/4265/1477
f 1461/4362/1461 1481/4369/1481 1403/4368/1403
f 1459/4363/1459 1464/4370/1464 1500/4361/1500
f 1464/4382/1464 1465/4387/1465 1503/4389/1503
f 1504/4408/1504 1491/4409/1491 1500/4410/1500
f 1403/3648/1403 1481/3653/1481 1416/3649/1416
f 1465/4387/1465 1467/4381/1467 1476/4378/1476
f 1500/4411/1500 1464/4412/1464 1504/4413/1504
f 1500/4361/1500 1491/4371/1491 1420/4372/1420
f 1383/4282/1383 1473/4288/1473 1375/4287/1375
f 1423/4399/1423 1412/4397/1412 1417/4400/1417
f 1420/4372/1420 1481/4369/1481 1500/4361/1500
f 1501/4271/1501 1503/4272/1503 1498/4273/1498
f 1498/4273/1498 1503/4272/1503 1473/4270/1473
f 1481/3653/1481 1420/3654/1420 1416/3649/1416
f 1505/4269/1505 1502/4268/1502 1506/4274/1506
f 1421/4395/1421 1412/4397/1412 1423/4399/1423
f 1420/4372/1420 1490/4373/1490 1424/4374/1424
f 1420/4372/1420 1417/4365/1417 1416/4367/1416
f 1506/4274/1506 1503/4272/1503 1501/4271/1501
f 1498/4273/1498 1473/4270/1473 1477/4265/1477
f 1423/3655/1423 1415/3656/1415 1421/3650/1421
f 1415/3656/1415 1423/3655/1423 1422/3657/1422
f 1490/4373/1490 1420/4372/1420 1491/4371/1491
f 1555/4259/1555 1498/4273/1498 1477/4265/1477
f 1423/4399/1423 1417/4400/1417 1422/4401/1422
f 1483/4267/1483 1491/4275/1491 1502/4268/1502
f 1421/3650/1421 1415/3656/1415 1674/3658/1674
f 1483/4414/1483 1505/4415/1505 1488/4416/1488
f 1501/4271/1501 1505/4269/1505 1506/4274/1506
f 1422/4420/1422 1417/4421/1417 1424/4422/1424
f 1483/4267/1483 1490/4276/1490 1491/4275/1491
f 1424/4374/1424 1417/4365/1417 1420/4372/1420
f 1487/4277/1487 1555/4259/1555 1480/4261/1480
f 1501/4417/1501 1488/4416/1488 1505/4415/1505
f 1488/4416/1488 1501/4417/1501 1499/4418/1499
f 1496/4278/1496 1488/4279/1488 1487/4277/1487
f 1555/4259/1555 1499/4280/1499 1498/4273/1498
f 1499/4280/1499 1555/4259/1555 1487/4277/1487
f 1415/3656/1415 1419/3659/1419 1674/3658/1674
f 1486/2875/1486 1487/2876/1487 1480/2868/1480
f 1499/4280/1499 1501/4271/1501 1498/4273/1498
f 1484/4886/1484 1490/4276/1490 1483/4267/1483
f 1487/4277/1487 1488/4279/1488 1499/4280/1499
f 1489/2858/1489 1697/2877/1697 1486/2875/1486
f 1697/2877/1697 1489/2858/1489 1729/2865/1729
f 1496/4858/1496 1492/2879/1492 1484/2880/1484
f 1484/4419/1484 1483/4414/1483 1488/4416/1488
f 1435/774/1435 1401/775/1401 1400/676/1400
f 1496/4278/1496 1484/4281/1484 1488/4279/1488
f 1446/2698/1446 1450/2700/1450 1426/2701/1426
f 1485/2881/1485 1486/2875/1486 1697/2877/1697
f 1485/2881/1485 1496/2878/1496 1486/2875/1486
f 1400/676/1400 1401/775/1401 1402/677/1402
f 1496/2878/1496 1487/2876/1487 1486/2875/1486
f 1397/776/1397 1401/775/1401 1399/777/1399
f 1399/777/1399 1401/775/1401 1435/774/1435
f 1435/774/1435 1447/4816/1447 1399/777/1399
f 1400/4423/1400 1349/4424/1349 1435/4425/1435
f 1426/682/1426 1447/778/1447 1349/678/1349
f 1446/779/1446 1448/687/1448 1449/780/1449
f 1486/2875/1486 1480/2868/1480 1489/2858/1489
f 1446/779/1446 1445/684/1445 1448/687/1448
f 1438/781/1438 1440/782/1440 1436/783/1436
f 1399/4426/1399 1447/4427/1447 1438/4428/1438
f 1341/2695/1341 1446/2698/1446 1426/2701/1426
f 1447/2702/1447 1426/2701/1426 1450/2700/1450
f 1450/2700/1450 1446/2698/1446 1449/2703/1449
f 1351/681/1351 1425/686/1425 1448/687/1448
f 1425/686/1425 1457/713/1457 1448/687/1448
f 1451/4429/1451 1447/4430/1447 1450/4431/1450
f 1433/784/1433 1399/777/1399 1436/783/1436
f 1437/785/1437 1447/4817/1447 1451/786/1451
f 1447/4433/1447 1440/4434/1440 1438/4435/1438
f 1437/4336/1437 1451/4337/1451 1443/4338/1443
f 1449/4339/1449 1453/4340/1453 1452/4341/1452
f 1448/687/1448 1453/787/1453 1449/780/1449
f 1439/4342/1439 1451/4337/1451 1452/4341/1452
f 1437/785/1437 1443/788/1443 1440/782/1440
f 1452/4341/1452 1451/4337/1451 1449/4339/1449
f 1349/4436/1349 1447/4437/1447 1435/4438/1435
f 1451/4429/1451 1450/4431/1450 1449/4432/1449
f 1452/4439/1452 1429/4440/1429 1439/4441/1439
f 1441/4343/1441 1452/4341/1452 1453/4340/1453
f 1428/4351/1428 1432/4352/1432 1431/4349/1431
f 1438/781/1438 1436/783/1436 1399/777/1399
f 1456/4344/1456 1441/4343/1441 1453/4340/1453
f 1457/713/1457 1453/787/1453 1448/687/1448
f 1439/4342/1439 1444/4345/1444 1443/4338/1443
f 1376/712/1376 1507/718/1507 1457/713/1457
f 1398/789/1398 1397/776/1397 1433/784/1433
f 1398/789/1398 1433/784/1433 1395/790/1395
f 1439/4342/1439 1443/4338/1443 1451/4337/1451
f 1447/4817/1447 1437/785/1437 1440/782/1440
f 1433/784/1433 1397/776/1397 1399/777/1399
f 1457/713/1457 1456/720/1456 1453/787/1453
f 1436/783/1436 1427/791/1427 1394/792/1394
f 1444/4345/1444 1432/4346/1432 1443/4338/1443
f 1644/4444/1644 1394/4445/1394 1404/4446/1404
f 1434/793/1434 1427/791/1427 1440/782/1440
f 1455/794/1455 1456/720/1456 1454/731/1454
f 1404/754/1404 1427/791/1427 1430/756/1430
f 1430/756/1430 1427/791/1427 1434/793/1434
f 1436/783/1436 1394/792/1394 1433/784/1433
f 1440/782/1440 1443/788/1443 1434/793/1434
f 1441/4343/1441 1455/4347/1455 1478/4335/1478
f 1440/782/1440 1427/791/1427 1436/783/1436
f 1431/4349/1431 1432/4352/1432 1429/4353/1429
f 1430/756/1430 1434/793/1434 1428/761/1428
f 1433/784/1433 1394/792/1394 1395/790/1395
f 1443/788/1443 1432/795/1432 1434/793/1434
f 1452/4341/1452 1441/4343/1441 1429/4348/1429
f 1429/4348/1429 1441/4343/1441 1478/4335/1478
f 1431/768/1431 1429/796/1429 1442/769/1442
f 1429/4440/1429 1432/4442/1432 1444/4443/1444
f 1444/4443/1444 1439/4441/1439 1429/4440/1429
f 1394/792/1394 1427/791/1427 1404/754/1404
f 1429/4348/1429 1478/4335/1478 1442/4334/1442
f 1424/2882/1424 1494/2883/1494 1495/2884/1495
f 1455/4347/1455 1441/4343/1441 1456/4344/1456
f 1434/793/1434 1432/795/1432 1428/761/1428
f 1454/731/1454 1478/762/1478 1455/794/1455
f 1497/2885/1497 1424/2882/1424 1495/2884/1495
f 1424/4374/1424 1490/4373/1490 1494/4375/1494
f 1484/4376/1484 1494/4375/1494 1490/4373/1490
f 1419/3659/1419 1418/4882/1418 1674/3658/1674
f 1419/2886/1419 1422/2887/1422 1497/2885/1497
f 1484/2880/1484 1492/2879/1492 1494/2883/1494
f 1419/2886/1419 1415/2888/1415 1422/2887/1422
f 1497/2885/1497 1422/2887/1422 1424/2882/1424
f 1686/2889/1686 1418/2890/1418 1419/2886/1419
f 1495/2884/1495 1494/2883/1494 1492/2879/1492
f 1686/2889/1686 1497/2885/1497 1482/2827/1482
f 1492/2879/1492 1497/2885/1497 1495/2884/1495
f 1419/2886/1419 1497/2885/1497 1686/2889/1686
f 1493/4448/1493 1496/4449/1496 1485/4450/1485
f 1496/4858/1496 1482/2827/1482 1492/2879/1492
f 1496/4858/1496 1493/2826/1493 1482/2827/1482
f 1497/2885/1497 1492/2879/1492 1482/2827/1482
f 1642/797/1642 1643/798/1643 1647/693/1647
f 1647/693/1647 1646/688/1646 1642/797/1642
f 1643/798/1643 1666/799/1666 1647/693/1647
f 1665/3632/1665 1667/3647/1667 1652/3661/1652
f 1666/799/1666 1658/691/1658 1647/693/1647
f 1646/688/1646 1611/690/1611 1642/797/1642
f 1831/4452/1831 1669/4453/1669 1832/4454/1832
f 1663/3624/1663 1645/3626/1645 1651/3629/1651
f 1831/4452/1831 1663/4455/1663 1650/4456/1650
f 1807/3724/1807 1831/3727/1831 1832/3728/1832
f 1651/4459/1651 1670/4460/1670 1663/4461/1663
f 1410/3642/1410 1667/3647/1667 1666/3662/1666
f 1666/3662/1666 1643/3639/1643 1410/3642/1410
f 1665/3632/1665 1666/3662/1666 1667/3647/1667
f 1667/3647/1667 1410/3642/1410 1407/3643/1407
f 1665/3632/1665 1652/3661/1652 1660/3628/1660
f 1669/4453/1669 1831/4452/1831 1650/4456/1650
f 1406/3640/1406 1643/3639/1643 1644/3663/1644
f 1832/3728/1832 1803/3725/1803 1807/3724/1807
f 1642/797/1642 1644/753/1644 1643/798/1643
f 1659/4465/1659 1651/4466/1651 1660/4467/1660
f 1807/3623/1807 1663/3624/1663 1831/3664/1831
f 1828/4457/1828 1832/4454/1832 1849/4458/1849
f 1669/4462/1669 1650/4463/1650 1670/4460/1670
f 1670/3047/1670 1668/3048/1668 1669/3049/1669
f 1827/3050/1827 1803/3051/1803 1832/3052/1832
f 1827/4468/1827 1828/4469/1828 1826/4470/1826
f 1670/4460/1670 1650/4463/1650 1663/4461/1663
f 1679/3053/1679 1659/3054/1659 1662/3055/1662
f 1668/3048/1668 1670/3047/1670 1659/3054/1659
f 1657/3665/1657 1659/3666/1659 1660/3628/1660
f 1828/4866/1828 1827/3050/1827 1832/3052/1832
f 1411/3652/1411 1676/3651/1676 1652/3661/1652
f 1849/3057/1849 1668/3048/1668 1850/3058/1850
f 1676/3651/1676 1672/3667/1672 1648/3668/1648
f 1832/4454/1832 1669/4453/1669 1849/4458/1849
f 1668/3048/1668 1659/3054/1659 1679/3053/1679
f 1668/3048/1668 1849/3057/1849 1669/3049/1669
f 1676/3651/1676 1678/3669/1678 1672/3667/1672
f 1678/3669/1678 1421/3650/1421 1674/3658/1674
f 1674/3658/1674 1675/3670/1675 1678/3669/1678
f 1651/4459/1651 1659/4464/1659 1670/4460/1670
f 1676/3651/1676 1421/3650/1421 1678/3669/1678
f 1668/3048/1668 1679/3053/1679 1850/3058/1850
f 1844/3059/1844 1850/3058/1850 1838/3060/1838
f 1844/3059/1844 1849/3057/1849 1850/3058/1850
f 1659/4471/1659 1657/4472/1657 1662/4473/1662
f 1662/4474/1662 1657/4475/1657 1661/4476/1661
f 1695/4477/1695 1672/4478/1672 1678/4479/1678
f 1660/3628/1660 1652/3661/1652 1648/3668/1648
f 1652/3661/1652 1667/3647/1667 1411/3652/1411
f 1672/4478/1672 1695/4477/1695 1677/4480/1677
f 1672/4478/1672 1661/4476/1661 1648/4481/1648
f 1704/3061/1704 1661/3062/1661 1701/3063/1701
f 1677/3064/1677 1701/3063/1701 1661/3062/1661
f 1660/3628/1660 1648/3668/1648 1657/3665/1657
f 1661/4476/1661 1679/4482/1679 1662/4474/1662
f 1648/3668/1648 1652/3661/1652 1676/3651/1676
f 1648/4481/1648 1661/4476/1661 1657/4475/1657
f 1677/4480/1677 1661/4476/1661 1672/4478/1672
f 1706/3671/1706 1677/3672/1677 1695/3673/1695
f 1838/3060/1838 1704/3061/1704 1839/3065/1839
f 1706/3671/1706 1705/3674/1705 1677/3672/1677
f 1661/3062/1661 1704/3061/1704 1679/3053/1679
f 1844/3059/1844 1838/3060/1838 1839/3065/1839
f 1705/4483/1705 1704/4484/1704 1701/4485/1701
f 1704/3061/1704 1838/3060/1838 1679/3053/1679
f 1698/3675/1698 1706/3671/1706 1675/3670/1675
f 1703/4487/1703 1705/4488/1705 1706/4489/1706
f 1701/4485/1701 1677/4486/1677 1705/4483/1705
f 1707/3066/1707 1704/3061/1704 1705/3067/1705
f 1678/4491/1678 1675/4492/1675 1695/4493/1695
f 1675/3670/1675 1706/3671/1706 1695/3673/1695
f 1675/3670/1675 1674/3658/1674 1673/3676/1673
f 1679/3053/1679 1838/3060/1838 1850/3058/1850
f 1844/3059/1844 1839/3065/1839 1842/3068/1842
f 1703/3069/1703 1707/3066/1707 1705/3067/1705
f 1693/2891/1693 1485/2881/1485 1697/2877/1697
f 1710/3070/1710 1839/3065/1839 1704/3061/1704
f 1862/3071/1862 1867/3072/1867 1839/3065/1839
f 1862/3071/1862 1839/3065/1839 1710/3070/1710
f 1704/3061/1704 1707/3066/1707 1710/3070/1710
f 1866/3073/1866 1862/3071/1862 1868/3074/1868
f 1708/3040/1708 1855/3039/1855 1709/3075/1709
f 1868/3074/1868 1862/3071/1862 1709/3075/1709
f 1937/4494/1937 1933/4495/1933 1936/4496/1936
f 1868/3074/1868 1709/3075/1709 1855/3039/1855
f 1938/4500/1938 1941/4501/1941 1937/4502/1937
f 1709/3075/1709 1710/3070/1710 1707/3066/1707
f 1694/2824/1694 1693/2891/1693 1697/2877/1697
f 1709/3075/1709 1862/3071/1862 1710/3070/1710
f 1941/2892/1941 1945/2893/1945 1937/2894/1937
f 1935/4524/1935 1938/4525/1938 1936/4526/1936
f 1709/3075/1709 1707/3066/1707 1708/3040/1708
f 1708/3040/1708 1707/3066/1707 1703/3069/1703
f 1936/3397/1936 1923/3396/1923 1946/3395/1946
f 1928/4503/1928 1930/4504/1930 1941/4501/1941
f 1941/2892/1941 1930/2895/1930 1945/2893/1945
f 1936/3862/1936 1933/3863/1933 1923/3859/1923
f 1936/4526/1936 1931/4527/1931 1935/4524/1935
f 1932/4505/1932 1928/4503/1928 1941/4501/1941
f 1938/4525/1938 1937/4528/1937 1936/4526/1936
f 1928/4529/1928 1932/4530/1932 1943/4531/1943
f 1944/3394/1944 2097/3398/2097 1946/3395/1946
f 2110/3399/2110 2097/3398/2097 1944/3394/1944
f 1699/2896/1699 1694/2824/1694 1697/2877/1697
f 2094/3400/2094 2082/3401/2082 2083/3402/2083
f 1939/4506/1939 1941/4501/1941 1935/4507/1935
f 1921/3181/1921 2082/3180/2082 2110/3212/2110
f 1935/4507/1935 1941/4501/1941 1938/4500/1938
f 2110/3399/2110 2094/3400/2094 2097/3398/2097
f 2083/3213/2083 2082/3180/2082 2081/3188/2081
f 2094/3400/2094 2110/3399/2110 2082/3401/2082
f 2109/3214/2109 2108/3215/2108 2081/3188/2081
f 1921/3181/1921 2110/3212/2110 1944/3190/1944
f 2092/2897/2092 2088/2898/2088 1940/2899/1940
f 1932/4505/1932 1939/4506/1939 1929/4508/1929
f 2100/3403/2100 2084/3404/2084 2086/3405/2086
f 1929/4508/1929 1939/4506/1939 1940/4509/1940
f 2097/3398/2097 1931/3406/1931 1946/3395/1946
f 2086/3216/2086 2084/3217/2084 2108/3215/2108
f 2094/3400/2094 2083/3402/2083 2084/3404/2084
f 2086/3216/2086 2108/3215/2108 2106/3218/2106
f 2084/3404/2084 2100/3403/2100 2094/3400/2094
f 2108/3215/2108 2084/3217/2084 2083/3213/2083
f 1936/3397/1936 1946/3395/1946 1931/3406/1931
f 2106/3218/2106 2108/3215/2108 2109/3214/2109
f 1941/4501/1941 1939/4506/1939 1932/4505/1932
f 2077/3802/2077 2109/3800/2109 2080/3799/2080
f 2105/3176/2105 2275/3219/2275 2107/3220/2107
f 2077/4869/2077 2105/3176/2105 2109/3214/2109
f 2105/3176/2105 2106/3218/2106 2109/3214/2109
f 1935/4533/1935 1931/4534/1931 2103/4535/2103
f 2103/4510/2103 1939/4506/1939 1935/4507/1935
f 2086/3405/2086 2099/3407/2099 2100/3403/2100
f 1939/2900/1939 2103/2901/2103 1940/2899/1940
f 2275/3370/2275 2096/3375/2096 2107/3408/2107
f 1929/2902/1929 1940/2899/1940 2088/2898/2088
f 2105/3176/2105 2107/3220/2107 2106/3218/2106
f 2092/2897/2092 1940/2899/1940 2103/2901/2103
f 2085/3409/2085 2100/3403/2100 2093/3410/2093
f 2106/3218/2106 2107/3220/2107 2086/3216/2086
f 2081/3188/2081 2108/3215/2108 2083/3213/2083
f 1931/3406/1931 2097/3398/2097 2085/3409/2085
f 2093/3410/2093 2103/3411/2103 1931/3406/1931
f 2091/3412/2091 2100/3403/2100 2099/3407/2099
f 2102/3413/2102 2096/3375/2096 2095/3414/2095
f 2104/3378/2104 2095/3414/2095 2101/3374/2101
f 2091/3412/2091 2093/3410/2093 2100/3403/2100
f 2089/2903/2089 2103/2901/2103 2091/2904/2091
f 1915/2764/1915 1908/2765/1908 1905/2905/1905
f 2096/3375/2096 2101/3374/2101 2095/3414/2095
f 2085/3409/2085 2094/3400/2094 2100/3403/2100
f 1943/4511/1943 1900/4512/1900 1928/4503/1928
f 2093/3410/2093 1931/3406/1931 2085/3409/2085
f 1896/4513/1896 1898/4514/1898 1943/4511/1943
f 1896/2906/1896 1915/2764/1915 1898/2907/1898
f 1929/4508/1929 2088/4887/2088 1932/4505/1932
f 1932/4530/1932 2088/4532/2088 1943/4531/1943
f 2102/3413/2102 2086/3405/2086 2096/3375/2096
f 2103/2901/2103 2093/2908/2093 2091/2904/2091
f 2089/2903/2089 2092/2897/2092 2103/2901/2103
f 2075/2909/2075 2073/2910/2073 2050/2911/2050
f 1896/4513/1896 1943/4511/1943 2088/4515/2088
f 2086/3405/2086 2102/3413/2102 2099/3407/2099
f 2096/3375/2096 2086/3405/2086 2107/3408/2107
f 2102/3413/2102 2091/3412/2091 2099/3407/2099
f 1896/2906/1896 2068/2912/2068 1918/2913/1918
f 1915/2764/1915 1896/2906/1896 1918/2913/1918
f 2092/2897/2092 2050/2911/2050 2088/2898/2088
f 1943/4511/1943 1898/4514/1898 1900/4512/1900
f 2068/4536/2068 1917/4537/1917 1918/4538/1918
f 1898/4539/1898 1915/4540/1915 1905/4541/1905
f 2072/2914/2072 2075/2909/2075 2050/2911/2050
f 2068/2912/2068 2088/2898/2088 2050/2911/2050
f 1918/2913/1918 1910/2772/1910 1915/2764/1915
f 2102/3413/2102 2090/3415/2090 2091/3412/2091
f 2098/2915/2098 2072/2914/2072 2090/2916/2090
f 2050/2911/2050 2092/2897/2092 2089/2903/2089
f 2056/2777/2056 2063/2776/2063 2069/2917/2069
f 1918/2913/1918 1907/2773/1907 1910/2772/1910
f 2085/3409/2085 2097/3398/2097 2094/3400/2094
f 2068/2912/2068 2069/2917/2069 1917/2918/1917
f 2069/2917/2069 1907/2773/1907 1917/2918/1917
f 1896/2906/1896 2088/2898/2088 2068/2912/2068
f 2090/2916/2090 2072/2914/2072 2050/2911/2050
f 2114/2919/2114 2098/2915/2098 2087/2920/2087
f 1917/2918/1917 1907/2773/1907 1918/2913/1918
f 2090/2916/2090 2089/2903/2089 2091/2904/2091
f 2087/3377/2087 2090/3415/2090 2102/3413/2102
f 2072/2914/2072 2098/2915/2098 2112/2921/2112
f 2095/3414/2095 2087/3377/2087 2102/3413/2102
f 2116/3416/2116 2072/3417/2072 2112/3418/2112
f 2074/2922/2074 2069/2917/2069 2073/2910/2073
f 2073/2910/2073 2068/2912/2068 2050/2911/2050
f 2054/4542/2054 2069/4543/2069 2070/4544/2070
f 2116/2923/2116 2071/2924/2071 2072/2914/2072
f 2089/2903/2089 2090/2916/2090 2050/2911/2050
f 2071/2924/2071 2075/2909/2075 2072/2914/2072
f 2111/3384/2111 2115/3385/2115 2114/3419/2114
f 1907/2773/1907 2069/2917/2069 2063/2776/2063
f 2098/2915/2098 2090/2916/2090 2087/2920/2087
f 2075/2909/2075 2071/2924/2071 2074/2922/2074
f 2075/2909/2075 2074/2922/2074 2073/2910/2073
f 2117/3390/2117 2071/3420/2071 2116/3416/2116
f 2117/3390/2117 2116/3416/2116 2112/3418/2112
f 2076/4545/2076 2054/4542/2054 2070/4544/2070
f 2074/2922/2074 2070/2925/2070 2069/2917/2069
f 2292/3380/2292 2114/3419/2114 2087/3377/2087
f 2076/2808/2076 2071/2924/2071 2065/4859/2065
f 2073/2910/2073 2069/2917/2069 2068/2912/2068
f 2117/3390/2117 2065/3421/2065 2071/3420/2071
f 2114/2919/2114 2115/2927/2115 2112/2921/2112
f 2112/2921/2112 2098/2915/2098 2114/2919/2114
f 2118/3546/2118 2065/3547/2065 2117/3544/2117
f 2053/2722/2053 2057/2724/2057 2054/2779/2054
f 1804/2398/1804 1811/2357/1811 1806/2379/1806
f 2074/2922/2074 2071/2924/2071 2070/2925/2070
f 2115/3385/2115 2117/3390/2117 2112/3418/2112
f 2076/4546/2076 2065/4547/2065 2064/4548/2064
f 2104/3378/2104 2087/3377/2087 2095/3414/2095
f 2111/3384/2111 2114/3419/2114 2292/3380/2292
f 2076/2808/2076 2070/2925/2070 2071/2924/2071
f 1346/671/1346 1402/677/1402 1401/775/1401
f 2056/2777/2056 2069/2917/2069 2054/2779/2054
f 1398/4549/1398 1396/4550/1396 1397/4551/1397
f 2320/3578/2320 2065/3588/2065 2118/3579/2118
f 2320/2756/2320 2064/2809/2064 2065/2926/2065
f 1827/3050/1827 1804/3076/1804 1803/3051/1803
f 1811/2357/1811 1823/2356/1823 1815/2373/1815
f 1826/3077/1826 1804/3076/1804 1827/3050/1827
f 1630/685/1630 1396/800/1396 1632/698/1632
f 1614/801/1614 1395/790/1395 1615/802/1615
f 1633/803/1633 1614/801/1614 1615/802/1615
f 1397/776/1397 1630/685/1630 1346/671/1346
f 1804/2398/1804 1806/2379/1806 1803/2399/1803
f 1632/698/1632 1633/803/1633 1612/804/1612
f 1397/776/1397 1346/671/1346 1401/775/1401
f 1397/776/1397 1396/800/1396 1630/685/1630
f 1632/698/1632 1614/801/1614 1633/803/1633
f 1615/802/1615 1395/790/1395 1644/753/1644
f 1809/2354/1809 1811/2357/1811 1804/2398/1804
f 1632/698/1632 1631/697/1631 1630/685/1630
f 1644/753/1644 1642/797/1642 1615/802/1615
f 1395/790/1395 1614/801/1614 1398/789/1398
f 1612/804/1612 1633/803/1633 1615/802/1615
f 1396/800/1396 1398/789/1398 1614/801/1614
f 1632/698/1632 1396/800/1396 1614/801/1614
f 1394/4445/1394 1644/4444/1644 1395/4447/1395
f 1642/797/1642 1611/690/1611 1615/802/1615
f 1611/690/1611 1612/804/1612 1615/802/1615
f 1685/2928/1685 1482/2827/1482 1688/2828/1688
f 1685/2928/1685 1686/2889/1686 1482/2827/1482
f 1418/3660/1418 1702/3677/1702 1673/3676/1673
f 1691/3678/1691 1706/3671/1706 1698/3675/1698
f 1703/3069/1703 1691/3041/1691 1708/3040/1708
f 1907/2773/1907 2063/2776/2063 2059/2770/2059
f 1691/4552/1691 1684/4553/1684 1708/4554/1708
f 1696/4451/1696 1493/4448/1493 1485/4450/1485
f 1493/2826/1493 1687/2820/1687 1688/2828/1688
f 1688/2828/1688 1698/2929/1698 1685/2928/1685
f 1688/2828/1688 1687/2820/1687 1691/2829/1691
f 1687/2820/1687 1681/2814/1681 1682/2823/1682
f 1696/2821/1696 1485/2881/1485 1693/2891/1693
f 1675/3670/1675 1673/3676/1673 1698/3675/1698
f 1691/2829/1691 1698/2929/1698 1688/2828/1688
f 1685/2928/1685 1702/2930/1702 1686/2889/1686
f 1951/3221/1951 1953/3222/1953 1950/3223/1950
f 1698/2929/1698 1702/2930/1702 1685/2928/1685
f 1673/3676/1673 1702/3677/1702 1698/3675/1698
f 1953/3222/1953 1951/3221/1951 1977/3224/1977
f 1706/4489/1706 1691/4490/1691 1703/4487/1703
f 1964/4555/1964 1926/4556/1926 1956/4557/1956
f 1686/2889/1686 1702/2930/1702 1418/2890/1418
f 1950/4559/1950 1953/4560/1953 1958/4561/1958
f 1949/4563/1949 1977/4564/1977 1801/4565/1801
f 1418/4566/1418 1673/4567/1673 1674/4568/1674
f 1958/4561/1958 1953/4560/1953 1967/4562/1967
f 1952/3225/1952 1956/3226/1956 1926/3199/1926
f 1953/3222/1953 1977/3224/1977 1949/3227/1949
f 1926/3199/1926 1766/3202/1766 1952/3225/1952
f 1963/3228/1963 1950/3223/1950 1958/3229/1958
f 1956/3226/1956 1952/3225/1952 1950/3223/1950
f 1794/3230/1794 1952/3225/1952 1766/3202/1766
f 1977/3224/1977 1951/3221/1951 1792/3231/1792
f 1963/3228/1963 1956/3226/1956 1950/3223/1950
f 1966/3232/1966 1967/3233/1967 1959/3234/1959
f 1952/3225/1952 1794/3230/1794 1951/3221/1951
f 1950/3223/1950 1952/3225/1952 1951/3221/1951
f 1816/4569/1816 1830/4570/1830 1817/4571/1817
f 1993/2400/1993 1995/2385/1995 1979/2388/1979
f 1953/3222/1953 1949/3227/1949 1967/3233/1967
f 1998/3078/1998 1983/3079/1983 1986/3080/1986
f 1983/4578/1983 1978/4579/1978 1986/4580/1986
f 1999/2352/1999 1989/2359/1989 1987/2358/1987
f 1991/3926/1991 1988/3929/1988 1979/3933/1979
f 2003/3081/2003 1983/3079/1983 1998/3078/1998
f 1999/4581/1999 1983/4582/1983 2003/4583/2003
f 1995/2385/1995 1993/2400/1993 1997/2393/1997
f 1983/2361/1983 1982/2351/1982 1978/2386/1978
f 1830/3082/1830 1816/3083/1816 1804/3076/1804
f 2002/3931/2002 1979/3933/1979 1988/3929/1988
f 2002/3931/2002 1988/3929/1988 1999/3932/1999
f 1951/4584/1951 1794/4585/1794 1792/4586/1792
f 1980/2401/1980 1997/2393/1997 1993/2400/1993
f 1817/4571/1817 1985/4572/1985 1833/4573/1833
f 2155/2394/2155 1997/2393/1997 1980/2401/1980
f 1978/4849/1978 1808/2362/1808 1833/2402/1833
f 1978/4849/1978 1833/2402/1833 1986/2403/1986
f 1816/4569/1816 1833/4573/1833 1808/4574/1808
f 2335/120/2335 434/122/434 2340/168/2340
f 438/75/438 2338/181/2338 2339/182/2339
f 1809/2354/1809 1804/2398/1804 1816/2404/1816
f 433/125/433 2335/120/2335 2336/183/2336
f 2340/168/2340 2336/183/2336 2335/120/2335
f 669/116/669 2338/181/2338 438/75/438
f 2340/168/2340 2337/172/2337 2336/183/2336
f 2336/1878/2336 669/1874/669 436/1876/436
f 438/75/438 2151/184/2151 2152/123/2152
f 669/1874/669 2336/1878/2336 2338/1879/2338
f 2336/183/2336 2337/172/2337 2338/181/2338
f 2337/172/2337 2260/170/2260 2334/169/2334
f 2137/4588/2137 2152/4589/2152 2151/4590/2151
f 2323/185/2323 2339/182/2339 2327/186/2327
f 2325/187/2325 2327/186/2327 2337/172/2337
f 2334/4593/2334 2325/4594/2325 2337/4595/2337
f 2324/188/2324 2325/187/2325 2332/189/2332
f 2327/4596/2327 2329/4597/2329 2323/4598/2323
f 2336/183/2336 436/126/436 433/125/433
f 2293/3171/2293 2147/3191/2147 2331/3172/2331
f 2338/181/2338 2327/186/2327 2339/182/2339
f 2324/188/2324 2327/186/2327 2325/187/2325
f 2324/188/2324 2329/190/2329 2327/186/2327
f 2337/172/2337 2327/186/2327 2338/181/2338
f 2342/3206/2342 2331/3172/2331 2147/3191/2147
f 2333/176/2333 2325/187/2325 2334/169/2334
f 2339/182/2339 2151/184/2151 438/75/438
f 2323/185/2323 2326/191/2326 2339/182/2339
f 2151/184/2151 2339/182/2339 2326/191/2326
f 2326/191/2326 2143/192/2143 2142/193/2142
f 2326/191/2326 2142/193/2142 2148/194/2148
f 2328/179/2328 2332/189/2332 2341/178/2341
f 2329/190/2329 2324/188/2324 2328/179/2328
f 2265/147/2265 2325/187/2325 2333/176/2333
f 2143/3235/2143 2328/3207/2328 2330/3208/2330
f 2143/192/2143 2326/191/2326 2323/185/2323
f 2323/185/2323 2329/190/2329 2143/192/2143
f 2324/188/2324 2332/189/2332 2328/179/2328
f 2342/3206/2342 2142/3236/2142 2330/3208/2330
f 2328/179/2328 2143/192/2143 2329/190/2329
f 2142/3236/2142 2143/3235/2143 2330/3208/2330
f 2419/3339/2419 2422/3338/2422 2500/3315/2500
f 2420/3340/2420 2419/3339/2419 2500/3315/2500
f 2438/3341/2438 2422/3338/2422 2412/3342/2412
f 2451/3335/2451 2414/3334/2414 2485/3343/2485
f 2419/3339/2419 2412/3342/2412 2422/3338/2422
f 2485/3343/2485 2414/3334/2414 2438/3341/2438
f 2423/3344/2423 2412/3342/2412 2426/3345/2426
f 2438/4599/2438 2482/4600/2482 2485/4601/2485
f 2412/3342/2412 2420/3340/2420 2415/3346/2415
f 2490/3336/2490 2451/3335/2451 2485/3343/2485
f 2423/4602/2423 2438/4603/2438 2412/4604/2412
f 2325/187/2325 2265/147/2265 2341/178/2341
f 2485/3343/2485 2486/3288/2486 2484/3285/2484
f 2484/3285/2484 2490/3336/2490 2485/3343/2485
f 2325/187/2325 2341/178/2341 2332/189/2332
f 2147/3191/2147 2142/3236/2142 2342/3206/2342
f 2490/3166/2490 2487/3168/2487 2457/3169/2457
f 2423/3344/2423 2426/3345/2426 2424/3347/2424
f 2412/3342/2412 2415/3346/2415 2426/3345/2426
f 2423/3344/2423 2474/3348/2474 2482/3349/2482
f 2419/3339/2419 2420/3340/2420 2412/3342/2412
f 2482/3349/2482 2486/3288/2486 2485/3343/2485
f 2438/4603/2438 2423/4602/2423 2482/4605/2482
f 2474/3423/2474 2475/3425/2475 2481/3424/2481
f 2474/3348/2474 2424/3347/2424 2418/3301/2418
f 2424/3347/2424 2474/3348/2474 2423/3344/2423
f 2424/3347/2424 2439/3350/2439 2418/3301/2418
f 1741/2847/1741 1742/2931/1742 1581/2845/1581
f 2439/3350/2439 2424/3347/2424 2433/3351/2433
f 2482/3349/2482 2474/3348/2474 2486/3288/2486
f 2418/3301/2418 2439/3350/2439 2417/3302/2417
f 2424/3347/2424 2426/3345/2426 2433/3351/2433
f 2439/4606/2439 2433/4607/2433 2441/4608/2441
f 1741/4299/1741 1574/4301/1574 1746/4302/1746
f 1742/2931/1742 1714/2932/1714 1743/2853/1743
f 2413/3352/2413 2433/3351/2433 2426/3345/2426
f 1746/2933/1746 1744/2934/1744 1745/2935/1745
f 1530/2860/1530 1534/2848/1534 1743/2853/1743
f 1742/4314/1742 1758/4312/1758 1581/4311/1581
f 1757/2936/1757 1745/2935/1745 1755/2937/1755
f 1757/2936/1757 1742/2931/1742 1746/2933/1746
f 1574/4609/1574 1747/4610/1747 1744/4611/1744
f 1731/2938/1731 1734/2864/1734 1553/2859/1553
f 2474/3348/2474 2418/3301/2418 2475/3295/2475
f 1746/2933/1746 1742/2931/1742 1741/2847/1741
f 1744/2934/1744 1746/2933/1746 1574/2854/1574
f 1755/2937/1755 1748/2939/1748 1753/2940/1753
f 2438/3341/2438 2414/3334/2414 2422/3338/2422
f 1743/2853/1743 1758/2852/1758 1742/2931/1742
f 1753/2940/1753 1714/2932/1714 1742/2931/1742
f 1742/2931/1742 1757/2936/1757 1753/2940/1753
f 1740/2941/1740 1753/2940/1753 1748/2939/1748
f 1740/2941/1740 1714/2932/1714 1753/2940/1753
f 1733/4860/1733 1529/2861/1529 1712/2943/1712
f 1732/2944/1732 1699/2896/1699 1729/2865/1729
f 1711/4613/1711 1727/4614/1727 1712/4615/1712
f 1699/2896/1699 1697/2877/1697 1729/2865/1729
f 1713/2945/1713 1712/2943/1712 1529/2861/1529
f 1530/2860/1530 1743/2853/1743 1713/2945/1713
f 1529/4617/1529 1731/4618/1731 1553/4619/1553
f 1753/2940/1753 1757/2936/1757 1755/2937/1755
f 1721/4622/1721 1711/4623/1711 1740/4624/1740
f 1714/2932/1714 1713/2945/1713 1743/2853/1743
f 1529/2861/1529 1530/2860/1530 1713/2945/1713
f 1762/4625/1762 1740/4626/1740 1739/4627/1739
f 1902/4628/1902 1739/4629/1739 1748/4630/1748
f 1711/4635/1711 1714/4636/1714 1740/4637/1740
f 1727/2946/1727 1728/2947/1728 1733/2942/1733
f 1726/2948/1726 1732/2944/1732 1734/2864/1734
f 1714/2932/1714 1712/2943/1712 1713/2945/1713
f 1721/2949/1721 1735/2950/1735 1711/4861/1711
f 1748/2939/1748 1755/2937/1755 1750/2952/1750
f 1733/4638/1733 1712/4639/1712 1727/4640/1727
f 1731/4618/1731 1733/4620/1733 1728/4621/1728
f 1733/4620/1733 1731/4618/1731 1529/4617/1529
f 1730/2953/1730 1732/2944/1732 1726/2948/1726
f 1712/2943/1712 1714/2932/1714 1711/2951/1711
f 1726/2948/1726 1724/2954/1724 1730/2953/1730
f 1739/4641/1739 1740/4642/1740 1748/4643/1748
f 1731/2938/1731 1726/2948/1726 1734/2864/1734
f 1721/4644/1721 1740/4645/1740 1762/4646/1762
f 1692/2825/1692 1694/2824/1694 1699/2896/1699
f 1717/4647/1717 1721/4644/1721 1762/4646/1762
f 1750/2952/1750 1902/2955/1902 1748/2939/1748
f 1764/4648/1764 1762/4649/1762 1739/4650/1739
f 1726/2948/1726 1731/2938/1731 1728/2947/1728
f 1699/2896/1699 1732/2944/1732 1730/2953/1730
f 1903/4652/1903 1763/4653/1763 1902/4654/1902
f 1734/2864/1734 1732/2944/1732 1729/2865/1729
f 1717/4651/1717 1762/4649/1762 1764/4648/1764
f 1724/2954/1724 1728/2947/1728 1737/2956/1737
f 1730/2953/1730 1725/2957/1725 1699/2896/1699
f 1723/2958/1723 1699/2896/1699 1725/2957/1725
f 1737/2956/1737 1728/2947/1728 1735/2950/1735
f 1735/2950/1735 1728/2947/1728 1727/2946/1727
f 1903/4655/1903 1902/4656/1902 1897/4657/1897
f 1895/2959/1895 1737/2956/1737 1717/2960/1717
f 1723/2958/1723 1692/2825/1692 1699/2896/1699
f 1764/4631/1764 1739/4629/1739 1763/4632/1763
f 1711/4613/1711 1735/4616/1735 1727/4614/1727
f 1720/2961/1720 1737/2956/1737 1722/2962/1722
f 1724/2954/1724 1726/2948/1726 1728/2947/1728
f 1725/2957/1725 1730/2953/1730 1724/2954/1724
f 1735/2950/1735 1721/2949/1721 1717/2960/1717
f 1736/4633/1736 1764/4631/1764 1763/4632/1763
f 1908/2765/1908 1916/2766/1916 1909/2963/1909
f 1764/2964/1764 1736/2965/1736 1717/2960/1717
f 1737/2956/1737 1720/2961/1720 1724/2954/1724
f 1894/2966/1894 1722/2962/1722 1737/2956/1737
f 1720/2961/1720 1725/2957/1725 1724/2954/1724
f 1717/2960/1717 1736/2965/1736 1895/2959/1895
f 1763/2967/1763 1903/2968/1903 1909/2963/1909
f 1909/2963/1909 1903/2968/1903 1908/2765/1908
f 1913/4634/1913 1736/4633/1736 1763/4632/1763
f 1913/2769/1913 1763/2967/1763 1909/2963/1909
f 1763/4632/1763 1739/4629/1739 1902/4628/1902
f 1913/2769/1913 1895/2959/1895 1736/2965/1736
f 1895/2959/1895 1893/2778/1893 1877/2806/1877
f 1735/2950/1735 1717/2960/1717 1737/2956/1737
f 1892/2771/1892 1895/2959/1895 1913/2769/1913
f 1913/2769/1913 1909/2963/1909 1916/2766/1916
f 1893/2778/1893 1895/2959/1895 1892/2771/1892
f 1877/2806/1877 1894/2966/1894 1895/2959/1895
f 1895/2959/1895 1894/2966/1894 1737/2956/1737
f 1582/2834/1582 1580/2840/1580 1583/2837/1583
f 1914/2763/1914 1892/2771/1892 1913/2769/1913
f 1761/4659/1761 1582/4660/1582 1573/4661/1573
f 1588/2969/1588 1580/2840/1580 1582/2834/1582
f 1967/3233/1967 1969/3237/1969 1958/3229/1958
f 1794/3230/1794 1781/3197/1781 1798/3238/1798
f 1747/2970/1747 1761/4851/1761 1759/2786/1759
f 1588/2969/1588 1582/2834/1582 1761/2785/1761
f 1747/2970/1747 1759/2786/1759 1787/2792/1787
f 1761/4662/1761 1579/4663/1579 1588/4664/1588
f 1579/2846/1579 1761/4851/1761 1747/2970/1747
f 1947/2971/1947 1751/4862/1751 1754/2973/1754
f 1747/4610/1747 1745/4612/1745 1744/4611/1744
f 1745/2935/1745 1747/2970/1747 1760/2974/1760
f 1786/2975/1786 1754/2973/1754 1752/2797/1752
f 1747/2970/1747 1574/4857/1574 1579/2846/1579
f 1757/2936/1757 1746/2933/1746 1745/2935/1745
f 1787/2792/1787 1760/2974/1760 1747/2970/1747
f 1752/2797/1752 1787/2792/1787 1783/2791/1783
f 1756/4665/1756 1755/4666/1755 1751/4667/1751
f 1784/2798/1784 1788/2976/1788 1785/2795/1785
f 1948/4516/1948 1947/4517/1947 1788/4518/1788
f 1788/2976/1788 1784/2798/1784 1948/2977/1948
f 1934/2978/1934 1948/2977/1948 1942/2979/1942
f 1947/2971/1947 1786/2975/1786 1788/2976/1788
f 1756/2980/1756 1750/2952/1750 1755/2937/1755
f 1934/4519/1934 1947/4517/1947 1948/4516/1948
f 1782/2794/1782 1767/2796/1767 1785/2795/1785
f 1760/2974/1760 1755/2937/1755 1745/2935/1745
f 1754/2973/1754 1786/2975/1786 1947/2971/1947
f 1767/2796/1767 1784/2798/1784 1785/2795/1785
f 1934/4519/1934 1901/4520/1901 1947/4517/1947
f 1755/2937/1755 1760/2974/1760 1751/2972/1751
f 1925/4497/1925 1942/4498/1942 1924/4499/1924
f 1925/4497/1925 1933/4495/1933 1942/4498/1942
f 1945/4521/1945 1901/4520/1901 1934/4519/1934
f 1942/2979/1942 1948/2977/1948 1784/2798/1784
f 1788/2976/1788 1786/2975/1786 1785/2795/1785
f 1923/3859/1923 1933/3863/1933 1925/3860/1925
f 1786/2975/1786 1752/2797/1752 1785/2795/1785
f 1942/2979/1942 1784/2798/1784 1924/2800/1924
f 1760/4669/1760 1754/4670/1754 1751/4671/1751
f 1756/2980/1756 1749/2981/1749 1750/2952/1750
f 1933/4495/1933 1937/4494/1937 1942/4498/1942
f 1945/2893/1945 1930/2895/1930 1901/2982/1901
f 1930/4504/1930 1928/4503/1928 1901/4520/1901
f 1897/4672/1897 1899/4673/1899 1898/4674/1898
f 1945/2893/1945 1934/2978/1934 1937/2894/1937
f 1904/4863/1904 1749/2981/1749 1756/2980/1756
f 1942/2979/1942 1937/2894/1937 1934/2978/1934
f 1901/4520/1901 1904/4522/1904 1947/4517/1947
f 1904/4522/1904 1901/4520/1901 1928/4503/1928
f 1749/2981/1749 1902/2955/1902 1750/2952/1750
f 1904/4675/1904 1899/4676/1899 1749/4677/1749
f 1756/4665/1756 1751/4667/1751 1904/4668/1904
f 1900/4512/1900 1904/4522/1904 1928/4503/1928
f 1947/2971/1947 1904/2983/1904 1751/4862/1751
f 1905/4680/1905 1908/4681/1908 1897/4682/1897
f 1899/4523/1899 1900/4512/1900 1898/4514/1898
f 1898/4683/1898 1905/4680/1905 1897/4682/1897
f 1749/4677/1749 1897/4678/1897 1902/4679/1902
f 1908/4658/1908 1903/4655/1903 1897/4657/1897
f 1899/4523/1899 1904/4522/1904 1900/4512/1900
f 1749/4677/1749 1899/4676/1899 1897/4678/1897
f 1824/4575/1824 1817/4571/1817 1830/4570/1830
f 1845/3084/1845 1824/3085/1824 1846/3086/1846
f 1804/3076/1804 1826/3077/1826 1829/3087/1829
f 1828/4867/1828 1849/3057/1849 1844/3059/1844
f 1825/4684/1825 1828/4685/1828 1846/4686/1846
f 1825/3088/1825 1826/3077/1826 1828/3056/1828
f 1985/4572/1985 1845/4576/1845 1848/4577/1848
f 2018/3089/2018 1985/3090/1985 1848/4868/1848
f 1824/3085/1824 1845/3084/1845 1817/3092/1817
f 1837/3093/1837 1828/4867/1828 1844/3059/1844
f 1824/3085/1824 1830/3082/1830 1829/3087/1829
f 1846/4686/1846 1828/4685/1828 1837/4687/1837
f 1829/3087/1829 1826/3077/1826 1825/3088/1825
f 1845/4576/1845 1985/4572/1985 1817/4571/1817
f 1837/3093/1837 1848/3091/1848 1846/3086/1846
f 1998/3078/1998 2013/3094/2013 2019/3095/2019
f 1845/3084/1845 1846/3086/1846 1848/3091/1848
f 2018/3089/2018 2013/3094/2013 1985/3090/1985
f 1829/3087/1829 1830/3082/1830 1804/3076/1804
f 1824/3085/1824 1829/3087/1829 1825/3088/1825
f 1837/3093/1837 1844/3059/1844 1836/3096/1836
f 2015/3976/2015 1984/3977/1984 2017/3978/2017
f 2018/3089/2018 1848/4868/1848 2010/3097/2010
f 1841/4688/1841 2010/4689/2010 1848/4690/1848
f 1846/3086/1846 1824/3085/1824 1825/3088/1825
f 2019/3095/2019 2013/3094/2013 2018/3089/2018
f 2007/3098/2007 2018/3089/2018 2010/3097/2010
f 2019/3095/2019 2017/3099/2017 1998/3078/1998
f 2009/3100/2009 1984/3101/1984 2015/3102/2015
f 1842/3068/1842 1836/3096/1836 1844/3059/1844
f 2016/3103/2016 2019/3095/2019 2007/3098/2007
f 1754/2973/1754 1787/2792/1787 1752/2797/1752
f 1841/3104/1841 1848/3091/1848 1837/3093/1837
f 2014/3044/2014 2019/3095/2019 2016/3103/2016
f 2017/3099/2017 2019/3095/2019 2015/3102/2015
f 2014/3044/2014 2015/3102/2015 2019/3095/2019
f 2020/3019/2020 2009/3100/2009 2015/3102/2015
f 1787/2792/1787 1754/2973/1754 1760/2974/1760
f 2008/3105/2008 2016/3103/2016 2007/3098/2007
f 2019/3095/2019 2018/3089/2018 2007/3098/2007
f 1841/3104/1841 1837/3093/1837 1836/3096/1836
f 2012/3046/2012 2011/3043/2011 2014/3044/2014
f 2012/3046/2012 2014/3044/2014 2016/3103/2016
f 2020/3019/2020 2015/3102/2015 2014/3044/2014
f 1841/3104/1841 1843/3106/1843 1847/3107/1847
f 2006/3108/2006 2007/3098/2007 2010/3097/2010
f 2006/3108/2006 2008/3105/2008 2007/3098/2007
f 1841/3104/1841 1836/3096/1836 1842/3068/1842
f 2026/3109/2026 1840/3110/1840 1865/3111/1865
f 1843/4691/1843 1839/4692/1839 1867/4693/1867
f 2026/3109/2026 1865/3111/1865 1858/3112/1858
f 2006/3108/2006 2010/3097/2010 1840/3110/1840
f 1866/3073/1866 1861/3113/1861 1843/3106/1843
f 1840/3110/1840 1841/3104/1841 1847/3107/1847
f 1865/4695/1865 1840/4696/1840 1847/4697/1847
f 1861/4699/1861 2025/4700/2025 1858/4701/1858
f 2010/3097/2010 1841/3104/1841 1840/3110/1840
f 1861/4699/1861 1859/4702/1859 2025/4700/2025
f 1861/4698/1861 1865/4695/1865 1847/4697/1847
f 2022/4703/2022 1858/4701/1858 2025/4700/2025
f 2016/3103/2016 2008/3105/2008 2012/3046/2012
f 1866/3073/1866 1843/3106/1843 1862/3071/1862
f 2026/3109/2026 2006/3108/2006 1840/3110/1840
f 1842/4694/1842 1839/4692/1839 1843/4691/1843
f 1860/3114/1860 2025/3115/2025 1859/3116/1859
f 1843/3106/1843 1867/3072/1867 1862/3071/1862
f 1861/4699/1861 1866/4704/1866 1859/4702/1859
f 1858/4708/1858 2022/4709/2022 2026/4710/2026
f 1843/3106/1843 1841/3104/1841 1842/3068/1842
f 1860/4711/1860 1859/4712/1859 1870/4713/1870
f 1847/3107/1847 1843/3106/1843 1861/3113/1861
f 1859/4702/1859 1866/4704/1866 1868/4705/1868
f 1863/3117/1863 2025/3115/2025 1860/3114/1860
f 1871/4129/1871 1859/4130/1859 1868/4128/1868
f 2024/3009/2024 2027/3118/2027 2005/3010/2005
f 2023/3119/2023 2025/3115/2025 1863/3117/1863
f 1858/4701/1858 1865/4706/1865 1861/4699/1861
f 2022/4703/2022 2025/4700/2025 2023/4707/2023
f 2042/3005/2042 2005/3010/2005 2022/3120/2022
f 2042/3005/2042 2022/3120/2022 2023/3119/2023
f 2164/3045/2164 2012/3046/2012 2027/3118/2027
f 2006/3108/2006 2022/3120/2022 2005/3010/2005
f 1870/4716/1870 1859/4717/1859 1871/4718/1871
f 1864/4714/1864 1863/4715/1863 1870/4713/1870
f 2027/3118/2027 2008/3105/2008 2005/3010/2005
f 2041/3004/2041 2023/3119/2023 1863/3117/1863
f 2027/3118/2027 2012/3046/2012 2008/3105/2008
f 2022/3120/2022 2006/3108/2006 2026/3109/2026
f 2243/3608/2243 2246/3609/2246 2245/3610/2245
f 2006/3108/2006 2005/3010/2005 2008/3105/2008
f 1860/4711/1860 1870/4713/1870 1863/4715/1863
f 2236/3493/2236 2240/3509/2240 2246/3494/2246
f 2041/3004/2041 2042/3005/2042 2023/3119/2023
f 2245/3610/2245 2246/3609/2246 2240/3611/2240
f 2250/3606/2250 2246/3609/2246 2243/3608/2243
f 2249/3605/2249 2246/3609/2246 2250/3606/2250
f 2243/2984/2243 2245/2873/2245 2251/2874/2251
f 2247/2985/2247 2248/2986/2248 2243/2984/2243
f 2247/2985/2247 2064/2809/2064 2113/2755/2113
f 2066/2721/2066 2053/2722/2053 2064/2809/2064
f 2066/2721/2066 2064/2809/2064 2247/2985/2247
f 2049/3008/2049 2005/3010/2005 2042/3005/2042
f 2243/2984/2243 2251/2874/2251 2247/2985/2247
f 2248/2986/2248 2321/2754/2321 2319/2987/2319
f 2319/2987/2319 2322/2988/2322 2248/2986/2248
f 2066/2721/2066 2247/2985/2247 2251/2874/2251
f 2243/3608/2243 2248/3612/2248 2250/3606/2250
f 2250/3606/2250 2248/3612/2248 2318/3607/2318
f 2247/2985/2247 2113/2755/2113 2321/2754/2321
f 2247/2985/2247 2321/2754/2321 2248/2986/2248
f 2322/3613/2322 2318/3607/2318 2248/3612/2248
f 2319/2987/2319 2321/2754/2321 2320/2756/2320
f 1794/4585/1794 1793/4587/1793 1792/4586/1792
f 1796/4719/1796 1790/4720/1790 1795/4721/1795
f 1798/4727/1798 1799/4728/1799 1793/4729/1793
f 1977/3224/1977 1793/4870/1793 1800/3240/1800
f 1789/3241/1789 1801/3242/1801 1800/3240/1800
f 1817/4571/1817 1833/4573/1833 1816/4569/1816
f 1798/3238/1798 1781/3197/1781 1796/3243/1796
f 2373/4730/2373 2371/4731/2371 2375/4732/2375
f 1794/3230/1794 1798/3238/1798 1793/3239/1793
f 1792/3231/1792 1793/4870/1793 1977/3224/1977
f 2371/4029/2371 2378/4028/2378 2375/4031/2375
f 2373/4104/2373 2348/4102/2348 2376/4103/2376
f 2373/4730/2373 2375/4732/2375 2366/4733/2366
f 2434/4877/2434 2411/4878/2411 2366/3355/2366
f 2363/4734/2363 2351/4735/2351 2373/4736/2373
f 2434/4737/2434 2432/4738/2432 2499/4739/2499
f 2378/4039/2378 2366/4051/2366 2375/4052/2375
f 2378/4039/2378 2365/4053/2365 2366/4051/2366
f 2499/3356/2499 2497/3310/2497 2501/3314/2501
f 2364/3357/2364 2434/4877/2434 2366/3355/2366
f 2499/3356/2499 2501/3314/2501 2434/3353/2434
f 2351/4105/2351 2348/4102/2348 2373/4104/2373
f 2366/4114/2366 2411/4112/2411 2363/4110/2363
f 2363/4110/2363 2373/4115/2373 2366/4114/2366
f 2411/3354/2411 2501/3314/2501 2498/3317/2498
f 2499/4739/2499 2432/4738/2432 2415/4740/2415
f 2415/4740/2415 2432/4738/2432 2413/4741/2413
f 2420/3340/2420 2499/3356/2499 2415/3346/2415
f 2440/3358/2440 2413/3352/2413 2432/3359/2432
f 2431/3360/2431 2434/4877/2434 2364/3357/2364
f 2413/4741/2413 2426/4742/2426 2415/4740/2415
f 2420/3340/2420 2497/3310/2497 2499/3356/2499
f 2434/4743/2434 2501/4744/2501 2411/4745/2411
f 2365/4746/2365 2374/4747/2374 2416/4748/2416
f 2420/3340/2420 2500/3315/2500 2497/3310/2497
f 2431/4749/2431 2364/4750/2364 2365/4746/2365
f 2413/3352/2413 2440/3358/2440 2433/3351/2433
f 2374/4041/2374 2365/4053/2365 2378/4039/2378
f 2429/3536/2429 2436/3527/2436 2435/3537/2435
f 2436/3527/2436 2441/3538/2441 2435/3537/2435
f 2440/4751/2440 2431/4749/2431 2416/4748/2416
f 2416/4748/2416 2429/4752/2429 2435/4753/2435
f 2374/4747/2374 2429/4752/2429 2416/4748/2416
f 2434/4877/2434 2431/3360/2431 2432/3359/2432
f 2429/3536/2429 2374/3539/2374 2369/3534/2369
f 2440/4751/2440 2435/4753/2435 2433/4754/2433
f 2441/4755/2441 2433/4754/2433 2435/4753/2435
f 1967/3233/1967 1966/3232/1966 1969/3237/1969
f 2366/4051/2366 2365/4053/2365 2364/4054/2364
f 2416/4748/2416 2431/4749/2431 2365/4746/2365
f 1962/69/1962 1961/73/1961 163/67/163
f 1962/69/1962 2139/195/2139 1961/73/1961
f 2121/80/2121 2139/195/2139 1962/69/1962
f 2440/3358/2440 2432/3359/2432 2431/3360/2431
f 2441/3538/2441 2436/3527/2436 2439/3540/2439
f 2139/3244/2139 1965/3245/1965 1961/3246/1961
f 1965/3245/1965 1968/3247/1968 1961/3246/1961
f 1961/3246/1961 1968/3247/1968 674/3248/674
f 2149/4591/2149 675/4592/675 2152/4589/2152
f 2120/196/2120 2125/197/2125 2128/198/2128
f 674/3248/674 1968/3247/1968 1966/3232/1966
f 1969/3237/1969 1966/3232/1966 1968/3247/1968
f 2416/4748/2416 2435/4753/2435 2440/4751/2440
f 2121/3249/2121 2129/3250/2129 2124/3251/2124
f 2120/1845/2120 2123/1843/2123 159/1842/159
f 2123/77/2123 2120/196/2120 2128/198/2128
f 159/74/159 2153/79/2153 2120/196/2120
f 1958/3229/1958 1969/3237/1969 1957/3252/1957
f 1975/3253/1975 1969/3237/1969 1968/3247/1968
f 1965/199/1965 1975/200/1975 1968/201/1968
f 1974/3254/1974 1963/3228/1963 1957/3252/1957
f 2129/3250/2129 2119/3255/2119 2124/3251/2124
f 2121/3249/2121 2124/3251/2124 2139/3244/2139
f 2128/198/2128 2129/202/2129 2123/77/2123
f 1973/3256/1973 1974/3254/1974 1957/3252/1957
f 1958/3229/1958 1957/3252/1957 1963/3228/1963
f 1975/3253/1975 1973/3256/1973 1969/3237/1969
f 1963/3228/1963 1955/3257/1955 1956/3226/1956
f 1970/203/1970 1975/200/1975 2127/204/2127
f 2153/79/2153 675/4798/675 2149/205/2149
f 2120/196/2120 2153/79/2153 2138/206/2138
f 2153/79/2153 2149/205/2149 2137/207/2137
f 2127/204/2127 1975/200/1975 1965/199/1965
f 2124/208/2124 2126/209/2126 2127/204/2127
f 1973/3256/1973 1957/3252/1957 1969/3237/1969
f 2123/77/2123 2129/202/2129 2121/80/2121
f 1973/3256/1973 1976/3258/1976 1974/3254/1974
f 1975/3253/1975 1970/3259/1970 1973/3256/1973
f 1974/3254/1974 1955/3257/1955 1963/3228/1963
f 2141/3260/2141 2136/3261/2136 2135/4871/2135
f 1973/3256/1973 1970/3259/1970 2141/3260/2141
f 2153/79/2153 2137/207/2137 2138/206/2138
f 2141/3260/2141 1970/3259/1970 2126/3263/2126
f 2126/209/2126 1970/203/1970 2127/204/2127
f 2126/209/2126 2124/208/2124 2119/210/2119
f 1976/3258/1976 1973/3256/1973 1971/3264/1971
f 2128/3265/2128 2119/3255/2119 2129/3250/2129
f 1919/3185/1919 1964/3205/1964 1955/3257/1955
f 2133/3266/2133 2134/3267/2134 2136/3261/2136
f 2128/198/2128 2122/211/2122 2119/210/2119
f 2119/210/2119 2122/211/2122 2126/209/2126
f 1919/3185/1919 1955/3257/1955 1954/3189/1954
f 1955/4558/1955 1964/4555/1964 1956/4557/1956
f 2125/197/2125 2120/196/2120 2138/206/2138
f 1972/4756/1972 1954/4757/1954 1974/4758/1974
f 2137/207/2137 2151/184/2151 2140/212/2140
f 2122/3268/2122 2133/3266/2133 2141/3260/2141
f 1971/4760/1971 1973/4761/1973 2141/4762/2141
f 1974/3254/1974 1976/3258/1976 1972/4872/1972
f 1954/3189/1954 1955/3257/1955 1974/3254/1974
f 2125/197/2125 2122/211/2122 2128/198/2128
f 2137/4588/2137 2149/4591/2149 2152/4589/2152
f 2150/213/2150 2122/211/2122 2125/197/2125
f 2140/212/2140 2138/206/2138 2137/207/2137
f 2150/213/2150 2125/197/2125 2138/206/2138
f 2135/4871/2135 1972/4872/1972 1971/3264/1971
f 2122/3268/2122 2141/3260/2141 2126/3263/2126
f 2130/4763/2130 2135/4764/2135 2134/4765/2134
f 2150/3270/2150 2133/3266/2133 2122/3268/2122
f 2140/212/2140 2150/213/2150 2138/206/2138
f 1971/3264/1971 1972/4872/1972 1976/3258/1976
f 2140/212/2140 2151/184/2151 2326/191/2326
f 2133/3266/2133 2136/3261/2136 2141/3260/2141
f 2079/4767/2079 1972/4768/1972 2135/4769/2135
f 2150/3270/2150 2148/3271/2148 2133/3266/2133
f 2130/3272/2130 2132/3273/2132 2135/3262/2135
f 2124/3251/2124 1965/3245/1965 2139/3244/2139
f 2150/213/2150 2140/212/2140 2148/194/2148
f 2136/4766/2136 2134/4765/2134 2135/4764/2135
f 2079/4767/2079 2135/4769/2135 2132/4770/2132
f 1921/3181/1921 1972/3269/1972 2079/3179/2079
f 1972/4756/1972 1921/4759/1921 1954/4757/1954
f 2127/3274/2127 1965/3245/1965 2124/3251/2124
f 2326/191/2326 2148/194/2148 2140/212/2140
f 2135/4871/2135 1971/3264/1971 2141/3260/2141
f 2293/3171/2293 2077/3174/2077 2147/3191/2147
f 2144/3275/2144 2145/3276/2145 2142/3236/2142
f 2144/3275/2144 2147/3191/2147 2131/3277/2131
f 2131/3277/2131 2146/3184/2146 2130/3272/2130
f 2144/3275/2144 2131/3277/2131 2145/3276/2145
f 2145/214/2145 2133/215/2133 2148/194/2148
f 2146/3184/2146 2132/3273/2132 2130/3272/2130
f 2146/4771/2146 2078/4772/2078 2132/4770/2132
f 2145/3276/2145 2131/3277/2131 2130/3272/2130
f 2080/3182/2080 2146/3184/2146 2147/3191/2147
f 2147/3191/2147 2146/3184/2146 2131/3277/2131
f 2145/214/2145 2148/194/2148 2142/193/2142
f 2145/3276/2145 2130/3272/2130 2134/3267/2134
f 2145/3276/2145 2134/3267/2134 2133/3266/2133
f 2142/3236/2142 2147/3191/2147 2144/3275/2144
f 2078/4772/2078 2079/4767/2079 2132/4770/2132
f 1689/4143/1689 1723/4142/1723 1716/4144/1716
f 1718/2989/1718 1719/2990/1719 1720/2961/1720
f 1716/2991/1716 1723/2958/1723 1719/2990/1719
f 1715/2992/1715 1719/2990/1719 1718/2989/1718
f 1680/2813/1680 1715/2992/1715 1851/2810/1851
f 1715/2992/1715 1718/2989/1718 1872/2993/1872
f 1716/2991/1716 1715/2992/1715 1680/2813/1680
f 1851/2810/1851 1872/2993/1872 1884/2805/1884
f 1873/2994/1873 1722/2962/1722 1894/2966/1894
f 1873/2994/1873 1894/2966/1894 1877/2806/1877
f 1720/2961/1720 1719/2990/1719 1725/2957/1725
f 1890/2801/1890 1878/2760/1878 1877/2806/1877
f 1851/2810/1851 1715/2992/1715 1872/2993/1872
f 1873/2994/1873 1718/2989/1718 1720/2961/1720
f 1719/2990/1719 1723/2958/1723 1725/2957/1725
f 1680/4145/1680 1689/4143/1689 1716/4144/1716
f 1802/4773/1802 1790/4774/1790 1797/4775/1797
f 1715/2992/1715 1716/2991/1716 1719/2990/1719
f 1874/2803/1874 1872/2993/1872 1718/2989/1718
f 1874/2803/1874 1718/2989/1718 1878/2760/1878
f 1722/2962/1722 1873/2994/1873 1720/2961/1720
f 1878/2760/1878 1873/2994/1873 1877/2806/1877
f 1766/3202/1766 1781/3197/1781 1794/3230/1794
f 1884/2805/1884 1872/2993/1872 1883/2802/1883
f 1793/4870/1793 1799/3278/1799 1800/3240/1800
f 1795/4721/1795 1790/4720/1790 1802/4722/1802
f 1883/2802/1883 1872/2993/1872 1874/2803/1874
f 1802/1702/1802 666/1700/666 237/1699/237
f 1878/2760/1878 1718/2989/1718 1873/2994/1873
f 1798/4776/1798 1795/4777/1795 1799/4778/1799
f 1789/4779/1789 236/4780/236 667/4781/667
f 666/4782/666 1802/4783/1802 1797/4784/1797
f 1800/3240/1800 1801/3242/1801 1977/3224/1977
f 1796/3243/1796 1795/4873/1795 1798/3238/1798
f 1801/3242/1801 1789/3241/1789 667/3280/667
f 1960/3281/1960 1801/3242/1801 667/3280/667
f 1799/3278/1799 1795/3279/1795 1800/3240/1800
f 1949/3227/1949 1959/3234/1959 1967/3233/1967
f 1959/3234/1959 674/3248/674 1966/3232/1966
f 1959/3234/1959 1949/3227/1949 1960/3281/1960
f 1960/3281/1960 1949/3227/1949 1801/3242/1801
f 1800/4723/1800 243/4724/243 236/4725/236
f 1802/4722/1802 243/4724/243 1800/4723/1800
f 674/76/674 1959/85/1959 249/89/249
f 1802/4722/1802 1800/4723/1800 1795/4721/1795
f 1802/1674/1802 237/1669/237 243/1673/243
f 1789/4726/1789 1800/4723/1800 236/4725/236
f 290/1675/290 235/1680/235 1791/1679/1791
f 1816/2404/1816 1808/2362/1808 1809/2354/1809
f 666/4782/666 1797/4784/1797 1791/4785/1791
f 235/4786/235 666/4782/666 1791/4785/1791
f 1986/3080/1986 1985/3090/1985 1998/3078/1998
f 2021/3003/2021 2041/3004/2041 1863/3117/1863
f 2009/4787/2009 1980/4788/1980 1984/4789/1984
f 1993/4791/1993 2000/4792/2000 1984/4793/1984
f 1884/2805/1884 1857/2807/1857 1856/2812/1856
f 2000/3979/2000 2004/3970/2004 2017/3978/2017
f 1986/3080/1986 1833/3121/1833 1985/3090/1985
f 1857/4131/1857 1871/4129/1871 1856/4124/1856
f 2013/3094/2013 1998/3078/1998 1985/3090/1985
f 1856/4124/1856 1871/4129/1871 1868/4128/1868
f 2003/3081/2003 1998/3078/1998 2004/3122/2004
f 2001/3974/2001 2000/3979/2000 1993/3975/1993
f 2002/3971/2002 2004/3970/2004 2000/3979/2000
f 1998/3078/1998 2017/3099/2017 2004/3122/2004
f 1984/3977/1984 2000/3979/2000 2017/3978/2017
f 1870/4132/1870 1857/4131/1857 1864/4133/1864
f 2021/3003/2021 1863/3117/1863 1864/3001/1864
f 1870/4132/1870 1871/4129/1871 1857/4131/1857
f 2020/3019/2020 1980/3021/1980 2009/3100/2009
f 1980/4788/1980 1993/4790/1993 1984/4789/1984
f 2002/3971/2002 2000/3979/2000 2001/3974/2001
f 672/4794/672 673/4795/673 624/4796/624
